ARM GAS  /var/folders/j8/bx6g0dyx2gg_pdn7l_y1sb9c0000gn/T//cc64Wppv.s 			page 1


   1              		.cpu cortex-m33
   2              		.arch armv8-m.main
   3              		.fpu fpv5-sp-d16
   4              		.arch_extension dsp
   5              		.eabi_attribute 27, 1
   6              		.eabi_attribute 28, 1
   7              		.eabi_attribute 20, 1
   8              		.eabi_attribute 21, 1
   9              		.eabi_attribute 23, 3
  10              		.eabi_attribute 24, 1
  11              		.eabi_attribute 25, 1
  12              		.eabi_attribute 26, 1
  13              		.eabi_attribute 30, 1
  14              		.eabi_attribute 34, 1
  15              		.eabi_attribute 18, 4
  16              		.file	"stm32u5xx_hal_rcc.c"
  17              		.text
  18              	.Ltext0:
  19              		.cfi_sections	.debug_frame
  20              		.section	.text.RCC_SetFlashLatencyFromMSIRange,"ax",%progbits
  21              		.align	1
  22              		.syntax unified
  23              		.thumb
  24              		.thumb_func
  26              	RCC_SetFlashLatencyFromMSIRange:
  27              	.LVL0:
  28              	.LFB174:
  29              		.file 1 "Drivers/STM32U5xx_HAL_Driver/Src/stm32u5xx_hal_rcc.c"
   1:Drivers/STM32U5xx_HAL_Driver/Src/stm32u5xx_hal_rcc.c **** /**
   2:Drivers/STM32U5xx_HAL_Driver/Src/stm32u5xx_hal_rcc.c ****   ******************************************************************************
   3:Drivers/STM32U5xx_HAL_Driver/Src/stm32u5xx_hal_rcc.c ****   * @file    stm32u5xx_hal_rcc.c
   4:Drivers/STM32U5xx_HAL_Driver/Src/stm32u5xx_hal_rcc.c ****   * @author  MCD Application Team
   5:Drivers/STM32U5xx_HAL_Driver/Src/stm32u5xx_hal_rcc.c ****   * @brief   RCC HAL module driver.
   6:Drivers/STM32U5xx_HAL_Driver/Src/stm32u5xx_hal_rcc.c ****   *          This file provides firmware functions to manage the following
   7:Drivers/STM32U5xx_HAL_Driver/Src/stm32u5xx_hal_rcc.c ****   *          functionalities of the Reset and Clock Control (RCC) peripheral:
   8:Drivers/STM32U5xx_HAL_Driver/Src/stm32u5xx_hal_rcc.c ****   *           + Initialization and de-initialization functions
   9:Drivers/STM32U5xx_HAL_Driver/Src/stm32u5xx_hal_rcc.c ****   *           + Peripheral Control functions
  10:Drivers/STM32U5xx_HAL_Driver/Src/stm32u5xx_hal_rcc.c ****   *
  11:Drivers/STM32U5xx_HAL_Driver/Src/stm32u5xx_hal_rcc.c ****   ******************************************************************************
  12:Drivers/STM32U5xx_HAL_Driver/Src/stm32u5xx_hal_rcc.c ****   * @attention
  13:Drivers/STM32U5xx_HAL_Driver/Src/stm32u5xx_hal_rcc.c ****   *
  14:Drivers/STM32U5xx_HAL_Driver/Src/stm32u5xx_hal_rcc.c ****   * Copyright (c) 2021 STMicroelectronics.
  15:Drivers/STM32U5xx_HAL_Driver/Src/stm32u5xx_hal_rcc.c ****   * All rights reserved.
  16:Drivers/STM32U5xx_HAL_Driver/Src/stm32u5xx_hal_rcc.c ****   *
  17:Drivers/STM32U5xx_HAL_Driver/Src/stm32u5xx_hal_rcc.c ****   * This software is licensed under terms that can be found in the LICENSE file
  18:Drivers/STM32U5xx_HAL_Driver/Src/stm32u5xx_hal_rcc.c ****   * in the root directory of this software component.
  19:Drivers/STM32U5xx_HAL_Driver/Src/stm32u5xx_hal_rcc.c ****   * If no LICENSE file comes with this software, it is provided AS-IS.
  20:Drivers/STM32U5xx_HAL_Driver/Src/stm32u5xx_hal_rcc.c ****   *
  21:Drivers/STM32U5xx_HAL_Driver/Src/stm32u5xx_hal_rcc.c ****   ******************************************************************************
  22:Drivers/STM32U5xx_HAL_Driver/Src/stm32u5xx_hal_rcc.c ****   @verbatim
  23:Drivers/STM32U5xx_HAL_Driver/Src/stm32u5xx_hal_rcc.c ****   ==============================================================================
  24:Drivers/STM32U5xx_HAL_Driver/Src/stm32u5xx_hal_rcc.c ****                       ##### RCC specific features #####
  25:Drivers/STM32U5xx_HAL_Driver/Src/stm32u5xx_hal_rcc.c ****   ==============================================================================
  26:Drivers/STM32U5xx_HAL_Driver/Src/stm32u5xx_hal_rcc.c ****     [..]
  27:Drivers/STM32U5xx_HAL_Driver/Src/stm32u5xx_hal_rcc.c ****       After reset the device is running from Multiple Speed Internal oscillator
  28:Drivers/STM32U5xx_HAL_Driver/Src/stm32u5xx_hal_rcc.c ****       (4 MHz) with Flash 0 wait state. Flash prefetch buffer, D-Cache
  29:Drivers/STM32U5xx_HAL_Driver/Src/stm32u5xx_hal_rcc.c ****       and I-Cache are disabled, and all peripherals are off except internal
ARM GAS  /var/folders/j8/bx6g0dyx2gg_pdn7l_y1sb9c0000gn/T//cc64Wppv.s 			page 2


  30:Drivers/STM32U5xx_HAL_Driver/Src/stm32u5xx_hal_rcc.c ****       SRAM, Flash and JTAG.
  31:Drivers/STM32U5xx_HAL_Driver/Src/stm32u5xx_hal_rcc.c **** 
  32:Drivers/STM32U5xx_HAL_Driver/Src/stm32u5xx_hal_rcc.c ****       (+) There is no prescaler on High speed (AHBs) and Low speed (APBs) busses:
  33:Drivers/STM32U5xx_HAL_Driver/Src/stm32u5xx_hal_rcc.c ****           all peripherals mapped on these busses are running at MSI speed.
  34:Drivers/STM32U5xx_HAL_Driver/Src/stm32u5xx_hal_rcc.c ****       (+) The clock for all peripherals is switched off, except the SRAM and FLASH.
  35:Drivers/STM32U5xx_HAL_Driver/Src/stm32u5xx_hal_rcc.c ****       (+) All GPIOs are in analog mode, except the JTAG pins which
  36:Drivers/STM32U5xx_HAL_Driver/Src/stm32u5xx_hal_rcc.c ****           are assigned to be used for debug purpose.
  37:Drivers/STM32U5xx_HAL_Driver/Src/stm32u5xx_hal_rcc.c **** 
  38:Drivers/STM32U5xx_HAL_Driver/Src/stm32u5xx_hal_rcc.c ****     [..]
  39:Drivers/STM32U5xx_HAL_Driver/Src/stm32u5xx_hal_rcc.c ****       Once the device started from reset, the user application has to:
  40:Drivers/STM32U5xx_HAL_Driver/Src/stm32u5xx_hal_rcc.c ****       (+) Configure the clock source to be used to drive the System clock
  41:Drivers/STM32U5xx_HAL_Driver/Src/stm32u5xx_hal_rcc.c ****           (if the application needs higher frequency/performance)
  42:Drivers/STM32U5xx_HAL_Driver/Src/stm32u5xx_hal_rcc.c ****       (+) Configure the System clock frequency and Flash settings
  43:Drivers/STM32U5xx_HAL_Driver/Src/stm32u5xx_hal_rcc.c ****       (+) Configure the AHB and APB busses prescalers
  44:Drivers/STM32U5xx_HAL_Driver/Src/stm32u5xx_hal_rcc.c ****       (+) Enable the clock for the peripheral(s) to be used
  45:Drivers/STM32U5xx_HAL_Driver/Src/stm32u5xx_hal_rcc.c ****       (+) Configure the clock source(s) for peripherals which clocks are not
  46:Drivers/STM32U5xx_HAL_Driver/Src/stm32u5xx_hal_rcc.c ****           derived from the System clock (SAIx, SYSTICK, RTC, ADC, USB OTG FS/USB FS/SDMMC1/RNG)
  47:Drivers/STM32U5xx_HAL_Driver/Src/stm32u5xx_hal_rcc.c **** 
  48:Drivers/STM32U5xx_HAL_Driver/Src/stm32u5xx_hal_rcc.c ****   @endverbatim
  49:Drivers/STM32U5xx_HAL_Driver/Src/stm32u5xx_hal_rcc.c ****   ******************************************************************************
  50:Drivers/STM32U5xx_HAL_Driver/Src/stm32u5xx_hal_rcc.c ****   */
  51:Drivers/STM32U5xx_HAL_Driver/Src/stm32u5xx_hal_rcc.c **** 
  52:Drivers/STM32U5xx_HAL_Driver/Src/stm32u5xx_hal_rcc.c **** /* Includes ------------------------------------------------------------------*/
  53:Drivers/STM32U5xx_HAL_Driver/Src/stm32u5xx_hal_rcc.c **** #include "stm32u5xx_hal.h"
  54:Drivers/STM32U5xx_HAL_Driver/Src/stm32u5xx_hal_rcc.c **** 
  55:Drivers/STM32U5xx_HAL_Driver/Src/stm32u5xx_hal_rcc.c **** /** @addtogroup STM32U5xx_HAL_Driver
  56:Drivers/STM32U5xx_HAL_Driver/Src/stm32u5xx_hal_rcc.c ****   * @{
  57:Drivers/STM32U5xx_HAL_Driver/Src/stm32u5xx_hal_rcc.c ****   */
  58:Drivers/STM32U5xx_HAL_Driver/Src/stm32u5xx_hal_rcc.c **** 
  59:Drivers/STM32U5xx_HAL_Driver/Src/stm32u5xx_hal_rcc.c **** /** @defgroup RCC RCC
  60:Drivers/STM32U5xx_HAL_Driver/Src/stm32u5xx_hal_rcc.c ****   * @brief RCC HAL module driver
  61:Drivers/STM32U5xx_HAL_Driver/Src/stm32u5xx_hal_rcc.c ****   * @{
  62:Drivers/STM32U5xx_HAL_Driver/Src/stm32u5xx_hal_rcc.c ****   */
  63:Drivers/STM32U5xx_HAL_Driver/Src/stm32u5xx_hal_rcc.c **** 
  64:Drivers/STM32U5xx_HAL_Driver/Src/stm32u5xx_hal_rcc.c **** #ifdef HAL_RCC_MODULE_ENABLED
  65:Drivers/STM32U5xx_HAL_Driver/Src/stm32u5xx_hal_rcc.c **** 
  66:Drivers/STM32U5xx_HAL_Driver/Src/stm32u5xx_hal_rcc.c **** /* Private typedef -----------------------------------------------------------*/
  67:Drivers/STM32U5xx_HAL_Driver/Src/stm32u5xx_hal_rcc.c **** /* Private constants ---------------------------------------------------------*/
  68:Drivers/STM32U5xx_HAL_Driver/Src/stm32u5xx_hal_rcc.c **** /** @defgroup RCC_Private_Constants RCC Private Constants
  69:Drivers/STM32U5xx_HAL_Driver/Src/stm32u5xx_hal_rcc.c ****   * @{
  70:Drivers/STM32U5xx_HAL_Driver/Src/stm32u5xx_hal_rcc.c ****   */
  71:Drivers/STM32U5xx_HAL_Driver/Src/stm32u5xx_hal_rcc.c **** #define PLLDIVR_RESET_VALUE      (0x01010280U)
  72:Drivers/STM32U5xx_HAL_Driver/Src/stm32u5xx_hal_rcc.c **** #define PLL_FRAC_WAIT_VALUE       1U            /* PLL Fractional part waiting time before new latc
  73:Drivers/STM32U5xx_HAL_Driver/Src/stm32u5xx_hal_rcc.c **** /**
  74:Drivers/STM32U5xx_HAL_Driver/Src/stm32u5xx_hal_rcc.c ****   * @}
  75:Drivers/STM32U5xx_HAL_Driver/Src/stm32u5xx_hal_rcc.c ****   */
  76:Drivers/STM32U5xx_HAL_Driver/Src/stm32u5xx_hal_rcc.c **** /* Private macros ------------------------------------------------------------*/
  77:Drivers/STM32U5xx_HAL_Driver/Src/stm32u5xx_hal_rcc.c **** /** @addtogroup RCC_Private_Macros
  78:Drivers/STM32U5xx_HAL_Driver/Src/stm32u5xx_hal_rcc.c ****   * @{
  79:Drivers/STM32U5xx_HAL_Driver/Src/stm32u5xx_hal_rcc.c ****   */
  80:Drivers/STM32U5xx_HAL_Driver/Src/stm32u5xx_hal_rcc.c **** #define IS_RCC_OSCILLATORTYPE(__OSCILLATOR__)  (((__OSCILLATOR__) == RCC_OSCILLATORTYPE_NONE) || \
  81:Drivers/STM32U5xx_HAL_Driver/Src/stm32u5xx_hal_rcc.c ****                                                 (((__OSCILLATOR__) & ~RCC_OSCILLATORTYPE_ALL) == 0x
  82:Drivers/STM32U5xx_HAL_Driver/Src/stm32u5xx_hal_rcc.c **** 
  83:Drivers/STM32U5xx_HAL_Driver/Src/stm32u5xx_hal_rcc.c **** #define IS_RCC_HSE(__HSE__)  (((__HSE__) == RCC_HSE_OFF) || ((__HSE__) == RCC_HSE_ON) || \
  84:Drivers/STM32U5xx_HAL_Driver/Src/stm32u5xx_hal_rcc.c ****                               ((__HSE__) == RCC_HSE_BYPASS) || ((__HSE__) == RCC_HSE_BYPASS_DIGITAL
  85:Drivers/STM32U5xx_HAL_Driver/Src/stm32u5xx_hal_rcc.c **** 
  86:Drivers/STM32U5xx_HAL_Driver/Src/stm32u5xx_hal_rcc.c **** #define IS_RCC_LSE(__LSE__)  (((__LSE__) == RCC_LSE_OFF) || ((__LSE__) == RCC_LSE_ON) || \
ARM GAS  /var/folders/j8/bx6g0dyx2gg_pdn7l_y1sb9c0000gn/T//cc64Wppv.s 			page 3


  87:Drivers/STM32U5xx_HAL_Driver/Src/stm32u5xx_hal_rcc.c ****                               ((__LSE__) == RCC_LSE_ON_RTC_ONLY) || ((__LSE__) == RCC_LSE_BYPASS_RT
  88:Drivers/STM32U5xx_HAL_Driver/Src/stm32u5xx_hal_rcc.c ****                               ((__LSE__) == RCC_LSE_BYPASS))
  89:Drivers/STM32U5xx_HAL_Driver/Src/stm32u5xx_hal_rcc.c **** 
  90:Drivers/STM32U5xx_HAL_Driver/Src/stm32u5xx_hal_rcc.c **** #define IS_RCC_HSI(__HSI__)  (((__HSI__) == RCC_HSI_OFF) || ((__HSI__) == RCC_HSI_ON))
  91:Drivers/STM32U5xx_HAL_Driver/Src/stm32u5xx_hal_rcc.c **** 
  92:Drivers/STM32U5xx_HAL_Driver/Src/stm32u5xx_hal_rcc.c **** #define IS_RCC_HSI_CALIBRATION_VALUE(__VALUE__) ((__VALUE__) <= (uint32_t)( RCC_ICSCR3_HSITRIM  >>\
  93:Drivers/STM32U5xx_HAL_Driver/Src/stm32u5xx_hal_rcc.c ****                                                                             RCC_ICSCR3_HSITRIM_Pos)
  94:Drivers/STM32U5xx_HAL_Driver/Src/stm32u5xx_hal_rcc.c **** 
  95:Drivers/STM32U5xx_HAL_Driver/Src/stm32u5xx_hal_rcc.c **** #define IS_RCC_LSI(__LSI__)  (((__LSI__) == RCC_LSI_OFF) || ((__LSI__) == RCC_LSI_ON))
  96:Drivers/STM32U5xx_HAL_Driver/Src/stm32u5xx_hal_rcc.c **** 
  97:Drivers/STM32U5xx_HAL_Driver/Src/stm32u5xx_hal_rcc.c **** #define IS_RCC_LSIDIV(__LSIDIV__)  (((__LSIDIV__) == RCC_LSI_DIV1) || ((__LSIDIV__) == RCC_LSI_DIV1
  98:Drivers/STM32U5xx_HAL_Driver/Src/stm32u5xx_hal_rcc.c **** 
  99:Drivers/STM32U5xx_HAL_Driver/Src/stm32u5xx_hal_rcc.c **** #define IS_RCC_MSI(__MSI__)  (((__MSI__) == RCC_MSI_OFF) || ((__MSI__) == RCC_MSI_ON))
 100:Drivers/STM32U5xx_HAL_Driver/Src/stm32u5xx_hal_rcc.c **** 
 101:Drivers/STM32U5xx_HAL_Driver/Src/stm32u5xx_hal_rcc.c **** #define IS_RCC_MSICALIBRATION_VALUE(__VALUE__) ((__VALUE__) <= 255U)
 102:Drivers/STM32U5xx_HAL_Driver/Src/stm32u5xx_hal_rcc.c **** 
 103:Drivers/STM32U5xx_HAL_Driver/Src/stm32u5xx_hal_rcc.c **** #define IS_RCC_HSI48(__HSI48__)  (((__HSI48__) == RCC_HSI48_OFF) || ((__HSI48__) == RCC_HSI48_ON))
 104:Drivers/STM32U5xx_HAL_Driver/Src/stm32u5xx_hal_rcc.c **** 
 105:Drivers/STM32U5xx_HAL_Driver/Src/stm32u5xx_hal_rcc.c **** #define IS_RCC_SHSI(__SHSI__)  (((__SHSI__) == RCC_SHSI_OFF) || ((__SHSI__) == RCC_SHSI_ON))
 106:Drivers/STM32U5xx_HAL_Driver/Src/stm32u5xx_hal_rcc.c **** 
 107:Drivers/STM32U5xx_HAL_Driver/Src/stm32u5xx_hal_rcc.c **** #define IS_RCC_MSIK(__MSIK__)  (((__MSIK__) == RCC_MSIK_OFF) || ((__MSIK__) == RCC_MSIK_ON))
 108:Drivers/STM32U5xx_HAL_Driver/Src/stm32u5xx_hal_rcc.c **** 
 109:Drivers/STM32U5xx_HAL_Driver/Src/stm32u5xx_hal_rcc.c **** #define IS_RCC_PLL(PLL) (((PLL) == RCC_PLL_NONE) ||((PLL) == RCC_PLL_OFF) || \
 110:Drivers/STM32U5xx_HAL_Driver/Src/stm32u5xx_hal_rcc.c ****                          ((PLL) == RCC_PLL_ON))
 111:Drivers/STM32U5xx_HAL_Driver/Src/stm32u5xx_hal_rcc.c **** 
 112:Drivers/STM32U5xx_HAL_Driver/Src/stm32u5xx_hal_rcc.c **** #define IS_RCC_PLLMBOOST_VALUE(VALUE) (((VALUE) == RCC_PLLMBOOST_DIV1)   || \
 113:Drivers/STM32U5xx_HAL_Driver/Src/stm32u5xx_hal_rcc.c ****                                        ((VALUE) == RCC_PLLMBOOST_DIV2)   || \
 114:Drivers/STM32U5xx_HAL_Driver/Src/stm32u5xx_hal_rcc.c ****                                        ((VALUE) == RCC_PLLMBOOST_DIV4)   || \
 115:Drivers/STM32U5xx_HAL_Driver/Src/stm32u5xx_hal_rcc.c ****                                        ((VALUE) == RCC_PLLMBOOST_DIV6)   || \
 116:Drivers/STM32U5xx_HAL_Driver/Src/stm32u5xx_hal_rcc.c ****                                        ((VALUE) == RCC_PLLMBOOST_DIV8)   || \
 117:Drivers/STM32U5xx_HAL_Driver/Src/stm32u5xx_hal_rcc.c ****                                        ((VALUE) == RCC_PLLMBOOST_DIV10)  || \
 118:Drivers/STM32U5xx_HAL_Driver/Src/stm32u5xx_hal_rcc.c ****                                        ((VALUE) == RCC_PLLMBOOST_DIV12)  || \
 119:Drivers/STM32U5xx_HAL_Driver/Src/stm32u5xx_hal_rcc.c ****                                        ((VALUE) == RCC_PLLMBOOST_DIV14)  || \
 120:Drivers/STM32U5xx_HAL_Driver/Src/stm32u5xx_hal_rcc.c ****                                        ((VALUE) == RCC_PLLMBOOST_DIV16))
 121:Drivers/STM32U5xx_HAL_Driver/Src/stm32u5xx_hal_rcc.c **** 
 122:Drivers/STM32U5xx_HAL_Driver/Src/stm32u5xx_hal_rcc.c **** #define IS_RCC_PLLCLOCKOUT_VALUE(VALUE) (((VALUE) == RCC_PLL1_DIVP) || \
 123:Drivers/STM32U5xx_HAL_Driver/Src/stm32u5xx_hal_rcc.c ****                                          ((VALUE) == RCC_PLL1_DIVQ) || \
 124:Drivers/STM32U5xx_HAL_Driver/Src/stm32u5xx_hal_rcc.c ****                                          ((VALUE) == RCC_PLL1_DIVR))
 125:Drivers/STM32U5xx_HAL_Driver/Src/stm32u5xx_hal_rcc.c **** 
 126:Drivers/STM32U5xx_HAL_Driver/Src/stm32u5xx_hal_rcc.c **** #define IS_RCC_PLLRGE_VALUE(VALUE) (((VALUE) == RCC_PLLVCIRANGE_0) || \
 127:Drivers/STM32U5xx_HAL_Driver/Src/stm32u5xx_hal_rcc.c ****                                     ((VALUE) == RCC_PLLVCIRANGE_1))
 128:Drivers/STM32U5xx_HAL_Driver/Src/stm32u5xx_hal_rcc.c **** 
 129:Drivers/STM32U5xx_HAL_Driver/Src/stm32u5xx_hal_rcc.c **** #define IS_RCC_PLL_FRACN_VALUE(VALUE) ((VALUE) <= 8191U)
 130:Drivers/STM32U5xx_HAL_Driver/Src/stm32u5xx_hal_rcc.c **** 
 131:Drivers/STM32U5xx_HAL_Driver/Src/stm32u5xx_hal_rcc.c **** #define IS_RCC_CLOCKTYPE(CLK) ((1U <= (CLK)) && ((CLK) <= 0x1FU))
 132:Drivers/STM32U5xx_HAL_Driver/Src/stm32u5xx_hal_rcc.c **** 
 133:Drivers/STM32U5xx_HAL_Driver/Src/stm32u5xx_hal_rcc.c **** #define IS_RCC_SYSCLKSOURCE(__SOURCE__) (((__SOURCE__) == RCC_SYSCLKSOURCE_MSI) || \
 134:Drivers/STM32U5xx_HAL_Driver/Src/stm32u5xx_hal_rcc.c ****                                          ((__SOURCE__) == RCC_SYSCLKSOURCE_HSI) || \
 135:Drivers/STM32U5xx_HAL_Driver/Src/stm32u5xx_hal_rcc.c ****                                          ((__SOURCE__) == RCC_SYSCLKSOURCE_HSE) || \
 136:Drivers/STM32U5xx_HAL_Driver/Src/stm32u5xx_hal_rcc.c ****                                          ((__SOURCE__) == RCC_SYSCLKSOURCE_PLLCLK))
 137:Drivers/STM32U5xx_HAL_Driver/Src/stm32u5xx_hal_rcc.c **** 
 138:Drivers/STM32U5xx_HAL_Driver/Src/stm32u5xx_hal_rcc.c **** #define IS_RCC_HCLK(__HCLK__) (((__HCLK__) == RCC_SYSCLK_DIV1)   || ((__HCLK__) == RCC_SYSCLK_DIV2)
 139:Drivers/STM32U5xx_HAL_Driver/Src/stm32u5xx_hal_rcc.c ****                                ((__HCLK__) == RCC_SYSCLK_DIV4)   || ((__HCLK__) == RCC_SYSCLK_DIV8)
 140:Drivers/STM32U5xx_HAL_Driver/Src/stm32u5xx_hal_rcc.c ****                                ((__HCLK__) == RCC_SYSCLK_DIV16)  || ((__HCLK__) == RCC_SYSCLK_DIV64
 141:Drivers/STM32U5xx_HAL_Driver/Src/stm32u5xx_hal_rcc.c ****                                ((__HCLK__) == RCC_SYSCLK_DIV128) || ((__HCLK__) == RCC_SYSCLK_DIV25
 142:Drivers/STM32U5xx_HAL_Driver/Src/stm32u5xx_hal_rcc.c ****                                ((__HCLK__) == RCC_SYSCLK_DIV512))
 143:Drivers/STM32U5xx_HAL_Driver/Src/stm32u5xx_hal_rcc.c **** 
ARM GAS  /var/folders/j8/bx6g0dyx2gg_pdn7l_y1sb9c0000gn/T//cc64Wppv.s 			page 4


 144:Drivers/STM32U5xx_HAL_Driver/Src/stm32u5xx_hal_rcc.c **** #define IS_RCC_PCLK(__PCLK__) (((__PCLK__) == RCC_HCLK_DIV1) || ((__PCLK__) == RCC_HCLK_DIV2) || \
 145:Drivers/STM32U5xx_HAL_Driver/Src/stm32u5xx_hal_rcc.c ****                                ((__PCLK__) == RCC_HCLK_DIV4) || ((__PCLK__) == RCC_HCLK_DIV8) || \
 146:Drivers/STM32U5xx_HAL_Driver/Src/stm32u5xx_hal_rcc.c ****                                ((__PCLK__) == RCC_HCLK_DIV16))
 147:Drivers/STM32U5xx_HAL_Driver/Src/stm32u5xx_hal_rcc.c **** 
 148:Drivers/STM32U5xx_HAL_Driver/Src/stm32u5xx_hal_rcc.c **** #define IS_RCC_MCO(__MCOX__) ((__MCOX__) == RCC_MCO1)
 149:Drivers/STM32U5xx_HAL_Driver/Src/stm32u5xx_hal_rcc.c **** 
 150:Drivers/STM32U5xx_HAL_Driver/Src/stm32u5xx_hal_rcc.c **** #define IS_RCC_MCO1SOURCE(__SOURCE__) (((__SOURCE__) == RCC_MCO1SOURCE_NOCLOCK) || \
 151:Drivers/STM32U5xx_HAL_Driver/Src/stm32u5xx_hal_rcc.c ****                                        ((__SOURCE__) == RCC_MCO1SOURCE_SYSCLK) || \
 152:Drivers/STM32U5xx_HAL_Driver/Src/stm32u5xx_hal_rcc.c ****                                        ((__SOURCE__) == RCC_MCO1SOURCE_MSI) || \
 153:Drivers/STM32U5xx_HAL_Driver/Src/stm32u5xx_hal_rcc.c ****                                        ((__SOURCE__) == RCC_MCO1SOURCE_HSI) || \
 154:Drivers/STM32U5xx_HAL_Driver/Src/stm32u5xx_hal_rcc.c ****                                        ((__SOURCE__) == RCC_MCO1SOURCE_HSE) || \
 155:Drivers/STM32U5xx_HAL_Driver/Src/stm32u5xx_hal_rcc.c ****                                        ((__SOURCE__) == RCC_MCO1SOURCE_PLL1CLK) || \
 156:Drivers/STM32U5xx_HAL_Driver/Src/stm32u5xx_hal_rcc.c ****                                        ((__SOURCE__) == RCC_MCO1SOURCE_LSI) || \
 157:Drivers/STM32U5xx_HAL_Driver/Src/stm32u5xx_hal_rcc.c ****                                        ((__SOURCE__) == RCC_MCO1SOURCE_LSE) || \
 158:Drivers/STM32U5xx_HAL_Driver/Src/stm32u5xx_hal_rcc.c ****                                        ((__SOURCE__) == RCC_MCO1SOURCE_HSI48)|| \
 159:Drivers/STM32U5xx_HAL_Driver/Src/stm32u5xx_hal_rcc.c ****                                        ((__SOURCE__) == RCC_MCO1SOURCE_MSIK))
 160:Drivers/STM32U5xx_HAL_Driver/Src/stm32u5xx_hal_rcc.c **** 
 161:Drivers/STM32U5xx_HAL_Driver/Src/stm32u5xx_hal_rcc.c **** #define IS_RCC_MCODIV(__DIV__) (((__DIV__) == RCC_MCODIV_1) || ((__DIV__) == RCC_MCODIV_2) || \
 162:Drivers/STM32U5xx_HAL_Driver/Src/stm32u5xx_hal_rcc.c ****                                 ((__DIV__) == RCC_MCODIV_4) || ((__DIV__) == RCC_MCODIV_8) || \
 163:Drivers/STM32U5xx_HAL_Driver/Src/stm32u5xx_hal_rcc.c ****                                 ((__DIV__) == RCC_MCODIV_16))
 164:Drivers/STM32U5xx_HAL_Driver/Src/stm32u5xx_hal_rcc.c **** 
 165:Drivers/STM32U5xx_HAL_Driver/Src/stm32u5xx_hal_rcc.c **** #define IS_RCC_LSE_DRIVE(__DRIVE__) (((__DRIVE__) == RCC_LSEDRIVE_LOW)        || \
 166:Drivers/STM32U5xx_HAL_Driver/Src/stm32u5xx_hal_rcc.c ****                                      ((__DRIVE__) == RCC_LSEDRIVE_MEDIUMLOW)  || \
 167:Drivers/STM32U5xx_HAL_Driver/Src/stm32u5xx_hal_rcc.c ****                                      ((__DRIVE__) == RCC_LSEDRIVE_MEDIUMHIGH) || \
 168:Drivers/STM32U5xx_HAL_Driver/Src/stm32u5xx_hal_rcc.c ****                                      ((__DRIVE__) == RCC_LSEDRIVE_HIGH))
 169:Drivers/STM32U5xx_HAL_Driver/Src/stm32u5xx_hal_rcc.c **** 
 170:Drivers/STM32U5xx_HAL_Driver/Src/stm32u5xx_hal_rcc.c **** #define IS_RCC_ITEM_ATTRIBUTES(ITEM) ((0U < (ITEM)) && ((ITEM) <= 0x1FFFU))
 171:Drivers/STM32U5xx_HAL_Driver/Src/stm32u5xx_hal_rcc.c **** 
 172:Drivers/STM32U5xx_HAL_Driver/Src/stm32u5xx_hal_rcc.c **** #if defined (__ARM_FEATURE_CMSE) && (__ARM_FEATURE_CMSE == 3U)
 173:Drivers/STM32U5xx_HAL_Driver/Src/stm32u5xx_hal_rcc.c **** #define IS_RCC_ATTRIBUTES(ATTRIBUTES) (((ATTRIBUTES) == RCC_SEC_PRIV)  || \
 174:Drivers/STM32U5xx_HAL_Driver/Src/stm32u5xx_hal_rcc.c ****                                        ((ATTRIBUTES)  == RCC_SEC_NPRIV) || \
 175:Drivers/STM32U5xx_HAL_Driver/Src/stm32u5xx_hal_rcc.c ****                                        ((ATTRIBUTES)  == RCC_NSEC_PRIV) || \
 176:Drivers/STM32U5xx_HAL_Driver/Src/stm32u5xx_hal_rcc.c ****                                        ((ATTRIBUTES)  == RCC_NSEC_NPRIV))
 177:Drivers/STM32U5xx_HAL_Driver/Src/stm32u5xx_hal_rcc.c **** #else
 178:Drivers/STM32U5xx_HAL_Driver/Src/stm32u5xx_hal_rcc.c **** #define IS_RCC_ATTRIBUTES(ATTRIBUTES) (((ATTRIBUTES) == RCC_NSEC_NPRIV) || ((ATTRIBUTES) == RCC_NSE
 179:Drivers/STM32U5xx_HAL_Driver/Src/stm32u5xx_hal_rcc.c **** #endif /* __ARM_FEATURE_CMSE */
 180:Drivers/STM32U5xx_HAL_Driver/Src/stm32u5xx_hal_rcc.c **** /**
 181:Drivers/STM32U5xx_HAL_Driver/Src/stm32u5xx_hal_rcc.c ****   * @}
 182:Drivers/STM32U5xx_HAL_Driver/Src/stm32u5xx_hal_rcc.c ****   */
 183:Drivers/STM32U5xx_HAL_Driver/Src/stm32u5xx_hal_rcc.c **** 
 184:Drivers/STM32U5xx_HAL_Driver/Src/stm32u5xx_hal_rcc.c **** /* Private define ------------------------------------------------------------*/
 185:Drivers/STM32U5xx_HAL_Driver/Src/stm32u5xx_hal_rcc.c **** /** @defgroup RCC_Private_Constants RCC Private Constants
 186:Drivers/STM32U5xx_HAL_Driver/Src/stm32u5xx_hal_rcc.c ****   * @{
 187:Drivers/STM32U5xx_HAL_Driver/Src/stm32u5xx_hal_rcc.c ****   */
 188:Drivers/STM32U5xx_HAL_Driver/Src/stm32u5xx_hal_rcc.c **** #define LSI_TIMEOUT_VALUE          5UL    /* 5 ms (LSI maximum timeout is LSI startup time + LSI_VA
 189:Drivers/STM32U5xx_HAL_Driver/Src/stm32u5xx_hal_rcc.c ****                                              LSI prediv is used) */
 190:Drivers/STM32U5xx_HAL_Driver/Src/stm32u5xx_hal_rcc.c **** #define HSI48_TIMEOUT_VALUE        2UL    /* 2 ms (minimum Tick + 1) */
 191:Drivers/STM32U5xx_HAL_Driver/Src/stm32u5xx_hal_rcc.c **** #define SHSI_TIMEOUT_VALUE         2UL    /* 2 ms (minimum Tick + 1) */
 192:Drivers/STM32U5xx_HAL_Driver/Src/stm32u5xx_hal_rcc.c **** #define MSIK_TIMEOUT_VALUE         2UL    /* 2 ms (minimum Tick + 1) */
 193:Drivers/STM32U5xx_HAL_Driver/Src/stm32u5xx_hal_rcc.c **** #define PLL_TIMEOUT_VALUE          2UL    /* 2 ms (minimum Tick + 1) */
 194:Drivers/STM32U5xx_HAL_Driver/Src/stm32u5xx_hal_rcc.c **** #define CLOCKSWITCH_TIMEOUT_VALUE  5000UL /* 5 s    */
 195:Drivers/STM32U5xx_HAL_Driver/Src/stm32u5xx_hal_rcc.c **** #define EPOD_TIMEOUT_VALUE         2UL    /* 2 ms (minimum Tick + 1) */
 196:Drivers/STM32U5xx_HAL_Driver/Src/stm32u5xx_hal_rcc.c **** /**
 197:Drivers/STM32U5xx_HAL_Driver/Src/stm32u5xx_hal_rcc.c ****   * @}
 198:Drivers/STM32U5xx_HAL_Driver/Src/stm32u5xx_hal_rcc.c ****   */
 199:Drivers/STM32U5xx_HAL_Driver/Src/stm32u5xx_hal_rcc.c **** 
 200:Drivers/STM32U5xx_HAL_Driver/Src/stm32u5xx_hal_rcc.c **** /* Private macro -------------------------------------------------------------*/
ARM GAS  /var/folders/j8/bx6g0dyx2gg_pdn7l_y1sb9c0000gn/T//cc64Wppv.s 			page 5


 201:Drivers/STM32U5xx_HAL_Driver/Src/stm32u5xx_hal_rcc.c **** /** @defgroup RCC_Private_Macros RCC Private Macros
 202:Drivers/STM32U5xx_HAL_Driver/Src/stm32u5xx_hal_rcc.c ****   * @{
 203:Drivers/STM32U5xx_HAL_Driver/Src/stm32u5xx_hal_rcc.c ****   */
 204:Drivers/STM32U5xx_HAL_Driver/Src/stm32u5xx_hal_rcc.c **** 
 205:Drivers/STM32U5xx_HAL_Driver/Src/stm32u5xx_hal_rcc.c **** #define MCO1_CLK_ENABLE()   __HAL_RCC_GPIOA_CLK_ENABLE()
 206:Drivers/STM32U5xx_HAL_Driver/Src/stm32u5xx_hal_rcc.c **** 
 207:Drivers/STM32U5xx_HAL_Driver/Src/stm32u5xx_hal_rcc.c **** #define MCO1_GPIO_PORT        GPIOA
 208:Drivers/STM32U5xx_HAL_Driver/Src/stm32u5xx_hal_rcc.c **** 
 209:Drivers/STM32U5xx_HAL_Driver/Src/stm32u5xx_hal_rcc.c **** #define MCO1_PIN              GPIO_PIN_8
 210:Drivers/STM32U5xx_HAL_Driver/Src/stm32u5xx_hal_rcc.c **** 
 211:Drivers/STM32U5xx_HAL_Driver/Src/stm32u5xx_hal_rcc.c **** #define RCC_PLL_OSCSOURCE_CONFIG(__HAL_RCC_PLLSOURCE__) \
 212:Drivers/STM32U5xx_HAL_Driver/Src/stm32u5xx_hal_rcc.c ****   (MODIFY_REG(RCC->PLLCFGR, RCC_PLLCFGR_PLLSRC, (uint32_t)(__HAL_RCC_PLLSOURCE__)))
 213:Drivers/STM32U5xx_HAL_Driver/Src/stm32u5xx_hal_rcc.c **** /**
 214:Drivers/STM32U5xx_HAL_Driver/Src/stm32u5xx_hal_rcc.c ****   * @}
 215:Drivers/STM32U5xx_HAL_Driver/Src/stm32u5xx_hal_rcc.c ****   */
 216:Drivers/STM32U5xx_HAL_Driver/Src/stm32u5xx_hal_rcc.c **** 
 217:Drivers/STM32U5xx_HAL_Driver/Src/stm32u5xx_hal_rcc.c **** /* Private variables ---------------------------------------------------------*/
 218:Drivers/STM32U5xx_HAL_Driver/Src/stm32u5xx_hal_rcc.c **** 
 219:Drivers/STM32U5xx_HAL_Driver/Src/stm32u5xx_hal_rcc.c **** /* Private function prototypes -----------------------------------------------*/
 220:Drivers/STM32U5xx_HAL_Driver/Src/stm32u5xx_hal_rcc.c **** /** @defgroup RCC_Private_Functions RCC Private Functions
 221:Drivers/STM32U5xx_HAL_Driver/Src/stm32u5xx_hal_rcc.c ****   * @{
 222:Drivers/STM32U5xx_HAL_Driver/Src/stm32u5xx_hal_rcc.c ****   */
 223:Drivers/STM32U5xx_HAL_Driver/Src/stm32u5xx_hal_rcc.c **** static HAL_StatusTypeDef RCC_SetFlashLatencyFromMSIRange(uint32_t msirange);
 224:Drivers/STM32U5xx_HAL_Driver/Src/stm32u5xx_hal_rcc.c **** /**
 225:Drivers/STM32U5xx_HAL_Driver/Src/stm32u5xx_hal_rcc.c ****   * @}
 226:Drivers/STM32U5xx_HAL_Driver/Src/stm32u5xx_hal_rcc.c ****   */
 227:Drivers/STM32U5xx_HAL_Driver/Src/stm32u5xx_hal_rcc.c **** 
 228:Drivers/STM32U5xx_HAL_Driver/Src/stm32u5xx_hal_rcc.c **** /* Exported functions --------------------------------------------------------*/
 229:Drivers/STM32U5xx_HAL_Driver/Src/stm32u5xx_hal_rcc.c **** 
 230:Drivers/STM32U5xx_HAL_Driver/Src/stm32u5xx_hal_rcc.c **** /** @defgroup RCC_Exported_Functions RCC Exported Functions
 231:Drivers/STM32U5xx_HAL_Driver/Src/stm32u5xx_hal_rcc.c ****   * @{
 232:Drivers/STM32U5xx_HAL_Driver/Src/stm32u5xx_hal_rcc.c ****   */
 233:Drivers/STM32U5xx_HAL_Driver/Src/stm32u5xx_hal_rcc.c **** 
 234:Drivers/STM32U5xx_HAL_Driver/Src/stm32u5xx_hal_rcc.c **** /** @defgroup RCC_Exported_Functions_Group1 Initialization and de-initialization functions
 235:Drivers/STM32U5xx_HAL_Driver/Src/stm32u5xx_hal_rcc.c ****   *  @brief    Initialization and Configuration functions
 236:Drivers/STM32U5xx_HAL_Driver/Src/stm32u5xx_hal_rcc.c ****   *
 237:Drivers/STM32U5xx_HAL_Driver/Src/stm32u5xx_hal_rcc.c ****   @verbatim
 238:Drivers/STM32U5xx_HAL_Driver/Src/stm32u5xx_hal_rcc.c ****  ===============================================================================
 239:Drivers/STM32U5xx_HAL_Driver/Src/stm32u5xx_hal_rcc.c ****            ##### Initialization and de-initialization functions #####
 240:Drivers/STM32U5xx_HAL_Driver/Src/stm32u5xx_hal_rcc.c ****  ===============================================================================
 241:Drivers/STM32U5xx_HAL_Driver/Src/stm32u5xx_hal_rcc.c ****     [..]
 242:Drivers/STM32U5xx_HAL_Driver/Src/stm32u5xx_hal_rcc.c ****       This section provides functions allowing to configure the internal and external oscillators
 243:Drivers/STM32U5xx_HAL_Driver/Src/stm32u5xx_hal_rcc.c ****       (HSE, HSI, LSE, MSI, LSI, PLL, CSS and MCO) and the System busses clocks (SYSCLK, AHB, APB1
 244:Drivers/STM32U5xx_HAL_Driver/Src/stm32u5xx_hal_rcc.c ****        and APB2).
 245:Drivers/STM32U5xx_HAL_Driver/Src/stm32u5xx_hal_rcc.c **** 
 246:Drivers/STM32U5xx_HAL_Driver/Src/stm32u5xx_hal_rcc.c ****     [..] Internal/external clock and PLL configuration
 247:Drivers/STM32U5xx_HAL_Driver/Src/stm32u5xx_hal_rcc.c ****          (+) HSI (high-speed internal): 16 MHz factory-trimmed RC used directly or through
 248:Drivers/STM32U5xx_HAL_Driver/Src/stm32u5xx_hal_rcc.c ****              the PLL as System clock source.
 249:Drivers/STM32U5xx_HAL_Driver/Src/stm32u5xx_hal_rcc.c **** 
 250:Drivers/STM32U5xx_HAL_Driver/Src/stm32u5xx_hal_rcc.c ****          (+) MSI (Multiple Speed Internal): Its frequency is software trimmable from 100KHZ to 48MH
 251:Drivers/STM32U5xx_HAL_Driver/Src/stm32u5xx_hal_rcc.c ****              It can be used to generate the clock for the USB FS or USB OTG FS (48 MHz).
 252:Drivers/STM32U5xx_HAL_Driver/Src/stm32u5xx_hal_rcc.c ****              The number of flash wait states is automatically adjusted when MSI range is updated wi
 253:Drivers/STM32U5xx_HAL_Driver/Src/stm32u5xx_hal_rcc.c ****              HAL_RCC_OscConfig() and the MSI is used as System clock source.
 254:Drivers/STM32U5xx_HAL_Driver/Src/stm32u5xx_hal_rcc.c **** 
 255:Drivers/STM32U5xx_HAL_Driver/Src/stm32u5xx_hal_rcc.c ****          (+) LSI (low-speed internal): 32 KHz low consumption RC used as IWDG and/or RTC
 256:Drivers/STM32U5xx_HAL_Driver/Src/stm32u5xx_hal_rcc.c ****              clock source.
 257:Drivers/STM32U5xx_HAL_Driver/Src/stm32u5xx_hal_rcc.c **** 
ARM GAS  /var/folders/j8/bx6g0dyx2gg_pdn7l_y1sb9c0000gn/T//cc64Wppv.s 			page 6


 258:Drivers/STM32U5xx_HAL_Driver/Src/stm32u5xx_hal_rcc.c ****          (+) HSE (high-speed external): 4 to 48 MHz crystal oscillator used directly or
 259:Drivers/STM32U5xx_HAL_Driver/Src/stm32u5xx_hal_rcc.c ****              through the PLL as System clock source. Can be used also optionally as RTC clock sourc
 260:Drivers/STM32U5xx_HAL_Driver/Src/stm32u5xx_hal_rcc.c **** 
 261:Drivers/STM32U5xx_HAL_Driver/Src/stm32u5xx_hal_rcc.c ****          (+) LSE (low-speed external): 32.768 KHz oscillator used optionally as RTC clock source.
 262:Drivers/STM32U5xx_HAL_Driver/Src/stm32u5xx_hal_rcc.c **** 
 263:Drivers/STM32U5xx_HAL_Driver/Src/stm32u5xx_hal_rcc.c ****          (+) PLL (clocked by HSI, HSE or MSI) providing up to three independent output clocks:
 264:Drivers/STM32U5xx_HAL_Driver/Src/stm32u5xx_hal_rcc.c ****            (++) The first output is used to generate the high speed system clock (up to 80MHz).
 265:Drivers/STM32U5xx_HAL_Driver/Src/stm32u5xx_hal_rcc.c ****            (++) The second output is used to generate the clock for the USB FS or USB OTG FS (48 MH
 266:Drivers/STM32U5xx_HAL_Driver/Src/stm32u5xx_hal_rcc.c ****                 the random analog generator (<=48 MHz) and the SDMMC1 (<= 48 MHz).
 267:Drivers/STM32U5xx_HAL_Driver/Src/stm32u5xx_hal_rcc.c ****            (++) The third output is used to generate an accurate clock to achieve
 268:Drivers/STM32U5xx_HAL_Driver/Src/stm32u5xx_hal_rcc.c ****                 high-quality audio performance on SAI interface.
 269:Drivers/STM32U5xx_HAL_Driver/Src/stm32u5xx_hal_rcc.c **** 
 270:Drivers/STM32U5xx_HAL_Driver/Src/stm32u5xx_hal_rcc.c ****          (+) PLL2 (clocked by HSI, HSE or MSI) providing up to three independent output clocks:
 271:Drivers/STM32U5xx_HAL_Driver/Src/stm32u5xx_hal_rcc.c ****            (++) The first output is used to generate SAR ADC1 clock.
 272:Drivers/STM32U5xx_HAL_Driver/Src/stm32u5xx_hal_rcc.c ****            (++) The second output is used to generate the clock for the USB Fs or USB OTG FS (48 MH
 273:Drivers/STM32U5xx_HAL_Driver/Src/stm32u5xx_hal_rcc.c ****                 the random analog generator (<=48 MHz) and the SDMMC1 (<= 48 MHz).
 274:Drivers/STM32U5xx_HAL_Driver/Src/stm32u5xx_hal_rcc.c ****            (++) The Third output is used to generate an accurate clock to achieve
 275:Drivers/STM32U5xx_HAL_Driver/Src/stm32u5xx_hal_rcc.c ****                 high-quality audio performance on SAI interface.
 276:Drivers/STM32U5xx_HAL_Driver/Src/stm32u5xx_hal_rcc.c **** 
 277:Drivers/STM32U5xx_HAL_Driver/Src/stm32u5xx_hal_rcc.c ****          (+) PLL3 (clocked by HSI , HSE or MSI) providing up to two independent output clocks:
 278:Drivers/STM32U5xx_HAL_Driver/Src/stm32u5xx_hal_rcc.c ****            (++) The first output is used to generate SAR ADC4 clock.
 279:Drivers/STM32U5xx_HAL_Driver/Src/stm32u5xx_hal_rcc.c ****            (++) The second  output is used to generate an accurate clock to achieve
 280:Drivers/STM32U5xx_HAL_Driver/Src/stm32u5xx_hal_rcc.c ****                 high-quality audio performance on SAI interface.
 281:Drivers/STM32U5xx_HAL_Driver/Src/stm32u5xx_hal_rcc.c **** 
 282:Drivers/STM32U5xx_HAL_Driver/Src/stm32u5xx_hal_rcc.c ****          (+) CSS (Clock security system): once enabled, if a HSE clock failure occurs
 283:Drivers/STM32U5xx_HAL_Driver/Src/stm32u5xx_hal_rcc.c ****             (HSE used directly or through PLL as System clock source), the System clock
 284:Drivers/STM32U5xx_HAL_Driver/Src/stm32u5xx_hal_rcc.c ****              is automatically switched to HSI and an interrupt is generated if enabled.
 285:Drivers/STM32U5xx_HAL_Driver/Src/stm32u5xx_hal_rcc.c ****              The interrupt is linked to the Cortex-M4 NMI (Non-Maskable Interrupt)
 286:Drivers/STM32U5xx_HAL_Driver/Src/stm32u5xx_hal_rcc.c ****              exception vector.
 287:Drivers/STM32U5xx_HAL_Driver/Src/stm32u5xx_hal_rcc.c **** 
 288:Drivers/STM32U5xx_HAL_Driver/Src/stm32u5xx_hal_rcc.c ****          (+) MCO (microcontroller clock output): used to output MSI, LSI, HSI, LSE, HSE or
 289:Drivers/STM32U5xx_HAL_Driver/Src/stm32u5xx_hal_rcc.c ****              main PLL clock (through a configurable prescaler) on PA8 pin.
 290:Drivers/STM32U5xx_HAL_Driver/Src/stm32u5xx_hal_rcc.c **** 
 291:Drivers/STM32U5xx_HAL_Driver/Src/stm32u5xx_hal_rcc.c ****     [..] System, AHB and APB busses clocks configuration
 292:Drivers/STM32U5xx_HAL_Driver/Src/stm32u5xx_hal_rcc.c ****          (+) Several clock sources can be used to drive the System clock (SYSCLK): MSI, HSI,
 293:Drivers/STM32U5xx_HAL_Driver/Src/stm32u5xx_hal_rcc.c ****              HSE and main PLL.
 294:Drivers/STM32U5xx_HAL_Driver/Src/stm32u5xx_hal_rcc.c ****              The AHB clock (HCLK) is derived from System clock through configurable
 295:Drivers/STM32U5xx_HAL_Driver/Src/stm32u5xx_hal_rcc.c ****              prescaler and used to clock the CPU, memory and peripherals mapped
 296:Drivers/STM32U5xx_HAL_Driver/Src/stm32u5xx_hal_rcc.c ****              on AHB bus (DMA, GPIO...). APB1 (PCLK1) and APB2 (PCLK2) clocks are derived
 297:Drivers/STM32U5xx_HAL_Driver/Src/stm32u5xx_hal_rcc.c ****              from AHB clock through configurable prescalers and used to clock
 298:Drivers/STM32U5xx_HAL_Driver/Src/stm32u5xx_hal_rcc.c ****              the peripherals mapped on these busses. You can use
 299:Drivers/STM32U5xx_HAL_Driver/Src/stm32u5xx_hal_rcc.c ****              "HAL_RCC_GetSysClockFreq()" function to retrieve the frequencies of these clocks.
 300:Drivers/STM32U5xx_HAL_Driver/Src/stm32u5xx_hal_rcc.c **** 
 301:Drivers/STM32U5xx_HAL_Driver/Src/stm32u5xx_hal_rcc.c ****          -@- All the peripheral clocks are derived from the System clock (SYSCLK) except:
 302:Drivers/STM32U5xx_HAL_Driver/Src/stm32u5xx_hal_rcc.c **** 
 303:Drivers/STM32U5xx_HAL_Driver/Src/stm32u5xx_hal_rcc.c ****            (+@) SAI: the SAI clock can be derived either from a specific PLL (PLL2) or (PLL3) or
 304:Drivers/STM32U5xx_HAL_Driver/Src/stm32u5xx_hal_rcc.c ****                 from an external clock mapped on the SAI_CKIN pin.
 305:Drivers/STM32U5xx_HAL_Driver/Src/stm32u5xx_hal_rcc.c ****                 You have to use HAL_RCCEx_PeriphCLKConfig() function to configure this clock.
 306:Drivers/STM32U5xx_HAL_Driver/Src/stm32u5xx_hal_rcc.c ****            (+@) RTC: the RTC clock can be derived either from the LSI, LSE or HSE clock
 307:Drivers/STM32U5xx_HAL_Driver/Src/stm32u5xx_hal_rcc.c ****                 divided by 2 to 31.
 308:Drivers/STM32U5xx_HAL_Driver/Src/stm32u5xx_hal_rcc.c ****                 You have to use __HAL_RCC_RTC_ENABLE() and HAL_RCCEx_PeriphCLKConfig() function
 309:Drivers/STM32U5xx_HAL_Driver/Src/stm32u5xx_hal_rcc.c ****                 to configure this clock.
 310:Drivers/STM32U5xx_HAL_Driver/Src/stm32u5xx_hal_rcc.c ****            (+@) USB FS, USB OTG FS, SDMMC1 and RNG: USB OTG FS or USB FS requires a frequency equal
 311:Drivers/STM32U5xx_HAL_Driver/Src/stm32u5xx_hal_rcc.c ****                 to work correctly, while the SDMMC1 and RNG peripherals require a frequency
 312:Drivers/STM32U5xx_HAL_Driver/Src/stm32u5xx_hal_rcc.c ****                 equal or lower than to 48 MHz. This clock is derived of the main PLL or PLL2
 313:Drivers/STM32U5xx_HAL_Driver/Src/stm32u5xx_hal_rcc.c ****                 through PLLQ divider. You have to enable the peripheral clock and use
 314:Drivers/STM32U5xx_HAL_Driver/Src/stm32u5xx_hal_rcc.c ****                 HAL_RCCEx_PeriphCLKConfig() function to configure this clock.
ARM GAS  /var/folders/j8/bx6g0dyx2gg_pdn7l_y1sb9c0000gn/T//cc64Wppv.s 			page 7


 315:Drivers/STM32U5xx_HAL_Driver/Src/stm32u5xx_hal_rcc.c ****            (+@) IWDG clock which is always the LSI clock.
 316:Drivers/STM32U5xx_HAL_Driver/Src/stm32u5xx_hal_rcc.c **** 
 317:Drivers/STM32U5xx_HAL_Driver/Src/stm32u5xx_hal_rcc.c **** 
 318:Drivers/STM32U5xx_HAL_Driver/Src/stm32u5xx_hal_rcc.c ****          (+) The maximum frequency of the SYSCLK, HCLK, PCLK1 and PCLK2 is 80 MHz.
 319:Drivers/STM32U5xx_HAL_Driver/Src/stm32u5xx_hal_rcc.c ****              The clock source frequency should be adapted depending on the device voltage range
 320:Drivers/STM32U5xx_HAL_Driver/Src/stm32u5xx_hal_rcc.c ****              as listed in the Reference Manual "Clock source frequency versus voltage scaling" chap
 321:Drivers/STM32U5xx_HAL_Driver/Src/stm32u5xx_hal_rcc.c **** 
 322:Drivers/STM32U5xx_HAL_Driver/Src/stm32u5xx_hal_rcc.c ****   @endverbatim
 323:Drivers/STM32U5xx_HAL_Driver/Src/stm32u5xx_hal_rcc.c **** 
 324:Drivers/STM32U5xx_HAL_Driver/Src/stm32u5xx_hal_rcc.c **** 
 325:Drivers/STM32U5xx_HAL_Driver/Src/stm32u5xx_hal_rcc.c ****            Table 1. HCLK clock frequency for STM32U5xx devices
 326:Drivers/STM32U5xx_HAL_Driver/Src/stm32u5xx_hal_rcc.c ****            +-------------------------------------------------------+-------------------------------
 327:Drivers/STM32U5xx_HAL_Driver/Src/stm32u5xx_hal_rcc.c ****            | Latency         |                    HCLK clock frequency (MHz) 0.9V-1.2V             
 328:Drivers/STM32U5xx_HAL_Driver/Src/stm32u5xx_hal_rcc.c ****            |                 |-------------------------------------|---------------------+---------
 329:Drivers/STM32U5xx_HAL_Driver/Src/stm32u5xx_hal_rcc.c ****            |                 | voltage range 1  | voltage range 2  |   voltage range 3   |  voltage
 330:Drivers/STM32U5xx_HAL_Driver/Src/stm32u5xx_hal_rcc.c ****            |                 |  1.1 V - 1.2V    |  1.0 V - 1.1V    |    0.9 V - 1.0V     |       0.
 331:Drivers/STM32U5xx_HAL_Driver/Src/stm32u5xx_hal_rcc.c ****            |-----------------|------------------|------------------|---------------------|---------
 332:Drivers/STM32U5xx_HAL_Driver/Src/stm32u5xx_hal_rcc.c ****            |0WS(1 CPU cycles)|  0 < HCLK <= 32  |  0 < HCLK <= 25  |    0 < HCLK <= 12.5 |  0 < HCL
 333:Drivers/STM32U5xx_HAL_Driver/Src/stm32u5xx_hal_rcc.c ****            |-----------------|------------------|------------------|---------------------|---------
 334:Drivers/STM32U5xx_HAL_Driver/Src/stm32u5xx_hal_rcc.c ****            |1WS(2 CPU cycles)| 32 < HCLK <= 64  | 25 < HCLK <= 50  | 12.5 < HCLK <= 25   |  8 < HCL
 335:Drivers/STM32U5xx_HAL_Driver/Src/stm32u5xx_hal_rcc.c ****            |-----------------|------------------|------------------|---------------------|---------
 336:Drivers/STM32U5xx_HAL_Driver/Src/stm32u5xx_hal_rcc.c ****            |2WS(3 CPU cycles)| 64 < HCLK <= 96  | 50 < HCLK <= 75  |  25 < HCLK <= 37.5  | 16 < HCL
 337:Drivers/STM32U5xx_HAL_Driver/Src/stm32u5xx_hal_rcc.c ****            |-----------------|------------------|------------------|---------------------|---------
 338:Drivers/STM32U5xx_HAL_Driver/Src/stm32u5xx_hal_rcc.c ****            |3WS(4 CPU cycles)| 96 < HCLK <= 128 | 75 < HCLK <= 100 |  37.5 < HCLK <= 50  |        -
 339:Drivers/STM32U5xx_HAL_Driver/Src/stm32u5xx_hal_rcc.c ****            |-----------------|------------------|------------------|---------------------|---------
 340:Drivers/STM32U5xx_HAL_Driver/Src/stm32u5xx_hal_rcc.c ****            |4WS(5 CPU cycles)|128 < HCLK <= 160 |         -        |         -           |        -
 341:Drivers/STM32U5xx_HAL_Driver/Src/stm32u5xx_hal_rcc.c ****            +-----------------+------------------+------------------+---------------------+---------
 342:Drivers/STM32U5xx_HAL_Driver/Src/stm32u5xx_hal_rcc.c ****   * @{
 343:Drivers/STM32U5xx_HAL_Driver/Src/stm32u5xx_hal_rcc.c ****   */
 344:Drivers/STM32U5xx_HAL_Driver/Src/stm32u5xx_hal_rcc.c **** 
 345:Drivers/STM32U5xx_HAL_Driver/Src/stm32u5xx_hal_rcc.c **** /**
 346:Drivers/STM32U5xx_HAL_Driver/Src/stm32u5xx_hal_rcc.c ****   * @brief  Reset the RCC clock configuration to the default reset state.
 347:Drivers/STM32U5xx_HAL_Driver/Src/stm32u5xx_hal_rcc.c ****   * @note   The default reset state of the clock configuration is given below:
 348:Drivers/STM32U5xx_HAL_Driver/Src/stm32u5xx_hal_rcc.c ****   *            - MSI ON and used as system clock source
 349:Drivers/STM32U5xx_HAL_Driver/Src/stm32u5xx_hal_rcc.c ****   *            - HSE, HSI, PLL, PLL2 and PLLISAI2 OFF
 350:Drivers/STM32U5xx_HAL_Driver/Src/stm32u5xx_hal_rcc.c ****   *            - AHB, APB1 and APB2 prescaler set to 1
 351:Drivers/STM32U5xx_HAL_Driver/Src/stm32u5xx_hal_rcc.c ****   *            - CSS, MCO1 OFF
 352:Drivers/STM32U5xx_HAL_Driver/Src/stm32u5xx_hal_rcc.c ****   *            - All interrupts disabled
 353:Drivers/STM32U5xx_HAL_Driver/Src/stm32u5xx_hal_rcc.c ****   *            - All interrupt and reset flags cleared
 354:Drivers/STM32U5xx_HAL_Driver/Src/stm32u5xx_hal_rcc.c ****   * @note   This function doesn't modify the configuration of the
 355:Drivers/STM32U5xx_HAL_Driver/Src/stm32u5xx_hal_rcc.c ****   *            - Peripheral clocks
 356:Drivers/STM32U5xx_HAL_Driver/Src/stm32u5xx_hal_rcc.c ****   *            - LSI, LSE and RTC clocks
 357:Drivers/STM32U5xx_HAL_Driver/Src/stm32u5xx_hal_rcc.c ****   * @retval HAL status
 358:Drivers/STM32U5xx_HAL_Driver/Src/stm32u5xx_hal_rcc.c ****   */
 359:Drivers/STM32U5xx_HAL_Driver/Src/stm32u5xx_hal_rcc.c **** 
 360:Drivers/STM32U5xx_HAL_Driver/Src/stm32u5xx_hal_rcc.c **** HAL_StatusTypeDef HAL_RCC_DeInit(void)
 361:Drivers/STM32U5xx_HAL_Driver/Src/stm32u5xx_hal_rcc.c **** {
 362:Drivers/STM32U5xx_HAL_Driver/Src/stm32u5xx_hal_rcc.c ****   uint32_t tickstart;
 363:Drivers/STM32U5xx_HAL_Driver/Src/stm32u5xx_hal_rcc.c **** 
 364:Drivers/STM32U5xx_HAL_Driver/Src/stm32u5xx_hal_rcc.c ****   tickstart = HAL_GetTick();
 365:Drivers/STM32U5xx_HAL_Driver/Src/stm32u5xx_hal_rcc.c **** 
 366:Drivers/STM32U5xx_HAL_Driver/Src/stm32u5xx_hal_rcc.c ****   /* Set MSION bit */
 367:Drivers/STM32U5xx_HAL_Driver/Src/stm32u5xx_hal_rcc.c ****   SET_BIT(RCC->CR, RCC_CR_MSISON);
 368:Drivers/STM32U5xx_HAL_Driver/Src/stm32u5xx_hal_rcc.c **** 
 369:Drivers/STM32U5xx_HAL_Driver/Src/stm32u5xx_hal_rcc.c ****   /* Insure MSIRDY bit is set before writing default MSIRANGE value */
 370:Drivers/STM32U5xx_HAL_Driver/Src/stm32u5xx_hal_rcc.c ****   while (READ_BIT(RCC->CR, RCC_CR_MSISRDY) == 0U)
 371:Drivers/STM32U5xx_HAL_Driver/Src/stm32u5xx_hal_rcc.c ****   {
ARM GAS  /var/folders/j8/bx6g0dyx2gg_pdn7l_y1sb9c0000gn/T//cc64Wppv.s 			page 8


 372:Drivers/STM32U5xx_HAL_Driver/Src/stm32u5xx_hal_rcc.c ****     if ((HAL_GetTick() - tickstart) > MSI_TIMEOUT_VALUE)
 373:Drivers/STM32U5xx_HAL_Driver/Src/stm32u5xx_hal_rcc.c ****     {
 374:Drivers/STM32U5xx_HAL_Driver/Src/stm32u5xx_hal_rcc.c ****       return HAL_TIMEOUT;
 375:Drivers/STM32U5xx_HAL_Driver/Src/stm32u5xx_hal_rcc.c ****     }
 376:Drivers/STM32U5xx_HAL_Driver/Src/stm32u5xx_hal_rcc.c ****   }
 377:Drivers/STM32U5xx_HAL_Driver/Src/stm32u5xx_hal_rcc.c **** 
 378:Drivers/STM32U5xx_HAL_Driver/Src/stm32u5xx_hal_rcc.c ****   /* Set MSIRANGE default value */
 379:Drivers/STM32U5xx_HAL_Driver/Src/stm32u5xx_hal_rcc.c ****   MODIFY_REG(RCC->ICSCR1, RCC_ICSCR1_MSISRANGE, RCC_MSIRANGE_4);
 380:Drivers/STM32U5xx_HAL_Driver/Src/stm32u5xx_hal_rcc.c **** 
 381:Drivers/STM32U5xx_HAL_Driver/Src/stm32u5xx_hal_rcc.c ****   /* Set MSITRIM default value */
 382:Drivers/STM32U5xx_HAL_Driver/Src/stm32u5xx_hal_rcc.c ****   WRITE_REG(RCC->ICSCR2, 0x00084210U);
 383:Drivers/STM32U5xx_HAL_Driver/Src/stm32u5xx_hal_rcc.c **** 
 384:Drivers/STM32U5xx_HAL_Driver/Src/stm32u5xx_hal_rcc.c ****   /* Set MSIKRANGE default value */
 385:Drivers/STM32U5xx_HAL_Driver/Src/stm32u5xx_hal_rcc.c ****   MODIFY_REG(RCC->ICSCR1, RCC_ICSCR1_MSIKRANGE, RCC_MSIKRANGE_4);
 386:Drivers/STM32U5xx_HAL_Driver/Src/stm32u5xx_hal_rcc.c **** 
 387:Drivers/STM32U5xx_HAL_Driver/Src/stm32u5xx_hal_rcc.c ****   /* Set MSIRGSEL default value */
 388:Drivers/STM32U5xx_HAL_Driver/Src/stm32u5xx_hal_rcc.c ****   MODIFY_REG(RCC->ICSCR1, RCC_ICSCR1_MSIRGSEL, 0x0U);
 389:Drivers/STM32U5xx_HAL_Driver/Src/stm32u5xx_hal_rcc.c **** 
 390:Drivers/STM32U5xx_HAL_Driver/Src/stm32u5xx_hal_rcc.c ****   tickstart = HAL_GetTick();
 391:Drivers/STM32U5xx_HAL_Driver/Src/stm32u5xx_hal_rcc.c **** 
 392:Drivers/STM32U5xx_HAL_Driver/Src/stm32u5xx_hal_rcc.c ****   /* Reset CFGR register (MSI is selected as system clock source) */
 393:Drivers/STM32U5xx_HAL_Driver/Src/stm32u5xx_hal_rcc.c ****   CLEAR_REG(RCC->CFGR1);
 394:Drivers/STM32U5xx_HAL_Driver/Src/stm32u5xx_hal_rcc.c ****   CLEAR_REG(RCC->CFGR2);
 395:Drivers/STM32U5xx_HAL_Driver/Src/stm32u5xx_hal_rcc.c **** 
 396:Drivers/STM32U5xx_HAL_Driver/Src/stm32u5xx_hal_rcc.c ****   /* Wait till clock switch is ready */
 397:Drivers/STM32U5xx_HAL_Driver/Src/stm32u5xx_hal_rcc.c ****   while (READ_BIT(RCC->CFGR1, RCC_CFGR1_SWS) != 0U)
 398:Drivers/STM32U5xx_HAL_Driver/Src/stm32u5xx_hal_rcc.c ****   {
 399:Drivers/STM32U5xx_HAL_Driver/Src/stm32u5xx_hal_rcc.c ****     if ((HAL_GetTick() - tickstart) > CLOCKSWITCH_TIMEOUT_VALUE)
 400:Drivers/STM32U5xx_HAL_Driver/Src/stm32u5xx_hal_rcc.c ****     {
 401:Drivers/STM32U5xx_HAL_Driver/Src/stm32u5xx_hal_rcc.c ****       return HAL_TIMEOUT;
 402:Drivers/STM32U5xx_HAL_Driver/Src/stm32u5xx_hal_rcc.c ****     }
 403:Drivers/STM32U5xx_HAL_Driver/Src/stm32u5xx_hal_rcc.c ****   }
 404:Drivers/STM32U5xx_HAL_Driver/Src/stm32u5xx_hal_rcc.c **** 
 405:Drivers/STM32U5xx_HAL_Driver/Src/stm32u5xx_hal_rcc.c ****   /* Reset MSIKON, HSECSSON , HSEON, HSEBYP, HSION, HSIKERON, PLL1ON, PLL2ON, PLL3ON bits */
 406:Drivers/STM32U5xx_HAL_Driver/Src/stm32u5xx_hal_rcc.c ****   CLEAR_BIT(RCC->CR, RCC_CR_MSIKON | RCC_CR_MSIPLLSEL | RCC_CR_MSIPLLFAST | RCC_CR_MSIKERON | RCC_C
 407:Drivers/STM32U5xx_HAL_Driver/Src/stm32u5xx_hal_rcc.c ****             RCC_CR_HSION | RCC_CR_HSIKERON | RCC_CR_PLL1ON | RCC_CR_PLL2ON | RCC_CR_PLL3ON | RCC_CR
 408:Drivers/STM32U5xx_HAL_Driver/Src/stm32u5xx_hal_rcc.c ****             RCC_CR_HSEON | RCC_CR_SHSION);
 409:Drivers/STM32U5xx_HAL_Driver/Src/stm32u5xx_hal_rcc.c **** 
 410:Drivers/STM32U5xx_HAL_Driver/Src/stm32u5xx_hal_rcc.c ****   /* Reset HSEBYP & HSEEXT bits */
 411:Drivers/STM32U5xx_HAL_Driver/Src/stm32u5xx_hal_rcc.c ****   CLEAR_BIT(RCC->CR, RCC_CR_HSEBYP | RCC_CR_HSEEXT);
 412:Drivers/STM32U5xx_HAL_Driver/Src/stm32u5xx_hal_rcc.c **** 
 413:Drivers/STM32U5xx_HAL_Driver/Src/stm32u5xx_hal_rcc.c ****   tickstart = HAL_GetTick();
 414:Drivers/STM32U5xx_HAL_Driver/Src/stm32u5xx_hal_rcc.c **** 
 415:Drivers/STM32U5xx_HAL_Driver/Src/stm32u5xx_hal_rcc.c ****   /* Clear PLL1ON bit */
 416:Drivers/STM32U5xx_HAL_Driver/Src/stm32u5xx_hal_rcc.c ****   CLEAR_BIT(RCC->CR, RCC_CR_PLL1ON);
 417:Drivers/STM32U5xx_HAL_Driver/Src/stm32u5xx_hal_rcc.c **** 
 418:Drivers/STM32U5xx_HAL_Driver/Src/stm32u5xx_hal_rcc.c ****   /* Wait till PLL1 is disabled */
 419:Drivers/STM32U5xx_HAL_Driver/Src/stm32u5xx_hal_rcc.c ****   while (READ_BIT(RCC->CR, RCC_CR_PLL1RDY) != 0U)
 420:Drivers/STM32U5xx_HAL_Driver/Src/stm32u5xx_hal_rcc.c ****   {
 421:Drivers/STM32U5xx_HAL_Driver/Src/stm32u5xx_hal_rcc.c ****     if ((HAL_GetTick() - tickstart) > PLL_TIMEOUT_VALUE)
 422:Drivers/STM32U5xx_HAL_Driver/Src/stm32u5xx_hal_rcc.c ****     {
 423:Drivers/STM32U5xx_HAL_Driver/Src/stm32u5xx_hal_rcc.c ****       return HAL_TIMEOUT;
 424:Drivers/STM32U5xx_HAL_Driver/Src/stm32u5xx_hal_rcc.c ****     }
 425:Drivers/STM32U5xx_HAL_Driver/Src/stm32u5xx_hal_rcc.c ****   }
 426:Drivers/STM32U5xx_HAL_Driver/Src/stm32u5xx_hal_rcc.c **** 
 427:Drivers/STM32U5xx_HAL_Driver/Src/stm32u5xx_hal_rcc.c ****   tickstart = HAL_GetTick();
 428:Drivers/STM32U5xx_HAL_Driver/Src/stm32u5xx_hal_rcc.c **** 
ARM GAS  /var/folders/j8/bx6g0dyx2gg_pdn7l_y1sb9c0000gn/T//cc64Wppv.s 			page 9


 429:Drivers/STM32U5xx_HAL_Driver/Src/stm32u5xx_hal_rcc.c ****   /* Reset PLL2N bit */
 430:Drivers/STM32U5xx_HAL_Driver/Src/stm32u5xx_hal_rcc.c ****   CLEAR_BIT(RCC->CR, RCC_CR_PLL2ON);
 431:Drivers/STM32U5xx_HAL_Driver/Src/stm32u5xx_hal_rcc.c **** 
 432:Drivers/STM32U5xx_HAL_Driver/Src/stm32u5xx_hal_rcc.c ****   /* Wait till PLL2 is disabled */
 433:Drivers/STM32U5xx_HAL_Driver/Src/stm32u5xx_hal_rcc.c ****   while (READ_BIT(RCC->CR, RCC_CR_PLL2RDY) != 0U)
 434:Drivers/STM32U5xx_HAL_Driver/Src/stm32u5xx_hal_rcc.c ****   {
 435:Drivers/STM32U5xx_HAL_Driver/Src/stm32u5xx_hal_rcc.c ****     if ((HAL_GetTick() - tickstart) > PLL_TIMEOUT_VALUE)
 436:Drivers/STM32U5xx_HAL_Driver/Src/stm32u5xx_hal_rcc.c ****     {
 437:Drivers/STM32U5xx_HAL_Driver/Src/stm32u5xx_hal_rcc.c ****       return HAL_TIMEOUT;
 438:Drivers/STM32U5xx_HAL_Driver/Src/stm32u5xx_hal_rcc.c ****     }
 439:Drivers/STM32U5xx_HAL_Driver/Src/stm32u5xx_hal_rcc.c ****   }
 440:Drivers/STM32U5xx_HAL_Driver/Src/stm32u5xx_hal_rcc.c **** 
 441:Drivers/STM32U5xx_HAL_Driver/Src/stm32u5xx_hal_rcc.c ****   tickstart = HAL_GetTick();
 442:Drivers/STM32U5xx_HAL_Driver/Src/stm32u5xx_hal_rcc.c **** 
 443:Drivers/STM32U5xx_HAL_Driver/Src/stm32u5xx_hal_rcc.c ****   /* Reset PLL3 bit */
 444:Drivers/STM32U5xx_HAL_Driver/Src/stm32u5xx_hal_rcc.c ****   CLEAR_BIT(RCC->CR, RCC_CR_PLL3ON);
 445:Drivers/STM32U5xx_HAL_Driver/Src/stm32u5xx_hal_rcc.c **** 
 446:Drivers/STM32U5xx_HAL_Driver/Src/stm32u5xx_hal_rcc.c ****   /* Wait till PLL3 is disabled */
 447:Drivers/STM32U5xx_HAL_Driver/Src/stm32u5xx_hal_rcc.c ****   while (READ_BIT(RCC->CR, RCC_CR_PLL3RDY) != 0U)
 448:Drivers/STM32U5xx_HAL_Driver/Src/stm32u5xx_hal_rcc.c ****   {
 449:Drivers/STM32U5xx_HAL_Driver/Src/stm32u5xx_hal_rcc.c ****     if ((HAL_GetTick() - tickstart) > PLL_TIMEOUT_VALUE)
 450:Drivers/STM32U5xx_HAL_Driver/Src/stm32u5xx_hal_rcc.c ****     {
 451:Drivers/STM32U5xx_HAL_Driver/Src/stm32u5xx_hal_rcc.c ****       return HAL_TIMEOUT;
 452:Drivers/STM32U5xx_HAL_Driver/Src/stm32u5xx_hal_rcc.c ****     }
 453:Drivers/STM32U5xx_HAL_Driver/Src/stm32u5xx_hal_rcc.c ****   }
 454:Drivers/STM32U5xx_HAL_Driver/Src/stm32u5xx_hal_rcc.c **** 
 455:Drivers/STM32U5xx_HAL_Driver/Src/stm32u5xx_hal_rcc.c ****   /* Reset PLL1CFGR register */
 456:Drivers/STM32U5xx_HAL_Driver/Src/stm32u5xx_hal_rcc.c ****   CLEAR_REG(RCC->PLL1CFGR);
 457:Drivers/STM32U5xx_HAL_Driver/Src/stm32u5xx_hal_rcc.c **** 
 458:Drivers/STM32U5xx_HAL_Driver/Src/stm32u5xx_hal_rcc.c ****   /* Reset PLL1DIVR register */
 459:Drivers/STM32U5xx_HAL_Driver/Src/stm32u5xx_hal_rcc.c ****   WRITE_REG(RCC->PLL1DIVR, PLLDIVR_RESET_VALUE);
 460:Drivers/STM32U5xx_HAL_Driver/Src/stm32u5xx_hal_rcc.c **** 
 461:Drivers/STM32U5xx_HAL_Driver/Src/stm32u5xx_hal_rcc.c ****   /* Reset PLL1FRACR register */
 462:Drivers/STM32U5xx_HAL_Driver/Src/stm32u5xx_hal_rcc.c ****   CLEAR_REG(RCC->PLL1FRACR);
 463:Drivers/STM32U5xx_HAL_Driver/Src/stm32u5xx_hal_rcc.c **** 
 464:Drivers/STM32U5xx_HAL_Driver/Src/stm32u5xx_hal_rcc.c ****   /* Reset PLL2CFGR register */
 465:Drivers/STM32U5xx_HAL_Driver/Src/stm32u5xx_hal_rcc.c ****   CLEAR_REG(RCC->PLL2CFGR);
 466:Drivers/STM32U5xx_HAL_Driver/Src/stm32u5xx_hal_rcc.c **** 
 467:Drivers/STM32U5xx_HAL_Driver/Src/stm32u5xx_hal_rcc.c ****   /* Reset PLL2DIVR register */
 468:Drivers/STM32U5xx_HAL_Driver/Src/stm32u5xx_hal_rcc.c ****   WRITE_REG(RCC->PLL2DIVR, PLLDIVR_RESET_VALUE);
 469:Drivers/STM32U5xx_HAL_Driver/Src/stm32u5xx_hal_rcc.c **** 
 470:Drivers/STM32U5xx_HAL_Driver/Src/stm32u5xx_hal_rcc.c ****   /* Reset PLL2FRACR register */
 471:Drivers/STM32U5xx_HAL_Driver/Src/stm32u5xx_hal_rcc.c ****   CLEAR_REG(RCC->PLL2FRACR);
 472:Drivers/STM32U5xx_HAL_Driver/Src/stm32u5xx_hal_rcc.c **** 
 473:Drivers/STM32U5xx_HAL_Driver/Src/stm32u5xx_hal_rcc.c ****   /* Reset PLL3CFGR register */
 474:Drivers/STM32U5xx_HAL_Driver/Src/stm32u5xx_hal_rcc.c ****   CLEAR_REG(RCC->PLL3CFGR);
 475:Drivers/STM32U5xx_HAL_Driver/Src/stm32u5xx_hal_rcc.c **** 
 476:Drivers/STM32U5xx_HAL_Driver/Src/stm32u5xx_hal_rcc.c ****   /* Reset PLL3DIVR register */
 477:Drivers/STM32U5xx_HAL_Driver/Src/stm32u5xx_hal_rcc.c ****   WRITE_REG(RCC->PLL3DIVR, PLLDIVR_RESET_VALUE);
 478:Drivers/STM32U5xx_HAL_Driver/Src/stm32u5xx_hal_rcc.c **** 
 479:Drivers/STM32U5xx_HAL_Driver/Src/stm32u5xx_hal_rcc.c ****   /* Reset PLL3FRACR register */
 480:Drivers/STM32U5xx_HAL_Driver/Src/stm32u5xx_hal_rcc.c ****   CLEAR_REG(RCC->PLL3FRACR);
 481:Drivers/STM32U5xx_HAL_Driver/Src/stm32u5xx_hal_rcc.c **** 
 482:Drivers/STM32U5xx_HAL_Driver/Src/stm32u5xx_hal_rcc.c ****   /* Disable all interrupts */
 483:Drivers/STM32U5xx_HAL_Driver/Src/stm32u5xx_hal_rcc.c ****   CLEAR_REG(RCC->CIER);
 484:Drivers/STM32U5xx_HAL_Driver/Src/stm32u5xx_hal_rcc.c **** 
 485:Drivers/STM32U5xx_HAL_Driver/Src/stm32u5xx_hal_rcc.c ****   /* Clear all interrupts flags */
ARM GAS  /var/folders/j8/bx6g0dyx2gg_pdn7l_y1sb9c0000gn/T//cc64Wppv.s 			page 10


 486:Drivers/STM32U5xx_HAL_Driver/Src/stm32u5xx_hal_rcc.c ****   WRITE_REG(RCC->CICR, 0xFFFFFFFFU);
 487:Drivers/STM32U5xx_HAL_Driver/Src/stm32u5xx_hal_rcc.c **** 
 488:Drivers/STM32U5xx_HAL_Driver/Src/stm32u5xx_hal_rcc.c ****   /* Reset all CSR flags */
 489:Drivers/STM32U5xx_HAL_Driver/Src/stm32u5xx_hal_rcc.c ****   SET_BIT(RCC->CSR, RCC_CSR_RMVF);
 490:Drivers/STM32U5xx_HAL_Driver/Src/stm32u5xx_hal_rcc.c **** 
 491:Drivers/STM32U5xx_HAL_Driver/Src/stm32u5xx_hal_rcc.c ****   /* Update the SystemCoreClock global variable */
 492:Drivers/STM32U5xx_HAL_Driver/Src/stm32u5xx_hal_rcc.c ****   SystemCoreClock = MSI_VALUE;
 493:Drivers/STM32U5xx_HAL_Driver/Src/stm32u5xx_hal_rcc.c **** 
 494:Drivers/STM32U5xx_HAL_Driver/Src/stm32u5xx_hal_rcc.c ****   /* Decreasing the number of wait states because of lower CPU frequency */
 495:Drivers/STM32U5xx_HAL_Driver/Src/stm32u5xx_hal_rcc.c **** 
 496:Drivers/STM32U5xx_HAL_Driver/Src/stm32u5xx_hal_rcc.c ****   /* Program the new number of wait states to the LATENCY bits in the FLASH_ACR register */
 497:Drivers/STM32U5xx_HAL_Driver/Src/stm32u5xx_hal_rcc.c ****   __HAL_FLASH_SET_LATENCY(FLASH_LATENCY_DEFAULT);
 498:Drivers/STM32U5xx_HAL_Driver/Src/stm32u5xx_hal_rcc.c **** 
 499:Drivers/STM32U5xx_HAL_Driver/Src/stm32u5xx_hal_rcc.c ****   /* Check that the new number of wait states is taken into account to access the Flash
 500:Drivers/STM32U5xx_HAL_Driver/Src/stm32u5xx_hal_rcc.c ****   memory by reading the FLASH_ACR register */
 501:Drivers/STM32U5xx_HAL_Driver/Src/stm32u5xx_hal_rcc.c ****   if (__HAL_FLASH_GET_LATENCY() != FLASH_LATENCY_DEFAULT)
 502:Drivers/STM32U5xx_HAL_Driver/Src/stm32u5xx_hal_rcc.c ****   {
 503:Drivers/STM32U5xx_HAL_Driver/Src/stm32u5xx_hal_rcc.c ****     return HAL_ERROR;
 504:Drivers/STM32U5xx_HAL_Driver/Src/stm32u5xx_hal_rcc.c ****   }
 505:Drivers/STM32U5xx_HAL_Driver/Src/stm32u5xx_hal_rcc.c **** 
 506:Drivers/STM32U5xx_HAL_Driver/Src/stm32u5xx_hal_rcc.c ****   /* Adapt Systick interrupt period */
 507:Drivers/STM32U5xx_HAL_Driver/Src/stm32u5xx_hal_rcc.c ****   return (HAL_InitTick(TICK_INT_PRIORITY));
 508:Drivers/STM32U5xx_HAL_Driver/Src/stm32u5xx_hal_rcc.c **** 
 509:Drivers/STM32U5xx_HAL_Driver/Src/stm32u5xx_hal_rcc.c **** }
 510:Drivers/STM32U5xx_HAL_Driver/Src/stm32u5xx_hal_rcc.c **** 
 511:Drivers/STM32U5xx_HAL_Driver/Src/stm32u5xx_hal_rcc.c **** /**
 512:Drivers/STM32U5xx_HAL_Driver/Src/stm32u5xx_hal_rcc.c ****   * @brief  Initialize the RCC Oscillators according to the specified parameters in the
 513:Drivers/STM32U5xx_HAL_Driver/Src/stm32u5xx_hal_rcc.c ****   *         RCC_OscInitTypeDef.
 514:Drivers/STM32U5xx_HAL_Driver/Src/stm32u5xx_hal_rcc.c ****   * @param  pRCC_OscInitStruct  pointer to an RCC_OscInitTypeDef structure that
 515:Drivers/STM32U5xx_HAL_Driver/Src/stm32u5xx_hal_rcc.c ****   *         contains the configuration information for the RCC Oscillators.
 516:Drivers/STM32U5xx_HAL_Driver/Src/stm32u5xx_hal_rcc.c ****   * @note   The PLL is not disabled when used as system clock.
 517:Drivers/STM32U5xx_HAL_Driver/Src/stm32u5xx_hal_rcc.c ****   * @note   Transitions LSE Bypass to LSE On and LSE On to LSE Bypass are not
 518:Drivers/STM32U5xx_HAL_Driver/Src/stm32u5xx_hal_rcc.c ****   *         supported by this function. User should request a transition to LSE Off
 519:Drivers/STM32U5xx_HAL_Driver/Src/stm32u5xx_hal_rcc.c ****   *         first and then LSE On or LSE Bypass.
 520:Drivers/STM32U5xx_HAL_Driver/Src/stm32u5xx_hal_rcc.c ****   * @note   Transition HSE Bypass to HSE On and HSE On to HSE Bypass are not
 521:Drivers/STM32U5xx_HAL_Driver/Src/stm32u5xx_hal_rcc.c ****   *         supported by this function. User should request a transition to HSE Off
 522:Drivers/STM32U5xx_HAL_Driver/Src/stm32u5xx_hal_rcc.c ****   *         first and then HSE On or HSE Bypass.
 523:Drivers/STM32U5xx_HAL_Driver/Src/stm32u5xx_hal_rcc.c ****   * @retval HAL status
 524:Drivers/STM32U5xx_HAL_Driver/Src/stm32u5xx_hal_rcc.c ****   */
 525:Drivers/STM32U5xx_HAL_Driver/Src/stm32u5xx_hal_rcc.c **** HAL_StatusTypeDef HAL_RCC_OscConfig(const RCC_OscInitTypeDef  *pRCC_OscInitStruct)
 526:Drivers/STM32U5xx_HAL_Driver/Src/stm32u5xx_hal_rcc.c **** {
 527:Drivers/STM32U5xx_HAL_Driver/Src/stm32u5xx_hal_rcc.c ****   uint32_t tickstart;
 528:Drivers/STM32U5xx_HAL_Driver/Src/stm32u5xx_hal_rcc.c ****   HAL_StatusTypeDef status;
 529:Drivers/STM32U5xx_HAL_Driver/Src/stm32u5xx_hal_rcc.c ****   uint32_t sysclk_source;
 530:Drivers/STM32U5xx_HAL_Driver/Src/stm32u5xx_hal_rcc.c ****   uint32_t pll_config;
 531:Drivers/STM32U5xx_HAL_Driver/Src/stm32u5xx_hal_rcc.c ****   FlagStatus pwrboosten = RESET;
 532:Drivers/STM32U5xx_HAL_Driver/Src/stm32u5xx_hal_rcc.c ****   uint32_t temp1_pllckcfg;
 533:Drivers/STM32U5xx_HAL_Driver/Src/stm32u5xx_hal_rcc.c ****   uint32_t temp2_pllckcfg;
 534:Drivers/STM32U5xx_HAL_Driver/Src/stm32u5xx_hal_rcc.c **** 
 535:Drivers/STM32U5xx_HAL_Driver/Src/stm32u5xx_hal_rcc.c ****   /* Check Null pointer */
 536:Drivers/STM32U5xx_HAL_Driver/Src/stm32u5xx_hal_rcc.c ****   if (pRCC_OscInitStruct == NULL)
 537:Drivers/STM32U5xx_HAL_Driver/Src/stm32u5xx_hal_rcc.c ****   {
 538:Drivers/STM32U5xx_HAL_Driver/Src/stm32u5xx_hal_rcc.c ****     return HAL_ERROR;
 539:Drivers/STM32U5xx_HAL_Driver/Src/stm32u5xx_hal_rcc.c ****   }
 540:Drivers/STM32U5xx_HAL_Driver/Src/stm32u5xx_hal_rcc.c **** 
 541:Drivers/STM32U5xx_HAL_Driver/Src/stm32u5xx_hal_rcc.c ****   /* Check the parameters */
 542:Drivers/STM32U5xx_HAL_Driver/Src/stm32u5xx_hal_rcc.c ****   assert_param(IS_RCC_OSCILLATORTYPE(pRCC_OscInitStruct->OscillatorType));
ARM GAS  /var/folders/j8/bx6g0dyx2gg_pdn7l_y1sb9c0000gn/T//cc64Wppv.s 			page 11


 543:Drivers/STM32U5xx_HAL_Driver/Src/stm32u5xx_hal_rcc.c **** 
 544:Drivers/STM32U5xx_HAL_Driver/Src/stm32u5xx_hal_rcc.c ****   sysclk_source = __HAL_RCC_GET_SYSCLK_SOURCE();
 545:Drivers/STM32U5xx_HAL_Driver/Src/stm32u5xx_hal_rcc.c ****   pll_config = __HAL_RCC_GET_PLL_OSCSOURCE();
 546:Drivers/STM32U5xx_HAL_Driver/Src/stm32u5xx_hal_rcc.c **** 
 547:Drivers/STM32U5xx_HAL_Driver/Src/stm32u5xx_hal_rcc.c ****   /*----------------------------- MSI Configuration --------------------------*/
 548:Drivers/STM32U5xx_HAL_Driver/Src/stm32u5xx_hal_rcc.c ****   if (((pRCC_OscInitStruct->OscillatorType) & RCC_OSCILLATORTYPE_MSI) == RCC_OSCILLATORTYPE_MSI)
 549:Drivers/STM32U5xx_HAL_Driver/Src/stm32u5xx_hal_rcc.c ****   {
 550:Drivers/STM32U5xx_HAL_Driver/Src/stm32u5xx_hal_rcc.c ****     /* Check the parameters */
 551:Drivers/STM32U5xx_HAL_Driver/Src/stm32u5xx_hal_rcc.c ****     assert_param(IS_RCC_MSI(pRCC_OscInitStruct->MSIState));
 552:Drivers/STM32U5xx_HAL_Driver/Src/stm32u5xx_hal_rcc.c ****     assert_param(IS_RCC_MSICALIBRATION_VALUE(pRCC_OscInitStruct->MSICalibrationValue));
 553:Drivers/STM32U5xx_HAL_Driver/Src/stm32u5xx_hal_rcc.c ****     assert_param(IS_RCC_MSI_CLOCK_RANGE(pRCC_OscInitStruct->MSIClockRange));
 554:Drivers/STM32U5xx_HAL_Driver/Src/stm32u5xx_hal_rcc.c **** 
 555:Drivers/STM32U5xx_HAL_Driver/Src/stm32u5xx_hal_rcc.c ****     /*Check if MSI is used as system clock or as PLL source when PLL is selected as system clock*/
 556:Drivers/STM32U5xx_HAL_Driver/Src/stm32u5xx_hal_rcc.c **** 
 557:Drivers/STM32U5xx_HAL_Driver/Src/stm32u5xx_hal_rcc.c ****     if ((sysclk_source == RCC_SYSCLKSOURCE_STATUS_MSI) ||
 558:Drivers/STM32U5xx_HAL_Driver/Src/stm32u5xx_hal_rcc.c ****         ((sysclk_source == RCC_SYSCLKSOURCE_STATUS_PLLCLK) && (pll_config == RCC_PLLSOURCE_MSI)))
 559:Drivers/STM32U5xx_HAL_Driver/Src/stm32u5xx_hal_rcc.c ****     {
 560:Drivers/STM32U5xx_HAL_Driver/Src/stm32u5xx_hal_rcc.c ****       if (pRCC_OscInitStruct->MSIState == RCC_MSI_OFF)
 561:Drivers/STM32U5xx_HAL_Driver/Src/stm32u5xx_hal_rcc.c ****       {
 562:Drivers/STM32U5xx_HAL_Driver/Src/stm32u5xx_hal_rcc.c ****         return HAL_ERROR;
 563:Drivers/STM32U5xx_HAL_Driver/Src/stm32u5xx_hal_rcc.c ****       }
 564:Drivers/STM32U5xx_HAL_Driver/Src/stm32u5xx_hal_rcc.c **** 
 565:Drivers/STM32U5xx_HAL_Driver/Src/stm32u5xx_hal_rcc.c ****       /* Otherwise, just the calibration and MSI range change are allowed */
 566:Drivers/STM32U5xx_HAL_Driver/Src/stm32u5xx_hal_rcc.c ****       else
 567:Drivers/STM32U5xx_HAL_Driver/Src/stm32u5xx_hal_rcc.c ****       {
 568:Drivers/STM32U5xx_HAL_Driver/Src/stm32u5xx_hal_rcc.c ****         /* To correctly read data from FLASH memory, the number of wait states (LATENCY)
 569:Drivers/STM32U5xx_HAL_Driver/Src/stm32u5xx_hal_rcc.c ****            must be correctly programmed according to the frequency of the CPU clock
 570:Drivers/STM32U5xx_HAL_Driver/Src/stm32u5xx_hal_rcc.c ****            (HCLK) and the supply voltage of the device */
 571:Drivers/STM32U5xx_HAL_Driver/Src/stm32u5xx_hal_rcc.c ****         if (pRCC_OscInitStruct->MSIClockRange > __HAL_RCC_GET_MSI_RANGE())
 572:Drivers/STM32U5xx_HAL_Driver/Src/stm32u5xx_hal_rcc.c ****         {
 573:Drivers/STM32U5xx_HAL_Driver/Src/stm32u5xx_hal_rcc.c ****           /* Decrease number of wait states update if necessary */
 574:Drivers/STM32U5xx_HAL_Driver/Src/stm32u5xx_hal_rcc.c ****           /* Only possible when MSI is the System clock source  */
 575:Drivers/STM32U5xx_HAL_Driver/Src/stm32u5xx_hal_rcc.c ****           if (sysclk_source == RCC_SYSCLKSOURCE_STATUS_MSI)
 576:Drivers/STM32U5xx_HAL_Driver/Src/stm32u5xx_hal_rcc.c ****           {
 577:Drivers/STM32U5xx_HAL_Driver/Src/stm32u5xx_hal_rcc.c ****             if (RCC_SetFlashLatencyFromMSIRange(pRCC_OscInitStruct->MSIClockRange) != HAL_OK)
 578:Drivers/STM32U5xx_HAL_Driver/Src/stm32u5xx_hal_rcc.c ****             {
 579:Drivers/STM32U5xx_HAL_Driver/Src/stm32u5xx_hal_rcc.c ****               return HAL_ERROR;
 580:Drivers/STM32U5xx_HAL_Driver/Src/stm32u5xx_hal_rcc.c ****             }
 581:Drivers/STM32U5xx_HAL_Driver/Src/stm32u5xx_hal_rcc.c ****           }
 582:Drivers/STM32U5xx_HAL_Driver/Src/stm32u5xx_hal_rcc.c **** 
 583:Drivers/STM32U5xx_HAL_Driver/Src/stm32u5xx_hal_rcc.c ****           /* Selects the Multiple Speed oscillator (MSI) clock range */
 584:Drivers/STM32U5xx_HAL_Driver/Src/stm32u5xx_hal_rcc.c ****           __HAL_RCC_MSI_RANGE_CONFIG(pRCC_OscInitStruct->MSIClockRange);
 585:Drivers/STM32U5xx_HAL_Driver/Src/stm32u5xx_hal_rcc.c ****           /* Adjusts the Multiple Speed oscillator (MSI) calibration value */
 586:Drivers/STM32U5xx_HAL_Driver/Src/stm32u5xx_hal_rcc.c ****           __HAL_RCC_MSI_CALIBRATIONVALUE_ADJUST((pRCC_OscInitStruct->MSICalibrationValue), \
 587:Drivers/STM32U5xx_HAL_Driver/Src/stm32u5xx_hal_rcc.c ****                                                 (pRCC_OscInitStruct->MSIClockRange));
 588:Drivers/STM32U5xx_HAL_Driver/Src/stm32u5xx_hal_rcc.c ****         }
 589:Drivers/STM32U5xx_HAL_Driver/Src/stm32u5xx_hal_rcc.c ****         else
 590:Drivers/STM32U5xx_HAL_Driver/Src/stm32u5xx_hal_rcc.c ****         {
 591:Drivers/STM32U5xx_HAL_Driver/Src/stm32u5xx_hal_rcc.c ****           /* Else, keep current flash latency while decreasing applies */
 592:Drivers/STM32U5xx_HAL_Driver/Src/stm32u5xx_hal_rcc.c ****           /* Selects the Multiple Speed oscillator (MSI) clock range */
 593:Drivers/STM32U5xx_HAL_Driver/Src/stm32u5xx_hal_rcc.c ****           __HAL_RCC_MSI_RANGE_CONFIG(pRCC_OscInitStruct->MSIClockRange);
 594:Drivers/STM32U5xx_HAL_Driver/Src/stm32u5xx_hal_rcc.c ****           /* Adjusts the Multiple Speed oscillator (MSI) calibration value */
 595:Drivers/STM32U5xx_HAL_Driver/Src/stm32u5xx_hal_rcc.c ****           __HAL_RCC_MSI_CALIBRATIONVALUE_ADJUST((pRCC_OscInitStruct->MSICalibrationValue), \
 596:Drivers/STM32U5xx_HAL_Driver/Src/stm32u5xx_hal_rcc.c ****                                                 (pRCC_OscInitStruct->MSIClockRange));
 597:Drivers/STM32U5xx_HAL_Driver/Src/stm32u5xx_hal_rcc.c **** 
 598:Drivers/STM32U5xx_HAL_Driver/Src/stm32u5xx_hal_rcc.c ****           if (sysclk_source == RCC_SYSCLKSOURCE_STATUS_MSI)
 599:Drivers/STM32U5xx_HAL_Driver/Src/stm32u5xx_hal_rcc.c ****           {
ARM GAS  /var/folders/j8/bx6g0dyx2gg_pdn7l_y1sb9c0000gn/T//cc64Wppv.s 			page 12


 600:Drivers/STM32U5xx_HAL_Driver/Src/stm32u5xx_hal_rcc.c ****             if (RCC_SetFlashLatencyFromMSIRange(pRCC_OscInitStruct->MSIClockRange) != HAL_OK)
 601:Drivers/STM32U5xx_HAL_Driver/Src/stm32u5xx_hal_rcc.c ****             {
 602:Drivers/STM32U5xx_HAL_Driver/Src/stm32u5xx_hal_rcc.c ****               return HAL_ERROR;
 603:Drivers/STM32U5xx_HAL_Driver/Src/stm32u5xx_hal_rcc.c ****             }
 604:Drivers/STM32U5xx_HAL_Driver/Src/stm32u5xx_hal_rcc.c ****           }
 605:Drivers/STM32U5xx_HAL_Driver/Src/stm32u5xx_hal_rcc.c ****         }
 606:Drivers/STM32U5xx_HAL_Driver/Src/stm32u5xx_hal_rcc.c **** 
 607:Drivers/STM32U5xx_HAL_Driver/Src/stm32u5xx_hal_rcc.c ****         /* Update the SystemCoreClock global variable */
 608:Drivers/STM32U5xx_HAL_Driver/Src/stm32u5xx_hal_rcc.c ****         (void) HAL_RCC_GetHCLKFreq();
 609:Drivers/STM32U5xx_HAL_Driver/Src/stm32u5xx_hal_rcc.c ****         /* Configure the source of time base considering new system clocks settings*/
 610:Drivers/STM32U5xx_HAL_Driver/Src/stm32u5xx_hal_rcc.c ****         status = HAL_InitTick(uwTickPrio);
 611:Drivers/STM32U5xx_HAL_Driver/Src/stm32u5xx_hal_rcc.c ****         if (status != HAL_OK)
 612:Drivers/STM32U5xx_HAL_Driver/Src/stm32u5xx_hal_rcc.c ****         {
 613:Drivers/STM32U5xx_HAL_Driver/Src/stm32u5xx_hal_rcc.c ****           return status;
 614:Drivers/STM32U5xx_HAL_Driver/Src/stm32u5xx_hal_rcc.c ****         }
 615:Drivers/STM32U5xx_HAL_Driver/Src/stm32u5xx_hal_rcc.c ****       }
 616:Drivers/STM32U5xx_HAL_Driver/Src/stm32u5xx_hal_rcc.c ****     }
 617:Drivers/STM32U5xx_HAL_Driver/Src/stm32u5xx_hal_rcc.c ****     else
 618:Drivers/STM32U5xx_HAL_Driver/Src/stm32u5xx_hal_rcc.c ****     {
 619:Drivers/STM32U5xx_HAL_Driver/Src/stm32u5xx_hal_rcc.c ****       /* Check the MSI State */
 620:Drivers/STM32U5xx_HAL_Driver/Src/stm32u5xx_hal_rcc.c ****       if (pRCC_OscInitStruct->MSIState != RCC_MSI_OFF)
 621:Drivers/STM32U5xx_HAL_Driver/Src/stm32u5xx_hal_rcc.c ****       {
 622:Drivers/STM32U5xx_HAL_Driver/Src/stm32u5xx_hal_rcc.c ****         /* Enable the Internal High Speed oscillator (MSI) */
 623:Drivers/STM32U5xx_HAL_Driver/Src/stm32u5xx_hal_rcc.c ****         __HAL_RCC_MSI_ENABLE();
 624:Drivers/STM32U5xx_HAL_Driver/Src/stm32u5xx_hal_rcc.c **** 
 625:Drivers/STM32U5xx_HAL_Driver/Src/stm32u5xx_hal_rcc.c ****         tickstart = HAL_GetTick();
 626:Drivers/STM32U5xx_HAL_Driver/Src/stm32u5xx_hal_rcc.c **** 
 627:Drivers/STM32U5xx_HAL_Driver/Src/stm32u5xx_hal_rcc.c ****         /* Wait till MSI is ready */
 628:Drivers/STM32U5xx_HAL_Driver/Src/stm32u5xx_hal_rcc.c ****         while (READ_BIT(RCC->CR, RCC_CR_MSISRDY) == 0U)
 629:Drivers/STM32U5xx_HAL_Driver/Src/stm32u5xx_hal_rcc.c ****         {
 630:Drivers/STM32U5xx_HAL_Driver/Src/stm32u5xx_hal_rcc.c ****           if ((HAL_GetTick() - tickstart) > MSI_TIMEOUT_VALUE)
 631:Drivers/STM32U5xx_HAL_Driver/Src/stm32u5xx_hal_rcc.c ****           {
 632:Drivers/STM32U5xx_HAL_Driver/Src/stm32u5xx_hal_rcc.c ****             return HAL_TIMEOUT;
 633:Drivers/STM32U5xx_HAL_Driver/Src/stm32u5xx_hal_rcc.c ****           }
 634:Drivers/STM32U5xx_HAL_Driver/Src/stm32u5xx_hal_rcc.c ****         }
 635:Drivers/STM32U5xx_HAL_Driver/Src/stm32u5xx_hal_rcc.c ****         /* Selects the Multiple Speed oscillator (MSI) clock range */
 636:Drivers/STM32U5xx_HAL_Driver/Src/stm32u5xx_hal_rcc.c ****         __HAL_RCC_MSI_RANGE_CONFIG(pRCC_OscInitStruct->MSIClockRange);
 637:Drivers/STM32U5xx_HAL_Driver/Src/stm32u5xx_hal_rcc.c ****         /* Adjusts the Multiple Speed oscillator (MSI) calibration value */
 638:Drivers/STM32U5xx_HAL_Driver/Src/stm32u5xx_hal_rcc.c ****         __HAL_RCC_MSI_CALIBRATIONVALUE_ADJUST((pRCC_OscInitStruct->MSICalibrationValue), \
 639:Drivers/STM32U5xx_HAL_Driver/Src/stm32u5xx_hal_rcc.c ****                                               (pRCC_OscInitStruct->MSIClockRange));
 640:Drivers/STM32U5xx_HAL_Driver/Src/stm32u5xx_hal_rcc.c **** 
 641:Drivers/STM32U5xx_HAL_Driver/Src/stm32u5xx_hal_rcc.c ****       }
 642:Drivers/STM32U5xx_HAL_Driver/Src/stm32u5xx_hal_rcc.c ****       else
 643:Drivers/STM32U5xx_HAL_Driver/Src/stm32u5xx_hal_rcc.c ****       {
 644:Drivers/STM32U5xx_HAL_Driver/Src/stm32u5xx_hal_rcc.c ****         /* Disable the Internal High Speed oscillator (MSI) */
 645:Drivers/STM32U5xx_HAL_Driver/Src/stm32u5xx_hal_rcc.c ****         __HAL_RCC_MSI_DISABLE();
 646:Drivers/STM32U5xx_HAL_Driver/Src/stm32u5xx_hal_rcc.c **** 
 647:Drivers/STM32U5xx_HAL_Driver/Src/stm32u5xx_hal_rcc.c ****         tickstart = HAL_GetTick();
 648:Drivers/STM32U5xx_HAL_Driver/Src/stm32u5xx_hal_rcc.c **** 
 649:Drivers/STM32U5xx_HAL_Driver/Src/stm32u5xx_hal_rcc.c ****         /* Wait till MSI is ready */
 650:Drivers/STM32U5xx_HAL_Driver/Src/stm32u5xx_hal_rcc.c ****         while (READ_BIT(RCC->CR, RCC_CR_MSISRDY) != 0U)
 651:Drivers/STM32U5xx_HAL_Driver/Src/stm32u5xx_hal_rcc.c ****         {
 652:Drivers/STM32U5xx_HAL_Driver/Src/stm32u5xx_hal_rcc.c ****           if ((HAL_GetTick() - tickstart) > MSI_TIMEOUT_VALUE)
 653:Drivers/STM32U5xx_HAL_Driver/Src/stm32u5xx_hal_rcc.c ****           {
 654:Drivers/STM32U5xx_HAL_Driver/Src/stm32u5xx_hal_rcc.c ****             return HAL_TIMEOUT;
 655:Drivers/STM32U5xx_HAL_Driver/Src/stm32u5xx_hal_rcc.c ****           }
 656:Drivers/STM32U5xx_HAL_Driver/Src/stm32u5xx_hal_rcc.c ****         }
ARM GAS  /var/folders/j8/bx6g0dyx2gg_pdn7l_y1sb9c0000gn/T//cc64Wppv.s 			page 13


 657:Drivers/STM32U5xx_HAL_Driver/Src/stm32u5xx_hal_rcc.c ****       }
 658:Drivers/STM32U5xx_HAL_Driver/Src/stm32u5xx_hal_rcc.c ****     }
 659:Drivers/STM32U5xx_HAL_Driver/Src/stm32u5xx_hal_rcc.c ****   }
 660:Drivers/STM32U5xx_HAL_Driver/Src/stm32u5xx_hal_rcc.c ****   /*------------------------------- HSE Configuration ------------------------*/
 661:Drivers/STM32U5xx_HAL_Driver/Src/stm32u5xx_hal_rcc.c ****   if (((pRCC_OscInitStruct->OscillatorType) & RCC_OSCILLATORTYPE_HSE) == RCC_OSCILLATORTYPE_HSE)
 662:Drivers/STM32U5xx_HAL_Driver/Src/stm32u5xx_hal_rcc.c ****   {
 663:Drivers/STM32U5xx_HAL_Driver/Src/stm32u5xx_hal_rcc.c ****     /* Check the parameters */
 664:Drivers/STM32U5xx_HAL_Driver/Src/stm32u5xx_hal_rcc.c ****     assert_param(IS_RCC_HSE(pRCC_OscInitStruct->HSEState));
 665:Drivers/STM32U5xx_HAL_Driver/Src/stm32u5xx_hal_rcc.c **** 
 666:Drivers/STM32U5xx_HAL_Driver/Src/stm32u5xx_hal_rcc.c ****     /* When the HSE is used as system clock or clock source for PLL in these cases it is not allowe
 667:Drivers/STM32U5xx_HAL_Driver/Src/stm32u5xx_hal_rcc.c ****     if ((sysclk_source == RCC_SYSCLKSOURCE_STATUS_HSE) ||
 668:Drivers/STM32U5xx_HAL_Driver/Src/stm32u5xx_hal_rcc.c ****         ((sysclk_source == RCC_SYSCLKSOURCE_STATUS_PLLCLK) && (pll_config == RCC_PLLSOURCE_HSE)))
 669:Drivers/STM32U5xx_HAL_Driver/Src/stm32u5xx_hal_rcc.c ****     {
 670:Drivers/STM32U5xx_HAL_Driver/Src/stm32u5xx_hal_rcc.c ****       if (pRCC_OscInitStruct->HSEState == RCC_HSE_OFF)
 671:Drivers/STM32U5xx_HAL_Driver/Src/stm32u5xx_hal_rcc.c ****       {
 672:Drivers/STM32U5xx_HAL_Driver/Src/stm32u5xx_hal_rcc.c ****         return HAL_ERROR;
 673:Drivers/STM32U5xx_HAL_Driver/Src/stm32u5xx_hal_rcc.c ****       }
 674:Drivers/STM32U5xx_HAL_Driver/Src/stm32u5xx_hal_rcc.c ****     }
 675:Drivers/STM32U5xx_HAL_Driver/Src/stm32u5xx_hal_rcc.c ****     else
 676:Drivers/STM32U5xx_HAL_Driver/Src/stm32u5xx_hal_rcc.c ****     {
 677:Drivers/STM32U5xx_HAL_Driver/Src/stm32u5xx_hal_rcc.c ****       /* Set the new HSE configuration ---------------------------------------*/
 678:Drivers/STM32U5xx_HAL_Driver/Src/stm32u5xx_hal_rcc.c ****       __HAL_RCC_HSE_CONFIG(pRCC_OscInitStruct->HSEState);
 679:Drivers/STM32U5xx_HAL_Driver/Src/stm32u5xx_hal_rcc.c **** 
 680:Drivers/STM32U5xx_HAL_Driver/Src/stm32u5xx_hal_rcc.c ****       /* Check the HSE State */
 681:Drivers/STM32U5xx_HAL_Driver/Src/stm32u5xx_hal_rcc.c ****       if (pRCC_OscInitStruct->HSEState != RCC_HSE_OFF)
 682:Drivers/STM32U5xx_HAL_Driver/Src/stm32u5xx_hal_rcc.c ****       {
 683:Drivers/STM32U5xx_HAL_Driver/Src/stm32u5xx_hal_rcc.c ****         tickstart = HAL_GetTick();
 684:Drivers/STM32U5xx_HAL_Driver/Src/stm32u5xx_hal_rcc.c **** 
 685:Drivers/STM32U5xx_HAL_Driver/Src/stm32u5xx_hal_rcc.c ****         /* Wait till HSE is ready */
 686:Drivers/STM32U5xx_HAL_Driver/Src/stm32u5xx_hal_rcc.c ****         while (READ_BIT(RCC->CR, RCC_CR_HSERDY) == 0U)
 687:Drivers/STM32U5xx_HAL_Driver/Src/stm32u5xx_hal_rcc.c ****         {
 688:Drivers/STM32U5xx_HAL_Driver/Src/stm32u5xx_hal_rcc.c ****           if ((HAL_GetTick() - tickstart) > HSE_TIMEOUT_VALUE)
 689:Drivers/STM32U5xx_HAL_Driver/Src/stm32u5xx_hal_rcc.c ****           {
 690:Drivers/STM32U5xx_HAL_Driver/Src/stm32u5xx_hal_rcc.c ****             return HAL_TIMEOUT;
 691:Drivers/STM32U5xx_HAL_Driver/Src/stm32u5xx_hal_rcc.c ****           }
 692:Drivers/STM32U5xx_HAL_Driver/Src/stm32u5xx_hal_rcc.c ****         }
 693:Drivers/STM32U5xx_HAL_Driver/Src/stm32u5xx_hal_rcc.c ****       }
 694:Drivers/STM32U5xx_HAL_Driver/Src/stm32u5xx_hal_rcc.c ****       else
 695:Drivers/STM32U5xx_HAL_Driver/Src/stm32u5xx_hal_rcc.c ****       {
 696:Drivers/STM32U5xx_HAL_Driver/Src/stm32u5xx_hal_rcc.c ****         tickstart = HAL_GetTick();
 697:Drivers/STM32U5xx_HAL_Driver/Src/stm32u5xx_hal_rcc.c **** 
 698:Drivers/STM32U5xx_HAL_Driver/Src/stm32u5xx_hal_rcc.c ****         /* Wait till HSE is disabled */
 699:Drivers/STM32U5xx_HAL_Driver/Src/stm32u5xx_hal_rcc.c ****         while (READ_BIT(RCC->CR, RCC_CR_HSERDY) != 0U)
 700:Drivers/STM32U5xx_HAL_Driver/Src/stm32u5xx_hal_rcc.c ****         {
 701:Drivers/STM32U5xx_HAL_Driver/Src/stm32u5xx_hal_rcc.c ****           if ((HAL_GetTick() - tickstart) > HSE_TIMEOUT_VALUE)
 702:Drivers/STM32U5xx_HAL_Driver/Src/stm32u5xx_hal_rcc.c ****           {
 703:Drivers/STM32U5xx_HAL_Driver/Src/stm32u5xx_hal_rcc.c ****             return HAL_TIMEOUT;
 704:Drivers/STM32U5xx_HAL_Driver/Src/stm32u5xx_hal_rcc.c ****           }
 705:Drivers/STM32U5xx_HAL_Driver/Src/stm32u5xx_hal_rcc.c ****         }
 706:Drivers/STM32U5xx_HAL_Driver/Src/stm32u5xx_hal_rcc.c ****       }
 707:Drivers/STM32U5xx_HAL_Driver/Src/stm32u5xx_hal_rcc.c ****     }
 708:Drivers/STM32U5xx_HAL_Driver/Src/stm32u5xx_hal_rcc.c ****   }
 709:Drivers/STM32U5xx_HAL_Driver/Src/stm32u5xx_hal_rcc.c ****   /*----------------------------- HSI Configuration --------------------------*/
 710:Drivers/STM32U5xx_HAL_Driver/Src/stm32u5xx_hal_rcc.c ****   if (((pRCC_OscInitStruct->OscillatorType) & RCC_OSCILLATORTYPE_HSI) == RCC_OSCILLATORTYPE_HSI)
 711:Drivers/STM32U5xx_HAL_Driver/Src/stm32u5xx_hal_rcc.c ****   {
 712:Drivers/STM32U5xx_HAL_Driver/Src/stm32u5xx_hal_rcc.c ****     /* Check the parameters */
 713:Drivers/STM32U5xx_HAL_Driver/Src/stm32u5xx_hal_rcc.c ****     assert_param(IS_RCC_HSI(pRCC_OscInitStruct->HSIState));
ARM GAS  /var/folders/j8/bx6g0dyx2gg_pdn7l_y1sb9c0000gn/T//cc64Wppv.s 			page 14


 714:Drivers/STM32U5xx_HAL_Driver/Src/stm32u5xx_hal_rcc.c ****     assert_param(IS_RCC_HSI_CALIBRATION_VALUE(pRCC_OscInitStruct->HSICalibrationValue));
 715:Drivers/STM32U5xx_HAL_Driver/Src/stm32u5xx_hal_rcc.c **** 
 716:Drivers/STM32U5xx_HAL_Driver/Src/stm32u5xx_hal_rcc.c ****     /* Check if HSI is used as system clock or as PLL source when PLL is selected as system clock *
 717:Drivers/STM32U5xx_HAL_Driver/Src/stm32u5xx_hal_rcc.c ****     if ((sysclk_source == RCC_SYSCLKSOURCE_STATUS_HSI) ||
 718:Drivers/STM32U5xx_HAL_Driver/Src/stm32u5xx_hal_rcc.c ****         ((sysclk_source == RCC_SYSCLKSOURCE_STATUS_PLLCLK) && (pll_config == RCC_PLLSOURCE_HSI)))
 719:Drivers/STM32U5xx_HAL_Driver/Src/stm32u5xx_hal_rcc.c ****     {
 720:Drivers/STM32U5xx_HAL_Driver/Src/stm32u5xx_hal_rcc.c ****       /* When HSI is used as system clock it will not be disabled */
 721:Drivers/STM32U5xx_HAL_Driver/Src/stm32u5xx_hal_rcc.c ****       if (pRCC_OscInitStruct->HSIState == RCC_HSI_OFF)
 722:Drivers/STM32U5xx_HAL_Driver/Src/stm32u5xx_hal_rcc.c ****       {
 723:Drivers/STM32U5xx_HAL_Driver/Src/stm32u5xx_hal_rcc.c ****         return HAL_ERROR;
 724:Drivers/STM32U5xx_HAL_Driver/Src/stm32u5xx_hal_rcc.c ****       }
 725:Drivers/STM32U5xx_HAL_Driver/Src/stm32u5xx_hal_rcc.c ****       /* Otherwise, just the calibration is allowed */
 726:Drivers/STM32U5xx_HAL_Driver/Src/stm32u5xx_hal_rcc.c ****       else
 727:Drivers/STM32U5xx_HAL_Driver/Src/stm32u5xx_hal_rcc.c ****       {
 728:Drivers/STM32U5xx_HAL_Driver/Src/stm32u5xx_hal_rcc.c ****         /* Adjusts the Internal High Speed oscillator (HSI) calibration value */
 729:Drivers/STM32U5xx_HAL_Driver/Src/stm32u5xx_hal_rcc.c ****         __HAL_RCC_HSI_CALIBRATIONVALUE_ADJUST(pRCC_OscInitStruct->HSICalibrationValue);
 730:Drivers/STM32U5xx_HAL_Driver/Src/stm32u5xx_hal_rcc.c ****       }
 731:Drivers/STM32U5xx_HAL_Driver/Src/stm32u5xx_hal_rcc.c ****     }
 732:Drivers/STM32U5xx_HAL_Driver/Src/stm32u5xx_hal_rcc.c ****     else
 733:Drivers/STM32U5xx_HAL_Driver/Src/stm32u5xx_hal_rcc.c ****     {
 734:Drivers/STM32U5xx_HAL_Driver/Src/stm32u5xx_hal_rcc.c ****       /* Check the HSI State */
 735:Drivers/STM32U5xx_HAL_Driver/Src/stm32u5xx_hal_rcc.c ****       if (pRCC_OscInitStruct->HSIState != RCC_HSI_OFF)
 736:Drivers/STM32U5xx_HAL_Driver/Src/stm32u5xx_hal_rcc.c ****       {
 737:Drivers/STM32U5xx_HAL_Driver/Src/stm32u5xx_hal_rcc.c ****         /* Enable the Internal High Speed oscillator (HSI) */
 738:Drivers/STM32U5xx_HAL_Driver/Src/stm32u5xx_hal_rcc.c ****         __HAL_RCC_HSI_ENABLE();
 739:Drivers/STM32U5xx_HAL_Driver/Src/stm32u5xx_hal_rcc.c **** 
 740:Drivers/STM32U5xx_HAL_Driver/Src/stm32u5xx_hal_rcc.c ****         tickstart = HAL_GetTick();
 741:Drivers/STM32U5xx_HAL_Driver/Src/stm32u5xx_hal_rcc.c **** 
 742:Drivers/STM32U5xx_HAL_Driver/Src/stm32u5xx_hal_rcc.c ****         /* Wait till HSI is ready */
 743:Drivers/STM32U5xx_HAL_Driver/Src/stm32u5xx_hal_rcc.c ****         while (READ_BIT(RCC->CR, RCC_CR_HSIRDY) == 0U)
 744:Drivers/STM32U5xx_HAL_Driver/Src/stm32u5xx_hal_rcc.c ****         {
 745:Drivers/STM32U5xx_HAL_Driver/Src/stm32u5xx_hal_rcc.c ****           if ((HAL_GetTick() - tickstart) > HSI_TIMEOUT_VALUE)
 746:Drivers/STM32U5xx_HAL_Driver/Src/stm32u5xx_hal_rcc.c ****           {
 747:Drivers/STM32U5xx_HAL_Driver/Src/stm32u5xx_hal_rcc.c ****             return HAL_TIMEOUT;
 748:Drivers/STM32U5xx_HAL_Driver/Src/stm32u5xx_hal_rcc.c ****           }
 749:Drivers/STM32U5xx_HAL_Driver/Src/stm32u5xx_hal_rcc.c ****         }
 750:Drivers/STM32U5xx_HAL_Driver/Src/stm32u5xx_hal_rcc.c **** 
 751:Drivers/STM32U5xx_HAL_Driver/Src/stm32u5xx_hal_rcc.c ****         /* Adjusts the Internal High Speed oscillator (HSI) calibration value */
 752:Drivers/STM32U5xx_HAL_Driver/Src/stm32u5xx_hal_rcc.c ****         __HAL_RCC_HSI_CALIBRATIONVALUE_ADJUST(pRCC_OscInitStruct->HSICalibrationValue);
 753:Drivers/STM32U5xx_HAL_Driver/Src/stm32u5xx_hal_rcc.c ****       }
 754:Drivers/STM32U5xx_HAL_Driver/Src/stm32u5xx_hal_rcc.c ****       else
 755:Drivers/STM32U5xx_HAL_Driver/Src/stm32u5xx_hal_rcc.c ****       {
 756:Drivers/STM32U5xx_HAL_Driver/Src/stm32u5xx_hal_rcc.c ****         /* Disable the Internal High Speed oscillator (HSI) */
 757:Drivers/STM32U5xx_HAL_Driver/Src/stm32u5xx_hal_rcc.c ****         __HAL_RCC_HSI_DISABLE();
 758:Drivers/STM32U5xx_HAL_Driver/Src/stm32u5xx_hal_rcc.c **** 
 759:Drivers/STM32U5xx_HAL_Driver/Src/stm32u5xx_hal_rcc.c ****         tickstart = HAL_GetTick();
 760:Drivers/STM32U5xx_HAL_Driver/Src/stm32u5xx_hal_rcc.c **** 
 761:Drivers/STM32U5xx_HAL_Driver/Src/stm32u5xx_hal_rcc.c ****         /* Wait till HSI is disabled */
 762:Drivers/STM32U5xx_HAL_Driver/Src/stm32u5xx_hal_rcc.c ****         while (READ_BIT(RCC->CR, RCC_CR_HSIRDY) != 0U)
 763:Drivers/STM32U5xx_HAL_Driver/Src/stm32u5xx_hal_rcc.c ****         {
 764:Drivers/STM32U5xx_HAL_Driver/Src/stm32u5xx_hal_rcc.c ****           if ((HAL_GetTick() - tickstart) > HSI_TIMEOUT_VALUE)
 765:Drivers/STM32U5xx_HAL_Driver/Src/stm32u5xx_hal_rcc.c ****           {
 766:Drivers/STM32U5xx_HAL_Driver/Src/stm32u5xx_hal_rcc.c ****             return HAL_TIMEOUT;
 767:Drivers/STM32U5xx_HAL_Driver/Src/stm32u5xx_hal_rcc.c ****           }
 768:Drivers/STM32U5xx_HAL_Driver/Src/stm32u5xx_hal_rcc.c ****         }
 769:Drivers/STM32U5xx_HAL_Driver/Src/stm32u5xx_hal_rcc.c ****       }
 770:Drivers/STM32U5xx_HAL_Driver/Src/stm32u5xx_hal_rcc.c ****     }
ARM GAS  /var/folders/j8/bx6g0dyx2gg_pdn7l_y1sb9c0000gn/T//cc64Wppv.s 			page 15


 771:Drivers/STM32U5xx_HAL_Driver/Src/stm32u5xx_hal_rcc.c ****   }
 772:Drivers/STM32U5xx_HAL_Driver/Src/stm32u5xx_hal_rcc.c ****   /*------------------------------ LSI Configuration -------------------------*/
 773:Drivers/STM32U5xx_HAL_Driver/Src/stm32u5xx_hal_rcc.c ****   if (((pRCC_OscInitStruct->OscillatorType) & RCC_OSCILLATORTYPE_LSI) == RCC_OSCILLATORTYPE_LSI)
 774:Drivers/STM32U5xx_HAL_Driver/Src/stm32u5xx_hal_rcc.c ****   {
 775:Drivers/STM32U5xx_HAL_Driver/Src/stm32u5xx_hal_rcc.c ****     /* Check the parameters */
 776:Drivers/STM32U5xx_HAL_Driver/Src/stm32u5xx_hal_rcc.c ****     assert_param(IS_RCC_LSI(pRCC_OscInitStruct->LSIState));
 777:Drivers/STM32U5xx_HAL_Driver/Src/stm32u5xx_hal_rcc.c **** 
 778:Drivers/STM32U5xx_HAL_Driver/Src/stm32u5xx_hal_rcc.c ****     FlagStatus  pwrclkchanged = RESET;
 779:Drivers/STM32U5xx_HAL_Driver/Src/stm32u5xx_hal_rcc.c **** 
 780:Drivers/STM32U5xx_HAL_Driver/Src/stm32u5xx_hal_rcc.c ****     /* Update LSI configuration in Backup Domain control register    */
 781:Drivers/STM32U5xx_HAL_Driver/Src/stm32u5xx_hal_rcc.c ****     /* Requires to enable write access to Backup Domain of necessary */
 782:Drivers/STM32U5xx_HAL_Driver/Src/stm32u5xx_hal_rcc.c ****     if (__HAL_RCC_PWR_IS_CLK_DISABLED())
 783:Drivers/STM32U5xx_HAL_Driver/Src/stm32u5xx_hal_rcc.c ****     {
 784:Drivers/STM32U5xx_HAL_Driver/Src/stm32u5xx_hal_rcc.c ****       __HAL_RCC_PWR_CLK_ENABLE();
 785:Drivers/STM32U5xx_HAL_Driver/Src/stm32u5xx_hal_rcc.c ****       pwrclkchanged = SET;
 786:Drivers/STM32U5xx_HAL_Driver/Src/stm32u5xx_hal_rcc.c ****     }
 787:Drivers/STM32U5xx_HAL_Driver/Src/stm32u5xx_hal_rcc.c **** 
 788:Drivers/STM32U5xx_HAL_Driver/Src/stm32u5xx_hal_rcc.c ****     if (HAL_IS_BIT_CLR(PWR->DBPR, PWR_DBPR_DBP))
 789:Drivers/STM32U5xx_HAL_Driver/Src/stm32u5xx_hal_rcc.c ****     {
 790:Drivers/STM32U5xx_HAL_Driver/Src/stm32u5xx_hal_rcc.c ****       /* Enable write access to Backup domain */
 791:Drivers/STM32U5xx_HAL_Driver/Src/stm32u5xx_hal_rcc.c ****       SET_BIT(PWR->DBPR, PWR_DBPR_DBP);
 792:Drivers/STM32U5xx_HAL_Driver/Src/stm32u5xx_hal_rcc.c **** 
 793:Drivers/STM32U5xx_HAL_Driver/Src/stm32u5xx_hal_rcc.c ****       /* Wait for Backup domain Write protection disable */
 794:Drivers/STM32U5xx_HAL_Driver/Src/stm32u5xx_hal_rcc.c ****       tickstart = HAL_GetTick();
 795:Drivers/STM32U5xx_HAL_Driver/Src/stm32u5xx_hal_rcc.c **** 
 796:Drivers/STM32U5xx_HAL_Driver/Src/stm32u5xx_hal_rcc.c ****       while (HAL_IS_BIT_CLR(PWR->DBPR, PWR_DBPR_DBP))
 797:Drivers/STM32U5xx_HAL_Driver/Src/stm32u5xx_hal_rcc.c ****       {
 798:Drivers/STM32U5xx_HAL_Driver/Src/stm32u5xx_hal_rcc.c ****         if ((HAL_GetTick() - tickstart) > RCC_DBP_TIMEOUT_VALUE)
 799:Drivers/STM32U5xx_HAL_Driver/Src/stm32u5xx_hal_rcc.c ****         {
 800:Drivers/STM32U5xx_HAL_Driver/Src/stm32u5xx_hal_rcc.c ****           return HAL_TIMEOUT;
 801:Drivers/STM32U5xx_HAL_Driver/Src/stm32u5xx_hal_rcc.c ****         }
 802:Drivers/STM32U5xx_HAL_Driver/Src/stm32u5xx_hal_rcc.c ****       }
 803:Drivers/STM32U5xx_HAL_Driver/Src/stm32u5xx_hal_rcc.c ****     }
 804:Drivers/STM32U5xx_HAL_Driver/Src/stm32u5xx_hal_rcc.c ****     /* Check the LSI State */
 805:Drivers/STM32U5xx_HAL_Driver/Src/stm32u5xx_hal_rcc.c ****     if (pRCC_OscInitStruct->LSIState != RCC_LSI_OFF)
 806:Drivers/STM32U5xx_HAL_Driver/Src/stm32u5xx_hal_rcc.c ****     {
 807:Drivers/STM32U5xx_HAL_Driver/Src/stm32u5xx_hal_rcc.c ****       uint32_t bdcr_temp = RCC->BDCR;
 808:Drivers/STM32U5xx_HAL_Driver/Src/stm32u5xx_hal_rcc.c **** 
 809:Drivers/STM32U5xx_HAL_Driver/Src/stm32u5xx_hal_rcc.c ****       /* Check LSI division factor */
 810:Drivers/STM32U5xx_HAL_Driver/Src/stm32u5xx_hal_rcc.c ****       assert_param(IS_RCC_LSIDIV(pRCC_OscInitStruct->LSIDiv));
 811:Drivers/STM32U5xx_HAL_Driver/Src/stm32u5xx_hal_rcc.c **** 
 812:Drivers/STM32U5xx_HAL_Driver/Src/stm32u5xx_hal_rcc.c ****       if (pRCC_OscInitStruct->LSIDiv != (bdcr_temp & RCC_BDCR_LSIPREDIV))
 813:Drivers/STM32U5xx_HAL_Driver/Src/stm32u5xx_hal_rcc.c ****       {
 814:Drivers/STM32U5xx_HAL_Driver/Src/stm32u5xx_hal_rcc.c ****         if (((bdcr_temp & RCC_BDCR_LSIRDY) == RCC_BDCR_LSIRDY) && \
 815:Drivers/STM32U5xx_HAL_Driver/Src/stm32u5xx_hal_rcc.c ****             ((bdcr_temp & RCC_BDCR_LSION) != RCC_BDCR_LSION))
 816:Drivers/STM32U5xx_HAL_Driver/Src/stm32u5xx_hal_rcc.c ****         {
 817:Drivers/STM32U5xx_HAL_Driver/Src/stm32u5xx_hal_rcc.c ****           /* If LSIRDY is set while LSION is not enabled, LSIPREDIV can't be updated */
 818:Drivers/STM32U5xx_HAL_Driver/Src/stm32u5xx_hal_rcc.c ****           /* The LSIPREDIV cannot be changed if the LSI is used by the IWDG or by the RTC */
 819:Drivers/STM32U5xx_HAL_Driver/Src/stm32u5xx_hal_rcc.c ****           return HAL_ERROR;
 820:Drivers/STM32U5xx_HAL_Driver/Src/stm32u5xx_hal_rcc.c ****         }
 821:Drivers/STM32U5xx_HAL_Driver/Src/stm32u5xx_hal_rcc.c **** 
 822:Drivers/STM32U5xx_HAL_Driver/Src/stm32u5xx_hal_rcc.c ****         /* Turn off LSI before changing RCC_BDCR_LSIPREDIV */
 823:Drivers/STM32U5xx_HAL_Driver/Src/stm32u5xx_hal_rcc.c ****         if ((bdcr_temp & RCC_BDCR_LSION) == RCC_BDCR_LSION)
 824:Drivers/STM32U5xx_HAL_Driver/Src/stm32u5xx_hal_rcc.c ****         {
 825:Drivers/STM32U5xx_HAL_Driver/Src/stm32u5xx_hal_rcc.c ****           __HAL_RCC_LSI_DISABLE();
 826:Drivers/STM32U5xx_HAL_Driver/Src/stm32u5xx_hal_rcc.c **** 
 827:Drivers/STM32U5xx_HAL_Driver/Src/stm32u5xx_hal_rcc.c ****           tickstart = HAL_GetTick();
ARM GAS  /var/folders/j8/bx6g0dyx2gg_pdn7l_y1sb9c0000gn/T//cc64Wppv.s 			page 16


 828:Drivers/STM32U5xx_HAL_Driver/Src/stm32u5xx_hal_rcc.c **** 
 829:Drivers/STM32U5xx_HAL_Driver/Src/stm32u5xx_hal_rcc.c ****           /* Wait till LSI is disabled */
 830:Drivers/STM32U5xx_HAL_Driver/Src/stm32u5xx_hal_rcc.c ****           while (READ_BIT(RCC->BDCR, RCC_BDCR_LSIRDY) != 0U)
 831:Drivers/STM32U5xx_HAL_Driver/Src/stm32u5xx_hal_rcc.c ****           {
 832:Drivers/STM32U5xx_HAL_Driver/Src/stm32u5xx_hal_rcc.c ****             if ((HAL_GetTick() - tickstart) > LSI_TIMEOUT_VALUE)
 833:Drivers/STM32U5xx_HAL_Driver/Src/stm32u5xx_hal_rcc.c ****             {
 834:Drivers/STM32U5xx_HAL_Driver/Src/stm32u5xx_hal_rcc.c ****               return HAL_TIMEOUT;
 835:Drivers/STM32U5xx_HAL_Driver/Src/stm32u5xx_hal_rcc.c ****             }
 836:Drivers/STM32U5xx_HAL_Driver/Src/stm32u5xx_hal_rcc.c ****           }
 837:Drivers/STM32U5xx_HAL_Driver/Src/stm32u5xx_hal_rcc.c ****         }
 838:Drivers/STM32U5xx_HAL_Driver/Src/stm32u5xx_hal_rcc.c **** 
 839:Drivers/STM32U5xx_HAL_Driver/Src/stm32u5xx_hal_rcc.c ****         /* Set LSI division factor */
 840:Drivers/STM32U5xx_HAL_Driver/Src/stm32u5xx_hal_rcc.c ****         MODIFY_REG(RCC->BDCR, RCC_BDCR_LSIPREDIV, pRCC_OscInitStruct->LSIDiv);
 841:Drivers/STM32U5xx_HAL_Driver/Src/stm32u5xx_hal_rcc.c ****       }
 842:Drivers/STM32U5xx_HAL_Driver/Src/stm32u5xx_hal_rcc.c **** 
 843:Drivers/STM32U5xx_HAL_Driver/Src/stm32u5xx_hal_rcc.c ****       /* Enable the Internal Low Speed oscillator (LSI) */
 844:Drivers/STM32U5xx_HAL_Driver/Src/stm32u5xx_hal_rcc.c ****       __HAL_RCC_LSI_ENABLE();
 845:Drivers/STM32U5xx_HAL_Driver/Src/stm32u5xx_hal_rcc.c **** 
 846:Drivers/STM32U5xx_HAL_Driver/Src/stm32u5xx_hal_rcc.c ****       tickstart = HAL_GetTick();
 847:Drivers/STM32U5xx_HAL_Driver/Src/stm32u5xx_hal_rcc.c **** 
 848:Drivers/STM32U5xx_HAL_Driver/Src/stm32u5xx_hal_rcc.c ****       /* Wait till LSI is ready */
 849:Drivers/STM32U5xx_HAL_Driver/Src/stm32u5xx_hal_rcc.c ****       while (READ_BIT(RCC->BDCR, RCC_BDCR_LSIRDY) == 0U)
 850:Drivers/STM32U5xx_HAL_Driver/Src/stm32u5xx_hal_rcc.c ****       {
 851:Drivers/STM32U5xx_HAL_Driver/Src/stm32u5xx_hal_rcc.c ****         if ((HAL_GetTick() - tickstart) > LSI_TIMEOUT_VALUE)
 852:Drivers/STM32U5xx_HAL_Driver/Src/stm32u5xx_hal_rcc.c ****         {
 853:Drivers/STM32U5xx_HAL_Driver/Src/stm32u5xx_hal_rcc.c ****           return HAL_TIMEOUT;
 854:Drivers/STM32U5xx_HAL_Driver/Src/stm32u5xx_hal_rcc.c ****         }
 855:Drivers/STM32U5xx_HAL_Driver/Src/stm32u5xx_hal_rcc.c ****       }
 856:Drivers/STM32U5xx_HAL_Driver/Src/stm32u5xx_hal_rcc.c ****     }
 857:Drivers/STM32U5xx_HAL_Driver/Src/stm32u5xx_hal_rcc.c ****     else
 858:Drivers/STM32U5xx_HAL_Driver/Src/stm32u5xx_hal_rcc.c ****     {
 859:Drivers/STM32U5xx_HAL_Driver/Src/stm32u5xx_hal_rcc.c ****       /* Disable the Internal Low Speed oscillator (LSI) */
 860:Drivers/STM32U5xx_HAL_Driver/Src/stm32u5xx_hal_rcc.c ****       __HAL_RCC_LSI_DISABLE();
 861:Drivers/STM32U5xx_HAL_Driver/Src/stm32u5xx_hal_rcc.c **** 
 862:Drivers/STM32U5xx_HAL_Driver/Src/stm32u5xx_hal_rcc.c ****       tickstart = HAL_GetTick();
 863:Drivers/STM32U5xx_HAL_Driver/Src/stm32u5xx_hal_rcc.c **** 
 864:Drivers/STM32U5xx_HAL_Driver/Src/stm32u5xx_hal_rcc.c ****       /* Wait till LSI is disabled */
 865:Drivers/STM32U5xx_HAL_Driver/Src/stm32u5xx_hal_rcc.c ****       while (READ_BIT(RCC->BDCR, RCC_BDCR_LSIRDY) != 0U)
 866:Drivers/STM32U5xx_HAL_Driver/Src/stm32u5xx_hal_rcc.c ****       {
 867:Drivers/STM32U5xx_HAL_Driver/Src/stm32u5xx_hal_rcc.c ****         if ((HAL_GetTick() - tickstart) > LSI_TIMEOUT_VALUE)
 868:Drivers/STM32U5xx_HAL_Driver/Src/stm32u5xx_hal_rcc.c ****         {
 869:Drivers/STM32U5xx_HAL_Driver/Src/stm32u5xx_hal_rcc.c ****           return HAL_TIMEOUT;
 870:Drivers/STM32U5xx_HAL_Driver/Src/stm32u5xx_hal_rcc.c ****         }
 871:Drivers/STM32U5xx_HAL_Driver/Src/stm32u5xx_hal_rcc.c ****       }
 872:Drivers/STM32U5xx_HAL_Driver/Src/stm32u5xx_hal_rcc.c ****     }
 873:Drivers/STM32U5xx_HAL_Driver/Src/stm32u5xx_hal_rcc.c ****     /* Restore clock configuration if changed */
 874:Drivers/STM32U5xx_HAL_Driver/Src/stm32u5xx_hal_rcc.c ****     if (pwrclkchanged == SET)
 875:Drivers/STM32U5xx_HAL_Driver/Src/stm32u5xx_hal_rcc.c ****     {
 876:Drivers/STM32U5xx_HAL_Driver/Src/stm32u5xx_hal_rcc.c ****       __HAL_RCC_PWR_CLK_DISABLE();
 877:Drivers/STM32U5xx_HAL_Driver/Src/stm32u5xx_hal_rcc.c ****     }
 878:Drivers/STM32U5xx_HAL_Driver/Src/stm32u5xx_hal_rcc.c ****   }
 879:Drivers/STM32U5xx_HAL_Driver/Src/stm32u5xx_hal_rcc.c ****   /*------------------------------ LSE Configuration -------------------------*/
 880:Drivers/STM32U5xx_HAL_Driver/Src/stm32u5xx_hal_rcc.c ****   if (((pRCC_OscInitStruct->OscillatorType) & RCC_OSCILLATORTYPE_LSE) == RCC_OSCILLATORTYPE_LSE)
 881:Drivers/STM32U5xx_HAL_Driver/Src/stm32u5xx_hal_rcc.c ****   {
 882:Drivers/STM32U5xx_HAL_Driver/Src/stm32u5xx_hal_rcc.c ****     FlagStatus pwrclkchanged = RESET;
 883:Drivers/STM32U5xx_HAL_Driver/Src/stm32u5xx_hal_rcc.c **** 
 884:Drivers/STM32U5xx_HAL_Driver/Src/stm32u5xx_hal_rcc.c ****     /* Check the parameters */
ARM GAS  /var/folders/j8/bx6g0dyx2gg_pdn7l_y1sb9c0000gn/T//cc64Wppv.s 			page 17


 885:Drivers/STM32U5xx_HAL_Driver/Src/stm32u5xx_hal_rcc.c ****     assert_param(IS_RCC_LSE(pRCC_OscInitStruct->LSEState));
 886:Drivers/STM32U5xx_HAL_Driver/Src/stm32u5xx_hal_rcc.c **** 
 887:Drivers/STM32U5xx_HAL_Driver/Src/stm32u5xx_hal_rcc.c ****     /* Update LSE configuration in Backup Domain control register    */
 888:Drivers/STM32U5xx_HAL_Driver/Src/stm32u5xx_hal_rcc.c ****     /* Requires to enable write access to Backup Domain of necessary */
 889:Drivers/STM32U5xx_HAL_Driver/Src/stm32u5xx_hal_rcc.c ****     if (__HAL_RCC_PWR_IS_CLK_DISABLED())
 890:Drivers/STM32U5xx_HAL_Driver/Src/stm32u5xx_hal_rcc.c ****     {
 891:Drivers/STM32U5xx_HAL_Driver/Src/stm32u5xx_hal_rcc.c ****       __HAL_RCC_PWR_CLK_ENABLE();
 892:Drivers/STM32U5xx_HAL_Driver/Src/stm32u5xx_hal_rcc.c ****       pwrclkchanged = SET;
 893:Drivers/STM32U5xx_HAL_Driver/Src/stm32u5xx_hal_rcc.c ****     }
 894:Drivers/STM32U5xx_HAL_Driver/Src/stm32u5xx_hal_rcc.c **** 
 895:Drivers/STM32U5xx_HAL_Driver/Src/stm32u5xx_hal_rcc.c ****     if (HAL_IS_BIT_CLR(PWR->DBPR, PWR_DBPR_DBP))
 896:Drivers/STM32U5xx_HAL_Driver/Src/stm32u5xx_hal_rcc.c ****     {
 897:Drivers/STM32U5xx_HAL_Driver/Src/stm32u5xx_hal_rcc.c ****       /* Enable write access to Backup domain */
 898:Drivers/STM32U5xx_HAL_Driver/Src/stm32u5xx_hal_rcc.c ****       SET_BIT(PWR->DBPR, PWR_DBPR_DBP);
 899:Drivers/STM32U5xx_HAL_Driver/Src/stm32u5xx_hal_rcc.c **** 
 900:Drivers/STM32U5xx_HAL_Driver/Src/stm32u5xx_hal_rcc.c ****       /* Wait for Backup domain Write protection disable */
 901:Drivers/STM32U5xx_HAL_Driver/Src/stm32u5xx_hal_rcc.c ****       tickstart = HAL_GetTick();
 902:Drivers/STM32U5xx_HAL_Driver/Src/stm32u5xx_hal_rcc.c **** 
 903:Drivers/STM32U5xx_HAL_Driver/Src/stm32u5xx_hal_rcc.c ****       while (HAL_IS_BIT_CLR(PWR->DBPR, PWR_DBPR_DBP))
 904:Drivers/STM32U5xx_HAL_Driver/Src/stm32u5xx_hal_rcc.c ****       {
 905:Drivers/STM32U5xx_HAL_Driver/Src/stm32u5xx_hal_rcc.c ****         if ((HAL_GetTick() - tickstart) > RCC_DBP_TIMEOUT_VALUE)
 906:Drivers/STM32U5xx_HAL_Driver/Src/stm32u5xx_hal_rcc.c ****         {
 907:Drivers/STM32U5xx_HAL_Driver/Src/stm32u5xx_hal_rcc.c ****           return HAL_TIMEOUT;
 908:Drivers/STM32U5xx_HAL_Driver/Src/stm32u5xx_hal_rcc.c ****         }
 909:Drivers/STM32U5xx_HAL_Driver/Src/stm32u5xx_hal_rcc.c ****       }
 910:Drivers/STM32U5xx_HAL_Driver/Src/stm32u5xx_hal_rcc.c ****     }
 911:Drivers/STM32U5xx_HAL_Driver/Src/stm32u5xx_hal_rcc.c **** 
 912:Drivers/STM32U5xx_HAL_Driver/Src/stm32u5xx_hal_rcc.c ****     /* Set the new LSE configuration -----------------------------------------*/
 913:Drivers/STM32U5xx_HAL_Driver/Src/stm32u5xx_hal_rcc.c ****     if ((pRCC_OscInitStruct->LSEState & RCC_BDCR_LSEON) != 0U)
 914:Drivers/STM32U5xx_HAL_Driver/Src/stm32u5xx_hal_rcc.c ****     {
 915:Drivers/STM32U5xx_HAL_Driver/Src/stm32u5xx_hal_rcc.c ****       if ((pRCC_OscInitStruct->LSEState & RCC_BDCR_LSEBYP) != 0U)
 916:Drivers/STM32U5xx_HAL_Driver/Src/stm32u5xx_hal_rcc.c ****       {
 917:Drivers/STM32U5xx_HAL_Driver/Src/stm32u5xx_hal_rcc.c ****         /* LSE oscillator bypass enable */
 918:Drivers/STM32U5xx_HAL_Driver/Src/stm32u5xx_hal_rcc.c ****         SET_BIT(RCC->BDCR, RCC_BDCR_LSEBYP);
 919:Drivers/STM32U5xx_HAL_Driver/Src/stm32u5xx_hal_rcc.c ****         SET_BIT(RCC->BDCR, RCC_BDCR_LSEON);
 920:Drivers/STM32U5xx_HAL_Driver/Src/stm32u5xx_hal_rcc.c ****       }
 921:Drivers/STM32U5xx_HAL_Driver/Src/stm32u5xx_hal_rcc.c ****       else
 922:Drivers/STM32U5xx_HAL_Driver/Src/stm32u5xx_hal_rcc.c ****       {
 923:Drivers/STM32U5xx_HAL_Driver/Src/stm32u5xx_hal_rcc.c ****         /* LSE oscillator enable */
 924:Drivers/STM32U5xx_HAL_Driver/Src/stm32u5xx_hal_rcc.c ****         SET_BIT(RCC->BDCR, RCC_BDCR_LSEON);
 925:Drivers/STM32U5xx_HAL_Driver/Src/stm32u5xx_hal_rcc.c ****       }
 926:Drivers/STM32U5xx_HAL_Driver/Src/stm32u5xx_hal_rcc.c ****     }
 927:Drivers/STM32U5xx_HAL_Driver/Src/stm32u5xx_hal_rcc.c ****     else
 928:Drivers/STM32U5xx_HAL_Driver/Src/stm32u5xx_hal_rcc.c ****     {
 929:Drivers/STM32U5xx_HAL_Driver/Src/stm32u5xx_hal_rcc.c ****       CLEAR_BIT(RCC->BDCR, RCC_BDCR_LSEON);
 930:Drivers/STM32U5xx_HAL_Driver/Src/stm32u5xx_hal_rcc.c ****       CLEAR_BIT(RCC->BDCR, RCC_BDCR_LSEBYP);
 931:Drivers/STM32U5xx_HAL_Driver/Src/stm32u5xx_hal_rcc.c ****     }
 932:Drivers/STM32U5xx_HAL_Driver/Src/stm32u5xx_hal_rcc.c **** 
 933:Drivers/STM32U5xx_HAL_Driver/Src/stm32u5xx_hal_rcc.c ****     /* Check the LSE State */
 934:Drivers/STM32U5xx_HAL_Driver/Src/stm32u5xx_hal_rcc.c ****     if (pRCC_OscInitStruct->LSEState != RCC_LSE_OFF)
 935:Drivers/STM32U5xx_HAL_Driver/Src/stm32u5xx_hal_rcc.c ****     {
 936:Drivers/STM32U5xx_HAL_Driver/Src/stm32u5xx_hal_rcc.c ****       tickstart = HAL_GetTick();
 937:Drivers/STM32U5xx_HAL_Driver/Src/stm32u5xx_hal_rcc.c **** 
 938:Drivers/STM32U5xx_HAL_Driver/Src/stm32u5xx_hal_rcc.c ****       /* Wait till LSE is ready */
 939:Drivers/STM32U5xx_HAL_Driver/Src/stm32u5xx_hal_rcc.c ****       while (READ_BIT(RCC->BDCR, RCC_BDCR_LSERDY) == 0U)
 940:Drivers/STM32U5xx_HAL_Driver/Src/stm32u5xx_hal_rcc.c ****       {
 941:Drivers/STM32U5xx_HAL_Driver/Src/stm32u5xx_hal_rcc.c ****         if ((HAL_GetTick() - tickstart) > RCC_LSE_TIMEOUT_VALUE)
ARM GAS  /var/folders/j8/bx6g0dyx2gg_pdn7l_y1sb9c0000gn/T//cc64Wppv.s 			page 18


 942:Drivers/STM32U5xx_HAL_Driver/Src/stm32u5xx_hal_rcc.c ****         {
 943:Drivers/STM32U5xx_HAL_Driver/Src/stm32u5xx_hal_rcc.c ****           return HAL_TIMEOUT;
 944:Drivers/STM32U5xx_HAL_Driver/Src/stm32u5xx_hal_rcc.c ****         }
 945:Drivers/STM32U5xx_HAL_Driver/Src/stm32u5xx_hal_rcc.c ****       }
 946:Drivers/STM32U5xx_HAL_Driver/Src/stm32u5xx_hal_rcc.c **** 
 947:Drivers/STM32U5xx_HAL_Driver/Src/stm32u5xx_hal_rcc.c ****       /* Enable LSESYS additionally if requested */
 948:Drivers/STM32U5xx_HAL_Driver/Src/stm32u5xx_hal_rcc.c ****       if ((pRCC_OscInitStruct->LSEState & RCC_BDCR_LSESYSEN) != 0U)
 949:Drivers/STM32U5xx_HAL_Driver/Src/stm32u5xx_hal_rcc.c ****       {
 950:Drivers/STM32U5xx_HAL_Driver/Src/stm32u5xx_hal_rcc.c ****         SET_BIT(RCC->BDCR, RCC_BDCR_LSESYSEN);
 951:Drivers/STM32U5xx_HAL_Driver/Src/stm32u5xx_hal_rcc.c **** 
 952:Drivers/STM32U5xx_HAL_Driver/Src/stm32u5xx_hal_rcc.c ****         /* Wait till LSESYS is ready */
 953:Drivers/STM32U5xx_HAL_Driver/Src/stm32u5xx_hal_rcc.c ****         while (READ_BIT(RCC->BDCR, RCC_BDCR_LSESYSRDY) == 0U)
 954:Drivers/STM32U5xx_HAL_Driver/Src/stm32u5xx_hal_rcc.c ****         {
 955:Drivers/STM32U5xx_HAL_Driver/Src/stm32u5xx_hal_rcc.c ****           if ((HAL_GetTick() - tickstart) > RCC_LSE_TIMEOUT_VALUE)
 956:Drivers/STM32U5xx_HAL_Driver/Src/stm32u5xx_hal_rcc.c ****           {
 957:Drivers/STM32U5xx_HAL_Driver/Src/stm32u5xx_hal_rcc.c ****             return HAL_TIMEOUT;
 958:Drivers/STM32U5xx_HAL_Driver/Src/stm32u5xx_hal_rcc.c ****           }
 959:Drivers/STM32U5xx_HAL_Driver/Src/stm32u5xx_hal_rcc.c ****         }
 960:Drivers/STM32U5xx_HAL_Driver/Src/stm32u5xx_hal_rcc.c ****       }
 961:Drivers/STM32U5xx_HAL_Driver/Src/stm32u5xx_hal_rcc.c ****       else
 962:Drivers/STM32U5xx_HAL_Driver/Src/stm32u5xx_hal_rcc.c ****       {
 963:Drivers/STM32U5xx_HAL_Driver/Src/stm32u5xx_hal_rcc.c ****         /* Make sure LSESYSEN/LSESYSRDY are reset */
 964:Drivers/STM32U5xx_HAL_Driver/Src/stm32u5xx_hal_rcc.c ****         CLEAR_BIT(RCC->BDCR, RCC_BDCR_LSESYSEN);
 965:Drivers/STM32U5xx_HAL_Driver/Src/stm32u5xx_hal_rcc.c **** 
 966:Drivers/STM32U5xx_HAL_Driver/Src/stm32u5xx_hal_rcc.c ****         /* Wait till LSESYSRDY is cleared */
 967:Drivers/STM32U5xx_HAL_Driver/Src/stm32u5xx_hal_rcc.c ****         while (READ_BIT(RCC->BDCR, RCC_BDCR_LSESYSRDY) != 0U)
 968:Drivers/STM32U5xx_HAL_Driver/Src/stm32u5xx_hal_rcc.c ****         {
 969:Drivers/STM32U5xx_HAL_Driver/Src/stm32u5xx_hal_rcc.c ****           if ((HAL_GetTick() - tickstart) > RCC_LSE_TIMEOUT_VALUE)
 970:Drivers/STM32U5xx_HAL_Driver/Src/stm32u5xx_hal_rcc.c ****           {
 971:Drivers/STM32U5xx_HAL_Driver/Src/stm32u5xx_hal_rcc.c ****             return HAL_TIMEOUT;
 972:Drivers/STM32U5xx_HAL_Driver/Src/stm32u5xx_hal_rcc.c ****           }
 973:Drivers/STM32U5xx_HAL_Driver/Src/stm32u5xx_hal_rcc.c ****         }
 974:Drivers/STM32U5xx_HAL_Driver/Src/stm32u5xx_hal_rcc.c ****       }
 975:Drivers/STM32U5xx_HAL_Driver/Src/stm32u5xx_hal_rcc.c ****     }
 976:Drivers/STM32U5xx_HAL_Driver/Src/stm32u5xx_hal_rcc.c ****     else
 977:Drivers/STM32U5xx_HAL_Driver/Src/stm32u5xx_hal_rcc.c ****     {
 978:Drivers/STM32U5xx_HAL_Driver/Src/stm32u5xx_hal_rcc.c ****       tickstart = HAL_GetTick();
 979:Drivers/STM32U5xx_HAL_Driver/Src/stm32u5xx_hal_rcc.c **** 
 980:Drivers/STM32U5xx_HAL_Driver/Src/stm32u5xx_hal_rcc.c ****       /* Wait till LSE is disabled */
 981:Drivers/STM32U5xx_HAL_Driver/Src/stm32u5xx_hal_rcc.c ****       while (READ_BIT(RCC->BDCR, RCC_BDCR_LSERDY) != 0U)
 982:Drivers/STM32U5xx_HAL_Driver/Src/stm32u5xx_hal_rcc.c ****       {
 983:Drivers/STM32U5xx_HAL_Driver/Src/stm32u5xx_hal_rcc.c ****         if ((HAL_GetTick() - tickstart) > RCC_LSE_TIMEOUT_VALUE)
 984:Drivers/STM32U5xx_HAL_Driver/Src/stm32u5xx_hal_rcc.c ****         {
 985:Drivers/STM32U5xx_HAL_Driver/Src/stm32u5xx_hal_rcc.c ****           return HAL_TIMEOUT;
 986:Drivers/STM32U5xx_HAL_Driver/Src/stm32u5xx_hal_rcc.c ****         }
 987:Drivers/STM32U5xx_HAL_Driver/Src/stm32u5xx_hal_rcc.c ****       }
 988:Drivers/STM32U5xx_HAL_Driver/Src/stm32u5xx_hal_rcc.c **** 
 989:Drivers/STM32U5xx_HAL_Driver/Src/stm32u5xx_hal_rcc.c ****       if (READ_BIT(RCC->BDCR, RCC_BDCR_LSESYSEN) != 0U)
 990:Drivers/STM32U5xx_HAL_Driver/Src/stm32u5xx_hal_rcc.c ****       {
 991:Drivers/STM32U5xx_HAL_Driver/Src/stm32u5xx_hal_rcc.c ****         /* Reset LSESYSEN once LSE is disabled */
 992:Drivers/STM32U5xx_HAL_Driver/Src/stm32u5xx_hal_rcc.c ****         CLEAR_BIT(RCC->BDCR, RCC_BDCR_LSESYSEN);
 993:Drivers/STM32U5xx_HAL_Driver/Src/stm32u5xx_hal_rcc.c **** 
 994:Drivers/STM32U5xx_HAL_Driver/Src/stm32u5xx_hal_rcc.c ****         /* Wait till LSESYSRDY is cleared */
 995:Drivers/STM32U5xx_HAL_Driver/Src/stm32u5xx_hal_rcc.c ****         while (READ_BIT(RCC->BDCR, RCC_BDCR_LSESYSRDY) != 0U)
 996:Drivers/STM32U5xx_HAL_Driver/Src/stm32u5xx_hal_rcc.c ****         {
 997:Drivers/STM32U5xx_HAL_Driver/Src/stm32u5xx_hal_rcc.c ****           if ((HAL_GetTick() - tickstart) > RCC_LSE_TIMEOUT_VALUE)
 998:Drivers/STM32U5xx_HAL_Driver/Src/stm32u5xx_hal_rcc.c ****           {
ARM GAS  /var/folders/j8/bx6g0dyx2gg_pdn7l_y1sb9c0000gn/T//cc64Wppv.s 			page 19


 999:Drivers/STM32U5xx_HAL_Driver/Src/stm32u5xx_hal_rcc.c ****             return HAL_TIMEOUT;
1000:Drivers/STM32U5xx_HAL_Driver/Src/stm32u5xx_hal_rcc.c ****           }
1001:Drivers/STM32U5xx_HAL_Driver/Src/stm32u5xx_hal_rcc.c ****         }
1002:Drivers/STM32U5xx_HAL_Driver/Src/stm32u5xx_hal_rcc.c ****       }
1003:Drivers/STM32U5xx_HAL_Driver/Src/stm32u5xx_hal_rcc.c ****     }
1004:Drivers/STM32U5xx_HAL_Driver/Src/stm32u5xx_hal_rcc.c **** 
1005:Drivers/STM32U5xx_HAL_Driver/Src/stm32u5xx_hal_rcc.c ****     /* Restore clock configuration if changed */
1006:Drivers/STM32U5xx_HAL_Driver/Src/stm32u5xx_hal_rcc.c ****     if (pwrclkchanged == SET)
1007:Drivers/STM32U5xx_HAL_Driver/Src/stm32u5xx_hal_rcc.c ****     {
1008:Drivers/STM32U5xx_HAL_Driver/Src/stm32u5xx_hal_rcc.c ****       __HAL_RCC_PWR_CLK_DISABLE();
1009:Drivers/STM32U5xx_HAL_Driver/Src/stm32u5xx_hal_rcc.c ****     }
1010:Drivers/STM32U5xx_HAL_Driver/Src/stm32u5xx_hal_rcc.c ****   }
1011:Drivers/STM32U5xx_HAL_Driver/Src/stm32u5xx_hal_rcc.c ****   /*------------------------------ HSI48 Configuration -----------------------*/
1012:Drivers/STM32U5xx_HAL_Driver/Src/stm32u5xx_hal_rcc.c ****   if (((pRCC_OscInitStruct->OscillatorType) & RCC_OSCILLATORTYPE_HSI48) == RCC_OSCILLATORTYPE_HSI48
1013:Drivers/STM32U5xx_HAL_Driver/Src/stm32u5xx_hal_rcc.c ****   {
1014:Drivers/STM32U5xx_HAL_Driver/Src/stm32u5xx_hal_rcc.c ****     /* Check the parameters */
1015:Drivers/STM32U5xx_HAL_Driver/Src/stm32u5xx_hal_rcc.c ****     assert_param(IS_RCC_HSI48(pRCC_OscInitStruct->HSI48State));
1016:Drivers/STM32U5xx_HAL_Driver/Src/stm32u5xx_hal_rcc.c **** 
1017:Drivers/STM32U5xx_HAL_Driver/Src/stm32u5xx_hal_rcc.c ****     /* Check the HSI48 State */
1018:Drivers/STM32U5xx_HAL_Driver/Src/stm32u5xx_hal_rcc.c ****     if (pRCC_OscInitStruct->HSI48State != RCC_HSI48_OFF)
1019:Drivers/STM32U5xx_HAL_Driver/Src/stm32u5xx_hal_rcc.c ****     {
1020:Drivers/STM32U5xx_HAL_Driver/Src/stm32u5xx_hal_rcc.c ****       /* Enable the Internal High Speed oscillator (HSI48) */
1021:Drivers/STM32U5xx_HAL_Driver/Src/stm32u5xx_hal_rcc.c ****       __HAL_RCC_HSI48_ENABLE();
1022:Drivers/STM32U5xx_HAL_Driver/Src/stm32u5xx_hal_rcc.c **** 
1023:Drivers/STM32U5xx_HAL_Driver/Src/stm32u5xx_hal_rcc.c ****       tickstart = HAL_GetTick();
1024:Drivers/STM32U5xx_HAL_Driver/Src/stm32u5xx_hal_rcc.c **** 
1025:Drivers/STM32U5xx_HAL_Driver/Src/stm32u5xx_hal_rcc.c ****       /* Wait till HSI48 is ready */
1026:Drivers/STM32U5xx_HAL_Driver/Src/stm32u5xx_hal_rcc.c ****       while (READ_BIT(RCC->CR, RCC_CR_HSI48RDY) == 0U)
1027:Drivers/STM32U5xx_HAL_Driver/Src/stm32u5xx_hal_rcc.c ****       {
1028:Drivers/STM32U5xx_HAL_Driver/Src/stm32u5xx_hal_rcc.c ****         if ((HAL_GetTick() - tickstart) > HSI48_TIMEOUT_VALUE)
1029:Drivers/STM32U5xx_HAL_Driver/Src/stm32u5xx_hal_rcc.c ****         {
1030:Drivers/STM32U5xx_HAL_Driver/Src/stm32u5xx_hal_rcc.c ****           return HAL_TIMEOUT;
1031:Drivers/STM32U5xx_HAL_Driver/Src/stm32u5xx_hal_rcc.c ****         }
1032:Drivers/STM32U5xx_HAL_Driver/Src/stm32u5xx_hal_rcc.c ****       }
1033:Drivers/STM32U5xx_HAL_Driver/Src/stm32u5xx_hal_rcc.c ****     }
1034:Drivers/STM32U5xx_HAL_Driver/Src/stm32u5xx_hal_rcc.c ****     else
1035:Drivers/STM32U5xx_HAL_Driver/Src/stm32u5xx_hal_rcc.c ****     {
1036:Drivers/STM32U5xx_HAL_Driver/Src/stm32u5xx_hal_rcc.c ****       /* Disable the Internal High Speed oscillator (HSI48) */
1037:Drivers/STM32U5xx_HAL_Driver/Src/stm32u5xx_hal_rcc.c ****       __HAL_RCC_HSI48_DISABLE();
1038:Drivers/STM32U5xx_HAL_Driver/Src/stm32u5xx_hal_rcc.c **** 
1039:Drivers/STM32U5xx_HAL_Driver/Src/stm32u5xx_hal_rcc.c ****       tickstart = HAL_GetTick();
1040:Drivers/STM32U5xx_HAL_Driver/Src/stm32u5xx_hal_rcc.c **** 
1041:Drivers/STM32U5xx_HAL_Driver/Src/stm32u5xx_hal_rcc.c ****       /* Wait till HSI48 is disabled */
1042:Drivers/STM32U5xx_HAL_Driver/Src/stm32u5xx_hal_rcc.c ****       while (READ_BIT(RCC->CR, RCC_CR_HSI48RDY) != 0U)
1043:Drivers/STM32U5xx_HAL_Driver/Src/stm32u5xx_hal_rcc.c ****       {
1044:Drivers/STM32U5xx_HAL_Driver/Src/stm32u5xx_hal_rcc.c ****         if ((HAL_GetTick() - tickstart) > HSI48_TIMEOUT_VALUE)
1045:Drivers/STM32U5xx_HAL_Driver/Src/stm32u5xx_hal_rcc.c ****         {
1046:Drivers/STM32U5xx_HAL_Driver/Src/stm32u5xx_hal_rcc.c ****           return HAL_TIMEOUT;
1047:Drivers/STM32U5xx_HAL_Driver/Src/stm32u5xx_hal_rcc.c ****         }
1048:Drivers/STM32U5xx_HAL_Driver/Src/stm32u5xx_hal_rcc.c ****       }
1049:Drivers/STM32U5xx_HAL_Driver/Src/stm32u5xx_hal_rcc.c ****     }
1050:Drivers/STM32U5xx_HAL_Driver/Src/stm32u5xx_hal_rcc.c ****   }
1051:Drivers/STM32U5xx_HAL_Driver/Src/stm32u5xx_hal_rcc.c **** 
1052:Drivers/STM32U5xx_HAL_Driver/Src/stm32u5xx_hal_rcc.c ****   /*------------------------------ SHSI Configuration -----------------------*/
1053:Drivers/STM32U5xx_HAL_Driver/Src/stm32u5xx_hal_rcc.c ****   if (((pRCC_OscInitStruct->OscillatorType) & RCC_OSCILLATORTYPE_SHSI) == RCC_OSCILLATORTYPE_SHSI)
1054:Drivers/STM32U5xx_HAL_Driver/Src/stm32u5xx_hal_rcc.c ****   {
1055:Drivers/STM32U5xx_HAL_Driver/Src/stm32u5xx_hal_rcc.c ****     /* Check the parameters */
ARM GAS  /var/folders/j8/bx6g0dyx2gg_pdn7l_y1sb9c0000gn/T//cc64Wppv.s 			page 20


1056:Drivers/STM32U5xx_HAL_Driver/Src/stm32u5xx_hal_rcc.c ****     assert_param(IS_RCC_SHSI(pRCC_OscInitStruct->SHSIState));
1057:Drivers/STM32U5xx_HAL_Driver/Src/stm32u5xx_hal_rcc.c **** 
1058:Drivers/STM32U5xx_HAL_Driver/Src/stm32u5xx_hal_rcc.c ****     /* Check the SHSI State */
1059:Drivers/STM32U5xx_HAL_Driver/Src/stm32u5xx_hal_rcc.c ****     if (pRCC_OscInitStruct->SHSIState != RCC_SHSI_OFF)
1060:Drivers/STM32U5xx_HAL_Driver/Src/stm32u5xx_hal_rcc.c ****     {
1061:Drivers/STM32U5xx_HAL_Driver/Src/stm32u5xx_hal_rcc.c ****       /* Enable the Secure Internal High Speed oscillator (SHSI) */
1062:Drivers/STM32U5xx_HAL_Driver/Src/stm32u5xx_hal_rcc.c ****       __HAL_RCC_SHSI_ENABLE();
1063:Drivers/STM32U5xx_HAL_Driver/Src/stm32u5xx_hal_rcc.c **** 
1064:Drivers/STM32U5xx_HAL_Driver/Src/stm32u5xx_hal_rcc.c ****       tickstart = HAL_GetTick();
1065:Drivers/STM32U5xx_HAL_Driver/Src/stm32u5xx_hal_rcc.c **** 
1066:Drivers/STM32U5xx_HAL_Driver/Src/stm32u5xx_hal_rcc.c ****       /* Wait till SHSI is ready */
1067:Drivers/STM32U5xx_HAL_Driver/Src/stm32u5xx_hal_rcc.c ****       while (READ_BIT(RCC->CR, RCC_CR_SHSIRDY) == 0U)
1068:Drivers/STM32U5xx_HAL_Driver/Src/stm32u5xx_hal_rcc.c ****       {
1069:Drivers/STM32U5xx_HAL_Driver/Src/stm32u5xx_hal_rcc.c ****         if ((HAL_GetTick() - tickstart) > SHSI_TIMEOUT_VALUE)
1070:Drivers/STM32U5xx_HAL_Driver/Src/stm32u5xx_hal_rcc.c ****         {
1071:Drivers/STM32U5xx_HAL_Driver/Src/stm32u5xx_hal_rcc.c ****           return HAL_TIMEOUT;
1072:Drivers/STM32U5xx_HAL_Driver/Src/stm32u5xx_hal_rcc.c ****         }
1073:Drivers/STM32U5xx_HAL_Driver/Src/stm32u5xx_hal_rcc.c ****       }
1074:Drivers/STM32U5xx_HAL_Driver/Src/stm32u5xx_hal_rcc.c ****     }
1075:Drivers/STM32U5xx_HAL_Driver/Src/stm32u5xx_hal_rcc.c ****     else
1076:Drivers/STM32U5xx_HAL_Driver/Src/stm32u5xx_hal_rcc.c ****     {
1077:Drivers/STM32U5xx_HAL_Driver/Src/stm32u5xx_hal_rcc.c ****       /* Disable the Secure Internal High Speed oscillator (SHSI) */
1078:Drivers/STM32U5xx_HAL_Driver/Src/stm32u5xx_hal_rcc.c ****       __HAL_RCC_SHSI_DISABLE();
1079:Drivers/STM32U5xx_HAL_Driver/Src/stm32u5xx_hal_rcc.c **** 
1080:Drivers/STM32U5xx_HAL_Driver/Src/stm32u5xx_hal_rcc.c ****       tickstart = HAL_GetTick();
1081:Drivers/STM32U5xx_HAL_Driver/Src/stm32u5xx_hal_rcc.c **** 
1082:Drivers/STM32U5xx_HAL_Driver/Src/stm32u5xx_hal_rcc.c ****       /* Wait till SHSI is disabled */
1083:Drivers/STM32U5xx_HAL_Driver/Src/stm32u5xx_hal_rcc.c ****       while (READ_BIT(RCC->CR, RCC_CR_SHSIRDY) != 0U)
1084:Drivers/STM32U5xx_HAL_Driver/Src/stm32u5xx_hal_rcc.c ****       {
1085:Drivers/STM32U5xx_HAL_Driver/Src/stm32u5xx_hal_rcc.c ****         if ((HAL_GetTick() - tickstart) > SHSI_TIMEOUT_VALUE)
1086:Drivers/STM32U5xx_HAL_Driver/Src/stm32u5xx_hal_rcc.c ****         {
1087:Drivers/STM32U5xx_HAL_Driver/Src/stm32u5xx_hal_rcc.c ****           return HAL_TIMEOUT;
1088:Drivers/STM32U5xx_HAL_Driver/Src/stm32u5xx_hal_rcc.c ****         }
1089:Drivers/STM32U5xx_HAL_Driver/Src/stm32u5xx_hal_rcc.c ****       }
1090:Drivers/STM32U5xx_HAL_Driver/Src/stm32u5xx_hal_rcc.c ****     }
1091:Drivers/STM32U5xx_HAL_Driver/Src/stm32u5xx_hal_rcc.c ****   }
1092:Drivers/STM32U5xx_HAL_Driver/Src/stm32u5xx_hal_rcc.c ****   /*------------------------------ MSIK Configuration -----------------------*/
1093:Drivers/STM32U5xx_HAL_Driver/Src/stm32u5xx_hal_rcc.c ****   if (((pRCC_OscInitStruct->OscillatorType) & RCC_OSCILLATORTYPE_MSIK) == RCC_OSCILLATORTYPE_MSIK)
1094:Drivers/STM32U5xx_HAL_Driver/Src/stm32u5xx_hal_rcc.c ****   {
1095:Drivers/STM32U5xx_HAL_Driver/Src/stm32u5xx_hal_rcc.c ****     /* Check the parameters */
1096:Drivers/STM32U5xx_HAL_Driver/Src/stm32u5xx_hal_rcc.c ****     assert_param(IS_RCC_MSIK(pRCC_OscInitStruct->MSIKState));
1097:Drivers/STM32U5xx_HAL_Driver/Src/stm32u5xx_hal_rcc.c ****     assert_param(IS_RCC_MSIK_CLOCK_RANGE(pRCC_OscInitStruct->MSIKClockRange));
1098:Drivers/STM32U5xx_HAL_Driver/Src/stm32u5xx_hal_rcc.c ****     assert_param(IS_RCC_MSICALIBRATION_VALUE(pRCC_OscInitStruct->MSICalibrationValue));
1099:Drivers/STM32U5xx_HAL_Driver/Src/stm32u5xx_hal_rcc.c **** 
1100:Drivers/STM32U5xx_HAL_Driver/Src/stm32u5xx_hal_rcc.c ****     /* Check the MSIK State */
1101:Drivers/STM32U5xx_HAL_Driver/Src/stm32u5xx_hal_rcc.c ****     if (pRCC_OscInitStruct->MSIKState != RCC_MSIK_OFF)
1102:Drivers/STM32U5xx_HAL_Driver/Src/stm32u5xx_hal_rcc.c ****     {
1103:Drivers/STM32U5xx_HAL_Driver/Src/stm32u5xx_hal_rcc.c **** 
1104:Drivers/STM32U5xx_HAL_Driver/Src/stm32u5xx_hal_rcc.c ****       /* Selects the Multiple Speed of kernel high speed oscillator (MSIK) clock range .*/
1105:Drivers/STM32U5xx_HAL_Driver/Src/stm32u5xx_hal_rcc.c ****       __HAL_RCC_MSIK_RANGE_CONFIG(pRCC_OscInitStruct->MSIKClockRange);
1106:Drivers/STM32U5xx_HAL_Driver/Src/stm32u5xx_hal_rcc.c ****       /* Adjusts the Multiple Speed of kernel high speed oscillator (MSIK) calibration value.*/
1107:Drivers/STM32U5xx_HAL_Driver/Src/stm32u5xx_hal_rcc.c ****       __HAL_RCC_MSI_CALIBRATIONVALUE_ADJUST((pRCC_OscInitStruct->MSICalibrationValue), \
1108:Drivers/STM32U5xx_HAL_Driver/Src/stm32u5xx_hal_rcc.c ****                                             (pRCC_OscInitStruct->MSIClockRange));
1109:Drivers/STM32U5xx_HAL_Driver/Src/stm32u5xx_hal_rcc.c **** 
1110:Drivers/STM32U5xx_HAL_Driver/Src/stm32u5xx_hal_rcc.c ****       /* Enable the Internal kernel High Speed oscillator (MSIK) */
1111:Drivers/STM32U5xx_HAL_Driver/Src/stm32u5xx_hal_rcc.c ****       __HAL_RCC_MSIK_ENABLE();
1112:Drivers/STM32U5xx_HAL_Driver/Src/stm32u5xx_hal_rcc.c **** 
ARM GAS  /var/folders/j8/bx6g0dyx2gg_pdn7l_y1sb9c0000gn/T//cc64Wppv.s 			page 21


1113:Drivers/STM32U5xx_HAL_Driver/Src/stm32u5xx_hal_rcc.c ****       tickstart = HAL_GetTick();
1114:Drivers/STM32U5xx_HAL_Driver/Src/stm32u5xx_hal_rcc.c **** 
1115:Drivers/STM32U5xx_HAL_Driver/Src/stm32u5xx_hal_rcc.c ****       /* Wait till MSIK is ready */
1116:Drivers/STM32U5xx_HAL_Driver/Src/stm32u5xx_hal_rcc.c ****       while (READ_BIT(RCC->CR, RCC_CR_MSIKRDY) == 0U)
1117:Drivers/STM32U5xx_HAL_Driver/Src/stm32u5xx_hal_rcc.c ****       {
1118:Drivers/STM32U5xx_HAL_Driver/Src/stm32u5xx_hal_rcc.c ****         if ((HAL_GetTick() - tickstart) > MSIK_TIMEOUT_VALUE)
1119:Drivers/STM32U5xx_HAL_Driver/Src/stm32u5xx_hal_rcc.c ****         {
1120:Drivers/STM32U5xx_HAL_Driver/Src/stm32u5xx_hal_rcc.c ****           return HAL_TIMEOUT;
1121:Drivers/STM32U5xx_HAL_Driver/Src/stm32u5xx_hal_rcc.c ****         }
1122:Drivers/STM32U5xx_HAL_Driver/Src/stm32u5xx_hal_rcc.c ****       }
1123:Drivers/STM32U5xx_HAL_Driver/Src/stm32u5xx_hal_rcc.c ****     }
1124:Drivers/STM32U5xx_HAL_Driver/Src/stm32u5xx_hal_rcc.c ****     else
1125:Drivers/STM32U5xx_HAL_Driver/Src/stm32u5xx_hal_rcc.c ****     {
1126:Drivers/STM32U5xx_HAL_Driver/Src/stm32u5xx_hal_rcc.c ****       /* Disable the Internal High Speed Kernel oscillator (MSIK) */
1127:Drivers/STM32U5xx_HAL_Driver/Src/stm32u5xx_hal_rcc.c ****       __HAL_RCC_MSIK_DISABLE();
1128:Drivers/STM32U5xx_HAL_Driver/Src/stm32u5xx_hal_rcc.c **** 
1129:Drivers/STM32U5xx_HAL_Driver/Src/stm32u5xx_hal_rcc.c ****       tickstart = HAL_GetTick();
1130:Drivers/STM32U5xx_HAL_Driver/Src/stm32u5xx_hal_rcc.c **** 
1131:Drivers/STM32U5xx_HAL_Driver/Src/stm32u5xx_hal_rcc.c ****       /* Wait till MSIK is disabled */
1132:Drivers/STM32U5xx_HAL_Driver/Src/stm32u5xx_hal_rcc.c ****       while (READ_BIT(RCC->CR, RCC_CR_MSIKRDY) != 0U)
1133:Drivers/STM32U5xx_HAL_Driver/Src/stm32u5xx_hal_rcc.c ****       {
1134:Drivers/STM32U5xx_HAL_Driver/Src/stm32u5xx_hal_rcc.c ****         if ((HAL_GetTick() - tickstart) > MSIK_TIMEOUT_VALUE)
1135:Drivers/STM32U5xx_HAL_Driver/Src/stm32u5xx_hal_rcc.c ****         {
1136:Drivers/STM32U5xx_HAL_Driver/Src/stm32u5xx_hal_rcc.c ****           return HAL_TIMEOUT;
1137:Drivers/STM32U5xx_HAL_Driver/Src/stm32u5xx_hal_rcc.c ****         }
1138:Drivers/STM32U5xx_HAL_Driver/Src/stm32u5xx_hal_rcc.c ****       }
1139:Drivers/STM32U5xx_HAL_Driver/Src/stm32u5xx_hal_rcc.c ****     }
1140:Drivers/STM32U5xx_HAL_Driver/Src/stm32u5xx_hal_rcc.c ****   }
1141:Drivers/STM32U5xx_HAL_Driver/Src/stm32u5xx_hal_rcc.c ****   /*-------------------------------- PLL Configuration -----------------------*/
1142:Drivers/STM32U5xx_HAL_Driver/Src/stm32u5xx_hal_rcc.c ****   /* Check the parameters */
1143:Drivers/STM32U5xx_HAL_Driver/Src/stm32u5xx_hal_rcc.c ****   assert_param(IS_RCC_PLL(pRCC_OscInitStruct->PLL.PLLState));
1144:Drivers/STM32U5xx_HAL_Driver/Src/stm32u5xx_hal_rcc.c **** 
1145:Drivers/STM32U5xx_HAL_Driver/Src/stm32u5xx_hal_rcc.c ****   if ((pRCC_OscInitStruct->PLL.PLLState) != RCC_PLL_NONE)
1146:Drivers/STM32U5xx_HAL_Driver/Src/stm32u5xx_hal_rcc.c ****   {
1147:Drivers/STM32U5xx_HAL_Driver/Src/stm32u5xx_hal_rcc.c ****     FlagStatus  pwrclkchanged = RESET;
1148:Drivers/STM32U5xx_HAL_Driver/Src/stm32u5xx_hal_rcc.c **** 
1149:Drivers/STM32U5xx_HAL_Driver/Src/stm32u5xx_hal_rcc.c ****     /* Check if the PLL is used as system clock or not */
1150:Drivers/STM32U5xx_HAL_Driver/Src/stm32u5xx_hal_rcc.c ****     if (__HAL_RCC_GET_SYSCLK_SOURCE() != RCC_SYSCLKSOURCE_STATUS_PLLCLK)
1151:Drivers/STM32U5xx_HAL_Driver/Src/stm32u5xx_hal_rcc.c ****     {
1152:Drivers/STM32U5xx_HAL_Driver/Src/stm32u5xx_hal_rcc.c ****       if ((pRCC_OscInitStruct->PLL.PLLState) == RCC_PLL_ON)
1153:Drivers/STM32U5xx_HAL_Driver/Src/stm32u5xx_hal_rcc.c ****       {
1154:Drivers/STM32U5xx_HAL_Driver/Src/stm32u5xx_hal_rcc.c ****         /* Check the parameters */
1155:Drivers/STM32U5xx_HAL_Driver/Src/stm32u5xx_hal_rcc.c ****         assert_param(IS_RCC_PLLMBOOST_VALUE(pRCC_OscInitStruct->PLL.PLLMBOOST));
1156:Drivers/STM32U5xx_HAL_Driver/Src/stm32u5xx_hal_rcc.c ****         assert_param(IS_RCC_PLLSOURCE(pRCC_OscInitStruct->PLL.PLLSource));
1157:Drivers/STM32U5xx_HAL_Driver/Src/stm32u5xx_hal_rcc.c ****         assert_param(IS_RCC_PLLM_VALUE(pRCC_OscInitStruct->PLL.PLLM));
1158:Drivers/STM32U5xx_HAL_Driver/Src/stm32u5xx_hal_rcc.c ****         assert_param(IS_RCC_PLLN_VALUE(pRCC_OscInitStruct->PLL.PLLN));
1159:Drivers/STM32U5xx_HAL_Driver/Src/stm32u5xx_hal_rcc.c ****         assert_param(IS_RCC_PLLP_VALUE(pRCC_OscInitStruct->PLL.PLLP));
1160:Drivers/STM32U5xx_HAL_Driver/Src/stm32u5xx_hal_rcc.c ****         assert_param(IS_RCC_PLLQ_VALUE(pRCC_OscInitStruct->PLL.PLLQ));
1161:Drivers/STM32U5xx_HAL_Driver/Src/stm32u5xx_hal_rcc.c ****         assert_param(IS_RCC_PLLR_VALUE(pRCC_OscInitStruct->PLL.PLLR));
1162:Drivers/STM32U5xx_HAL_Driver/Src/stm32u5xx_hal_rcc.c **** 
1163:Drivers/STM32U5xx_HAL_Driver/Src/stm32u5xx_hal_rcc.c ****         /* Disable the main PLL */
1164:Drivers/STM32U5xx_HAL_Driver/Src/stm32u5xx_hal_rcc.c ****         __HAL_RCC_PLL_DISABLE();
1165:Drivers/STM32U5xx_HAL_Driver/Src/stm32u5xx_hal_rcc.c **** 
1166:Drivers/STM32U5xx_HAL_Driver/Src/stm32u5xx_hal_rcc.c ****         tickstart = HAL_GetTick();
1167:Drivers/STM32U5xx_HAL_Driver/Src/stm32u5xx_hal_rcc.c **** 
1168:Drivers/STM32U5xx_HAL_Driver/Src/stm32u5xx_hal_rcc.c ****         /* Wait till PLL is disabled */
1169:Drivers/STM32U5xx_HAL_Driver/Src/stm32u5xx_hal_rcc.c ****         while (READ_BIT(RCC->CR, RCC_CR_PLL1RDY) != 0U)
ARM GAS  /var/folders/j8/bx6g0dyx2gg_pdn7l_y1sb9c0000gn/T//cc64Wppv.s 			page 22


1170:Drivers/STM32U5xx_HAL_Driver/Src/stm32u5xx_hal_rcc.c ****         {
1171:Drivers/STM32U5xx_HAL_Driver/Src/stm32u5xx_hal_rcc.c ****           if ((HAL_GetTick() - tickstart) > PLL_TIMEOUT_VALUE)
1172:Drivers/STM32U5xx_HAL_Driver/Src/stm32u5xx_hal_rcc.c ****           {
1173:Drivers/STM32U5xx_HAL_Driver/Src/stm32u5xx_hal_rcc.c ****             return HAL_TIMEOUT;
1174:Drivers/STM32U5xx_HAL_Driver/Src/stm32u5xx_hal_rcc.c ****           }
1175:Drivers/STM32U5xx_HAL_Driver/Src/stm32u5xx_hal_rcc.c ****         }
1176:Drivers/STM32U5xx_HAL_Driver/Src/stm32u5xx_hal_rcc.c **** 
1177:Drivers/STM32U5xx_HAL_Driver/Src/stm32u5xx_hal_rcc.c ****         /* Requires to enable write access to Backup Domain of necessary */
1178:Drivers/STM32U5xx_HAL_Driver/Src/stm32u5xx_hal_rcc.c ****         if (__HAL_RCC_PWR_IS_CLK_DISABLED())
1179:Drivers/STM32U5xx_HAL_Driver/Src/stm32u5xx_hal_rcc.c ****         {
1180:Drivers/STM32U5xx_HAL_Driver/Src/stm32u5xx_hal_rcc.c ****           __HAL_RCC_PWR_CLK_ENABLE();
1181:Drivers/STM32U5xx_HAL_Driver/Src/stm32u5xx_hal_rcc.c ****           pwrclkchanged = SET;
1182:Drivers/STM32U5xx_HAL_Driver/Src/stm32u5xx_hal_rcc.c ****         }
1183:Drivers/STM32U5xx_HAL_Driver/Src/stm32u5xx_hal_rcc.c **** 
1184:Drivers/STM32U5xx_HAL_Driver/Src/stm32u5xx_hal_rcc.c ****         /*Disable EPOD to configure PLL1MBOOST*/
1185:Drivers/STM32U5xx_HAL_Driver/Src/stm32u5xx_hal_rcc.c ****         if (READ_BIT(PWR->VOSR, PWR_VOSR_BOOSTEN) == PWR_VOSR_BOOSTEN)
1186:Drivers/STM32U5xx_HAL_Driver/Src/stm32u5xx_hal_rcc.c ****         {
1187:Drivers/STM32U5xx_HAL_Driver/Src/stm32u5xx_hal_rcc.c ****           pwrboosten = SET;
1188:Drivers/STM32U5xx_HAL_Driver/Src/stm32u5xx_hal_rcc.c ****         }
1189:Drivers/STM32U5xx_HAL_Driver/Src/stm32u5xx_hal_rcc.c ****         CLEAR_BIT(PWR->VOSR, PWR_VOSR_BOOSTEN);
1190:Drivers/STM32U5xx_HAL_Driver/Src/stm32u5xx_hal_rcc.c **** 
1191:Drivers/STM32U5xx_HAL_Driver/Src/stm32u5xx_hal_rcc.c ****         /* Configure the main PLL clock source, multiplication and division factors */
1192:Drivers/STM32U5xx_HAL_Driver/Src/stm32u5xx_hal_rcc.c ****         __HAL_RCC_PLL_CONFIG(pRCC_OscInitStruct->PLL.PLLSource,
1193:Drivers/STM32U5xx_HAL_Driver/Src/stm32u5xx_hal_rcc.c ****                              pRCC_OscInitStruct->PLL.PLLMBOOST,
1194:Drivers/STM32U5xx_HAL_Driver/Src/stm32u5xx_hal_rcc.c ****                              pRCC_OscInitStruct->PLL.PLLM,
1195:Drivers/STM32U5xx_HAL_Driver/Src/stm32u5xx_hal_rcc.c ****                              pRCC_OscInitStruct->PLL.PLLN,
1196:Drivers/STM32U5xx_HAL_Driver/Src/stm32u5xx_hal_rcc.c ****                              pRCC_OscInitStruct->PLL.PLLP,
1197:Drivers/STM32U5xx_HAL_Driver/Src/stm32u5xx_hal_rcc.c ****                              pRCC_OscInitStruct->PLL.PLLQ,
1198:Drivers/STM32U5xx_HAL_Driver/Src/stm32u5xx_hal_rcc.c ****                              pRCC_OscInitStruct->PLL.PLLR);
1199:Drivers/STM32U5xx_HAL_Driver/Src/stm32u5xx_hal_rcc.c **** 
1200:Drivers/STM32U5xx_HAL_Driver/Src/stm32u5xx_hal_rcc.c ****         assert_param(IS_RCC_PLL_FRACN_VALUE(pRCC_OscInitStruct->PLL.PLLFRACN));
1201:Drivers/STM32U5xx_HAL_Driver/Src/stm32u5xx_hal_rcc.c **** 
1202:Drivers/STM32U5xx_HAL_Driver/Src/stm32u5xx_hal_rcc.c ****         /* Disable PLL1FRACN  */
1203:Drivers/STM32U5xx_HAL_Driver/Src/stm32u5xx_hal_rcc.c ****         __HAL_RCC_PLL_FRACN_DISABLE();
1204:Drivers/STM32U5xx_HAL_Driver/Src/stm32u5xx_hal_rcc.c **** 
1205:Drivers/STM32U5xx_HAL_Driver/Src/stm32u5xx_hal_rcc.c ****         /* Configure PLL  PLL1FRACN */
1206:Drivers/STM32U5xx_HAL_Driver/Src/stm32u5xx_hal_rcc.c ****         __HAL_RCC_PLL_FRACN_CONFIG(pRCC_OscInitStruct->PLL.PLLFRACN);
1207:Drivers/STM32U5xx_HAL_Driver/Src/stm32u5xx_hal_rcc.c **** 
1208:Drivers/STM32U5xx_HAL_Driver/Src/stm32u5xx_hal_rcc.c ****         /* Enable PLL1FRACN  */
1209:Drivers/STM32U5xx_HAL_Driver/Src/stm32u5xx_hal_rcc.c ****         __HAL_RCC_PLL_FRACN_ENABLE();
1210:Drivers/STM32U5xx_HAL_Driver/Src/stm32u5xx_hal_rcc.c **** 
1211:Drivers/STM32U5xx_HAL_Driver/Src/stm32u5xx_hal_rcc.c ****         assert_param(IS_RCC_PLLRGE_VALUE(pRCC_OscInitStruct->PLL.PLLRGE));
1212:Drivers/STM32U5xx_HAL_Driver/Src/stm32u5xx_hal_rcc.c **** 
1213:Drivers/STM32U5xx_HAL_Driver/Src/stm32u5xx_hal_rcc.c ****         /* Select PLL1 input reference frequency range: VCI */
1214:Drivers/STM32U5xx_HAL_Driver/Src/stm32u5xx_hal_rcc.c ****         __HAL_RCC_PLL_VCIRANGE(pRCC_OscInitStruct->PLL.PLLRGE);
1215:Drivers/STM32U5xx_HAL_Driver/Src/stm32u5xx_hal_rcc.c **** 
1216:Drivers/STM32U5xx_HAL_Driver/Src/stm32u5xx_hal_rcc.c ****         if (pwrboosten == SET)
1217:Drivers/STM32U5xx_HAL_Driver/Src/stm32u5xx_hal_rcc.c ****         {
1218:Drivers/STM32U5xx_HAL_Driver/Src/stm32u5xx_hal_rcc.c ****           /* Enable the EPOD to reach max frequency */
1219:Drivers/STM32U5xx_HAL_Driver/Src/stm32u5xx_hal_rcc.c ****           SET_BIT(PWR->VOSR, PWR_VOSR_BOOSTEN);
1220:Drivers/STM32U5xx_HAL_Driver/Src/stm32u5xx_hal_rcc.c ****         }
1221:Drivers/STM32U5xx_HAL_Driver/Src/stm32u5xx_hal_rcc.c **** 
1222:Drivers/STM32U5xx_HAL_Driver/Src/stm32u5xx_hal_rcc.c ****         /* Restore clock configuration if changed */
1223:Drivers/STM32U5xx_HAL_Driver/Src/stm32u5xx_hal_rcc.c ****         if (pwrclkchanged == SET)
1224:Drivers/STM32U5xx_HAL_Driver/Src/stm32u5xx_hal_rcc.c ****         {
1225:Drivers/STM32U5xx_HAL_Driver/Src/stm32u5xx_hal_rcc.c ****           __HAL_RCC_PWR_CLK_DISABLE();
1226:Drivers/STM32U5xx_HAL_Driver/Src/stm32u5xx_hal_rcc.c ****         }
ARM GAS  /var/folders/j8/bx6g0dyx2gg_pdn7l_y1sb9c0000gn/T//cc64Wppv.s 			page 23


1227:Drivers/STM32U5xx_HAL_Driver/Src/stm32u5xx_hal_rcc.c **** 
1228:Drivers/STM32U5xx_HAL_Driver/Src/stm32u5xx_hal_rcc.c ****         /* Enable the main PLL */
1229:Drivers/STM32U5xx_HAL_Driver/Src/stm32u5xx_hal_rcc.c ****         __HAL_RCC_PLL_ENABLE();
1230:Drivers/STM32U5xx_HAL_Driver/Src/stm32u5xx_hal_rcc.c **** 
1231:Drivers/STM32U5xx_HAL_Driver/Src/stm32u5xx_hal_rcc.c ****         tickstart = HAL_GetTick();
1232:Drivers/STM32U5xx_HAL_Driver/Src/stm32u5xx_hal_rcc.c **** 
1233:Drivers/STM32U5xx_HAL_Driver/Src/stm32u5xx_hal_rcc.c ****         /* Wait till PLL is ready */
1234:Drivers/STM32U5xx_HAL_Driver/Src/stm32u5xx_hal_rcc.c ****         while (READ_BIT(RCC->CR, RCC_CR_PLL1RDY) == 0U)
1235:Drivers/STM32U5xx_HAL_Driver/Src/stm32u5xx_hal_rcc.c ****         {
1236:Drivers/STM32U5xx_HAL_Driver/Src/stm32u5xx_hal_rcc.c ****           if ((HAL_GetTick() - tickstart) > PLL_TIMEOUT_VALUE)
1237:Drivers/STM32U5xx_HAL_Driver/Src/stm32u5xx_hal_rcc.c ****           {
1238:Drivers/STM32U5xx_HAL_Driver/Src/stm32u5xx_hal_rcc.c ****             return HAL_TIMEOUT;
1239:Drivers/STM32U5xx_HAL_Driver/Src/stm32u5xx_hal_rcc.c ****           }
1240:Drivers/STM32U5xx_HAL_Driver/Src/stm32u5xx_hal_rcc.c ****         }
1241:Drivers/STM32U5xx_HAL_Driver/Src/stm32u5xx_hal_rcc.c **** 
1242:Drivers/STM32U5xx_HAL_Driver/Src/stm32u5xx_hal_rcc.c ****         /* Enable PLL System Clock output */
1243:Drivers/STM32U5xx_HAL_Driver/Src/stm32u5xx_hal_rcc.c ****         __HAL_RCC_PLLCLKOUT_ENABLE(RCC_PLL1_DIVR);
1244:Drivers/STM32U5xx_HAL_Driver/Src/stm32u5xx_hal_rcc.c **** 
1245:Drivers/STM32U5xx_HAL_Driver/Src/stm32u5xx_hal_rcc.c ****       }
1246:Drivers/STM32U5xx_HAL_Driver/Src/stm32u5xx_hal_rcc.c ****       else
1247:Drivers/STM32U5xx_HAL_Driver/Src/stm32u5xx_hal_rcc.c ****       {
1248:Drivers/STM32U5xx_HAL_Driver/Src/stm32u5xx_hal_rcc.c ****         /* Disable the main PLL */
1249:Drivers/STM32U5xx_HAL_Driver/Src/stm32u5xx_hal_rcc.c ****         __HAL_RCC_PLL_DISABLE();
1250:Drivers/STM32U5xx_HAL_Driver/Src/stm32u5xx_hal_rcc.c **** 
1251:Drivers/STM32U5xx_HAL_Driver/Src/stm32u5xx_hal_rcc.c ****         tickstart = HAL_GetTick();
1252:Drivers/STM32U5xx_HAL_Driver/Src/stm32u5xx_hal_rcc.c **** 
1253:Drivers/STM32U5xx_HAL_Driver/Src/stm32u5xx_hal_rcc.c ****         /* Wait till PLL is disabled */
1254:Drivers/STM32U5xx_HAL_Driver/Src/stm32u5xx_hal_rcc.c ****         while (READ_BIT(RCC->CR, RCC_CR_PLL1RDY) != 0U)
1255:Drivers/STM32U5xx_HAL_Driver/Src/stm32u5xx_hal_rcc.c ****         {
1256:Drivers/STM32U5xx_HAL_Driver/Src/stm32u5xx_hal_rcc.c ****           if ((HAL_GetTick() - tickstart) > PLL_TIMEOUT_VALUE)
1257:Drivers/STM32U5xx_HAL_Driver/Src/stm32u5xx_hal_rcc.c ****           {
1258:Drivers/STM32U5xx_HAL_Driver/Src/stm32u5xx_hal_rcc.c ****             return HAL_TIMEOUT;
1259:Drivers/STM32U5xx_HAL_Driver/Src/stm32u5xx_hal_rcc.c ****           }
1260:Drivers/STM32U5xx_HAL_Driver/Src/stm32u5xx_hal_rcc.c ****         }
1261:Drivers/STM32U5xx_HAL_Driver/Src/stm32u5xx_hal_rcc.c **** 
1262:Drivers/STM32U5xx_HAL_Driver/Src/stm32u5xx_hal_rcc.c ****         /* Unselect main PLL clock source and disable main PLL outputs to save power */
1263:Drivers/STM32U5xx_HAL_Driver/Src/stm32u5xx_hal_rcc.c ****         RCC->PLL1CFGR &= ~(RCC_PLL1CFGR_PLL1SRC | RCC_PLL1CFGR_PLL1PEN | RCC_PLL1CFGR_PLL1QEN | RCC
1264:Drivers/STM32U5xx_HAL_Driver/Src/stm32u5xx_hal_rcc.c **** 
1265:Drivers/STM32U5xx_HAL_Driver/Src/stm32u5xx_hal_rcc.c ****       }
1266:Drivers/STM32U5xx_HAL_Driver/Src/stm32u5xx_hal_rcc.c ****     }
1267:Drivers/STM32U5xx_HAL_Driver/Src/stm32u5xx_hal_rcc.c ****     else
1268:Drivers/STM32U5xx_HAL_Driver/Src/stm32u5xx_hal_rcc.c ****     {
1269:Drivers/STM32U5xx_HAL_Driver/Src/stm32u5xx_hal_rcc.c ****       /* Do not return HAL_ERROR if request repeats the current configuration */
1270:Drivers/STM32U5xx_HAL_Driver/Src/stm32u5xx_hal_rcc.c ****       temp1_pllckcfg = RCC->PLL1CFGR;
1271:Drivers/STM32U5xx_HAL_Driver/Src/stm32u5xx_hal_rcc.c ****       temp2_pllckcfg = RCC->PLL1DIVR;
1272:Drivers/STM32U5xx_HAL_Driver/Src/stm32u5xx_hal_rcc.c ****       if (((pRCC_OscInitStruct->PLL.PLLState) == RCC_PLL_OFF) ||
1273:Drivers/STM32U5xx_HAL_Driver/Src/stm32u5xx_hal_rcc.c ****           (READ_BIT(temp1_pllckcfg, RCC_PLL1CFGR_PLL1SRC) != pRCC_OscInitStruct->PLL.PLLSource) ||
1274:Drivers/STM32U5xx_HAL_Driver/Src/stm32u5xx_hal_rcc.c ****           ((READ_BIT(temp1_pllckcfg, RCC_PLL1CFGR_PLL1M) >> \
1275:Drivers/STM32U5xx_HAL_Driver/Src/stm32u5xx_hal_rcc.c ****             RCC_PLL1CFGR_PLL1M_Pos) != (pRCC_OscInitStruct->PLL.PLLM - 1U)) ||
1276:Drivers/STM32U5xx_HAL_Driver/Src/stm32u5xx_hal_rcc.c ****           (READ_BIT(temp1_pllckcfg, RCC_PLL1CFGR_PLL1MBOOST) != pRCC_OscInitStruct->PLL.PLLMBOOST) 
1277:Drivers/STM32U5xx_HAL_Driver/Src/stm32u5xx_hal_rcc.c ****           (READ_BIT(temp2_pllckcfg, RCC_PLL1DIVR_PLL1N) != (pRCC_OscInitStruct->PLL.PLLN - 1U)) ||
1278:Drivers/STM32U5xx_HAL_Driver/Src/stm32u5xx_hal_rcc.c ****           ((READ_BIT(temp2_pllckcfg, RCC_PLL1DIVR_PLL1P) >> \
1279:Drivers/STM32U5xx_HAL_Driver/Src/stm32u5xx_hal_rcc.c ****             RCC_PLL1DIVR_PLL1P_Pos) != (pRCC_OscInitStruct->PLL.PLLP - 1U)) ||
1280:Drivers/STM32U5xx_HAL_Driver/Src/stm32u5xx_hal_rcc.c ****           ((READ_BIT(temp2_pllckcfg, RCC_PLL1DIVR_PLL1Q) >> \
1281:Drivers/STM32U5xx_HAL_Driver/Src/stm32u5xx_hal_rcc.c ****             RCC_PLL1DIVR_PLL1Q_Pos) != (pRCC_OscInitStruct->PLL.PLLQ - 1U)) ||
1282:Drivers/STM32U5xx_HAL_Driver/Src/stm32u5xx_hal_rcc.c ****           ((READ_BIT(temp2_pllckcfg, RCC_PLL1DIVR_PLL1R) >> \
1283:Drivers/STM32U5xx_HAL_Driver/Src/stm32u5xx_hal_rcc.c ****             RCC_PLL1DIVR_PLL1R_Pos) != (pRCC_OscInitStruct->PLL.PLLR - 1U)))
ARM GAS  /var/folders/j8/bx6g0dyx2gg_pdn7l_y1sb9c0000gn/T//cc64Wppv.s 			page 24


1284:Drivers/STM32U5xx_HAL_Driver/Src/stm32u5xx_hal_rcc.c ****       {
1285:Drivers/STM32U5xx_HAL_Driver/Src/stm32u5xx_hal_rcc.c ****         return HAL_ERROR;
1286:Drivers/STM32U5xx_HAL_Driver/Src/stm32u5xx_hal_rcc.c ****       }
1287:Drivers/STM32U5xx_HAL_Driver/Src/stm32u5xx_hal_rcc.c **** 
1288:Drivers/STM32U5xx_HAL_Driver/Src/stm32u5xx_hal_rcc.c ****       /* FRACN1 on-the-fly value update */
1289:Drivers/STM32U5xx_HAL_Driver/Src/stm32u5xx_hal_rcc.c ****       if ((READ_BIT(RCC->PLL1FRACR, RCC_PLL1FRACR_PLL1FRACN) >> \
1290:Drivers/STM32U5xx_HAL_Driver/Src/stm32u5xx_hal_rcc.c ****            RCC_PLL1FRACR_PLL1FRACN_Pos) != (pRCC_OscInitStruct->PLL.PLLFRACN))
1291:Drivers/STM32U5xx_HAL_Driver/Src/stm32u5xx_hal_rcc.c ****       {
1292:Drivers/STM32U5xx_HAL_Driver/Src/stm32u5xx_hal_rcc.c ****         assert_param(IS_RCC_PLL_FRACN_VALUE(pRCC_OscInitStruct->PLL.PLLFRACN));
1293:Drivers/STM32U5xx_HAL_Driver/Src/stm32u5xx_hal_rcc.c **** 
1294:Drivers/STM32U5xx_HAL_Driver/Src/stm32u5xx_hal_rcc.c ****         /* Disable PLL1FRACN. */
1295:Drivers/STM32U5xx_HAL_Driver/Src/stm32u5xx_hal_rcc.c ****         __HAL_RCC_PLL_FRACN_DISABLE();
1296:Drivers/STM32U5xx_HAL_Driver/Src/stm32u5xx_hal_rcc.c **** 
1297:Drivers/STM32U5xx_HAL_Driver/Src/stm32u5xx_hal_rcc.c ****         /* Get Start Tick*/
1298:Drivers/STM32U5xx_HAL_Driver/Src/stm32u5xx_hal_rcc.c ****         tickstart = HAL_GetTick();
1299:Drivers/STM32U5xx_HAL_Driver/Src/stm32u5xx_hal_rcc.c **** 
1300:Drivers/STM32U5xx_HAL_Driver/Src/stm32u5xx_hal_rcc.c ****         /* Wait at least 2 CK_REF (PLL1 input source divided by M) period to make sure next latched
1301:Drivers/STM32U5xx_HAL_Driver/Src/stm32u5xx_hal_rcc.c ****            will be taken into account. */
1302:Drivers/STM32U5xx_HAL_Driver/Src/stm32u5xx_hal_rcc.c ****         while ((HAL_GetTick() - tickstart) < PLL_FRAC_WAIT_VALUE)
1303:Drivers/STM32U5xx_HAL_Driver/Src/stm32u5xx_hal_rcc.c ****         {
1304:Drivers/STM32U5xx_HAL_Driver/Src/stm32u5xx_hal_rcc.c ****         }
1305:Drivers/STM32U5xx_HAL_Driver/Src/stm32u5xx_hal_rcc.c **** 
1306:Drivers/STM32U5xx_HAL_Driver/Src/stm32u5xx_hal_rcc.c ****         /* Configure PLL PLL1FRACN */
1307:Drivers/STM32U5xx_HAL_Driver/Src/stm32u5xx_hal_rcc.c ****         __HAL_RCC_PLL_FRACN_CONFIG(pRCC_OscInitStruct->PLL.PLLFRACN);
1308:Drivers/STM32U5xx_HAL_Driver/Src/stm32u5xx_hal_rcc.c **** 
1309:Drivers/STM32U5xx_HAL_Driver/Src/stm32u5xx_hal_rcc.c ****         /* Enable PLL1FRACN to latch the new value. */
1310:Drivers/STM32U5xx_HAL_Driver/Src/stm32u5xx_hal_rcc.c ****         __HAL_RCC_PLL_FRACN_ENABLE();
1311:Drivers/STM32U5xx_HAL_Driver/Src/stm32u5xx_hal_rcc.c ****       }
1312:Drivers/STM32U5xx_HAL_Driver/Src/stm32u5xx_hal_rcc.c ****     }
1313:Drivers/STM32U5xx_HAL_Driver/Src/stm32u5xx_hal_rcc.c ****   }
1314:Drivers/STM32U5xx_HAL_Driver/Src/stm32u5xx_hal_rcc.c ****   return HAL_OK;
1315:Drivers/STM32U5xx_HAL_Driver/Src/stm32u5xx_hal_rcc.c **** }
1316:Drivers/STM32U5xx_HAL_Driver/Src/stm32u5xx_hal_rcc.c **** 
1317:Drivers/STM32U5xx_HAL_Driver/Src/stm32u5xx_hal_rcc.c **** /**
1318:Drivers/STM32U5xx_HAL_Driver/Src/stm32u5xx_hal_rcc.c ****   * @brief  Initialize the CPU, AHB and APB busses clocks according to the specified
1319:Drivers/STM32U5xx_HAL_Driver/Src/stm32u5xx_hal_rcc.c ****   *         parameters in the pRCC_ClkInitStruct.
1320:Drivers/STM32U5xx_HAL_Driver/Src/stm32u5xx_hal_rcc.c ****   * @param  pRCC_ClkInitStruct  pointer to an RCC_OscInitTypeDef structure that
1321:Drivers/STM32U5xx_HAL_Driver/Src/stm32u5xx_hal_rcc.c ****   *         contains the configuration information for the RCC peripheral.
1322:Drivers/STM32U5xx_HAL_Driver/Src/stm32u5xx_hal_rcc.c ****   * @param  FLatency  FLASH Latency
1323:Drivers/STM32U5xx_HAL_Driver/Src/stm32u5xx_hal_rcc.c ****   *          This parameter can be one of the following values:
1324:Drivers/STM32U5xx_HAL_Driver/Src/stm32u5xx_hal_rcc.c ****   *            @arg FLASH_LATENCY_0   FLASH 0 Latency cycle
1325:Drivers/STM32U5xx_HAL_Driver/Src/stm32u5xx_hal_rcc.c ****   *            @arg FLASH_LATENCY_1   FLASH 1 Latency cycle
1326:Drivers/STM32U5xx_HAL_Driver/Src/stm32u5xx_hal_rcc.c ****   *            @arg FLASH_LATENCY_2   FLASH 2 Latency cycles
1327:Drivers/STM32U5xx_HAL_Driver/Src/stm32u5xx_hal_rcc.c ****   *            @arg FLASH_LATENCY_3   FLASH 3 Latency cycles
1328:Drivers/STM32U5xx_HAL_Driver/Src/stm32u5xx_hal_rcc.c ****   *            @arg FLASH_LATENCY_4   FLASH 4 Latency cycles
1329:Drivers/STM32U5xx_HAL_Driver/Src/stm32u5xx_hal_rcc.c ****   *            @arg FLASH_LATENCY_5   FLASH 5 Latency cycles
1330:Drivers/STM32U5xx_HAL_Driver/Src/stm32u5xx_hal_rcc.c ****   *
1331:Drivers/STM32U5xx_HAL_Driver/Src/stm32u5xx_hal_rcc.c ****   * @note   The SystemCoreClock CMSIS variable is used to store System Clock Frequency
1332:Drivers/STM32U5xx_HAL_Driver/Src/stm32u5xx_hal_rcc.c ****   *         and updated by HAL_RCC_GetHCLKFreq() function called within this function
1333:Drivers/STM32U5xx_HAL_Driver/Src/stm32u5xx_hal_rcc.c ****   *
1334:Drivers/STM32U5xx_HAL_Driver/Src/stm32u5xx_hal_rcc.c ****   * @note   The MSI is used by default as system clock source after
1335:Drivers/STM32U5xx_HAL_Driver/Src/stm32u5xx_hal_rcc.c ****   *         startup from Reset, wake-up from STANDBY mode. After restart from Reset,
1336:Drivers/STM32U5xx_HAL_Driver/Src/stm32u5xx_hal_rcc.c ****   *         the MSI frequency is set to its default value 4 MHz.
1337:Drivers/STM32U5xx_HAL_Driver/Src/stm32u5xx_hal_rcc.c ****   * @note   The HSI can be selected as system clock source after wakeup
1338:Drivers/STM32U5xx_HAL_Driver/Src/stm32u5xx_hal_rcc.c ****   *         from STOP modes or in case of failure of the HSE used directly or indirectly
1339:Drivers/STM32U5xx_HAL_Driver/Src/stm32u5xx_hal_rcc.c ****   *         as system clock (if the Clock Security System CSS is enabled).
1340:Drivers/STM32U5xx_HAL_Driver/Src/stm32u5xx_hal_rcc.c ****   * @note   A switch from one clock source to another occurs only if the target
ARM GAS  /var/folders/j8/bx6g0dyx2gg_pdn7l_y1sb9c0000gn/T//cc64Wppv.s 			page 25


1341:Drivers/STM32U5xx_HAL_Driver/Src/stm32u5xx_hal_rcc.c ****   *         clock source is ready (clock stable after startup delay or PLL locked).
1342:Drivers/STM32U5xx_HAL_Driver/Src/stm32u5xx_hal_rcc.c ****   *         If a clock source which is not yet ready is selected, the switch will
1343:Drivers/STM32U5xx_HAL_Driver/Src/stm32u5xx_hal_rcc.c ****   *         occur when the clock source is ready.
1344:Drivers/STM32U5xx_HAL_Driver/Src/stm32u5xx_hal_rcc.c ****   * @note   You can use HAL_RCC_GetClockConfig() function to know which clock is
1345:Drivers/STM32U5xx_HAL_Driver/Src/stm32u5xx_hal_rcc.c ****   *         currently used as system clock source.
1346:Drivers/STM32U5xx_HAL_Driver/Src/stm32u5xx_hal_rcc.c ****   *
1347:Drivers/STM32U5xx_HAL_Driver/Src/stm32u5xx_hal_rcc.c ****   * @note   Depending on the device voltage range, the software has to set correctly
1348:Drivers/STM32U5xx_HAL_Driver/Src/stm32u5xx_hal_rcc.c ****   *         HPRE[3:0] bits to ensure that HCLK not exceed the maximum allowed frequency
1349:Drivers/STM32U5xx_HAL_Driver/Src/stm32u5xx_hal_rcc.c ****   *         (for more details refer to section above "Initialization/de-initialization functions")
1350:Drivers/STM32U5xx_HAL_Driver/Src/stm32u5xx_hal_rcc.c ****   * @retval HAL status
1351:Drivers/STM32U5xx_HAL_Driver/Src/stm32u5xx_hal_rcc.c ****   */
1352:Drivers/STM32U5xx_HAL_Driver/Src/stm32u5xx_hal_rcc.c **** HAL_StatusTypeDef HAL_RCC_ClockConfig(const RCC_ClkInitTypeDef   *const pRCC_ClkInitStruct, uint32_
1353:Drivers/STM32U5xx_HAL_Driver/Src/stm32u5xx_hal_rcc.c **** {
1354:Drivers/STM32U5xx_HAL_Driver/Src/stm32u5xx_hal_rcc.c ****   HAL_StatusTypeDef status;
1355:Drivers/STM32U5xx_HAL_Driver/Src/stm32u5xx_hal_rcc.c ****   uint32_t tickstart;
1356:Drivers/STM32U5xx_HAL_Driver/Src/stm32u5xx_hal_rcc.c **** 
1357:Drivers/STM32U5xx_HAL_Driver/Src/stm32u5xx_hal_rcc.c ****   /* Check Null pointer */
1358:Drivers/STM32U5xx_HAL_Driver/Src/stm32u5xx_hal_rcc.c ****   if (pRCC_ClkInitStruct == NULL)
1359:Drivers/STM32U5xx_HAL_Driver/Src/stm32u5xx_hal_rcc.c ****   {
1360:Drivers/STM32U5xx_HAL_Driver/Src/stm32u5xx_hal_rcc.c ****     return HAL_ERROR;
1361:Drivers/STM32U5xx_HAL_Driver/Src/stm32u5xx_hal_rcc.c ****   }
1362:Drivers/STM32U5xx_HAL_Driver/Src/stm32u5xx_hal_rcc.c **** 
1363:Drivers/STM32U5xx_HAL_Driver/Src/stm32u5xx_hal_rcc.c ****   /* Check the parameters */
1364:Drivers/STM32U5xx_HAL_Driver/Src/stm32u5xx_hal_rcc.c ****   assert_param(IS_RCC_CLOCKTYPE(pRCC_ClkInitStruct->ClockType));
1365:Drivers/STM32U5xx_HAL_Driver/Src/stm32u5xx_hal_rcc.c ****   assert_param(IS_FLASH_LATENCY(FLatency));
1366:Drivers/STM32U5xx_HAL_Driver/Src/stm32u5xx_hal_rcc.c **** 
1367:Drivers/STM32U5xx_HAL_Driver/Src/stm32u5xx_hal_rcc.c ****   /* To correctly read data from FLASH memory, the number of wait states (LATENCY)
1368:Drivers/STM32U5xx_HAL_Driver/Src/stm32u5xx_hal_rcc.c ****    must be correctly programmed according to the frequency of the CPU clock
1369:Drivers/STM32U5xx_HAL_Driver/Src/stm32u5xx_hal_rcc.c ****    (HCLK) and the supply voltage of the device */
1370:Drivers/STM32U5xx_HAL_Driver/Src/stm32u5xx_hal_rcc.c **** 
1371:Drivers/STM32U5xx_HAL_Driver/Src/stm32u5xx_hal_rcc.c ****   /* Increasing the number of wait states because of higher CPU frequency */
1372:Drivers/STM32U5xx_HAL_Driver/Src/stm32u5xx_hal_rcc.c ****   if (FLatency > __HAL_FLASH_GET_LATENCY())
1373:Drivers/STM32U5xx_HAL_Driver/Src/stm32u5xx_hal_rcc.c ****   {
1374:Drivers/STM32U5xx_HAL_Driver/Src/stm32u5xx_hal_rcc.c ****     /* Program the new number of wait states to the LATENCY bits in the FLASH_ACR register */
1375:Drivers/STM32U5xx_HAL_Driver/Src/stm32u5xx_hal_rcc.c ****     __HAL_FLASH_SET_LATENCY(FLatency);
1376:Drivers/STM32U5xx_HAL_Driver/Src/stm32u5xx_hal_rcc.c **** 
1377:Drivers/STM32U5xx_HAL_Driver/Src/stm32u5xx_hal_rcc.c ****     /* Check that the new number of wait states is taken into account to access the Flash
1378:Drivers/STM32U5xx_HAL_Driver/Src/stm32u5xx_hal_rcc.c ****     memory by reading the FLASH_ACR register */
1379:Drivers/STM32U5xx_HAL_Driver/Src/stm32u5xx_hal_rcc.c ****     if (__HAL_FLASH_GET_LATENCY() != FLatency)
1380:Drivers/STM32U5xx_HAL_Driver/Src/stm32u5xx_hal_rcc.c ****     {
1381:Drivers/STM32U5xx_HAL_Driver/Src/stm32u5xx_hal_rcc.c ****       return HAL_ERROR;
1382:Drivers/STM32U5xx_HAL_Driver/Src/stm32u5xx_hal_rcc.c ****     }
1383:Drivers/STM32U5xx_HAL_Driver/Src/stm32u5xx_hal_rcc.c ****   }
1384:Drivers/STM32U5xx_HAL_Driver/Src/stm32u5xx_hal_rcc.c **** 
1385:Drivers/STM32U5xx_HAL_Driver/Src/stm32u5xx_hal_rcc.c ****   /* Increasing the BUS frequency divider */
1386:Drivers/STM32U5xx_HAL_Driver/Src/stm32u5xx_hal_rcc.c ****   /*-------------------------- PCLK3 Configuration ---------------------------*/
1387:Drivers/STM32U5xx_HAL_Driver/Src/stm32u5xx_hal_rcc.c ****   if (((pRCC_ClkInitStruct->ClockType) & RCC_CLOCKTYPE_PCLK3) == RCC_CLOCKTYPE_PCLK3)
1388:Drivers/STM32U5xx_HAL_Driver/Src/stm32u5xx_hal_rcc.c ****   {
1389:Drivers/STM32U5xx_HAL_Driver/Src/stm32u5xx_hal_rcc.c ****     if ((pRCC_ClkInitStruct->APB3CLKDivider) > (RCC->CFGR3 & RCC_CFGR3_PPRE3))
1390:Drivers/STM32U5xx_HAL_Driver/Src/stm32u5xx_hal_rcc.c ****     {
1391:Drivers/STM32U5xx_HAL_Driver/Src/stm32u5xx_hal_rcc.c ****       assert_param(IS_RCC_PCLK(pRCC_ClkInitStruct->APB3CLKDivider));
1392:Drivers/STM32U5xx_HAL_Driver/Src/stm32u5xx_hal_rcc.c ****       MODIFY_REG(RCC->CFGR3, RCC_CFGR3_PPRE3, pRCC_ClkInitStruct->APB3CLKDivider);
1393:Drivers/STM32U5xx_HAL_Driver/Src/stm32u5xx_hal_rcc.c ****     }
1394:Drivers/STM32U5xx_HAL_Driver/Src/stm32u5xx_hal_rcc.c ****   }
1395:Drivers/STM32U5xx_HAL_Driver/Src/stm32u5xx_hal_rcc.c ****   /*-------------------------- PCLK2 Configuration ---------------------------*/
1396:Drivers/STM32U5xx_HAL_Driver/Src/stm32u5xx_hal_rcc.c ****   if (((pRCC_ClkInitStruct->ClockType) & RCC_CLOCKTYPE_PCLK2) == RCC_CLOCKTYPE_PCLK2)
1397:Drivers/STM32U5xx_HAL_Driver/Src/stm32u5xx_hal_rcc.c ****   {
ARM GAS  /var/folders/j8/bx6g0dyx2gg_pdn7l_y1sb9c0000gn/T//cc64Wppv.s 			page 26


1398:Drivers/STM32U5xx_HAL_Driver/Src/stm32u5xx_hal_rcc.c ****     if ((pRCC_ClkInitStruct->APB2CLKDivider) > ((RCC->CFGR2 & RCC_CFGR2_PPRE2) >> 4))
1399:Drivers/STM32U5xx_HAL_Driver/Src/stm32u5xx_hal_rcc.c ****     {
1400:Drivers/STM32U5xx_HAL_Driver/Src/stm32u5xx_hal_rcc.c ****       assert_param(IS_RCC_PCLK(pRCC_ClkInitStruct->APB2CLKDivider));
1401:Drivers/STM32U5xx_HAL_Driver/Src/stm32u5xx_hal_rcc.c ****       MODIFY_REG(RCC->CFGR2, RCC_CFGR2_PPRE2, ((pRCC_ClkInitStruct->APB2CLKDivider) << 4));
1402:Drivers/STM32U5xx_HAL_Driver/Src/stm32u5xx_hal_rcc.c ****     }
1403:Drivers/STM32U5xx_HAL_Driver/Src/stm32u5xx_hal_rcc.c ****   }
1404:Drivers/STM32U5xx_HAL_Driver/Src/stm32u5xx_hal_rcc.c **** 
1405:Drivers/STM32U5xx_HAL_Driver/Src/stm32u5xx_hal_rcc.c ****   /*-------------------------- PCLK1 Configuration ---------------------------*/
1406:Drivers/STM32U5xx_HAL_Driver/Src/stm32u5xx_hal_rcc.c ****   if (((pRCC_ClkInitStruct->ClockType) & RCC_CLOCKTYPE_PCLK1) == RCC_CLOCKTYPE_PCLK1)
1407:Drivers/STM32U5xx_HAL_Driver/Src/stm32u5xx_hal_rcc.c ****   {
1408:Drivers/STM32U5xx_HAL_Driver/Src/stm32u5xx_hal_rcc.c ****     if ((pRCC_ClkInitStruct->APB1CLKDivider) > (RCC->CFGR2 & RCC_CFGR2_PPRE1))
1409:Drivers/STM32U5xx_HAL_Driver/Src/stm32u5xx_hal_rcc.c ****     {
1410:Drivers/STM32U5xx_HAL_Driver/Src/stm32u5xx_hal_rcc.c ****       assert_param(IS_RCC_PCLK(pRCC_ClkInitStruct->APB1CLKDivider));
1411:Drivers/STM32U5xx_HAL_Driver/Src/stm32u5xx_hal_rcc.c ****       MODIFY_REG(RCC->CFGR2, RCC_CFGR2_PPRE1, pRCC_ClkInitStruct->APB1CLKDivider);
1412:Drivers/STM32U5xx_HAL_Driver/Src/stm32u5xx_hal_rcc.c ****     }
1413:Drivers/STM32U5xx_HAL_Driver/Src/stm32u5xx_hal_rcc.c ****   }
1414:Drivers/STM32U5xx_HAL_Driver/Src/stm32u5xx_hal_rcc.c **** 
1415:Drivers/STM32U5xx_HAL_Driver/Src/stm32u5xx_hal_rcc.c ****   /*-------------------------- HCLK Configuration --------------------------*/
1416:Drivers/STM32U5xx_HAL_Driver/Src/stm32u5xx_hal_rcc.c ****   if (((pRCC_ClkInitStruct->ClockType) & RCC_CLOCKTYPE_HCLK) == RCC_CLOCKTYPE_HCLK)
1417:Drivers/STM32U5xx_HAL_Driver/Src/stm32u5xx_hal_rcc.c ****   {
1418:Drivers/STM32U5xx_HAL_Driver/Src/stm32u5xx_hal_rcc.c ****     if ((pRCC_ClkInitStruct->AHBCLKDivider) > (RCC->CFGR2 & RCC_CFGR2_HPRE))
1419:Drivers/STM32U5xx_HAL_Driver/Src/stm32u5xx_hal_rcc.c ****     {
1420:Drivers/STM32U5xx_HAL_Driver/Src/stm32u5xx_hal_rcc.c ****       assert_param(IS_RCC_HCLK(pRCC_ClkInitStruct->AHBCLKDivider));
1421:Drivers/STM32U5xx_HAL_Driver/Src/stm32u5xx_hal_rcc.c ****       MODIFY_REG(RCC->CFGR2, RCC_CFGR2_HPRE, pRCC_ClkInitStruct->AHBCLKDivider);
1422:Drivers/STM32U5xx_HAL_Driver/Src/stm32u5xx_hal_rcc.c ****     }
1423:Drivers/STM32U5xx_HAL_Driver/Src/stm32u5xx_hal_rcc.c ****   }
1424:Drivers/STM32U5xx_HAL_Driver/Src/stm32u5xx_hal_rcc.c **** 
1425:Drivers/STM32U5xx_HAL_Driver/Src/stm32u5xx_hal_rcc.c ****   /*------------------------- SYSCLK Configuration ---------------------------*/
1426:Drivers/STM32U5xx_HAL_Driver/Src/stm32u5xx_hal_rcc.c ****   if (((pRCC_ClkInitStruct->ClockType) & RCC_CLOCKTYPE_SYSCLK) == RCC_CLOCKTYPE_SYSCLK)
1427:Drivers/STM32U5xx_HAL_Driver/Src/stm32u5xx_hal_rcc.c ****   {
1428:Drivers/STM32U5xx_HAL_Driver/Src/stm32u5xx_hal_rcc.c ****     assert_param(IS_RCC_SYSCLKSOURCE(pRCC_ClkInitStruct->SYSCLKSource));
1429:Drivers/STM32U5xx_HAL_Driver/Src/stm32u5xx_hal_rcc.c ****     FlagStatus  pwrclkchanged = RESET;
1430:Drivers/STM32U5xx_HAL_Driver/Src/stm32u5xx_hal_rcc.c **** 
1431:Drivers/STM32U5xx_HAL_Driver/Src/stm32u5xx_hal_rcc.c ****     /* PLL is selected as System Clock Source */
1432:Drivers/STM32U5xx_HAL_Driver/Src/stm32u5xx_hal_rcc.c ****     if (pRCC_ClkInitStruct->SYSCLKSource == RCC_SYSCLKSOURCE_PLLCLK)
1433:Drivers/STM32U5xx_HAL_Driver/Src/stm32u5xx_hal_rcc.c ****     {
1434:Drivers/STM32U5xx_HAL_Driver/Src/stm32u5xx_hal_rcc.c ****       if (__HAL_RCC_PWR_IS_CLK_DISABLED())
1435:Drivers/STM32U5xx_HAL_Driver/Src/stm32u5xx_hal_rcc.c ****       {
1436:Drivers/STM32U5xx_HAL_Driver/Src/stm32u5xx_hal_rcc.c ****         __HAL_RCC_PWR_CLK_ENABLE();
1437:Drivers/STM32U5xx_HAL_Driver/Src/stm32u5xx_hal_rcc.c ****         pwrclkchanged = SET;
1438:Drivers/STM32U5xx_HAL_Driver/Src/stm32u5xx_hal_rcc.c ****       }
1439:Drivers/STM32U5xx_HAL_Driver/Src/stm32u5xx_hal_rcc.c ****       tickstart = HAL_GetTick();
1440:Drivers/STM32U5xx_HAL_Driver/Src/stm32u5xx_hal_rcc.c ****       /* Check if EPOD is enabled */
1441:Drivers/STM32U5xx_HAL_Driver/Src/stm32u5xx_hal_rcc.c ****       if (READ_BIT(PWR->VOSR, PWR_VOSR_BOOSTEN) != 0U)
1442:Drivers/STM32U5xx_HAL_Driver/Src/stm32u5xx_hal_rcc.c ****       {
1443:Drivers/STM32U5xx_HAL_Driver/Src/stm32u5xx_hal_rcc.c ****         /* Wait till BOOST is ready */
1444:Drivers/STM32U5xx_HAL_Driver/Src/stm32u5xx_hal_rcc.c ****         while (READ_BIT(PWR->VOSR, PWR_VOSR_BOOSTRDY) == 0U)
1445:Drivers/STM32U5xx_HAL_Driver/Src/stm32u5xx_hal_rcc.c ****         {
1446:Drivers/STM32U5xx_HAL_Driver/Src/stm32u5xx_hal_rcc.c ****           if ((HAL_GetTick() - tickstart) > EPOD_TIMEOUT_VALUE)
1447:Drivers/STM32U5xx_HAL_Driver/Src/stm32u5xx_hal_rcc.c ****           {
1448:Drivers/STM32U5xx_HAL_Driver/Src/stm32u5xx_hal_rcc.c ****             return HAL_TIMEOUT;
1449:Drivers/STM32U5xx_HAL_Driver/Src/stm32u5xx_hal_rcc.c ****           }
1450:Drivers/STM32U5xx_HAL_Driver/Src/stm32u5xx_hal_rcc.c ****         }
1451:Drivers/STM32U5xx_HAL_Driver/Src/stm32u5xx_hal_rcc.c ****       }
1452:Drivers/STM32U5xx_HAL_Driver/Src/stm32u5xx_hal_rcc.c **** 
1453:Drivers/STM32U5xx_HAL_Driver/Src/stm32u5xx_hal_rcc.c ****       /* Restore clock configuration if changed */
1454:Drivers/STM32U5xx_HAL_Driver/Src/stm32u5xx_hal_rcc.c ****       if (pwrclkchanged == SET)
ARM GAS  /var/folders/j8/bx6g0dyx2gg_pdn7l_y1sb9c0000gn/T//cc64Wppv.s 			page 27


1455:Drivers/STM32U5xx_HAL_Driver/Src/stm32u5xx_hal_rcc.c ****       {
1456:Drivers/STM32U5xx_HAL_Driver/Src/stm32u5xx_hal_rcc.c ****         __HAL_RCC_PWR_CLK_DISABLE();
1457:Drivers/STM32U5xx_HAL_Driver/Src/stm32u5xx_hal_rcc.c ****       }
1458:Drivers/STM32U5xx_HAL_Driver/Src/stm32u5xx_hal_rcc.c **** 
1459:Drivers/STM32U5xx_HAL_Driver/Src/stm32u5xx_hal_rcc.c ****       /* Check the PLL ready flag */
1460:Drivers/STM32U5xx_HAL_Driver/Src/stm32u5xx_hal_rcc.c ****       if (READ_BIT(RCC->CR, RCC_CR_PLL1RDY) == 0U)
1461:Drivers/STM32U5xx_HAL_Driver/Src/stm32u5xx_hal_rcc.c ****       {
1462:Drivers/STM32U5xx_HAL_Driver/Src/stm32u5xx_hal_rcc.c ****         return HAL_ERROR;
1463:Drivers/STM32U5xx_HAL_Driver/Src/stm32u5xx_hal_rcc.c ****       }
1464:Drivers/STM32U5xx_HAL_Driver/Src/stm32u5xx_hal_rcc.c ****     }
1465:Drivers/STM32U5xx_HAL_Driver/Src/stm32u5xx_hal_rcc.c ****     else
1466:Drivers/STM32U5xx_HAL_Driver/Src/stm32u5xx_hal_rcc.c ****     {
1467:Drivers/STM32U5xx_HAL_Driver/Src/stm32u5xx_hal_rcc.c ****       /* HSE is selected as System Clock Source */
1468:Drivers/STM32U5xx_HAL_Driver/Src/stm32u5xx_hal_rcc.c ****       if (pRCC_ClkInitStruct->SYSCLKSource == RCC_SYSCLKSOURCE_HSE)
1469:Drivers/STM32U5xx_HAL_Driver/Src/stm32u5xx_hal_rcc.c ****       {
1470:Drivers/STM32U5xx_HAL_Driver/Src/stm32u5xx_hal_rcc.c ****         /* Check the HSE ready flag */
1471:Drivers/STM32U5xx_HAL_Driver/Src/stm32u5xx_hal_rcc.c ****         if (READ_BIT(RCC->CR, RCC_CR_HSERDY) == 0U)
1472:Drivers/STM32U5xx_HAL_Driver/Src/stm32u5xx_hal_rcc.c ****         {
1473:Drivers/STM32U5xx_HAL_Driver/Src/stm32u5xx_hal_rcc.c ****           return HAL_ERROR;
1474:Drivers/STM32U5xx_HAL_Driver/Src/stm32u5xx_hal_rcc.c ****         }
1475:Drivers/STM32U5xx_HAL_Driver/Src/stm32u5xx_hal_rcc.c ****       }
1476:Drivers/STM32U5xx_HAL_Driver/Src/stm32u5xx_hal_rcc.c ****       /* MSI is selected as System Clock Source */
1477:Drivers/STM32U5xx_HAL_Driver/Src/stm32u5xx_hal_rcc.c ****       else if (pRCC_ClkInitStruct->SYSCLKSource == RCC_SYSCLKSOURCE_MSI)
1478:Drivers/STM32U5xx_HAL_Driver/Src/stm32u5xx_hal_rcc.c ****       {
1479:Drivers/STM32U5xx_HAL_Driver/Src/stm32u5xx_hal_rcc.c ****         /* Check the MSI ready flag */
1480:Drivers/STM32U5xx_HAL_Driver/Src/stm32u5xx_hal_rcc.c ****         if (READ_BIT(RCC->CR, RCC_CR_MSISRDY) == 0U)
1481:Drivers/STM32U5xx_HAL_Driver/Src/stm32u5xx_hal_rcc.c ****         {
1482:Drivers/STM32U5xx_HAL_Driver/Src/stm32u5xx_hal_rcc.c ****           return HAL_ERROR;
1483:Drivers/STM32U5xx_HAL_Driver/Src/stm32u5xx_hal_rcc.c ****         }
1484:Drivers/STM32U5xx_HAL_Driver/Src/stm32u5xx_hal_rcc.c ****       }
1485:Drivers/STM32U5xx_HAL_Driver/Src/stm32u5xx_hal_rcc.c ****       /* HSI is selected as System Clock Source */
1486:Drivers/STM32U5xx_HAL_Driver/Src/stm32u5xx_hal_rcc.c ****       else
1487:Drivers/STM32U5xx_HAL_Driver/Src/stm32u5xx_hal_rcc.c ****       {
1488:Drivers/STM32U5xx_HAL_Driver/Src/stm32u5xx_hal_rcc.c ****         /* Check the HSI ready flag */
1489:Drivers/STM32U5xx_HAL_Driver/Src/stm32u5xx_hal_rcc.c ****         if (READ_BIT(RCC->CR, RCC_CR_HSIRDY) == 0U)
1490:Drivers/STM32U5xx_HAL_Driver/Src/stm32u5xx_hal_rcc.c ****         {
1491:Drivers/STM32U5xx_HAL_Driver/Src/stm32u5xx_hal_rcc.c ****           return HAL_ERROR;
1492:Drivers/STM32U5xx_HAL_Driver/Src/stm32u5xx_hal_rcc.c ****         }
1493:Drivers/STM32U5xx_HAL_Driver/Src/stm32u5xx_hal_rcc.c ****       }
1494:Drivers/STM32U5xx_HAL_Driver/Src/stm32u5xx_hal_rcc.c ****     }
1495:Drivers/STM32U5xx_HAL_Driver/Src/stm32u5xx_hal_rcc.c **** 
1496:Drivers/STM32U5xx_HAL_Driver/Src/stm32u5xx_hal_rcc.c ****     MODIFY_REG(RCC->CFGR1, RCC_CFGR1_SW, pRCC_ClkInitStruct->SYSCLKSource);
1497:Drivers/STM32U5xx_HAL_Driver/Src/stm32u5xx_hal_rcc.c **** 
1498:Drivers/STM32U5xx_HAL_Driver/Src/stm32u5xx_hal_rcc.c ****     tickstart = HAL_GetTick();
1499:Drivers/STM32U5xx_HAL_Driver/Src/stm32u5xx_hal_rcc.c **** 
1500:Drivers/STM32U5xx_HAL_Driver/Src/stm32u5xx_hal_rcc.c ****     if (pRCC_ClkInitStruct->SYSCLKSource == RCC_SYSCLKSOURCE_PLLCLK)
1501:Drivers/STM32U5xx_HAL_Driver/Src/stm32u5xx_hal_rcc.c ****     {
1502:Drivers/STM32U5xx_HAL_Driver/Src/stm32u5xx_hal_rcc.c ****       while (__HAL_RCC_GET_SYSCLK_SOURCE() != RCC_SYSCLKSOURCE_STATUS_PLLCLK)
1503:Drivers/STM32U5xx_HAL_Driver/Src/stm32u5xx_hal_rcc.c ****       {
1504:Drivers/STM32U5xx_HAL_Driver/Src/stm32u5xx_hal_rcc.c ****         if ((HAL_GetTick() - tickstart) > CLOCKSWITCH_TIMEOUT_VALUE)
1505:Drivers/STM32U5xx_HAL_Driver/Src/stm32u5xx_hal_rcc.c ****         {
1506:Drivers/STM32U5xx_HAL_Driver/Src/stm32u5xx_hal_rcc.c ****           return HAL_TIMEOUT;
1507:Drivers/STM32U5xx_HAL_Driver/Src/stm32u5xx_hal_rcc.c ****         }
1508:Drivers/STM32U5xx_HAL_Driver/Src/stm32u5xx_hal_rcc.c ****       }
1509:Drivers/STM32U5xx_HAL_Driver/Src/stm32u5xx_hal_rcc.c ****     }
1510:Drivers/STM32U5xx_HAL_Driver/Src/stm32u5xx_hal_rcc.c ****     else
1511:Drivers/STM32U5xx_HAL_Driver/Src/stm32u5xx_hal_rcc.c ****     {
ARM GAS  /var/folders/j8/bx6g0dyx2gg_pdn7l_y1sb9c0000gn/T//cc64Wppv.s 			page 28


1512:Drivers/STM32U5xx_HAL_Driver/Src/stm32u5xx_hal_rcc.c ****       if (pRCC_ClkInitStruct->SYSCLKSource == RCC_SYSCLKSOURCE_HSE)
1513:Drivers/STM32U5xx_HAL_Driver/Src/stm32u5xx_hal_rcc.c ****       {
1514:Drivers/STM32U5xx_HAL_Driver/Src/stm32u5xx_hal_rcc.c ****         while (__HAL_RCC_GET_SYSCLK_SOURCE() != RCC_SYSCLKSOURCE_STATUS_HSE)
1515:Drivers/STM32U5xx_HAL_Driver/Src/stm32u5xx_hal_rcc.c ****         {
1516:Drivers/STM32U5xx_HAL_Driver/Src/stm32u5xx_hal_rcc.c ****           if ((HAL_GetTick() - tickstart) > CLOCKSWITCH_TIMEOUT_VALUE)
1517:Drivers/STM32U5xx_HAL_Driver/Src/stm32u5xx_hal_rcc.c ****           {
1518:Drivers/STM32U5xx_HAL_Driver/Src/stm32u5xx_hal_rcc.c ****             return HAL_TIMEOUT;
1519:Drivers/STM32U5xx_HAL_Driver/Src/stm32u5xx_hal_rcc.c ****           }
1520:Drivers/STM32U5xx_HAL_Driver/Src/stm32u5xx_hal_rcc.c ****         }
1521:Drivers/STM32U5xx_HAL_Driver/Src/stm32u5xx_hal_rcc.c ****       }
1522:Drivers/STM32U5xx_HAL_Driver/Src/stm32u5xx_hal_rcc.c ****       else if (pRCC_ClkInitStruct->SYSCLKSource == RCC_SYSCLKSOURCE_MSI)
1523:Drivers/STM32U5xx_HAL_Driver/Src/stm32u5xx_hal_rcc.c ****       {
1524:Drivers/STM32U5xx_HAL_Driver/Src/stm32u5xx_hal_rcc.c ****         while (__HAL_RCC_GET_SYSCLK_SOURCE() != RCC_SYSCLKSOURCE_STATUS_MSI)
1525:Drivers/STM32U5xx_HAL_Driver/Src/stm32u5xx_hal_rcc.c ****         {
1526:Drivers/STM32U5xx_HAL_Driver/Src/stm32u5xx_hal_rcc.c ****           if ((HAL_GetTick() - tickstart) > CLOCKSWITCH_TIMEOUT_VALUE)
1527:Drivers/STM32U5xx_HAL_Driver/Src/stm32u5xx_hal_rcc.c ****           {
1528:Drivers/STM32U5xx_HAL_Driver/Src/stm32u5xx_hal_rcc.c ****             return HAL_TIMEOUT;
1529:Drivers/STM32U5xx_HAL_Driver/Src/stm32u5xx_hal_rcc.c ****           }
1530:Drivers/STM32U5xx_HAL_Driver/Src/stm32u5xx_hal_rcc.c ****         }
1531:Drivers/STM32U5xx_HAL_Driver/Src/stm32u5xx_hal_rcc.c ****       }
1532:Drivers/STM32U5xx_HAL_Driver/Src/stm32u5xx_hal_rcc.c ****       else
1533:Drivers/STM32U5xx_HAL_Driver/Src/stm32u5xx_hal_rcc.c ****       {
1534:Drivers/STM32U5xx_HAL_Driver/Src/stm32u5xx_hal_rcc.c ****         while (__HAL_RCC_GET_SYSCLK_SOURCE() != RCC_SYSCLKSOURCE_STATUS_HSI)
1535:Drivers/STM32U5xx_HAL_Driver/Src/stm32u5xx_hal_rcc.c ****         {
1536:Drivers/STM32U5xx_HAL_Driver/Src/stm32u5xx_hal_rcc.c ****           if ((HAL_GetTick() - tickstart) > CLOCKSWITCH_TIMEOUT_VALUE)
1537:Drivers/STM32U5xx_HAL_Driver/Src/stm32u5xx_hal_rcc.c ****           {
1538:Drivers/STM32U5xx_HAL_Driver/Src/stm32u5xx_hal_rcc.c ****             return HAL_TIMEOUT;
1539:Drivers/STM32U5xx_HAL_Driver/Src/stm32u5xx_hal_rcc.c ****           }
1540:Drivers/STM32U5xx_HAL_Driver/Src/stm32u5xx_hal_rcc.c ****         }
1541:Drivers/STM32U5xx_HAL_Driver/Src/stm32u5xx_hal_rcc.c ****       }
1542:Drivers/STM32U5xx_HAL_Driver/Src/stm32u5xx_hal_rcc.c ****     }
1543:Drivers/STM32U5xx_HAL_Driver/Src/stm32u5xx_hal_rcc.c ****   }
1544:Drivers/STM32U5xx_HAL_Driver/Src/stm32u5xx_hal_rcc.c **** 
1545:Drivers/STM32U5xx_HAL_Driver/Src/stm32u5xx_hal_rcc.c ****   /* Decreasing the BUS frequency divider */
1546:Drivers/STM32U5xx_HAL_Driver/Src/stm32u5xx_hal_rcc.c ****   /*-------------------------- HCLK Configuration --------------------------*/
1547:Drivers/STM32U5xx_HAL_Driver/Src/stm32u5xx_hal_rcc.c ****   if (((pRCC_ClkInitStruct->ClockType) & RCC_CLOCKTYPE_HCLK) == RCC_CLOCKTYPE_HCLK)
1548:Drivers/STM32U5xx_HAL_Driver/Src/stm32u5xx_hal_rcc.c ****   {
1549:Drivers/STM32U5xx_HAL_Driver/Src/stm32u5xx_hal_rcc.c ****     if ((pRCC_ClkInitStruct->AHBCLKDivider) < (RCC->CFGR2 & RCC_CFGR2_HPRE))
1550:Drivers/STM32U5xx_HAL_Driver/Src/stm32u5xx_hal_rcc.c ****     {
1551:Drivers/STM32U5xx_HAL_Driver/Src/stm32u5xx_hal_rcc.c ****       assert_param(IS_RCC_HCLK(pRCC_ClkInitStruct->AHBCLKDivider));
1552:Drivers/STM32U5xx_HAL_Driver/Src/stm32u5xx_hal_rcc.c ****       MODIFY_REG(RCC->CFGR2, RCC_CFGR2_HPRE, pRCC_ClkInitStruct->AHBCLKDivider);
1553:Drivers/STM32U5xx_HAL_Driver/Src/stm32u5xx_hal_rcc.c ****     }
1554:Drivers/STM32U5xx_HAL_Driver/Src/stm32u5xx_hal_rcc.c ****   }
1555:Drivers/STM32U5xx_HAL_Driver/Src/stm32u5xx_hal_rcc.c **** 
1556:Drivers/STM32U5xx_HAL_Driver/Src/stm32u5xx_hal_rcc.c ****   /* Decreasing the number of wait states because of lower CPU frequency */
1557:Drivers/STM32U5xx_HAL_Driver/Src/stm32u5xx_hal_rcc.c ****   if (FLatency < __HAL_FLASH_GET_LATENCY())
1558:Drivers/STM32U5xx_HAL_Driver/Src/stm32u5xx_hal_rcc.c ****   {
1559:Drivers/STM32U5xx_HAL_Driver/Src/stm32u5xx_hal_rcc.c ****     /* Program the new number of wait states to the LATENCY bits in the FLASH_ACR register */
1560:Drivers/STM32U5xx_HAL_Driver/Src/stm32u5xx_hal_rcc.c ****     __HAL_FLASH_SET_LATENCY(FLatency);
1561:Drivers/STM32U5xx_HAL_Driver/Src/stm32u5xx_hal_rcc.c **** 
1562:Drivers/STM32U5xx_HAL_Driver/Src/stm32u5xx_hal_rcc.c ****     /* Check that the new number of wait states is taken into account to access the Flash
1563:Drivers/STM32U5xx_HAL_Driver/Src/stm32u5xx_hal_rcc.c ****     memory by reading the FLASH_ACR register */
1564:Drivers/STM32U5xx_HAL_Driver/Src/stm32u5xx_hal_rcc.c ****     if (__HAL_FLASH_GET_LATENCY() != FLatency)
1565:Drivers/STM32U5xx_HAL_Driver/Src/stm32u5xx_hal_rcc.c ****     {
1566:Drivers/STM32U5xx_HAL_Driver/Src/stm32u5xx_hal_rcc.c ****       return HAL_ERROR;
1567:Drivers/STM32U5xx_HAL_Driver/Src/stm32u5xx_hal_rcc.c ****     }
1568:Drivers/STM32U5xx_HAL_Driver/Src/stm32u5xx_hal_rcc.c ****   }
ARM GAS  /var/folders/j8/bx6g0dyx2gg_pdn7l_y1sb9c0000gn/T//cc64Wppv.s 			page 29


1569:Drivers/STM32U5xx_HAL_Driver/Src/stm32u5xx_hal_rcc.c **** 
1570:Drivers/STM32U5xx_HAL_Driver/Src/stm32u5xx_hal_rcc.c ****   /*-------------------------- PCLK1 Configuration ---------------------------*/
1571:Drivers/STM32U5xx_HAL_Driver/Src/stm32u5xx_hal_rcc.c ****   if (((pRCC_ClkInitStruct->ClockType) & RCC_CLOCKTYPE_PCLK1) == RCC_CLOCKTYPE_PCLK1)
1572:Drivers/STM32U5xx_HAL_Driver/Src/stm32u5xx_hal_rcc.c ****   {
1573:Drivers/STM32U5xx_HAL_Driver/Src/stm32u5xx_hal_rcc.c ****     if ((pRCC_ClkInitStruct->APB1CLKDivider) < (RCC->CFGR2 & RCC_CFGR2_PPRE1))
1574:Drivers/STM32U5xx_HAL_Driver/Src/stm32u5xx_hal_rcc.c ****     {
1575:Drivers/STM32U5xx_HAL_Driver/Src/stm32u5xx_hal_rcc.c ****       assert_param(IS_RCC_PCLK(pRCC_ClkInitStruct->APB1CLKDivider));
1576:Drivers/STM32U5xx_HAL_Driver/Src/stm32u5xx_hal_rcc.c ****       MODIFY_REG(RCC->CFGR2, RCC_CFGR2_PPRE1, pRCC_ClkInitStruct->APB1CLKDivider);
1577:Drivers/STM32U5xx_HAL_Driver/Src/stm32u5xx_hal_rcc.c ****     }
1578:Drivers/STM32U5xx_HAL_Driver/Src/stm32u5xx_hal_rcc.c ****   }
1579:Drivers/STM32U5xx_HAL_Driver/Src/stm32u5xx_hal_rcc.c **** 
1580:Drivers/STM32U5xx_HAL_Driver/Src/stm32u5xx_hal_rcc.c ****   /*-------------------------- PCLK2 Configuration ---------------------------*/
1581:Drivers/STM32U5xx_HAL_Driver/Src/stm32u5xx_hal_rcc.c ****   if (((pRCC_ClkInitStruct->ClockType) & RCC_CLOCKTYPE_PCLK2) == RCC_CLOCKTYPE_PCLK2)
1582:Drivers/STM32U5xx_HAL_Driver/Src/stm32u5xx_hal_rcc.c ****   {
1583:Drivers/STM32U5xx_HAL_Driver/Src/stm32u5xx_hal_rcc.c ****     if ((pRCC_ClkInitStruct->APB2CLKDivider) < ((RCC->CFGR2 & RCC_CFGR2_PPRE2) >> 4))
1584:Drivers/STM32U5xx_HAL_Driver/Src/stm32u5xx_hal_rcc.c ****     {
1585:Drivers/STM32U5xx_HAL_Driver/Src/stm32u5xx_hal_rcc.c ****       assert_param(IS_RCC_PCLK(pRCC_ClkInitStruct->APB2CLKDivider));
1586:Drivers/STM32U5xx_HAL_Driver/Src/stm32u5xx_hal_rcc.c ****       MODIFY_REG(RCC->CFGR2, RCC_CFGR2_PPRE2, ((pRCC_ClkInitStruct->APB2CLKDivider) << 4));
1587:Drivers/STM32U5xx_HAL_Driver/Src/stm32u5xx_hal_rcc.c ****     }
1588:Drivers/STM32U5xx_HAL_Driver/Src/stm32u5xx_hal_rcc.c ****   }
1589:Drivers/STM32U5xx_HAL_Driver/Src/stm32u5xx_hal_rcc.c **** 
1590:Drivers/STM32U5xx_HAL_Driver/Src/stm32u5xx_hal_rcc.c ****   /*-------------------------- PCLK3 Configuration ---------------------------*/
1591:Drivers/STM32U5xx_HAL_Driver/Src/stm32u5xx_hal_rcc.c ****   if (((pRCC_ClkInitStruct->ClockType) & RCC_CLOCKTYPE_PCLK3) == RCC_CLOCKTYPE_PCLK3)
1592:Drivers/STM32U5xx_HAL_Driver/Src/stm32u5xx_hal_rcc.c ****   {
1593:Drivers/STM32U5xx_HAL_Driver/Src/stm32u5xx_hal_rcc.c ****     if ((pRCC_ClkInitStruct->APB3CLKDivider) < (RCC->CFGR3 & RCC_CFGR3_PPRE3))
1594:Drivers/STM32U5xx_HAL_Driver/Src/stm32u5xx_hal_rcc.c ****     {
1595:Drivers/STM32U5xx_HAL_Driver/Src/stm32u5xx_hal_rcc.c ****       assert_param(IS_RCC_PCLK(pRCC_ClkInitStruct->APB3CLKDivider));
1596:Drivers/STM32U5xx_HAL_Driver/Src/stm32u5xx_hal_rcc.c ****       MODIFY_REG(RCC->CFGR3, RCC_CFGR3_PPRE3, (pRCC_ClkInitStruct->APB3CLKDivider));
1597:Drivers/STM32U5xx_HAL_Driver/Src/stm32u5xx_hal_rcc.c ****     }
1598:Drivers/STM32U5xx_HAL_Driver/Src/stm32u5xx_hal_rcc.c ****   }
1599:Drivers/STM32U5xx_HAL_Driver/Src/stm32u5xx_hal_rcc.c **** 
1600:Drivers/STM32U5xx_HAL_Driver/Src/stm32u5xx_hal_rcc.c ****   /* Update the SystemCoreClock global variable */
1601:Drivers/STM32U5xx_HAL_Driver/Src/stm32u5xx_hal_rcc.c ****   SystemCoreClock = HAL_RCC_GetSysClockFreq() >> AHBPrescTable[(RCC->CFGR2 & RCC_CFGR2_HPRE) >> RCC
1602:Drivers/STM32U5xx_HAL_Driver/Src/stm32u5xx_hal_rcc.c **** 
1603:Drivers/STM32U5xx_HAL_Driver/Src/stm32u5xx_hal_rcc.c ****   /* Configure the source of time base considering new system clocks settings*/
1604:Drivers/STM32U5xx_HAL_Driver/Src/stm32u5xx_hal_rcc.c ****   status = HAL_InitTick(uwTickPrio);
1605:Drivers/STM32U5xx_HAL_Driver/Src/stm32u5xx_hal_rcc.c **** 
1606:Drivers/STM32U5xx_HAL_Driver/Src/stm32u5xx_hal_rcc.c ****   return status;
1607:Drivers/STM32U5xx_HAL_Driver/Src/stm32u5xx_hal_rcc.c **** }
1608:Drivers/STM32U5xx_HAL_Driver/Src/stm32u5xx_hal_rcc.c **** 
1609:Drivers/STM32U5xx_HAL_Driver/Src/stm32u5xx_hal_rcc.c **** /**
1610:Drivers/STM32U5xx_HAL_Driver/Src/stm32u5xx_hal_rcc.c ****   * @}
1611:Drivers/STM32U5xx_HAL_Driver/Src/stm32u5xx_hal_rcc.c ****   */
1612:Drivers/STM32U5xx_HAL_Driver/Src/stm32u5xx_hal_rcc.c **** 
1613:Drivers/STM32U5xx_HAL_Driver/Src/stm32u5xx_hal_rcc.c **** /** @defgroup RCC_Exported_Functions_Group2 Peripheral Control functions
1614:Drivers/STM32U5xx_HAL_Driver/Src/stm32u5xx_hal_rcc.c ****   * @brief   RCC clocks control functions
1615:Drivers/STM32U5xx_HAL_Driver/Src/stm32u5xx_hal_rcc.c ****   *
1616:Drivers/STM32U5xx_HAL_Driver/Src/stm32u5xx_hal_rcc.c **** @verbatim
1617:Drivers/STM32U5xx_HAL_Driver/Src/stm32u5xx_hal_rcc.c ****  ===============================================================================
1618:Drivers/STM32U5xx_HAL_Driver/Src/stm32u5xx_hal_rcc.c ****                       ##### Peripheral Control functions #####
1619:Drivers/STM32U5xx_HAL_Driver/Src/stm32u5xx_hal_rcc.c ****  ===============================================================================
1620:Drivers/STM32U5xx_HAL_Driver/Src/stm32u5xx_hal_rcc.c ****     [..]
1621:Drivers/STM32U5xx_HAL_Driver/Src/stm32u5xx_hal_rcc.c ****     This subsection provides a set of functions allowing to:
1622:Drivers/STM32U5xx_HAL_Driver/Src/stm32u5xx_hal_rcc.c **** 
1623:Drivers/STM32U5xx_HAL_Driver/Src/stm32u5xx_hal_rcc.c ****     (+) Output clock to MCO pin.
1624:Drivers/STM32U5xx_HAL_Driver/Src/stm32u5xx_hal_rcc.c ****     (+) Retrieve current clock frequencies.
1625:Drivers/STM32U5xx_HAL_Driver/Src/stm32u5xx_hal_rcc.c ****     (+) Enable the Clock Security System.
ARM GAS  /var/folders/j8/bx6g0dyx2gg_pdn7l_y1sb9c0000gn/T//cc64Wppv.s 			page 30


1626:Drivers/STM32U5xx_HAL_Driver/Src/stm32u5xx_hal_rcc.c **** 
1627:Drivers/STM32U5xx_HAL_Driver/Src/stm32u5xx_hal_rcc.c **** @endverbatim
1628:Drivers/STM32U5xx_HAL_Driver/Src/stm32u5xx_hal_rcc.c ****   * @{
1629:Drivers/STM32U5xx_HAL_Driver/Src/stm32u5xx_hal_rcc.c ****   */
1630:Drivers/STM32U5xx_HAL_Driver/Src/stm32u5xx_hal_rcc.c **** 
1631:Drivers/STM32U5xx_HAL_Driver/Src/stm32u5xx_hal_rcc.c **** /**
1632:Drivers/STM32U5xx_HAL_Driver/Src/stm32u5xx_hal_rcc.c ****   * @brief  Select the clock source to output on MCO pin(PA8).
1633:Drivers/STM32U5xx_HAL_Driver/Src/stm32u5xx_hal_rcc.c ****   * @note   PA8 should be configured in alternate function mode.
1634:Drivers/STM32U5xx_HAL_Driver/Src/stm32u5xx_hal_rcc.c ****   * @param  RCC_MCOx  specifies the output direction for the clock source.
1635:Drivers/STM32U5xx_HAL_Driver/Src/stm32u5xx_hal_rcc.c ****   *          For STM32U5xx family this parameter can have only one value:
1636:Drivers/STM32U5xx_HAL_Driver/Src/stm32u5xx_hal_rcc.c ****   *            @arg @ref RCC_MCO1  Clock source to output on MCO1 pin(PA8).
1637:Drivers/STM32U5xx_HAL_Driver/Src/stm32u5xx_hal_rcc.c ****   * @param  RCC_MCOSource  specifies the clock source to output.
1638:Drivers/STM32U5xx_HAL_Driver/Src/stm32u5xx_hal_rcc.c ****   *          This parameter can be one of the following values:
1639:Drivers/STM32U5xx_HAL_Driver/Src/stm32u5xx_hal_rcc.c ****   *            @arg @ref RCC_MCO1SOURCE_NOCLOCK  MCO output disabled, no clock on MCO
1640:Drivers/STM32U5xx_HAL_Driver/Src/stm32u5xx_hal_rcc.c ****   *            @arg @ref RCC_MCO1SOURCE_SYSCLK  system  clock selected as MCO source
1641:Drivers/STM32U5xx_HAL_Driver/Src/stm32u5xx_hal_rcc.c ****   *            @arg @ref RCC_MCO1SOURCE_MSI  MSI clock selected as MCO source
1642:Drivers/STM32U5xx_HAL_Driver/Src/stm32u5xx_hal_rcc.c ****   *            @arg @ref RCC_MCO1SOURCE_HSI  HSI clock selected as MCO source
1643:Drivers/STM32U5xx_HAL_Driver/Src/stm32u5xx_hal_rcc.c ****   *            @arg @ref RCC_MCO1SOURCE_HSE  HSE clock selected as MCO source
1644:Drivers/STM32U5xx_HAL_Driver/Src/stm32u5xx_hal_rcc.c ****   *            @arg @ref RCC_MCO1SOURCE_PLL1CLK  main PLL clock selected as MCO source
1645:Drivers/STM32U5xx_HAL_Driver/Src/stm32u5xx_hal_rcc.c ****   *            @arg @ref RCC_MCO1SOURCE_LSI  LSI clock selected as MCO source
1646:Drivers/STM32U5xx_HAL_Driver/Src/stm32u5xx_hal_rcc.c ****   *            @arg @ref RCC_MCO1SOURCE_LSE  LSE clock selected as MCO source
1647:Drivers/STM32U5xx_HAL_Driver/Src/stm32u5xx_hal_rcc.c ****   *            @arg @ref RCC_MCO1SOURCE_HSI48  HSI48 clock selected as MCO source for devices with 
1648:Drivers/STM32U5xx_HAL_Driver/Src/stm32u5xx_hal_rcc.c ****   * @param  RCC_MCODiv  specifies the MCO prescaler.
1649:Drivers/STM32U5xx_HAL_Driver/Src/stm32u5xx_hal_rcc.c ****   *          This parameter can be one of the following values:
1650:Drivers/STM32U5xx_HAL_Driver/Src/stm32u5xx_hal_rcc.c ****   *            @arg @ref RCC_MCODIV_1  no division applied to MCO clock
1651:Drivers/STM32U5xx_HAL_Driver/Src/stm32u5xx_hal_rcc.c ****   *            @arg @ref RCC_MCODIV_2  division by 2 applied to MCO clock
1652:Drivers/STM32U5xx_HAL_Driver/Src/stm32u5xx_hal_rcc.c ****   *            @arg @ref RCC_MCODIV_4  division by 4 applied to MCO clock
1653:Drivers/STM32U5xx_HAL_Driver/Src/stm32u5xx_hal_rcc.c ****   *            @arg @ref RCC_MCODIV_8  division by 8 applied to MCO clock
1654:Drivers/STM32U5xx_HAL_Driver/Src/stm32u5xx_hal_rcc.c ****   *            @arg @ref RCC_MCODIV_16  division by 16 applied to MCO clock
1655:Drivers/STM32U5xx_HAL_Driver/Src/stm32u5xx_hal_rcc.c ****   * @retval None
1656:Drivers/STM32U5xx_HAL_Driver/Src/stm32u5xx_hal_rcc.c ****   */
1657:Drivers/STM32U5xx_HAL_Driver/Src/stm32u5xx_hal_rcc.c **** void HAL_RCC_MCOConfig(uint32_t RCC_MCOx, uint32_t RCC_MCOSource, uint32_t RCC_MCODiv)
1658:Drivers/STM32U5xx_HAL_Driver/Src/stm32u5xx_hal_rcc.c **** {
1659:Drivers/STM32U5xx_HAL_Driver/Src/stm32u5xx_hal_rcc.c ****   GPIO_InitTypeDef gpio_initstruct;
1660:Drivers/STM32U5xx_HAL_Driver/Src/stm32u5xx_hal_rcc.c **** 
1661:Drivers/STM32U5xx_HAL_Driver/Src/stm32u5xx_hal_rcc.c ****   /* Prevent unused argument(s) compilation warning */
1662:Drivers/STM32U5xx_HAL_Driver/Src/stm32u5xx_hal_rcc.c ****   UNUSED(RCC_MCOx);
1663:Drivers/STM32U5xx_HAL_Driver/Src/stm32u5xx_hal_rcc.c **** 
1664:Drivers/STM32U5xx_HAL_Driver/Src/stm32u5xx_hal_rcc.c ****   /* Check the parameters */
1665:Drivers/STM32U5xx_HAL_Driver/Src/stm32u5xx_hal_rcc.c ****   assert_param(IS_RCC_MCO(RCC_MCOx));
1666:Drivers/STM32U5xx_HAL_Driver/Src/stm32u5xx_hal_rcc.c ****   assert_param(IS_RCC_MCODIV(RCC_MCODiv));
1667:Drivers/STM32U5xx_HAL_Driver/Src/stm32u5xx_hal_rcc.c ****   assert_param(IS_RCC_MCO1SOURCE(RCC_MCOSource));
1668:Drivers/STM32U5xx_HAL_Driver/Src/stm32u5xx_hal_rcc.c **** 
1669:Drivers/STM32U5xx_HAL_Driver/Src/stm32u5xx_hal_rcc.c ****   /* MCO Clock Enable */
1670:Drivers/STM32U5xx_HAL_Driver/Src/stm32u5xx_hal_rcc.c ****   MCO1_CLK_ENABLE();
1671:Drivers/STM32U5xx_HAL_Driver/Src/stm32u5xx_hal_rcc.c **** 
1672:Drivers/STM32U5xx_HAL_Driver/Src/stm32u5xx_hal_rcc.c ****   /* Configure the MCO1 pin in alternate function mode */
1673:Drivers/STM32U5xx_HAL_Driver/Src/stm32u5xx_hal_rcc.c ****   gpio_initstruct.Pin = MCO1_PIN;
1674:Drivers/STM32U5xx_HAL_Driver/Src/stm32u5xx_hal_rcc.c ****   gpio_initstruct.Mode = GPIO_MODE_AF_PP;
1675:Drivers/STM32U5xx_HAL_Driver/Src/stm32u5xx_hal_rcc.c ****   gpio_initstruct.Speed = GPIO_SPEED_FREQ_HIGH;
1676:Drivers/STM32U5xx_HAL_Driver/Src/stm32u5xx_hal_rcc.c ****   gpio_initstruct.Pull = GPIO_NOPULL;
1677:Drivers/STM32U5xx_HAL_Driver/Src/stm32u5xx_hal_rcc.c ****   gpio_initstruct.Alternate = GPIO_AF0_MCO;
1678:Drivers/STM32U5xx_HAL_Driver/Src/stm32u5xx_hal_rcc.c ****   HAL_GPIO_Init(MCO1_GPIO_PORT, &gpio_initstruct);
1679:Drivers/STM32U5xx_HAL_Driver/Src/stm32u5xx_hal_rcc.c **** 
1680:Drivers/STM32U5xx_HAL_Driver/Src/stm32u5xx_hal_rcc.c ****   /* Mask MCOSEL[] and MCOPRE[] bits then set MCO1 clock source and prescaler */
1681:Drivers/STM32U5xx_HAL_Driver/Src/stm32u5xx_hal_rcc.c ****   MODIFY_REG(RCC->CFGR1, (RCC_CFGR1_MCOSEL | RCC_CFGR1_MCOPRE), (RCC_MCOSource | RCC_MCODiv));
1682:Drivers/STM32U5xx_HAL_Driver/Src/stm32u5xx_hal_rcc.c **** }
ARM GAS  /var/folders/j8/bx6g0dyx2gg_pdn7l_y1sb9c0000gn/T//cc64Wppv.s 			page 31


1683:Drivers/STM32U5xx_HAL_Driver/Src/stm32u5xx_hal_rcc.c **** 
1684:Drivers/STM32U5xx_HAL_Driver/Src/stm32u5xx_hal_rcc.c **** /**
1685:Drivers/STM32U5xx_HAL_Driver/Src/stm32u5xx_hal_rcc.c ****   * @brief  Return the SYSCLK frequency.
1686:Drivers/STM32U5xx_HAL_Driver/Src/stm32u5xx_hal_rcc.c ****   * @note   The system frequency computed by this function is not the real
1687:Drivers/STM32U5xx_HAL_Driver/Src/stm32u5xx_hal_rcc.c ****   *         frequency in the chip. It is calculated based on the predefined
1688:Drivers/STM32U5xx_HAL_Driver/Src/stm32u5xx_hal_rcc.c ****   *         constant and the selected clock source:
1689:Drivers/STM32U5xx_HAL_Driver/Src/stm32u5xx_hal_rcc.c ****   * @note     If SYSCLK source is MSI, function returns values based on MSI
1690:Drivers/STM32U5xx_HAL_Driver/Src/stm32u5xx_hal_rcc.c ****   *             Value as defined by the MSI range.
1691:Drivers/STM32U5xx_HAL_Driver/Src/stm32u5xx_hal_rcc.c ****   * @note     If SYSCLK source is HSI, function returns values based on HSI_VALUE(*)
1692:Drivers/STM32U5xx_HAL_Driver/Src/stm32u5xx_hal_rcc.c ****   * @note     If SYSCLK source is HSE, function returns values based on HSE_VALUE(**)
1693:Drivers/STM32U5xx_HAL_Driver/Src/stm32u5xx_hal_rcc.c ****   * @note     If SYSCLK source is PLL, function returns values based on HSE_VALUE(**),
1694:Drivers/STM32U5xx_HAL_Driver/Src/stm32u5xx_hal_rcc.c ****   *           HSI_VALUE(*) or MSI Value multiplied/divided by the PLL factors.
1695:Drivers/STM32U5xx_HAL_Driver/Src/stm32u5xx_hal_rcc.c ****   * @note     (*) HSI_VALUE is a constant defined in stm32u5xx_hal_conf.h file (default value
1696:Drivers/STM32U5xx_HAL_Driver/Src/stm32u5xx_hal_rcc.c ****   *               16 MHz) but the real value may vary depending on the variations
1697:Drivers/STM32U5xx_HAL_Driver/Src/stm32u5xx_hal_rcc.c ****   *               in voltage and temperature.
1698:Drivers/STM32U5xx_HAL_Driver/Src/stm32u5xx_hal_rcc.c ****   * @note     (**) HSE_VALUE is a constant defined in stm32u5xx_hal_conf.h file (default value
1699:Drivers/STM32U5xx_HAL_Driver/Src/stm32u5xx_hal_rcc.c ****   *                8 MHz), user has to ensure that HSE_VALUE is same as the real
1700:Drivers/STM32U5xx_HAL_Driver/Src/stm32u5xx_hal_rcc.c ****   *                frequency of the crystal used. Otherwise, this function may
1701:Drivers/STM32U5xx_HAL_Driver/Src/stm32u5xx_hal_rcc.c ****   *                have wrong result.
1702:Drivers/STM32U5xx_HAL_Driver/Src/stm32u5xx_hal_rcc.c ****   * @note   The result of this function could be not correct when using fractional
1703:Drivers/STM32U5xx_HAL_Driver/Src/stm32u5xx_hal_rcc.c ****   *         value for HSE crystal.
1704:Drivers/STM32U5xx_HAL_Driver/Src/stm32u5xx_hal_rcc.c ****   * @note   This function can be used by the user application to compute the
1705:Drivers/STM32U5xx_HAL_Driver/Src/stm32u5xx_hal_rcc.c ****   *         baudrate for the communication peripherals or configure other parameters.
1706:Drivers/STM32U5xx_HAL_Driver/Src/stm32u5xx_hal_rcc.c ****   * @note   Each time SYSCLK changes, this function must be called to update the
1707:Drivers/STM32U5xx_HAL_Driver/Src/stm32u5xx_hal_rcc.c ****   *         right SYSCLK value. Otherwise, any configuration based on this function will be incorre
1708:Drivers/STM32U5xx_HAL_Driver/Src/stm32u5xx_hal_rcc.c ****   * @retval SYSCLK frequency
1709:Drivers/STM32U5xx_HAL_Driver/Src/stm32u5xx_hal_rcc.c ****   */
1710:Drivers/STM32U5xx_HAL_Driver/Src/stm32u5xx_hal_rcc.c **** uint32_t HAL_RCC_GetSysClockFreq(void)
1711:Drivers/STM32U5xx_HAL_Driver/Src/stm32u5xx_hal_rcc.c **** {
1712:Drivers/STM32U5xx_HAL_Driver/Src/stm32u5xx_hal_rcc.c ****   uint32_t msirange = 0U;
1713:Drivers/STM32U5xx_HAL_Driver/Src/stm32u5xx_hal_rcc.c ****   uint32_t pllsource;
1714:Drivers/STM32U5xx_HAL_Driver/Src/stm32u5xx_hal_rcc.c ****   uint32_t pllr;
1715:Drivers/STM32U5xx_HAL_Driver/Src/stm32u5xx_hal_rcc.c ****   uint32_t pllm;
1716:Drivers/STM32U5xx_HAL_Driver/Src/stm32u5xx_hal_rcc.c ****   uint32_t pllfracen;
1717:Drivers/STM32U5xx_HAL_Driver/Src/stm32u5xx_hal_rcc.c ****   uint32_t sysclockfreq = 0U;
1718:Drivers/STM32U5xx_HAL_Driver/Src/stm32u5xx_hal_rcc.c ****   uint32_t sysclk_source;
1719:Drivers/STM32U5xx_HAL_Driver/Src/stm32u5xx_hal_rcc.c ****   uint32_t pll_oscsource;
1720:Drivers/STM32U5xx_HAL_Driver/Src/stm32u5xx_hal_rcc.c ****   float_t fracn1;
1721:Drivers/STM32U5xx_HAL_Driver/Src/stm32u5xx_hal_rcc.c ****   float_t pllvco;
1722:Drivers/STM32U5xx_HAL_Driver/Src/stm32u5xx_hal_rcc.c **** 
1723:Drivers/STM32U5xx_HAL_Driver/Src/stm32u5xx_hal_rcc.c ****   sysclk_source = __HAL_RCC_GET_SYSCLK_SOURCE();
1724:Drivers/STM32U5xx_HAL_Driver/Src/stm32u5xx_hal_rcc.c ****   pll_oscsource = __HAL_RCC_GET_PLL_OSCSOURCE();
1725:Drivers/STM32U5xx_HAL_Driver/Src/stm32u5xx_hal_rcc.c **** 
1726:Drivers/STM32U5xx_HAL_Driver/Src/stm32u5xx_hal_rcc.c ****   if ((sysclk_source == RCC_SYSCLKSOURCE_STATUS_MSI) ||
1727:Drivers/STM32U5xx_HAL_Driver/Src/stm32u5xx_hal_rcc.c ****       ((sysclk_source == RCC_SYSCLKSOURCE_STATUS_PLLCLK) && (pll_oscsource == RCC_PLLSOURCE_MSI)))
1728:Drivers/STM32U5xx_HAL_Driver/Src/stm32u5xx_hal_rcc.c ****   {
1729:Drivers/STM32U5xx_HAL_Driver/Src/stm32u5xx_hal_rcc.c ****     /* MSI or PLL with MSI source used as system clock source */
1730:Drivers/STM32U5xx_HAL_Driver/Src/stm32u5xx_hal_rcc.c **** 
1731:Drivers/STM32U5xx_HAL_Driver/Src/stm32u5xx_hal_rcc.c ****     /* Get SYSCLK source */
1732:Drivers/STM32U5xx_HAL_Driver/Src/stm32u5xx_hal_rcc.c ****     if (READ_BIT(RCC->ICSCR1, RCC_ICSCR1_MSIRGSEL) == 0U)
1733:Drivers/STM32U5xx_HAL_Driver/Src/stm32u5xx_hal_rcc.c ****     {
1734:Drivers/STM32U5xx_HAL_Driver/Src/stm32u5xx_hal_rcc.c ****       /* MSISRANGE from RCC_CSR applies */
1735:Drivers/STM32U5xx_HAL_Driver/Src/stm32u5xx_hal_rcc.c ****       msirange = (RCC->CSR & RCC_CSR_MSISSRANGE) >> RCC_CSR_MSISSRANGE_Pos;
1736:Drivers/STM32U5xx_HAL_Driver/Src/stm32u5xx_hal_rcc.c ****     }
1737:Drivers/STM32U5xx_HAL_Driver/Src/stm32u5xx_hal_rcc.c ****     else
1738:Drivers/STM32U5xx_HAL_Driver/Src/stm32u5xx_hal_rcc.c ****     {
1739:Drivers/STM32U5xx_HAL_Driver/Src/stm32u5xx_hal_rcc.c ****       /* MSIRANGE from RCC_CR applies */
ARM GAS  /var/folders/j8/bx6g0dyx2gg_pdn7l_y1sb9c0000gn/T//cc64Wppv.s 			page 32


1740:Drivers/STM32U5xx_HAL_Driver/Src/stm32u5xx_hal_rcc.c ****       msirange = (RCC->ICSCR1 & RCC_ICSCR1_MSISRANGE) >> RCC_ICSCR1_MSISRANGE_Pos;
1741:Drivers/STM32U5xx_HAL_Driver/Src/stm32u5xx_hal_rcc.c ****     }
1742:Drivers/STM32U5xx_HAL_Driver/Src/stm32u5xx_hal_rcc.c ****     /*MSI frequency range in HZ*/
1743:Drivers/STM32U5xx_HAL_Driver/Src/stm32u5xx_hal_rcc.c ****     msirange = MSIRangeTable[msirange];
1744:Drivers/STM32U5xx_HAL_Driver/Src/stm32u5xx_hal_rcc.c **** 
1745:Drivers/STM32U5xx_HAL_Driver/Src/stm32u5xx_hal_rcc.c ****     if (sysclk_source == RCC_SYSCLKSOURCE_STATUS_MSI)
1746:Drivers/STM32U5xx_HAL_Driver/Src/stm32u5xx_hal_rcc.c ****     {
1747:Drivers/STM32U5xx_HAL_Driver/Src/stm32u5xx_hal_rcc.c ****       /* MSI used as system clock source */
1748:Drivers/STM32U5xx_HAL_Driver/Src/stm32u5xx_hal_rcc.c ****       sysclockfreq = msirange;
1749:Drivers/STM32U5xx_HAL_Driver/Src/stm32u5xx_hal_rcc.c ****     }
1750:Drivers/STM32U5xx_HAL_Driver/Src/stm32u5xx_hal_rcc.c ****   }
1751:Drivers/STM32U5xx_HAL_Driver/Src/stm32u5xx_hal_rcc.c ****   else if (__HAL_RCC_GET_SYSCLK_SOURCE() == RCC_SYSCLKSOURCE_STATUS_HSI)
1752:Drivers/STM32U5xx_HAL_Driver/Src/stm32u5xx_hal_rcc.c ****   {
1753:Drivers/STM32U5xx_HAL_Driver/Src/stm32u5xx_hal_rcc.c ****     /* HSI used as system clock source */
1754:Drivers/STM32U5xx_HAL_Driver/Src/stm32u5xx_hal_rcc.c ****     sysclockfreq = HSI_VALUE;
1755:Drivers/STM32U5xx_HAL_Driver/Src/stm32u5xx_hal_rcc.c ****   }
1756:Drivers/STM32U5xx_HAL_Driver/Src/stm32u5xx_hal_rcc.c ****   else if (sysclk_source == RCC_SYSCLKSOURCE_STATUS_HSE)
1757:Drivers/STM32U5xx_HAL_Driver/Src/stm32u5xx_hal_rcc.c ****   {
1758:Drivers/STM32U5xx_HAL_Driver/Src/stm32u5xx_hal_rcc.c ****     /* HSE used as system clock source */
1759:Drivers/STM32U5xx_HAL_Driver/Src/stm32u5xx_hal_rcc.c ****     sysclockfreq = HSE_VALUE;
1760:Drivers/STM32U5xx_HAL_Driver/Src/stm32u5xx_hal_rcc.c ****   }
1761:Drivers/STM32U5xx_HAL_Driver/Src/stm32u5xx_hal_rcc.c ****   else
1762:Drivers/STM32U5xx_HAL_Driver/Src/stm32u5xx_hal_rcc.c ****   {
1763:Drivers/STM32U5xx_HAL_Driver/Src/stm32u5xx_hal_rcc.c ****     /* Nothing to do */
1764:Drivers/STM32U5xx_HAL_Driver/Src/stm32u5xx_hal_rcc.c ****   }
1765:Drivers/STM32U5xx_HAL_Driver/Src/stm32u5xx_hal_rcc.c **** 
1766:Drivers/STM32U5xx_HAL_Driver/Src/stm32u5xx_hal_rcc.c ****   if (sysclk_source == RCC_SYSCLKSOURCE_STATUS_PLLCLK)
1767:Drivers/STM32U5xx_HAL_Driver/Src/stm32u5xx_hal_rcc.c ****   {
1768:Drivers/STM32U5xx_HAL_Driver/Src/stm32u5xx_hal_rcc.c ****     /* PLL used as system clock  source
1769:Drivers/STM32U5xx_HAL_Driver/Src/stm32u5xx_hal_rcc.c ****        PLL_VCO = (HSE_VALUE or HSI_VALUE or MSI_VALUE/ PLLM) * PLLN
1770:Drivers/STM32U5xx_HAL_Driver/Src/stm32u5xx_hal_rcc.c ****        SYSCLK = PLL_VCO / PLLR
1771:Drivers/STM32U5xx_HAL_Driver/Src/stm32u5xx_hal_rcc.c ****     */
1772:Drivers/STM32U5xx_HAL_Driver/Src/stm32u5xx_hal_rcc.c ****     pllsource = (RCC->PLL1CFGR & RCC_PLL1CFGR_PLL1SRC);
1773:Drivers/STM32U5xx_HAL_Driver/Src/stm32u5xx_hal_rcc.c ****     pllm = ((RCC->PLL1CFGR & RCC_PLL1CFGR_PLL1M) >> RCC_PLL1CFGR_PLL1M_Pos) + 1U;
1774:Drivers/STM32U5xx_HAL_Driver/Src/stm32u5xx_hal_rcc.c ****     pllfracen = ((RCC->PLL1CFGR & RCC_PLL1CFGR_PLL1FRACEN) >> RCC_PLL1CFGR_PLL1FRACEN_Pos);
1775:Drivers/STM32U5xx_HAL_Driver/Src/stm32u5xx_hal_rcc.c ****     fracn1 = (float_t)(uint32_t)(pllfracen * ((RCC->PLL1FRACR & RCC_PLL1FRACR_PLL1FRACN) >> \
1776:Drivers/STM32U5xx_HAL_Driver/Src/stm32u5xx_hal_rcc.c ****                                               RCC_PLL1FRACR_PLL1FRACN_Pos));
1777:Drivers/STM32U5xx_HAL_Driver/Src/stm32u5xx_hal_rcc.c **** 
1778:Drivers/STM32U5xx_HAL_Driver/Src/stm32u5xx_hal_rcc.c ****     switch (pllsource)
1779:Drivers/STM32U5xx_HAL_Driver/Src/stm32u5xx_hal_rcc.c ****     {
1780:Drivers/STM32U5xx_HAL_Driver/Src/stm32u5xx_hal_rcc.c ****       case RCC_PLLSOURCE_HSI:  /* HSI used as PLL clock source */
1781:Drivers/STM32U5xx_HAL_Driver/Src/stm32u5xx_hal_rcc.c ****         pllvco = ((float_t)HSI_VALUE / (float_t)pllm) * ((float_t)(uint32_t)(RCC->PLL1DIVR & RCC_PL
1782:Drivers/STM32U5xx_HAL_Driver/Src/stm32u5xx_hal_rcc.c ****                                                          (fracn1 / (float_t)0x2000) + (float_t)1U);
1783:Drivers/STM32U5xx_HAL_Driver/Src/stm32u5xx_hal_rcc.c ****         break;
1784:Drivers/STM32U5xx_HAL_Driver/Src/stm32u5xx_hal_rcc.c **** 
1785:Drivers/STM32U5xx_HAL_Driver/Src/stm32u5xx_hal_rcc.c ****       case RCC_PLLSOURCE_HSE:  /* HSE used as PLL clock source */
1786:Drivers/STM32U5xx_HAL_Driver/Src/stm32u5xx_hal_rcc.c ****         pllvco = ((float_t)HSE_VALUE / (float_t)pllm) * ((float_t)(uint32_t)(RCC->PLL1DIVR & RCC_PL
1787:Drivers/STM32U5xx_HAL_Driver/Src/stm32u5xx_hal_rcc.c ****                                                          (fracn1 / (float_t)0x2000) + (float_t)1U);
1788:Drivers/STM32U5xx_HAL_Driver/Src/stm32u5xx_hal_rcc.c ****         break;
1789:Drivers/STM32U5xx_HAL_Driver/Src/stm32u5xx_hal_rcc.c **** 
1790:Drivers/STM32U5xx_HAL_Driver/Src/stm32u5xx_hal_rcc.c ****       case RCC_PLLSOURCE_MSI:  /* MSI used as PLL clock source */
1791:Drivers/STM32U5xx_HAL_Driver/Src/stm32u5xx_hal_rcc.c ****       default:
1792:Drivers/STM32U5xx_HAL_Driver/Src/stm32u5xx_hal_rcc.c ****         pllvco = ((float_t) msirange / (float_t)pllm) * ((float_t)(uint32_t)(RCC->PLL1DIVR & RCC_PL
1793:Drivers/STM32U5xx_HAL_Driver/Src/stm32u5xx_hal_rcc.c ****                                                          (fracn1 / (float_t)0x2000) + (float_t)1U);
1794:Drivers/STM32U5xx_HAL_Driver/Src/stm32u5xx_hal_rcc.c ****         break;
1795:Drivers/STM32U5xx_HAL_Driver/Src/stm32u5xx_hal_rcc.c ****     }
1796:Drivers/STM32U5xx_HAL_Driver/Src/stm32u5xx_hal_rcc.c **** 
ARM GAS  /var/folders/j8/bx6g0dyx2gg_pdn7l_y1sb9c0000gn/T//cc64Wppv.s 			page 33


1797:Drivers/STM32U5xx_HAL_Driver/Src/stm32u5xx_hal_rcc.c ****     pllr = (((RCC->PLL1DIVR & RCC_PLL1DIVR_PLL1R) >> RCC_PLL1DIVR_PLL1R_Pos) + 1U);
1798:Drivers/STM32U5xx_HAL_Driver/Src/stm32u5xx_hal_rcc.c ****     sysclockfreq = (uint32_t)(float_t)((float_t)pllvco / (float_t)pllr);
1799:Drivers/STM32U5xx_HAL_Driver/Src/stm32u5xx_hal_rcc.c ****   }
1800:Drivers/STM32U5xx_HAL_Driver/Src/stm32u5xx_hal_rcc.c **** 
1801:Drivers/STM32U5xx_HAL_Driver/Src/stm32u5xx_hal_rcc.c ****   return sysclockfreq;
1802:Drivers/STM32U5xx_HAL_Driver/Src/stm32u5xx_hal_rcc.c **** }
1803:Drivers/STM32U5xx_HAL_Driver/Src/stm32u5xx_hal_rcc.c **** 
1804:Drivers/STM32U5xx_HAL_Driver/Src/stm32u5xx_hal_rcc.c **** /**
1805:Drivers/STM32U5xx_HAL_Driver/Src/stm32u5xx_hal_rcc.c ****   * @brief  Return the HCLK frequency.
1806:Drivers/STM32U5xx_HAL_Driver/Src/stm32u5xx_hal_rcc.c ****   * @note   Each time HCLK changes, this function must be called to update the
1807:Drivers/STM32U5xx_HAL_Driver/Src/stm32u5xx_hal_rcc.c ****   *         right HCLK value. Otherwise, any configuration based on this function will be incorrect
1808:Drivers/STM32U5xx_HAL_Driver/Src/stm32u5xx_hal_rcc.c ****   *
1809:Drivers/STM32U5xx_HAL_Driver/Src/stm32u5xx_hal_rcc.c ****   * @note   The SystemCoreClock CMSIS variable is used to store System Clock Frequency.
1810:Drivers/STM32U5xx_HAL_Driver/Src/stm32u5xx_hal_rcc.c ****   * @retval HCLK frequency in Hz
1811:Drivers/STM32U5xx_HAL_Driver/Src/stm32u5xx_hal_rcc.c ****   */
1812:Drivers/STM32U5xx_HAL_Driver/Src/stm32u5xx_hal_rcc.c **** uint32_t HAL_RCC_GetHCLKFreq(void)
1813:Drivers/STM32U5xx_HAL_Driver/Src/stm32u5xx_hal_rcc.c **** {
1814:Drivers/STM32U5xx_HAL_Driver/Src/stm32u5xx_hal_rcc.c ****   SystemCoreClock = HAL_RCC_GetSysClockFreq() >> AHBPrescTable[(RCC->CFGR2 & RCC_CFGR2_HPRE) >> RCC
1815:Drivers/STM32U5xx_HAL_Driver/Src/stm32u5xx_hal_rcc.c ****   return SystemCoreClock;
1816:Drivers/STM32U5xx_HAL_Driver/Src/stm32u5xx_hal_rcc.c **** }
1817:Drivers/STM32U5xx_HAL_Driver/Src/stm32u5xx_hal_rcc.c **** 
1818:Drivers/STM32U5xx_HAL_Driver/Src/stm32u5xx_hal_rcc.c **** /**
1819:Drivers/STM32U5xx_HAL_Driver/Src/stm32u5xx_hal_rcc.c ****   * @brief  Return the PCLK1 frequency.
1820:Drivers/STM32U5xx_HAL_Driver/Src/stm32u5xx_hal_rcc.c ****   * @note   Each time PCLK1 changes, this function must be called to update the
1821:Drivers/STM32U5xx_HAL_Driver/Src/stm32u5xx_hal_rcc.c ****   *         right PCLK1 value. Otherwise, any configuration based on this function will be incorrec
1822:Drivers/STM32U5xx_HAL_Driver/Src/stm32u5xx_hal_rcc.c ****   * @retval PCLK1 frequency in Hz
1823:Drivers/STM32U5xx_HAL_Driver/Src/stm32u5xx_hal_rcc.c ****   */
1824:Drivers/STM32U5xx_HAL_Driver/Src/stm32u5xx_hal_rcc.c **** uint32_t HAL_RCC_GetPCLK1Freq(void)
1825:Drivers/STM32U5xx_HAL_Driver/Src/stm32u5xx_hal_rcc.c **** {
1826:Drivers/STM32U5xx_HAL_Driver/Src/stm32u5xx_hal_rcc.c ****   /* Get HCLK source and Compute PCLK1 frequency ---------------------------*/
1827:Drivers/STM32U5xx_HAL_Driver/Src/stm32u5xx_hal_rcc.c ****   return (HAL_RCC_GetHCLKFreq() >> APBPrescTable[(RCC->CFGR2 & RCC_CFGR2_PPRE1) >> RCC_CFGR2_PPRE1_
1828:Drivers/STM32U5xx_HAL_Driver/Src/stm32u5xx_hal_rcc.c **** }
1829:Drivers/STM32U5xx_HAL_Driver/Src/stm32u5xx_hal_rcc.c **** 
1830:Drivers/STM32U5xx_HAL_Driver/Src/stm32u5xx_hal_rcc.c **** /**
1831:Drivers/STM32U5xx_HAL_Driver/Src/stm32u5xx_hal_rcc.c ****   * @brief  Return the PCLK2 frequency.
1832:Drivers/STM32U5xx_HAL_Driver/Src/stm32u5xx_hal_rcc.c ****   * @note   Each time PCLK2 changes, this function must be called to update the
1833:Drivers/STM32U5xx_HAL_Driver/Src/stm32u5xx_hal_rcc.c ****   *         right PCLK2 value. Otherwise, any configuration based on this function will be incorrec
1834:Drivers/STM32U5xx_HAL_Driver/Src/stm32u5xx_hal_rcc.c ****   * @retval PCLK2 frequency in Hz
1835:Drivers/STM32U5xx_HAL_Driver/Src/stm32u5xx_hal_rcc.c ****   */
1836:Drivers/STM32U5xx_HAL_Driver/Src/stm32u5xx_hal_rcc.c **** uint32_t HAL_RCC_GetPCLK2Freq(void)
1837:Drivers/STM32U5xx_HAL_Driver/Src/stm32u5xx_hal_rcc.c **** {
1838:Drivers/STM32U5xx_HAL_Driver/Src/stm32u5xx_hal_rcc.c ****   /* Get HCLK source and Compute PCLK2 frequency ---------------------------*/
1839:Drivers/STM32U5xx_HAL_Driver/Src/stm32u5xx_hal_rcc.c ****   return (HAL_RCC_GetHCLKFreq() >> APBPrescTable[(RCC->CFGR2 & RCC_CFGR2_PPRE2) >> RCC_CFGR2_PPRE2_
1840:Drivers/STM32U5xx_HAL_Driver/Src/stm32u5xx_hal_rcc.c **** }
1841:Drivers/STM32U5xx_HAL_Driver/Src/stm32u5xx_hal_rcc.c **** 
1842:Drivers/STM32U5xx_HAL_Driver/Src/stm32u5xx_hal_rcc.c **** /**
1843:Drivers/STM32U5xx_HAL_Driver/Src/stm32u5xx_hal_rcc.c ****   * @brief  Return the PCLK3 frequency.
1844:Drivers/STM32U5xx_HAL_Driver/Src/stm32u5xx_hal_rcc.c ****   * @note   Each time PCLK3 changes, this function must be called to update the
1845:Drivers/STM32U5xx_HAL_Driver/Src/stm32u5xx_hal_rcc.c ****   *         right PCLK3 value. Otherwise, any configuration based on this function will be incorrec
1846:Drivers/STM32U5xx_HAL_Driver/Src/stm32u5xx_hal_rcc.c ****   * @retval PCLK3 frequency in Hz
1847:Drivers/STM32U5xx_HAL_Driver/Src/stm32u5xx_hal_rcc.c ****   */
1848:Drivers/STM32U5xx_HAL_Driver/Src/stm32u5xx_hal_rcc.c **** uint32_t HAL_RCC_GetPCLK3Freq(void)
1849:Drivers/STM32U5xx_HAL_Driver/Src/stm32u5xx_hal_rcc.c **** {
1850:Drivers/STM32U5xx_HAL_Driver/Src/stm32u5xx_hal_rcc.c ****   /* Get HCLK source and Compute PCLK2 frequency ---------------------------*/
1851:Drivers/STM32U5xx_HAL_Driver/Src/stm32u5xx_hal_rcc.c ****   return (HAL_RCC_GetHCLKFreq() >> APBPrescTable[(RCC->CFGR3 & RCC_CFGR3_PPRE3) >> RCC_CFGR3_PPRE3_
1852:Drivers/STM32U5xx_HAL_Driver/Src/stm32u5xx_hal_rcc.c **** }
1853:Drivers/STM32U5xx_HAL_Driver/Src/stm32u5xx_hal_rcc.c **** /**
ARM GAS  /var/folders/j8/bx6g0dyx2gg_pdn7l_y1sb9c0000gn/T//cc64Wppv.s 			page 34


1854:Drivers/STM32U5xx_HAL_Driver/Src/stm32u5xx_hal_rcc.c ****   * @brief  Get the pRCC_OscInitStruct according to the internal
1855:Drivers/STM32U5xx_HAL_Driver/Src/stm32u5xx_hal_rcc.c ****   *         RCC configuration registers.
1856:Drivers/STM32U5xx_HAL_Driver/Src/stm32u5xx_hal_rcc.c ****   * @param  pRCC_OscInitStruct  pointer to an RCC_OscInitTypeDef structure that
1857:Drivers/STM32U5xx_HAL_Driver/Src/stm32u5xx_hal_rcc.c ****   *         will be configured.
1858:Drivers/STM32U5xx_HAL_Driver/Src/stm32u5xx_hal_rcc.c ****   * @retval None
1859:Drivers/STM32U5xx_HAL_Driver/Src/stm32u5xx_hal_rcc.c ****   */
1860:Drivers/STM32U5xx_HAL_Driver/Src/stm32u5xx_hal_rcc.c **** void HAL_RCC_GetOscConfig(RCC_OscInitTypeDef  *pRCC_OscInitStruct)
1861:Drivers/STM32U5xx_HAL_Driver/Src/stm32u5xx_hal_rcc.c **** {
1862:Drivers/STM32U5xx_HAL_Driver/Src/stm32u5xx_hal_rcc.c ****   uint32_t regval;
1863:Drivers/STM32U5xx_HAL_Driver/Src/stm32u5xx_hal_rcc.c ****   uint32_t reg1val;
1864:Drivers/STM32U5xx_HAL_Driver/Src/stm32u5xx_hal_rcc.c ****   uint32_t reg2val;
1865:Drivers/STM32U5xx_HAL_Driver/Src/stm32u5xx_hal_rcc.c **** 
1866:Drivers/STM32U5xx_HAL_Driver/Src/stm32u5xx_hal_rcc.c ****   /* Check the parameters */
1867:Drivers/STM32U5xx_HAL_Driver/Src/stm32u5xx_hal_rcc.c ****   assert_param(pRCC_OscInitStruct != (void *)NULL);
1868:Drivers/STM32U5xx_HAL_Driver/Src/stm32u5xx_hal_rcc.c **** 
1869:Drivers/STM32U5xx_HAL_Driver/Src/stm32u5xx_hal_rcc.c ****   /* Set all possible values for the Oscillator type parameter ---------------*/
1870:Drivers/STM32U5xx_HAL_Driver/Src/stm32u5xx_hal_rcc.c ****   pRCC_OscInitStruct->OscillatorType = RCC_OSCILLATORTYPE_HSE | RCC_OSCILLATORTYPE_HSI | RCC_OSCILL
1871:Drivers/STM32U5xx_HAL_Driver/Src/stm32u5xx_hal_rcc.c ****                                        RCC_OSCILLATORTYPE_LSE | RCC_OSCILLATORTYPE_LSI | RCC_OSCILL
1872:Drivers/STM32U5xx_HAL_Driver/Src/stm32u5xx_hal_rcc.c **** 
1873:Drivers/STM32U5xx_HAL_Driver/Src/stm32u5xx_hal_rcc.c ****   /* Get Control register */
1874:Drivers/STM32U5xx_HAL_Driver/Src/stm32u5xx_hal_rcc.c ****   regval = RCC->CR;
1875:Drivers/STM32U5xx_HAL_Driver/Src/stm32u5xx_hal_rcc.c **** 
1876:Drivers/STM32U5xx_HAL_Driver/Src/stm32u5xx_hal_rcc.c ****   /* Get the HSE configuration -----------------------------------------------*/
1877:Drivers/STM32U5xx_HAL_Driver/Src/stm32u5xx_hal_rcc.c ****   pRCC_OscInitStruct->HSEState = (regval & (RCC_CR_HSEON | RCC_CR_HSEBYP | RCC_CR_HSEEXT));
1878:Drivers/STM32U5xx_HAL_Driver/Src/stm32u5xx_hal_rcc.c **** 
1879:Drivers/STM32U5xx_HAL_Driver/Src/stm32u5xx_hal_rcc.c ****   /* Get the MSI configuration -----------------------------------------------*/
1880:Drivers/STM32U5xx_HAL_Driver/Src/stm32u5xx_hal_rcc.c ****   pRCC_OscInitStruct->MSIState = regval & RCC_CR_MSISON;
1881:Drivers/STM32U5xx_HAL_Driver/Src/stm32u5xx_hal_rcc.c **** 
1882:Drivers/STM32U5xx_HAL_Driver/Src/stm32u5xx_hal_rcc.c ****   reg1val = RCC->ICSCR1;
1883:Drivers/STM32U5xx_HAL_Driver/Src/stm32u5xx_hal_rcc.c ****   reg2val = RCC->ICSCR2;
1884:Drivers/STM32U5xx_HAL_Driver/Src/stm32u5xx_hal_rcc.c **** 
1885:Drivers/STM32U5xx_HAL_Driver/Src/stm32u5xx_hal_rcc.c ****   pRCC_OscInitStruct->MSIClockRange = (uint32_t)((reg1val & RCC_ICSCR1_MSISRANGE));
1886:Drivers/STM32U5xx_HAL_Driver/Src/stm32u5xx_hal_rcc.c ****   if (pRCC_OscInitStruct->MSIClockRange >= RCC_MSIRANGE_12)
1887:Drivers/STM32U5xx_HAL_Driver/Src/stm32u5xx_hal_rcc.c ****   {
1888:Drivers/STM32U5xx_HAL_Driver/Src/stm32u5xx_hal_rcc.c ****     pRCC_OscInitStruct->MSICalibrationValue = (uint32_t)((reg2val & RCC_ICSCR2_MSITRIM3) >> \
1889:Drivers/STM32U5xx_HAL_Driver/Src/stm32u5xx_hal_rcc.c ****                                                          RCC_ICSCR2_MSITRIM3_Pos);
1890:Drivers/STM32U5xx_HAL_Driver/Src/stm32u5xx_hal_rcc.c ****   }
1891:Drivers/STM32U5xx_HAL_Driver/Src/stm32u5xx_hal_rcc.c ****   else if (pRCC_OscInitStruct->MSIClockRange >= RCC_MSIRANGE_8)
1892:Drivers/STM32U5xx_HAL_Driver/Src/stm32u5xx_hal_rcc.c ****   {
1893:Drivers/STM32U5xx_HAL_Driver/Src/stm32u5xx_hal_rcc.c ****     pRCC_OscInitStruct->MSICalibrationValue = (uint32_t)((reg2val & RCC_ICSCR2_MSITRIM2) >> \
1894:Drivers/STM32U5xx_HAL_Driver/Src/stm32u5xx_hal_rcc.c ****                                                          RCC_ICSCR2_MSITRIM2_Pos);
1895:Drivers/STM32U5xx_HAL_Driver/Src/stm32u5xx_hal_rcc.c ****   }
1896:Drivers/STM32U5xx_HAL_Driver/Src/stm32u5xx_hal_rcc.c ****   else if (pRCC_OscInitStruct->MSIClockRange >= RCC_MSIRANGE_4)
1897:Drivers/STM32U5xx_HAL_Driver/Src/stm32u5xx_hal_rcc.c ****   {
1898:Drivers/STM32U5xx_HAL_Driver/Src/stm32u5xx_hal_rcc.c ****     pRCC_OscInitStruct->MSICalibrationValue = (uint32_t)((reg2val & RCC_ICSCR2_MSITRIM1) >> \
1899:Drivers/STM32U5xx_HAL_Driver/Src/stm32u5xx_hal_rcc.c ****                                                          RCC_ICSCR2_MSITRIM1_Pos);
1900:Drivers/STM32U5xx_HAL_Driver/Src/stm32u5xx_hal_rcc.c ****   }
1901:Drivers/STM32U5xx_HAL_Driver/Src/stm32u5xx_hal_rcc.c ****   else /*if (pRCC_OscInitStruct->MSIClockRange >= RCC_MSIRANGE_0)*/
1902:Drivers/STM32U5xx_HAL_Driver/Src/stm32u5xx_hal_rcc.c ****   {
1903:Drivers/STM32U5xx_HAL_Driver/Src/stm32u5xx_hal_rcc.c ****     pRCC_OscInitStruct->MSICalibrationValue = (uint32_t)((reg2val & RCC_ICSCR2_MSITRIM0) >> \
1904:Drivers/STM32U5xx_HAL_Driver/Src/stm32u5xx_hal_rcc.c ****                                                          RCC_ICSCR2_MSITRIM0_Pos);
1905:Drivers/STM32U5xx_HAL_Driver/Src/stm32u5xx_hal_rcc.c ****   }
1906:Drivers/STM32U5xx_HAL_Driver/Src/stm32u5xx_hal_rcc.c **** 
1907:Drivers/STM32U5xx_HAL_Driver/Src/stm32u5xx_hal_rcc.c **** 
1908:Drivers/STM32U5xx_HAL_Driver/Src/stm32u5xx_hal_rcc.c ****   /* Get the HSI configuration -----------------------------------------------*/
1909:Drivers/STM32U5xx_HAL_Driver/Src/stm32u5xx_hal_rcc.c ****   pRCC_OscInitStruct->HSIState = regval & RCC_CR_HSION;
1910:Drivers/STM32U5xx_HAL_Driver/Src/stm32u5xx_hal_rcc.c ****   pRCC_OscInitStruct->HSICalibrationValue = (uint32_t)((RCC->ICSCR3 & RCC_ICSCR3_HSITRIM) >> RCC_IC
ARM GAS  /var/folders/j8/bx6g0dyx2gg_pdn7l_y1sb9c0000gn/T//cc64Wppv.s 			page 35


1911:Drivers/STM32U5xx_HAL_Driver/Src/stm32u5xx_hal_rcc.c **** 
1912:Drivers/STM32U5xx_HAL_Driver/Src/stm32u5xx_hal_rcc.c ****   /* Get BDCR register */
1913:Drivers/STM32U5xx_HAL_Driver/Src/stm32u5xx_hal_rcc.c ****   regval = RCC->BDCR;
1914:Drivers/STM32U5xx_HAL_Driver/Src/stm32u5xx_hal_rcc.c **** 
1915:Drivers/STM32U5xx_HAL_Driver/Src/stm32u5xx_hal_rcc.c ****   /* Get the LSE configuration -----------------------------------------------*/
1916:Drivers/STM32U5xx_HAL_Driver/Src/stm32u5xx_hal_rcc.c ****   pRCC_OscInitStruct->LSEState = (regval & (RCC_BDCR_LSEON | RCC_BDCR_LSEBYP | RCC_BDCR_LSESYSEN));
1917:Drivers/STM32U5xx_HAL_Driver/Src/stm32u5xx_hal_rcc.c **** 
1918:Drivers/STM32U5xx_HAL_Driver/Src/stm32u5xx_hal_rcc.c ****   /* Get the LSI configuration -----------------------------------------------*/
1919:Drivers/STM32U5xx_HAL_Driver/Src/stm32u5xx_hal_rcc.c ****   pRCC_OscInitStruct->LSIState = regval & RCC_BDCR_LSION;
1920:Drivers/STM32U5xx_HAL_Driver/Src/stm32u5xx_hal_rcc.c **** 
1921:Drivers/STM32U5xx_HAL_Driver/Src/stm32u5xx_hal_rcc.c ****   /* Get Control register */
1922:Drivers/STM32U5xx_HAL_Driver/Src/stm32u5xx_hal_rcc.c ****   regval = RCC->CR;
1923:Drivers/STM32U5xx_HAL_Driver/Src/stm32u5xx_hal_rcc.c **** 
1924:Drivers/STM32U5xx_HAL_Driver/Src/stm32u5xx_hal_rcc.c ****   /* Get the HSI48 configuration ---------------------------------------------*/
1925:Drivers/STM32U5xx_HAL_Driver/Src/stm32u5xx_hal_rcc.c ****   pRCC_OscInitStruct->HSI48State = regval & RCC_CR_HSI48ON;
1926:Drivers/STM32U5xx_HAL_Driver/Src/stm32u5xx_hal_rcc.c **** 
1927:Drivers/STM32U5xx_HAL_Driver/Src/stm32u5xx_hal_rcc.c ****   /* Get the PLL configuration -----------------------------------------------*/
1928:Drivers/STM32U5xx_HAL_Driver/Src/stm32u5xx_hal_rcc.c ****   if ((regval & RCC_CR_PLL1ON) == RCC_CR_PLL1ON)
1929:Drivers/STM32U5xx_HAL_Driver/Src/stm32u5xx_hal_rcc.c ****   {
1930:Drivers/STM32U5xx_HAL_Driver/Src/stm32u5xx_hal_rcc.c ****     pRCC_OscInitStruct->PLL.PLLState = RCC_PLL_ON;
1931:Drivers/STM32U5xx_HAL_Driver/Src/stm32u5xx_hal_rcc.c ****   }
1932:Drivers/STM32U5xx_HAL_Driver/Src/stm32u5xx_hal_rcc.c ****   else
1933:Drivers/STM32U5xx_HAL_Driver/Src/stm32u5xx_hal_rcc.c ****   {
1934:Drivers/STM32U5xx_HAL_Driver/Src/stm32u5xx_hal_rcc.c ****     pRCC_OscInitStruct->PLL.PLLState = RCC_PLL_OFF;
1935:Drivers/STM32U5xx_HAL_Driver/Src/stm32u5xx_hal_rcc.c ****   }
1936:Drivers/STM32U5xx_HAL_Driver/Src/stm32u5xx_hal_rcc.c **** 
1937:Drivers/STM32U5xx_HAL_Driver/Src/stm32u5xx_hal_rcc.c ****   reg1val = RCC->PLL1CFGR;
1938:Drivers/STM32U5xx_HAL_Driver/Src/stm32u5xx_hal_rcc.c ****   reg2val = RCC->PLL1DIVR;
1939:Drivers/STM32U5xx_HAL_Driver/Src/stm32u5xx_hal_rcc.c **** 
1940:Drivers/STM32U5xx_HAL_Driver/Src/stm32u5xx_hal_rcc.c ****   pRCC_OscInitStruct->PLL.PLLSource = (uint32_t)(reg1val & RCC_PLL1CFGR_PLL1SRC);
1941:Drivers/STM32U5xx_HAL_Driver/Src/stm32u5xx_hal_rcc.c ****   pRCC_OscInitStruct->PLL.PLLM = (uint32_t)(((reg1val & RCC_PLL1CFGR_PLL1M) >> RCC_PLL1CFGR_PLL1M_P
1942:Drivers/STM32U5xx_HAL_Driver/Src/stm32u5xx_hal_rcc.c ****   pRCC_OscInitStruct->PLL.PLLN = (uint32_t)(((reg2val & RCC_PLL1DIVR_PLL1N) >> RCC_PLL1DIVR_PLL1N_P
1943:Drivers/STM32U5xx_HAL_Driver/Src/stm32u5xx_hal_rcc.c ****   pRCC_OscInitStruct->PLL.PLLQ = (uint32_t)(((reg2val & RCC_PLL1DIVR_PLL1Q) >> RCC_PLL1DIVR_PLL1Q_P
1944:Drivers/STM32U5xx_HAL_Driver/Src/stm32u5xx_hal_rcc.c ****   pRCC_OscInitStruct->PLL.PLLR = (uint32_t)(((reg2val & RCC_PLL1DIVR_PLL1R) >> RCC_PLL1DIVR_PLL1R_P
1945:Drivers/STM32U5xx_HAL_Driver/Src/stm32u5xx_hal_rcc.c ****   pRCC_OscInitStruct->PLL.PLLP = (uint32_t)(((reg2val & RCC_PLL1DIVR_PLL1P) >> RCC_PLL1DIVR_PLL1P_P
1946:Drivers/STM32U5xx_HAL_Driver/Src/stm32u5xx_hal_rcc.c ****   pRCC_OscInitStruct->PLL.PLLRGE = (uint32_t)((reg1val & RCC_PLL1CFGR_PLL1RGE));
1947:Drivers/STM32U5xx_HAL_Driver/Src/stm32u5xx_hal_rcc.c ****   pRCC_OscInitStruct->PLL.PLLFRACN = (uint32_t)(((RCC->PLL1FRACR & RCC_PLL1FRACR_PLL1FRACN) >> \
1948:Drivers/STM32U5xx_HAL_Driver/Src/stm32u5xx_hal_rcc.c ****                                                  RCC_PLL1FRACR_PLL1FRACN_Pos));
1949:Drivers/STM32U5xx_HAL_Driver/Src/stm32u5xx_hal_rcc.c ****   pRCC_OscInitStruct->PLL.PLLMBOOST = (uint32_t)(((reg1val & RCC_PLL1CFGR_PLL1MBOOST) >> \
1950:Drivers/STM32U5xx_HAL_Driver/Src/stm32u5xx_hal_rcc.c ****                                                   RCC_PLL1CFGR_PLL1MBOOST_Pos));
1951:Drivers/STM32U5xx_HAL_Driver/Src/stm32u5xx_hal_rcc.c **** }
1952:Drivers/STM32U5xx_HAL_Driver/Src/stm32u5xx_hal_rcc.c **** 
1953:Drivers/STM32U5xx_HAL_Driver/Src/stm32u5xx_hal_rcc.c **** /**
1954:Drivers/STM32U5xx_HAL_Driver/Src/stm32u5xx_hal_rcc.c ****   * @brief  Configure the pRCC_ClkInitStruct according to the internal
1955:Drivers/STM32U5xx_HAL_Driver/Src/stm32u5xx_hal_rcc.c ****   *         RCC configuration registers.
1956:Drivers/STM32U5xx_HAL_Driver/Src/stm32u5xx_hal_rcc.c ****   * @param  pRCC_ClkInitStruct  pointer to an RCC_ClkInitTypeDef structure that
1957:Drivers/STM32U5xx_HAL_Driver/Src/stm32u5xx_hal_rcc.c ****   *         will be configured.
1958:Drivers/STM32U5xx_HAL_Driver/Src/stm32u5xx_hal_rcc.c ****   * @param  pFLatency  Pointer on the Flash Latency.
1959:Drivers/STM32U5xx_HAL_Driver/Src/stm32u5xx_hal_rcc.c ****   * @retval None
1960:Drivers/STM32U5xx_HAL_Driver/Src/stm32u5xx_hal_rcc.c ****   */
1961:Drivers/STM32U5xx_HAL_Driver/Src/stm32u5xx_hal_rcc.c **** void HAL_RCC_GetClockConfig(RCC_ClkInitTypeDef  *pRCC_ClkInitStruct, uint32_t *pFLatency)
1962:Drivers/STM32U5xx_HAL_Driver/Src/stm32u5xx_hal_rcc.c **** {
1963:Drivers/STM32U5xx_HAL_Driver/Src/stm32u5xx_hal_rcc.c ****   /* Check the parameters */
1964:Drivers/STM32U5xx_HAL_Driver/Src/stm32u5xx_hal_rcc.c ****   assert_param(pRCC_ClkInitStruct != (void *)NULL);
1965:Drivers/STM32U5xx_HAL_Driver/Src/stm32u5xx_hal_rcc.c ****   assert_param(pFLatency != (void *)NULL);
1966:Drivers/STM32U5xx_HAL_Driver/Src/stm32u5xx_hal_rcc.c **** 
1967:Drivers/STM32U5xx_HAL_Driver/Src/stm32u5xx_hal_rcc.c ****   /* Set all possible values for the Clock type parameter --------------------*/
ARM GAS  /var/folders/j8/bx6g0dyx2gg_pdn7l_y1sb9c0000gn/T//cc64Wppv.s 			page 36


1968:Drivers/STM32U5xx_HAL_Driver/Src/stm32u5xx_hal_rcc.c ****   pRCC_ClkInitStruct->ClockType = RCC_CLOCKTYPE_SYSCLK | RCC_CLOCKTYPE_HCLK | RCC_CLOCKTYPE_PCLK1 |
1969:Drivers/STM32U5xx_HAL_Driver/Src/stm32u5xx_hal_rcc.c ****                                   RCC_CLOCKTYPE_PCLK2 | RCC_CLOCKTYPE_PCLK3;
1970:Drivers/STM32U5xx_HAL_Driver/Src/stm32u5xx_hal_rcc.c **** 
1971:Drivers/STM32U5xx_HAL_Driver/Src/stm32u5xx_hal_rcc.c ****   /* Get the SYSCLK configuration --------------------------------------------*/
1972:Drivers/STM32U5xx_HAL_Driver/Src/stm32u5xx_hal_rcc.c ****   pRCC_ClkInitStruct->SYSCLKSource = (uint32_t)(RCC->CFGR1 & RCC_CFGR1_SW);
1973:Drivers/STM32U5xx_HAL_Driver/Src/stm32u5xx_hal_rcc.c **** 
1974:Drivers/STM32U5xx_HAL_Driver/Src/stm32u5xx_hal_rcc.c ****   /* Get the HCLK configuration ----------------------------------------------*/
1975:Drivers/STM32U5xx_HAL_Driver/Src/stm32u5xx_hal_rcc.c ****   pRCC_ClkInitStruct->AHBCLKDivider = (uint32_t)(RCC->CFGR2 & RCC_CFGR2_HPRE);
1976:Drivers/STM32U5xx_HAL_Driver/Src/stm32u5xx_hal_rcc.c **** 
1977:Drivers/STM32U5xx_HAL_Driver/Src/stm32u5xx_hal_rcc.c ****   /* Get the APB1 configuration ----------------------------------------------*/
1978:Drivers/STM32U5xx_HAL_Driver/Src/stm32u5xx_hal_rcc.c ****   pRCC_ClkInitStruct->APB1CLKDivider = (uint32_t)(RCC->CFGR2 & RCC_CFGR2_PPRE1);
1979:Drivers/STM32U5xx_HAL_Driver/Src/stm32u5xx_hal_rcc.c **** 
1980:Drivers/STM32U5xx_HAL_Driver/Src/stm32u5xx_hal_rcc.c ****   /* Get the APB2 configuration ----------------------------------------------*/
1981:Drivers/STM32U5xx_HAL_Driver/Src/stm32u5xx_hal_rcc.c ****   pRCC_ClkInitStruct->APB2CLKDivider = (uint32_t)((RCC->CFGR2 & RCC_CFGR2_PPRE2) >> 4);
1982:Drivers/STM32U5xx_HAL_Driver/Src/stm32u5xx_hal_rcc.c **** 
1983:Drivers/STM32U5xx_HAL_Driver/Src/stm32u5xx_hal_rcc.c ****   /* Get the APB3 configuration ----------------------------------------------*/
1984:Drivers/STM32U5xx_HAL_Driver/Src/stm32u5xx_hal_rcc.c ****   pRCC_ClkInitStruct->APB3CLKDivider = (uint32_t)(RCC->CFGR3 & RCC_CFGR3_PPRE3);
1985:Drivers/STM32U5xx_HAL_Driver/Src/stm32u5xx_hal_rcc.c **** 
1986:Drivers/STM32U5xx_HAL_Driver/Src/stm32u5xx_hal_rcc.c ****   /* Get the Flash Wait State (Latency) configuration ------------------------*/
1987:Drivers/STM32U5xx_HAL_Driver/Src/stm32u5xx_hal_rcc.c ****   *pFLatency = (uint32_t)(FLASH->ACR & FLASH_ACR_LATENCY);
1988:Drivers/STM32U5xx_HAL_Driver/Src/stm32u5xx_hal_rcc.c **** }
1989:Drivers/STM32U5xx_HAL_Driver/Src/stm32u5xx_hal_rcc.c **** 
1990:Drivers/STM32U5xx_HAL_Driver/Src/stm32u5xx_hal_rcc.c **** /**
1991:Drivers/STM32U5xx_HAL_Driver/Src/stm32u5xx_hal_rcc.c ****   * @brief  Get and clear reset flags
1992:Drivers/STM32U5xx_HAL_Driver/Src/stm32u5xx_hal_rcc.c ****   * @note   Once reset flags are retrieved, this API is clearing them in order
1993:Drivers/STM32U5xx_HAL_Driver/Src/stm32u5xx_hal_rcc.c ****   *         to isolate next reset reason.
1994:Drivers/STM32U5xx_HAL_Driver/Src/stm32u5xx_hal_rcc.c ****   * @retval can be a combination of @ref RCC_Reset_Flag
1995:Drivers/STM32U5xx_HAL_Driver/Src/stm32u5xx_hal_rcc.c ****   */
1996:Drivers/STM32U5xx_HAL_Driver/Src/stm32u5xx_hal_rcc.c **** uint32_t HAL_RCC_GetResetSource(void)
1997:Drivers/STM32U5xx_HAL_Driver/Src/stm32u5xx_hal_rcc.c **** {
1998:Drivers/STM32U5xx_HAL_Driver/Src/stm32u5xx_hal_rcc.c ****   uint32_t reset;
1999:Drivers/STM32U5xx_HAL_Driver/Src/stm32u5xx_hal_rcc.c **** 
2000:Drivers/STM32U5xx_HAL_Driver/Src/stm32u5xx_hal_rcc.c ****   /* Get all reset flags */
2001:Drivers/STM32U5xx_HAL_Driver/Src/stm32u5xx_hal_rcc.c ****   reset = RCC->CSR & RCC_RESET_FLAG_ALL;
2002:Drivers/STM32U5xx_HAL_Driver/Src/stm32u5xx_hal_rcc.c **** 
2003:Drivers/STM32U5xx_HAL_Driver/Src/stm32u5xx_hal_rcc.c ****   /* Clear Reset flags */
2004:Drivers/STM32U5xx_HAL_Driver/Src/stm32u5xx_hal_rcc.c ****   RCC->CSR |= RCC_CSR_RMVF;
2005:Drivers/STM32U5xx_HAL_Driver/Src/stm32u5xx_hal_rcc.c **** 
2006:Drivers/STM32U5xx_HAL_Driver/Src/stm32u5xx_hal_rcc.c ****   return reset;
2007:Drivers/STM32U5xx_HAL_Driver/Src/stm32u5xx_hal_rcc.c **** }
2008:Drivers/STM32U5xx_HAL_Driver/Src/stm32u5xx_hal_rcc.c **** 
2009:Drivers/STM32U5xx_HAL_Driver/Src/stm32u5xx_hal_rcc.c **** /**
2010:Drivers/STM32U5xx_HAL_Driver/Src/stm32u5xx_hal_rcc.c ****   * @brief  Enable the Clock Security System.
2011:Drivers/STM32U5xx_HAL_Driver/Src/stm32u5xx_hal_rcc.c ****   * @note   If a failure is detected on the HSE oscillator clock, this oscillator
2012:Drivers/STM32U5xx_HAL_Driver/Src/stm32u5xx_hal_rcc.c ****   *         is automatically disabled and an interrupt is generated to inform the
2013:Drivers/STM32U5xx_HAL_Driver/Src/stm32u5xx_hal_rcc.c ****   *         software about the failure (Clock Security System Interrupt, CSSI),
2014:Drivers/STM32U5xx_HAL_Driver/Src/stm32u5xx_hal_rcc.c ****   *         allowing the MCU to perform rescue operations. The CSSI is linked to
2015:Drivers/STM32U5xx_HAL_Driver/Src/stm32u5xx_hal_rcc.c ****   *         the Cortex-M4 NMI (Non-Maskable Interrupt) exception vector.
2016:Drivers/STM32U5xx_HAL_Driver/Src/stm32u5xx_hal_rcc.c ****   * @note   The Clock Security System can only be cleared by reset.
2017:Drivers/STM32U5xx_HAL_Driver/Src/stm32u5xx_hal_rcc.c ****   * @retval None
2018:Drivers/STM32U5xx_HAL_Driver/Src/stm32u5xx_hal_rcc.c ****   */
2019:Drivers/STM32U5xx_HAL_Driver/Src/stm32u5xx_hal_rcc.c **** void HAL_RCC_EnableCSS(void)
2020:Drivers/STM32U5xx_HAL_Driver/Src/stm32u5xx_hal_rcc.c **** {
2021:Drivers/STM32U5xx_HAL_Driver/Src/stm32u5xx_hal_rcc.c ****   SET_BIT(RCC->CR, RCC_CR_CSSON);
2022:Drivers/STM32U5xx_HAL_Driver/Src/stm32u5xx_hal_rcc.c **** }
2023:Drivers/STM32U5xx_HAL_Driver/Src/stm32u5xx_hal_rcc.c **** 
2024:Drivers/STM32U5xx_HAL_Driver/Src/stm32u5xx_hal_rcc.c **** /**
ARM GAS  /var/folders/j8/bx6g0dyx2gg_pdn7l_y1sb9c0000gn/T//cc64Wppv.s 			page 37


2025:Drivers/STM32U5xx_HAL_Driver/Src/stm32u5xx_hal_rcc.c ****   * @brief Handle the RCC Clock Security System interrupt request.
2026:Drivers/STM32U5xx_HAL_Driver/Src/stm32u5xx_hal_rcc.c ****   * @note This API should be called under the NMI_Handler().
2027:Drivers/STM32U5xx_HAL_Driver/Src/stm32u5xx_hal_rcc.c ****   * @retval None
2028:Drivers/STM32U5xx_HAL_Driver/Src/stm32u5xx_hal_rcc.c ****   */
2029:Drivers/STM32U5xx_HAL_Driver/Src/stm32u5xx_hal_rcc.c **** void HAL_RCC_NMI_IRQHandler(void)
2030:Drivers/STM32U5xx_HAL_Driver/Src/stm32u5xx_hal_rcc.c **** {
2031:Drivers/STM32U5xx_HAL_Driver/Src/stm32u5xx_hal_rcc.c ****   /* Check RCC CSSF interrupt flag  */
2032:Drivers/STM32U5xx_HAL_Driver/Src/stm32u5xx_hal_rcc.c ****   if (__HAL_RCC_GET_IT(RCC_IT_CSS))
2033:Drivers/STM32U5xx_HAL_Driver/Src/stm32u5xx_hal_rcc.c ****   {
2034:Drivers/STM32U5xx_HAL_Driver/Src/stm32u5xx_hal_rcc.c ****     /* Clear RCC CSS pending bit */
2035:Drivers/STM32U5xx_HAL_Driver/Src/stm32u5xx_hal_rcc.c ****     __HAL_RCC_CLEAR_IT(RCC_IT_CSS);
2036:Drivers/STM32U5xx_HAL_Driver/Src/stm32u5xx_hal_rcc.c **** 
2037:Drivers/STM32U5xx_HAL_Driver/Src/stm32u5xx_hal_rcc.c ****     /* RCC Clock Security System interrupt user callback */
2038:Drivers/STM32U5xx_HAL_Driver/Src/stm32u5xx_hal_rcc.c ****     HAL_RCC_CSSCallback();
2039:Drivers/STM32U5xx_HAL_Driver/Src/stm32u5xx_hal_rcc.c ****   }
2040:Drivers/STM32U5xx_HAL_Driver/Src/stm32u5xx_hal_rcc.c **** }
2041:Drivers/STM32U5xx_HAL_Driver/Src/stm32u5xx_hal_rcc.c **** 
2042:Drivers/STM32U5xx_HAL_Driver/Src/stm32u5xx_hal_rcc.c **** /**
2043:Drivers/STM32U5xx_HAL_Driver/Src/stm32u5xx_hal_rcc.c ****   * @brief  RCC Clock Security System interrupt callback.
2044:Drivers/STM32U5xx_HAL_Driver/Src/stm32u5xx_hal_rcc.c ****   * @retval none
2045:Drivers/STM32U5xx_HAL_Driver/Src/stm32u5xx_hal_rcc.c ****   */
2046:Drivers/STM32U5xx_HAL_Driver/Src/stm32u5xx_hal_rcc.c **** __weak void HAL_RCC_CSSCallback(void)
2047:Drivers/STM32U5xx_HAL_Driver/Src/stm32u5xx_hal_rcc.c **** {
2048:Drivers/STM32U5xx_HAL_Driver/Src/stm32u5xx_hal_rcc.c ****   /* NOTE : This function should not be modified, when the callback is needed,
2049:Drivers/STM32U5xx_HAL_Driver/Src/stm32u5xx_hal_rcc.c ****             the HAL_RCC_CSSCallback should be implemented in the user file
2050:Drivers/STM32U5xx_HAL_Driver/Src/stm32u5xx_hal_rcc.c ****    */
2051:Drivers/STM32U5xx_HAL_Driver/Src/stm32u5xx_hal_rcc.c **** }
2052:Drivers/STM32U5xx_HAL_Driver/Src/stm32u5xx_hal_rcc.c **** 
2053:Drivers/STM32U5xx_HAL_Driver/Src/stm32u5xx_hal_rcc.c **** /**
2054:Drivers/STM32U5xx_HAL_Driver/Src/stm32u5xx_hal_rcc.c ****   * @}
2055:Drivers/STM32U5xx_HAL_Driver/Src/stm32u5xx_hal_rcc.c ****   */
2056:Drivers/STM32U5xx_HAL_Driver/Src/stm32u5xx_hal_rcc.c **** /** @defgroup RCC_Exported_Functions_Group3 Attributes management functions
2057:Drivers/STM32U5xx_HAL_Driver/Src/stm32u5xx_hal_rcc.c ****   *  @brief Attributes management functions.
2058:Drivers/STM32U5xx_HAL_Driver/Src/stm32u5xx_hal_rcc.c ****   *
2059:Drivers/STM32U5xx_HAL_Driver/Src/stm32u5xx_hal_rcc.c **** @verbatim
2060:Drivers/STM32U5xx_HAL_Driver/Src/stm32u5xx_hal_rcc.c ****  ===============================================================================
2061:Drivers/STM32U5xx_HAL_Driver/Src/stm32u5xx_hal_rcc.c ****                        ##### RCC attributes functions #####
2062:Drivers/STM32U5xx_HAL_Driver/Src/stm32u5xx_hal_rcc.c ****  ===============================================================================
2063:Drivers/STM32U5xx_HAL_Driver/Src/stm32u5xx_hal_rcc.c **** @endverbatim
2064:Drivers/STM32U5xx_HAL_Driver/Src/stm32u5xx_hal_rcc.c ****   * @{
2065:Drivers/STM32U5xx_HAL_Driver/Src/stm32u5xx_hal_rcc.c ****   */
2066:Drivers/STM32U5xx_HAL_Driver/Src/stm32u5xx_hal_rcc.c **** /**
2067:Drivers/STM32U5xx_HAL_Driver/Src/stm32u5xx_hal_rcc.c ****   * @brief  Configure the RCC item attribute(s).
2068:Drivers/STM32U5xx_HAL_Driver/Src/stm32u5xx_hal_rcc.c ****   * @note   Available attributes are to secure items and set RCC as privileged.
2069:Drivers/STM32U5xx_HAL_Driver/Src/stm32u5xx_hal_rcc.c ****   * @note   As the privileged attributes concern either all secure or all
2070:Drivers/STM32U5xx_HAL_Driver/Src/stm32u5xx_hal_rcc.c ****   *         non-secure RCC resources accesses and not each RCC individual items
2071:Drivers/STM32U5xx_HAL_Driver/Src/stm32u5xx_hal_rcc.c ****   *         access attribute, the application must ensure that the privilege
2072:Drivers/STM32U5xx_HAL_Driver/Src/stm32u5xx_hal_rcc.c ****   *         access attribute configurations are coherent amongst the security
2073:Drivers/STM32U5xx_HAL_Driver/Src/stm32u5xx_hal_rcc.c ****   *         level set on RCC individual items so not to overwrite a previous
2074:Drivers/STM32U5xx_HAL_Driver/Src/stm32u5xx_hal_rcc.c ****   *         more restricted access rule (consider either all secure and/or all
2075:Drivers/STM32U5xx_HAL_Driver/Src/stm32u5xx_hal_rcc.c ****   *         non-secure RCC resources accesses by privileged-only transactions or
2076:Drivers/STM32U5xx_HAL_Driver/Src/stm32u5xx_hal_rcc.c ****   *         privileged and unprivileged transactions).
2077:Drivers/STM32U5xx_HAL_Driver/Src/stm32u5xx_hal_rcc.c ****   * @param  Item Item(s) to set attributes on.
2078:Drivers/STM32U5xx_HAL_Driver/Src/stm32u5xx_hal_rcc.c ****   *         This parameter can be a one or a combination of @ref RCC_items
2079:Drivers/STM32U5xx_HAL_Driver/Src/stm32u5xx_hal_rcc.c ****   * @param  Attributes specifies the RCC secure/privilege attributes.
2080:Drivers/STM32U5xx_HAL_Driver/Src/stm32u5xx_hal_rcc.c ****   *         This parameter can be a value of @ref RCC_attributes
2081:Drivers/STM32U5xx_HAL_Driver/Src/stm32u5xx_hal_rcc.c ****   * @retval None
ARM GAS  /var/folders/j8/bx6g0dyx2gg_pdn7l_y1sb9c0000gn/T//cc64Wppv.s 			page 38


2082:Drivers/STM32U5xx_HAL_Driver/Src/stm32u5xx_hal_rcc.c ****   */
2083:Drivers/STM32U5xx_HAL_Driver/Src/stm32u5xx_hal_rcc.c **** void HAL_RCC_ConfigAttributes(uint32_t Item, uint32_t Attributes)
2084:Drivers/STM32U5xx_HAL_Driver/Src/stm32u5xx_hal_rcc.c **** {
2085:Drivers/STM32U5xx_HAL_Driver/Src/stm32u5xx_hal_rcc.c ****   /* Check the parameters */
2086:Drivers/STM32U5xx_HAL_Driver/Src/stm32u5xx_hal_rcc.c ****   assert_param(IS_RCC_ITEM_ATTRIBUTES(Item));
2087:Drivers/STM32U5xx_HAL_Driver/Src/stm32u5xx_hal_rcc.c ****   assert_param(IS_RCC_ATTRIBUTES(Attributes));
2088:Drivers/STM32U5xx_HAL_Driver/Src/stm32u5xx_hal_rcc.c **** 
2089:Drivers/STM32U5xx_HAL_Driver/Src/stm32u5xx_hal_rcc.c ****   switch (Attributes)
2090:Drivers/STM32U5xx_HAL_Driver/Src/stm32u5xx_hal_rcc.c ****   {
2091:Drivers/STM32U5xx_HAL_Driver/Src/stm32u5xx_hal_rcc.c **** #if defined (__ARM_FEATURE_CMSE) && (__ARM_FEATURE_CMSE == 3U)
2092:Drivers/STM32U5xx_HAL_Driver/Src/stm32u5xx_hal_rcc.c ****     /* Secure Privilege attribute */
2093:Drivers/STM32U5xx_HAL_Driver/Src/stm32u5xx_hal_rcc.c ****     case RCC_SEC_PRIV:
2094:Drivers/STM32U5xx_HAL_Driver/Src/stm32u5xx_hal_rcc.c ****       SET_BIT(RCC->SECCFGR, Item);
2095:Drivers/STM32U5xx_HAL_Driver/Src/stm32u5xx_hal_rcc.c ****       SET_BIT(RCC->PRIVCFGR, RCC_PRIVCFGR_SPRIV);
2096:Drivers/STM32U5xx_HAL_Driver/Src/stm32u5xx_hal_rcc.c ****       break;
2097:Drivers/STM32U5xx_HAL_Driver/Src/stm32u5xx_hal_rcc.c ****     /* Secure Non-Privilege attribute */
2098:Drivers/STM32U5xx_HAL_Driver/Src/stm32u5xx_hal_rcc.c ****     case RCC_SEC_NPRIV:
2099:Drivers/STM32U5xx_HAL_Driver/Src/stm32u5xx_hal_rcc.c ****       SET_BIT(RCC->SECCFGR, Item);
2100:Drivers/STM32U5xx_HAL_Driver/Src/stm32u5xx_hal_rcc.c ****       CLEAR_BIT(RCC->PRIVCFGR, RCC_PRIVCFGR_SPRIV);
2101:Drivers/STM32U5xx_HAL_Driver/Src/stm32u5xx_hal_rcc.c ****       break;
2102:Drivers/STM32U5xx_HAL_Driver/Src/stm32u5xx_hal_rcc.c ****     /* Non-secure Privilege attribute */
2103:Drivers/STM32U5xx_HAL_Driver/Src/stm32u5xx_hal_rcc.c ****     case RCC_NSEC_PRIV:
2104:Drivers/STM32U5xx_HAL_Driver/Src/stm32u5xx_hal_rcc.c ****       CLEAR_BIT(RCC->SECCFGR, Item);
2105:Drivers/STM32U5xx_HAL_Driver/Src/stm32u5xx_hal_rcc.c ****       SET_BIT(RCC->PRIVCFGR, RCC_PRIVCFGR_NSPRIV);
2106:Drivers/STM32U5xx_HAL_Driver/Src/stm32u5xx_hal_rcc.c ****       break;
2107:Drivers/STM32U5xx_HAL_Driver/Src/stm32u5xx_hal_rcc.c ****     /* Non-secure Non-Privilege attribute */
2108:Drivers/STM32U5xx_HAL_Driver/Src/stm32u5xx_hal_rcc.c ****     case RCC_NSEC_NPRIV:
2109:Drivers/STM32U5xx_HAL_Driver/Src/stm32u5xx_hal_rcc.c ****       CLEAR_BIT(RCC->SECCFGR, Item);
2110:Drivers/STM32U5xx_HAL_Driver/Src/stm32u5xx_hal_rcc.c ****       CLEAR_BIT(RCC->PRIVCFGR, RCC_PRIVCFGR_NSPRIV);
2111:Drivers/STM32U5xx_HAL_Driver/Src/stm32u5xx_hal_rcc.c ****       break;
2112:Drivers/STM32U5xx_HAL_Driver/Src/stm32u5xx_hal_rcc.c **** #else    
2113:Drivers/STM32U5xx_HAL_Driver/Src/stm32u5xx_hal_rcc.c ****     /* Non-secure Privilege attribute */
2114:Drivers/STM32U5xx_HAL_Driver/Src/stm32u5xx_hal_rcc.c ****     case RCC_NSEC_PRIV:
2115:Drivers/STM32U5xx_HAL_Driver/Src/stm32u5xx_hal_rcc.c ****       SET_BIT(RCC->PRIVCFGR, RCC_PRIVCFGR_NSPRIV);
2116:Drivers/STM32U5xx_HAL_Driver/Src/stm32u5xx_hal_rcc.c ****       /* Prevent unused argument(s) compilation warning */
2117:Drivers/STM32U5xx_HAL_Driver/Src/stm32u5xx_hal_rcc.c ****       UNUSED(Item);
2118:Drivers/STM32U5xx_HAL_Driver/Src/stm32u5xx_hal_rcc.c ****       break;
2119:Drivers/STM32U5xx_HAL_Driver/Src/stm32u5xx_hal_rcc.c ****     /* Non-secure Non-Privilege attribute */
2120:Drivers/STM32U5xx_HAL_Driver/Src/stm32u5xx_hal_rcc.c ****     case RCC_NSEC_NPRIV:
2121:Drivers/STM32U5xx_HAL_Driver/Src/stm32u5xx_hal_rcc.c ****       CLEAR_BIT(RCC->PRIVCFGR, RCC_PRIVCFGR_NSPRIV);
2122:Drivers/STM32U5xx_HAL_Driver/Src/stm32u5xx_hal_rcc.c ****       /* Prevent unused argument(s) compilation warning */
2123:Drivers/STM32U5xx_HAL_Driver/Src/stm32u5xx_hal_rcc.c ****       UNUSED(Item);
2124:Drivers/STM32U5xx_HAL_Driver/Src/stm32u5xx_hal_rcc.c ****       break;
2125:Drivers/STM32U5xx_HAL_Driver/Src/stm32u5xx_hal_rcc.c **** #endif /* __ARM_FEATURE_CMSE */
2126:Drivers/STM32U5xx_HAL_Driver/Src/stm32u5xx_hal_rcc.c ****     default:
2127:Drivers/STM32U5xx_HAL_Driver/Src/stm32u5xx_hal_rcc.c ****       /* Nothing to do */
2128:Drivers/STM32U5xx_HAL_Driver/Src/stm32u5xx_hal_rcc.c ****       break;
2129:Drivers/STM32U5xx_HAL_Driver/Src/stm32u5xx_hal_rcc.c ****   }
2130:Drivers/STM32U5xx_HAL_Driver/Src/stm32u5xx_hal_rcc.c **** }
2131:Drivers/STM32U5xx_HAL_Driver/Src/stm32u5xx_hal_rcc.c **** /**
2132:Drivers/STM32U5xx_HAL_Driver/Src/stm32u5xx_hal_rcc.c ****   * @}
2133:Drivers/STM32U5xx_HAL_Driver/Src/stm32u5xx_hal_rcc.c ****   */
2134:Drivers/STM32U5xx_HAL_Driver/Src/stm32u5xx_hal_rcc.c **** 
2135:Drivers/STM32U5xx_HAL_Driver/Src/stm32u5xx_hal_rcc.c **** /**
2136:Drivers/STM32U5xx_HAL_Driver/Src/stm32u5xx_hal_rcc.c ****   * @brief  Get the attribute of a RCC item.
2137:Drivers/STM32U5xx_HAL_Driver/Src/stm32u5xx_hal_rcc.c ****   * @note   Secure and non-secure attributes are only available from secure state
2138:Drivers/STM32U5xx_HAL_Driver/Src/stm32u5xx_hal_rcc.c ****   *         when the system implements the security (TZEN=1)
ARM GAS  /var/folders/j8/bx6g0dyx2gg_pdn7l_y1sb9c0000gn/T//cc64Wppv.s 			page 39


2139:Drivers/STM32U5xx_HAL_Driver/Src/stm32u5xx_hal_rcc.c ****   * @param  Item Single item to get secure/non-secure and privilege/non-privilege attribute from.
2140:Drivers/STM32U5xx_HAL_Driver/Src/stm32u5xx_hal_rcc.c ****   *         This parameter can be a one value of @ref RCC_items except RCC_ALL.
2141:Drivers/STM32U5xx_HAL_Driver/Src/stm32u5xx_hal_rcc.c ****   * @param  pAttributes pointer to return the attributes.
2142:Drivers/STM32U5xx_HAL_Driver/Src/stm32u5xx_hal_rcc.c ****   * @retval HAL Status.
2143:Drivers/STM32U5xx_HAL_Driver/Src/stm32u5xx_hal_rcc.c ****   */
2144:Drivers/STM32U5xx_HAL_Driver/Src/stm32u5xx_hal_rcc.c **** HAL_StatusTypeDef HAL_RCC_GetConfigAttributes(uint32_t Item, uint32_t *pAttributes)
2145:Drivers/STM32U5xx_HAL_Driver/Src/stm32u5xx_hal_rcc.c **** {
2146:Drivers/STM32U5xx_HAL_Driver/Src/stm32u5xx_hal_rcc.c ****   uint32_t attributes;
2147:Drivers/STM32U5xx_HAL_Driver/Src/stm32u5xx_hal_rcc.c **** 
2148:Drivers/STM32U5xx_HAL_Driver/Src/stm32u5xx_hal_rcc.c ****   /* Check null pointer */
2149:Drivers/STM32U5xx_HAL_Driver/Src/stm32u5xx_hal_rcc.c ****   if (pAttributes == NULL)
2150:Drivers/STM32U5xx_HAL_Driver/Src/stm32u5xx_hal_rcc.c ****   {
2151:Drivers/STM32U5xx_HAL_Driver/Src/stm32u5xx_hal_rcc.c ****     return HAL_ERROR;
2152:Drivers/STM32U5xx_HAL_Driver/Src/stm32u5xx_hal_rcc.c ****   }
2153:Drivers/STM32U5xx_HAL_Driver/Src/stm32u5xx_hal_rcc.c **** 
2154:Drivers/STM32U5xx_HAL_Driver/Src/stm32u5xx_hal_rcc.c ****   /* Check the parameters */
2155:Drivers/STM32U5xx_HAL_Driver/Src/stm32u5xx_hal_rcc.c ****   assert_param(IS_RCC_ITEM_ATTRIBUTES(Item));
2156:Drivers/STM32U5xx_HAL_Driver/Src/stm32u5xx_hal_rcc.c **** 
2157:Drivers/STM32U5xx_HAL_Driver/Src/stm32u5xx_hal_rcc.c **** #if defined (__ARM_FEATURE_CMSE) && (__ARM_FEATURE_CMSE == 3U)
2158:Drivers/STM32U5xx_HAL_Driver/Src/stm32u5xx_hal_rcc.c **** 
2159:Drivers/STM32U5xx_HAL_Driver/Src/stm32u5xx_hal_rcc.c ****   /* Check item security */
2160:Drivers/STM32U5xx_HAL_Driver/Src/stm32u5xx_hal_rcc.c ****   if ((RCC->SECCFGR & Item) == Item)
2161:Drivers/STM32U5xx_HAL_Driver/Src/stm32u5xx_hal_rcc.c ****   {
2162:Drivers/STM32U5xx_HAL_Driver/Src/stm32u5xx_hal_rcc.c ****     /* Get Secure privileges attribute */
2163:Drivers/STM32U5xx_HAL_Driver/Src/stm32u5xx_hal_rcc.c ****     attributes = ((RCC->PRIVCFGR & RCC_PRIVCFGR_SPRIV) == 0U) ? RCC_SEC_NPRIV : RCC_SEC_PRIV;
2164:Drivers/STM32U5xx_HAL_Driver/Src/stm32u5xx_hal_rcc.c ****   }
2165:Drivers/STM32U5xx_HAL_Driver/Src/stm32u5xx_hal_rcc.c ****   else
2166:Drivers/STM32U5xx_HAL_Driver/Src/stm32u5xx_hal_rcc.c ****   {
2167:Drivers/STM32U5xx_HAL_Driver/Src/stm32u5xx_hal_rcc.c ****     /* Get Non-Secure privileges attribute */
2168:Drivers/STM32U5xx_HAL_Driver/Src/stm32u5xx_hal_rcc.c ****     attributes = ((RCC->PRIVCFGR & RCC_PRIVCFGR_NSPRIV) == 0U) ? RCC_NSEC_NPRIV : RCC_NSEC_PRIV;
2169:Drivers/STM32U5xx_HAL_Driver/Src/stm32u5xx_hal_rcc.c ****   }
2170:Drivers/STM32U5xx_HAL_Driver/Src/stm32u5xx_hal_rcc.c **** #else
2171:Drivers/STM32U5xx_HAL_Driver/Src/stm32u5xx_hal_rcc.c ****   /* Get Non-Secure privileges attribute */
2172:Drivers/STM32U5xx_HAL_Driver/Src/stm32u5xx_hal_rcc.c ****   attributes = ((RCC->PRIVCFGR & RCC_PRIVCFGR_NSPRIV) == 0U) ? RCC_NSEC_NPRIV : RCC_NSEC_PRIV;
2173:Drivers/STM32U5xx_HAL_Driver/Src/stm32u5xx_hal_rcc.c ****   /* Prevent unused argument(s) compilation warning */
2174:Drivers/STM32U5xx_HAL_Driver/Src/stm32u5xx_hal_rcc.c ****   UNUSED(Item);
2175:Drivers/STM32U5xx_HAL_Driver/Src/stm32u5xx_hal_rcc.c **** 
2176:Drivers/STM32U5xx_HAL_Driver/Src/stm32u5xx_hal_rcc.c **** #endif /* __ARM_FEATURE_CMSE */
2177:Drivers/STM32U5xx_HAL_Driver/Src/stm32u5xx_hal_rcc.c **** 
2178:Drivers/STM32U5xx_HAL_Driver/Src/stm32u5xx_hal_rcc.c ****   /* return value */
2179:Drivers/STM32U5xx_HAL_Driver/Src/stm32u5xx_hal_rcc.c ****   *pAttributes = attributes;
2180:Drivers/STM32U5xx_HAL_Driver/Src/stm32u5xx_hal_rcc.c **** 
2181:Drivers/STM32U5xx_HAL_Driver/Src/stm32u5xx_hal_rcc.c ****   return HAL_OK;
2182:Drivers/STM32U5xx_HAL_Driver/Src/stm32u5xx_hal_rcc.c **** }
2183:Drivers/STM32U5xx_HAL_Driver/Src/stm32u5xx_hal_rcc.c **** /**
2184:Drivers/STM32U5xx_HAL_Driver/Src/stm32u5xx_hal_rcc.c ****   * @}
2185:Drivers/STM32U5xx_HAL_Driver/Src/stm32u5xx_hal_rcc.c ****   */
2186:Drivers/STM32U5xx_HAL_Driver/Src/stm32u5xx_hal_rcc.c **** 
2187:Drivers/STM32U5xx_HAL_Driver/Src/stm32u5xx_hal_rcc.c **** /* Private function prototypes -----------------------------------------------*/
2188:Drivers/STM32U5xx_HAL_Driver/Src/stm32u5xx_hal_rcc.c **** /** @addtogroup RCC_Private_Functions
2189:Drivers/STM32U5xx_HAL_Driver/Src/stm32u5xx_hal_rcc.c ****   * @{
2190:Drivers/STM32U5xx_HAL_Driver/Src/stm32u5xx_hal_rcc.c ****   */
2191:Drivers/STM32U5xx_HAL_Driver/Src/stm32u5xx_hal_rcc.c **** /**
2192:Drivers/STM32U5xx_HAL_Driver/Src/stm32u5xx_hal_rcc.c ****   * @brief  Update number of Flash wait states in line with MSI range and current
2193:Drivers/STM32U5xx_HAL_Driver/Src/stm32u5xx_hal_rcc.c ****             voltage range.
2194:Drivers/STM32U5xx_HAL_Driver/Src/stm32u5xx_hal_rcc.c ****   * @param  msirange  MSI range value from RCC_MSIRANGE_0 to RCC_MSIRANGE_15
2195:Drivers/STM32U5xx_HAL_Driver/Src/stm32u5xx_hal_rcc.c ****   * @retval HAL status
ARM GAS  /var/folders/j8/bx6g0dyx2gg_pdn7l_y1sb9c0000gn/T//cc64Wppv.s 			page 40


2196:Drivers/STM32U5xx_HAL_Driver/Src/stm32u5xx_hal_rcc.c ****   */
2197:Drivers/STM32U5xx_HAL_Driver/Src/stm32u5xx_hal_rcc.c **** static HAL_StatusTypeDef RCC_SetFlashLatencyFromMSIRange(uint32_t msirange)
2198:Drivers/STM32U5xx_HAL_Driver/Src/stm32u5xx_hal_rcc.c **** {
  30              		.loc 1 2198 1 view -0
  31              		.cfi_startproc
  32              		@ args = 0, pretend = 0, frame = 8
  33              		@ frame_needed = 0, uses_anonymous_args = 0
  34              		.loc 1 2198 1 is_stmt 0 view .LVU1
  35 0000 30B5     		push	{r4, r5, lr}
  36              	.LCFI0:
  37              		.cfi_def_cfa_offset 12
  38              		.cfi_offset 4, -12
  39              		.cfi_offset 5, -8
  40              		.cfi_offset 14, -4
  41 0002 83B0     		sub	sp, sp, #12
  42              	.LCFI1:
  43              		.cfi_def_cfa_offset 24
  44 0004 0446     		mov	r4, r0
2199:Drivers/STM32U5xx_HAL_Driver/Src/stm32u5xx_hal_rcc.c ****   uint32_t vos;
  45              		.loc 1 2199 3 is_stmt 1 view .LVU2
2200:Drivers/STM32U5xx_HAL_Driver/Src/stm32u5xx_hal_rcc.c ****   uint32_t latency;  /* default value 0WS */
  46              		.loc 1 2200 3 view .LVU3
2201:Drivers/STM32U5xx_HAL_Driver/Src/stm32u5xx_hal_rcc.c **** 
2202:Drivers/STM32U5xx_HAL_Driver/Src/stm32u5xx_hal_rcc.c ****   if (__HAL_RCC_PWR_IS_CLK_ENABLED())
  47              		.loc 1 2202 3 view .LVU4
  48              		.loc 1 2202 7 is_stmt 0 view .LVU5
  49 0006 2D4B     		ldr	r3, .L20
  50 0008 D3F89430 		ldr	r3, [r3, #148]
  51              		.loc 1 2202 6 view .LVU6
  52 000c 13F0040F 		tst	r3, #4
  53 0010 0FD0     		beq	.L2
2203:Drivers/STM32U5xx_HAL_Driver/Src/stm32u5xx_hal_rcc.c ****   {
2204:Drivers/STM32U5xx_HAL_Driver/Src/stm32u5xx_hal_rcc.c ****     vos = HAL_PWREx_GetVoltageRange();
  54              		.loc 1 2204 5 is_stmt 1 view .LVU7
  55              		.loc 1 2204 11 is_stmt 0 view .LVU8
  56 0012 FFF7FEFF 		bl	HAL_PWREx_GetVoltageRange
  57              	.LVL1:
  58              	.L3:
2205:Drivers/STM32U5xx_HAL_Driver/Src/stm32u5xx_hal_rcc.c ****   }
2206:Drivers/STM32U5xx_HAL_Driver/Src/stm32u5xx_hal_rcc.c ****   else
2207:Drivers/STM32U5xx_HAL_Driver/Src/stm32u5xx_hal_rcc.c ****   {
2208:Drivers/STM32U5xx_HAL_Driver/Src/stm32u5xx_hal_rcc.c ****     __HAL_RCC_PWR_CLK_ENABLE();
2209:Drivers/STM32U5xx_HAL_Driver/Src/stm32u5xx_hal_rcc.c ****     vos = HAL_PWREx_GetVoltageRange();
2210:Drivers/STM32U5xx_HAL_Driver/Src/stm32u5xx_hal_rcc.c ****     __HAL_RCC_PWR_CLK_DISABLE();
2211:Drivers/STM32U5xx_HAL_Driver/Src/stm32u5xx_hal_rcc.c ****   }
2212:Drivers/STM32U5xx_HAL_Driver/Src/stm32u5xx_hal_rcc.c **** 
2213:Drivers/STM32U5xx_HAL_Driver/Src/stm32u5xx_hal_rcc.c ****   if ((vos == PWR_REGULATOR_VOLTAGE_SCALE1) || (vos == PWR_REGULATOR_VOLTAGE_SCALE2))
  59              		.loc 1 2213 3 is_stmt 1 view .LVU9
  60              		.loc 1 2213 6 is_stmt 0 view .LVU10
  61 0016 B0F5403F 		cmp	r0, #196608
  62 001a 20D0     		beq	.L4
  63              		.loc 1 2213 45 discriminator 1 view .LVU11
  64 001c B0F5003F 		cmp	r0, #131072
  65 0020 1DD0     		beq	.L4
2214:Drivers/STM32U5xx_HAL_Driver/Src/stm32u5xx_hal_rcc.c ****   {
2215:Drivers/STM32U5xx_HAL_Driver/Src/stm32u5xx_hal_rcc.c **** 
2216:Drivers/STM32U5xx_HAL_Driver/Src/stm32u5xx_hal_rcc.c ****     if (msirange < RCC_MSIRANGE_1)
ARM GAS  /var/folders/j8/bx6g0dyx2gg_pdn7l_y1sb9c0000gn/T//cc64Wppv.s 			page 41


2217:Drivers/STM32U5xx_HAL_Driver/Src/stm32u5xx_hal_rcc.c ****     {
2218:Drivers/STM32U5xx_HAL_Driver/Src/stm32u5xx_hal_rcc.c ****       /* MSI = 48Mhz */
2219:Drivers/STM32U5xx_HAL_Driver/Src/stm32u5xx_hal_rcc.c ****       latency = FLASH_LATENCY_1; /* 1WS */
2220:Drivers/STM32U5xx_HAL_Driver/Src/stm32u5xx_hal_rcc.c ****     }
2221:Drivers/STM32U5xx_HAL_Driver/Src/stm32u5xx_hal_rcc.c ****     else
2222:Drivers/STM32U5xx_HAL_Driver/Src/stm32u5xx_hal_rcc.c ****     {
2223:Drivers/STM32U5xx_HAL_Driver/Src/stm32u5xx_hal_rcc.c ****       /*  MSI < 48Mhz */
2224:Drivers/STM32U5xx_HAL_Driver/Src/stm32u5xx_hal_rcc.c ****       latency = FLASH_LATENCY_0; /* 0WS */
2225:Drivers/STM32U5xx_HAL_Driver/Src/stm32u5xx_hal_rcc.c ****     }
2226:Drivers/STM32U5xx_HAL_Driver/Src/stm32u5xx_hal_rcc.c ****   }
2227:Drivers/STM32U5xx_HAL_Driver/Src/stm32u5xx_hal_rcc.c ****   else
2228:Drivers/STM32U5xx_HAL_Driver/Src/stm32u5xx_hal_rcc.c ****   {
2229:Drivers/STM32U5xx_HAL_Driver/Src/stm32u5xx_hal_rcc.c ****     if (msirange < RCC_MSIRANGE_1)
  66              		.loc 1 2229 5 is_stmt 1 view .LVU12
  67              		.loc 1 2229 8 is_stmt 0 view .LVU13
  68 0022 B4F1805F 		cmp	r4, #268435456
  69 0026 2CD2     		bcs	.L7
2230:Drivers/STM32U5xx_HAL_Driver/Src/stm32u5xx_hal_rcc.c ****     {
2231:Drivers/STM32U5xx_HAL_Driver/Src/stm32u5xx_hal_rcc.c ****       /* MSI = 48Mhz */
2232:Drivers/STM32U5xx_HAL_Driver/Src/stm32u5xx_hal_rcc.c ****       if (vos == PWR_REGULATOR_VOLTAGE_SCALE3)
  70              		.loc 1 2232 7 is_stmt 1 view .LVU14
  71              		.loc 1 2232 10 is_stmt 0 view .LVU15
  72 0028 B0F5803F 		cmp	r0, #65536
  73 002c 40D0     		beq	.L11
2233:Drivers/STM32U5xx_HAL_Driver/Src/stm32u5xx_hal_rcc.c ****       {
2234:Drivers/STM32U5xx_HAL_Driver/Src/stm32u5xx_hal_rcc.c ****         latency = FLASH_LATENCY_3; /* 3WS */
2235:Drivers/STM32U5xx_HAL_Driver/Src/stm32u5xx_hal_rcc.c ****       }
2236:Drivers/STM32U5xx_HAL_Driver/Src/stm32u5xx_hal_rcc.c ****       else
2237:Drivers/STM32U5xx_HAL_Driver/Src/stm32u5xx_hal_rcc.c ****       {
2238:Drivers/STM32U5xx_HAL_Driver/Src/stm32u5xx_hal_rcc.c ****         return HAL_ERROR;
  74              		.loc 1 2238 16 view .LVU16
  75 002e 0120     		movs	r0, #1
  76              	.LVL2:
  77              		.loc 1 2238 16 view .LVU17
  78 0030 25E0     		b	.L8
  79              	.LVL3:
  80              	.L2:
2208:Drivers/STM32U5xx_HAL_Driver/Src/stm32u5xx_hal_rcc.c ****     vos = HAL_PWREx_GetVoltageRange();
  81              		.loc 1 2208 5 is_stmt 1 view .LVU18
  82              	.LBB2:
2208:Drivers/STM32U5xx_HAL_Driver/Src/stm32u5xx_hal_rcc.c ****     vos = HAL_PWREx_GetVoltageRange();
  83              		.loc 1 2208 5 view .LVU19
2208:Drivers/STM32U5xx_HAL_Driver/Src/stm32u5xx_hal_rcc.c ****     vos = HAL_PWREx_GetVoltageRange();
  84              		.loc 1 2208 5 view .LVU20
  85 0032 224D     		ldr	r5, .L20
  86 0034 D5F89430 		ldr	r3, [r5, #148]
  87 0038 43F00403 		orr	r3, r3, #4
  88 003c C5F89430 		str	r3, [r5, #148]
2208:Drivers/STM32U5xx_HAL_Driver/Src/stm32u5xx_hal_rcc.c ****     vos = HAL_PWREx_GetVoltageRange();
  89              		.loc 1 2208 5 view .LVU21
  90 0040 D5F89430 		ldr	r3, [r5, #148]
  91 0044 03F00403 		and	r3, r3, #4
  92 0048 0193     		str	r3, [sp, #4]
2208:Drivers/STM32U5xx_HAL_Driver/Src/stm32u5xx_hal_rcc.c ****     vos = HAL_PWREx_GetVoltageRange();
  93              		.loc 1 2208 5 view .LVU22
  94 004a 019B     		ldr	r3, [sp, #4]
  95              	.LBE2:
ARM GAS  /var/folders/j8/bx6g0dyx2gg_pdn7l_y1sb9c0000gn/T//cc64Wppv.s 			page 42


2208:Drivers/STM32U5xx_HAL_Driver/Src/stm32u5xx_hal_rcc.c ****     vos = HAL_PWREx_GetVoltageRange();
  96              		.loc 1 2208 5 view .LVU23
2209:Drivers/STM32U5xx_HAL_Driver/Src/stm32u5xx_hal_rcc.c ****     __HAL_RCC_PWR_CLK_DISABLE();
  97              		.loc 1 2209 5 view .LVU24
2209:Drivers/STM32U5xx_HAL_Driver/Src/stm32u5xx_hal_rcc.c ****     __HAL_RCC_PWR_CLK_DISABLE();
  98              		.loc 1 2209 11 is_stmt 0 view .LVU25
  99 004c FFF7FEFF 		bl	HAL_PWREx_GetVoltageRange
 100              	.LVL4:
2210:Drivers/STM32U5xx_HAL_Driver/Src/stm32u5xx_hal_rcc.c ****   }
 101              		.loc 1 2210 5 is_stmt 1 view .LVU26
 102 0050 D5F89430 		ldr	r3, [r5, #148]
 103 0054 23F00403 		bic	r3, r3, #4
 104 0058 C5F89430 		str	r3, [r5, #148]
 105 005c DBE7     		b	.L3
 106              	.L4:
2216:Drivers/STM32U5xx_HAL_Driver/Src/stm32u5xx_hal_rcc.c ****     {
 107              		.loc 1 2216 5 view .LVU27
2216:Drivers/STM32U5xx_HAL_Driver/Src/stm32u5xx_hal_rcc.c ****     {
 108              		.loc 1 2216 8 is_stmt 0 view .LVU28
 109 005e B4F1805F 		cmp	r4, #268435456
 110 0062 23D2     		bcs	.L10
2219:Drivers/STM32U5xx_HAL_Driver/Src/stm32u5xx_hal_rcc.c ****     }
 111              		.loc 1 2219 15 view .LVU29
 112 0064 0120     		movs	r0, #1
 113              	.LVL5:
 114              	.L6:
2239:Drivers/STM32U5xx_HAL_Driver/Src/stm32u5xx_hal_rcc.c ****       }
2240:Drivers/STM32U5xx_HAL_Driver/Src/stm32u5xx_hal_rcc.c ****     }
2241:Drivers/STM32U5xx_HAL_Driver/Src/stm32u5xx_hal_rcc.c ****     else
2242:Drivers/STM32U5xx_HAL_Driver/Src/stm32u5xx_hal_rcc.c ****     {
2243:Drivers/STM32U5xx_HAL_Driver/Src/stm32u5xx_hal_rcc.c ****       if (msirange > RCC_MSIRANGE_2)
2244:Drivers/STM32U5xx_HAL_Driver/Src/stm32u5xx_hal_rcc.c ****       {
2245:Drivers/STM32U5xx_HAL_Driver/Src/stm32u5xx_hal_rcc.c ****         if (vos == PWR_REGULATOR_VOLTAGE_SCALE4)
2246:Drivers/STM32U5xx_HAL_Driver/Src/stm32u5xx_hal_rcc.c ****         {
2247:Drivers/STM32U5xx_HAL_Driver/Src/stm32u5xx_hal_rcc.c ****           if (msirange > RCC_MSIRANGE_3)
2248:Drivers/STM32U5xx_HAL_Driver/Src/stm32u5xx_hal_rcc.c ****           {
2249:Drivers/STM32U5xx_HAL_Driver/Src/stm32u5xx_hal_rcc.c ****             latency = FLASH_LATENCY_0; /* 1WS */
2250:Drivers/STM32U5xx_HAL_Driver/Src/stm32u5xx_hal_rcc.c ****           }
2251:Drivers/STM32U5xx_HAL_Driver/Src/stm32u5xx_hal_rcc.c ****           else
2252:Drivers/STM32U5xx_HAL_Driver/Src/stm32u5xx_hal_rcc.c ****           {
2253:Drivers/STM32U5xx_HAL_Driver/Src/stm32u5xx_hal_rcc.c ****             latency = FLASH_LATENCY_1; /* 0WS */
2254:Drivers/STM32U5xx_HAL_Driver/Src/stm32u5xx_hal_rcc.c ****           }
2255:Drivers/STM32U5xx_HAL_Driver/Src/stm32u5xx_hal_rcc.c ****         }
2256:Drivers/STM32U5xx_HAL_Driver/Src/stm32u5xx_hal_rcc.c ****         else
2257:Drivers/STM32U5xx_HAL_Driver/Src/stm32u5xx_hal_rcc.c ****         {
2258:Drivers/STM32U5xx_HAL_Driver/Src/stm32u5xx_hal_rcc.c ****           latency = FLASH_LATENCY_0; /* 0WS */
2259:Drivers/STM32U5xx_HAL_Driver/Src/stm32u5xx_hal_rcc.c ****         }
2260:Drivers/STM32U5xx_HAL_Driver/Src/stm32u5xx_hal_rcc.c ****       }
2261:Drivers/STM32U5xx_HAL_Driver/Src/stm32u5xx_hal_rcc.c ****       else
2262:Drivers/STM32U5xx_HAL_Driver/Src/stm32u5xx_hal_rcc.c ****       {
2263:Drivers/STM32U5xx_HAL_Driver/Src/stm32u5xx_hal_rcc.c ****         if (msirange == RCC_MSIRANGE_1)
2264:Drivers/STM32U5xx_HAL_Driver/Src/stm32u5xx_hal_rcc.c ****         {
2265:Drivers/STM32U5xx_HAL_Driver/Src/stm32u5xx_hal_rcc.c ****           if (vos == PWR_REGULATOR_VOLTAGE_SCALE3)
2266:Drivers/STM32U5xx_HAL_Driver/Src/stm32u5xx_hal_rcc.c ****           {
2267:Drivers/STM32U5xx_HAL_Driver/Src/stm32u5xx_hal_rcc.c ****             latency = FLASH_LATENCY_1; /* 1WS */
2268:Drivers/STM32U5xx_HAL_Driver/Src/stm32u5xx_hal_rcc.c ****           }
2269:Drivers/STM32U5xx_HAL_Driver/Src/stm32u5xx_hal_rcc.c ****           else
ARM GAS  /var/folders/j8/bx6g0dyx2gg_pdn7l_y1sb9c0000gn/T//cc64Wppv.s 			page 43


2270:Drivers/STM32U5xx_HAL_Driver/Src/stm32u5xx_hal_rcc.c ****           {
2271:Drivers/STM32U5xx_HAL_Driver/Src/stm32u5xx_hal_rcc.c ****             latency = FLASH_LATENCY_2; /* 2WS */
2272:Drivers/STM32U5xx_HAL_Driver/Src/stm32u5xx_hal_rcc.c ****           }
2273:Drivers/STM32U5xx_HAL_Driver/Src/stm32u5xx_hal_rcc.c ****         }
2274:Drivers/STM32U5xx_HAL_Driver/Src/stm32u5xx_hal_rcc.c ****         else
2275:Drivers/STM32U5xx_HAL_Driver/Src/stm32u5xx_hal_rcc.c ****         {
2276:Drivers/STM32U5xx_HAL_Driver/Src/stm32u5xx_hal_rcc.c ****           latency = FLASH_LATENCY_1; /* 1WS */
2277:Drivers/STM32U5xx_HAL_Driver/Src/stm32u5xx_hal_rcc.c ****         }
2278:Drivers/STM32U5xx_HAL_Driver/Src/stm32u5xx_hal_rcc.c ****       }
2279:Drivers/STM32U5xx_HAL_Driver/Src/stm32u5xx_hal_rcc.c ****     }
2280:Drivers/STM32U5xx_HAL_Driver/Src/stm32u5xx_hal_rcc.c ****   }
2281:Drivers/STM32U5xx_HAL_Driver/Src/stm32u5xx_hal_rcc.c **** 
2282:Drivers/STM32U5xx_HAL_Driver/Src/stm32u5xx_hal_rcc.c ****   __HAL_FLASH_SET_LATENCY(latency);
 115              		.loc 1 2282 3 is_stmt 1 view .LVU30
 116 0066 164A     		ldr	r2, .L20+4
 117 0068 1368     		ldr	r3, [r2]
 118 006a 23F00F03 		bic	r3, r3, #15
 119 006e 0343     		orrs	r3, r3, r0
 120 0070 1360     		str	r3, [r2]
2283:Drivers/STM32U5xx_HAL_Driver/Src/stm32u5xx_hal_rcc.c **** 
2284:Drivers/STM32U5xx_HAL_Driver/Src/stm32u5xx_hal_rcc.c ****   /* Check that the new number of wait states is taken into account to access the Flash
2285:Drivers/STM32U5xx_HAL_Driver/Src/stm32u5xx_hal_rcc.c ****   memory by reading the FLASH_ACR register */
2286:Drivers/STM32U5xx_HAL_Driver/Src/stm32u5xx_hal_rcc.c ****   if ((FLASH->ACR & FLASH_ACR_LATENCY) != latency)
 121              		.loc 1 2286 3 view .LVU31
 122              		.loc 1 2286 13 is_stmt 0 view .LVU32
 123 0072 1368     		ldr	r3, [r2]
 124              		.loc 1 2286 19 view .LVU33
 125 0074 03F00F03 		and	r3, r3, #15
 126              		.loc 1 2286 6 view .LVU34
 127 0078 8342     		cmp	r3, r0
 128 007a 1DD1     		bne	.L16
2287:Drivers/STM32U5xx_HAL_Driver/Src/stm32u5xx_hal_rcc.c ****   {
2288:Drivers/STM32U5xx_HAL_Driver/Src/stm32u5xx_hal_rcc.c ****     return HAL_ERROR;
2289:Drivers/STM32U5xx_HAL_Driver/Src/stm32u5xx_hal_rcc.c ****   }
2290:Drivers/STM32U5xx_HAL_Driver/Src/stm32u5xx_hal_rcc.c **** 
2291:Drivers/STM32U5xx_HAL_Driver/Src/stm32u5xx_hal_rcc.c ****   return HAL_OK;
 129              		.loc 1 2291 10 view .LVU35
 130 007c 0020     		movs	r0, #0
 131              	.LVL6:
 132              	.L8:
2292:Drivers/STM32U5xx_HAL_Driver/Src/stm32u5xx_hal_rcc.c **** }
 133              		.loc 1 2292 1 view .LVU36
 134 007e 03B0     		add	sp, sp, #12
 135              	.LCFI2:
 136              		.cfi_remember_state
 137              		.cfi_def_cfa_offset 12
 138              		@ sp needed
 139 0080 30BD     		pop	{r4, r5, pc}
 140              	.LVL7:
 141              	.L7:
 142              	.LCFI3:
 143              		.cfi_restore_state
2243:Drivers/STM32U5xx_HAL_Driver/Src/stm32u5xx_hal_rcc.c ****       {
 144              		.loc 1 2243 7 is_stmt 1 view .LVU37
2243:Drivers/STM32U5xx_HAL_Driver/Src/stm32u5xx_hal_rcc.c ****       {
 145              		.loc 1 2243 10 is_stmt 0 view .LVU38
 146 0082 B4F1005F 		cmp	r4, #536870912
ARM GAS  /var/folders/j8/bx6g0dyx2gg_pdn7l_y1sb9c0000gn/T//cc64Wppv.s 			page 44


 147 0086 05D9     		bls	.L9
2245:Drivers/STM32U5xx_HAL_Driver/Src/stm32u5xx_hal_rcc.c ****         {
 148              		.loc 1 2245 9 is_stmt 1 view .LVU39
2245:Drivers/STM32U5xx_HAL_Driver/Src/stm32u5xx_hal_rcc.c ****         {
 149              		.loc 1 2245 12 is_stmt 0 view .LVU40
 150 0088 A0B9     		cbnz	r0, .L12
2247:Drivers/STM32U5xx_HAL_Driver/Src/stm32u5xx_hal_rcc.c ****           {
 151              		.loc 1 2247 11 is_stmt 1 view .LVU41
2247:Drivers/STM32U5xx_HAL_Driver/Src/stm32u5xx_hal_rcc.c ****           {
 152              		.loc 1 2247 14 is_stmt 0 view .LVU42
 153 008a B4F1405F 		cmp	r4, #805306368
 154 008e EAD8     		bhi	.L6
2253:Drivers/STM32U5xx_HAL_Driver/Src/stm32u5xx_hal_rcc.c ****           }
 155              		.loc 1 2253 21 view .LVU43
 156 0090 0120     		movs	r0, #1
 157              	.LVL8:
2253:Drivers/STM32U5xx_HAL_Driver/Src/stm32u5xx_hal_rcc.c ****           }
 158              		.loc 1 2253 21 view .LVU44
 159 0092 E8E7     		b	.L6
 160              	.LVL9:
 161              	.L9:
2263:Drivers/STM32U5xx_HAL_Driver/Src/stm32u5xx_hal_rcc.c ****         {
 162              		.loc 1 2263 9 is_stmt 1 view .LVU45
2263:Drivers/STM32U5xx_HAL_Driver/Src/stm32u5xx_hal_rcc.c ****         {
 163              		.loc 1 2263 12 is_stmt 0 view .LVU46
 164 0094 B4F1805F 		cmp	r4, #268435456
 165 0098 01D0     		beq	.L18
2276:Drivers/STM32U5xx_HAL_Driver/Src/stm32u5xx_hal_rcc.c ****         }
 166              		.loc 1 2276 19 view .LVU47
 167 009a 0120     		movs	r0, #1
 168              	.LVL10:
2276:Drivers/STM32U5xx_HAL_Driver/Src/stm32u5xx_hal_rcc.c ****         }
 169              		.loc 1 2276 19 view .LVU48
 170 009c E3E7     		b	.L6
 171              	.LVL11:
 172              	.L18:
2265:Drivers/STM32U5xx_HAL_Driver/Src/stm32u5xx_hal_rcc.c ****           {
 173              		.loc 1 2265 11 is_stmt 1 view .LVU49
2265:Drivers/STM32U5xx_HAL_Driver/Src/stm32u5xx_hal_rcc.c ****           {
 174              		.loc 1 2265 14 is_stmt 0 view .LVU50
 175 009e B0F5803F 		cmp	r0, #65536
 176 00a2 01D0     		beq	.L19
2271:Drivers/STM32U5xx_HAL_Driver/Src/stm32u5xx_hal_rcc.c ****           }
 177              		.loc 1 2271 21 view .LVU51
 178 00a4 0220     		movs	r0, #2
 179              	.LVL12:
2271:Drivers/STM32U5xx_HAL_Driver/Src/stm32u5xx_hal_rcc.c ****           }
 180              		.loc 1 2271 21 view .LVU52
 181 00a6 DEE7     		b	.L6
 182              	.LVL13:
 183              	.L19:
2267:Drivers/STM32U5xx_HAL_Driver/Src/stm32u5xx_hal_rcc.c ****           }
 184              		.loc 1 2267 21 view .LVU53
 185 00a8 0120     		movs	r0, #1
 186              	.LVL14:
2267:Drivers/STM32U5xx_HAL_Driver/Src/stm32u5xx_hal_rcc.c ****           }
 187              		.loc 1 2267 21 view .LVU54
ARM GAS  /var/folders/j8/bx6g0dyx2gg_pdn7l_y1sb9c0000gn/T//cc64Wppv.s 			page 45


 188 00aa DCE7     		b	.L6
 189              	.LVL15:
 190              	.L10:
2224:Drivers/STM32U5xx_HAL_Driver/Src/stm32u5xx_hal_rcc.c ****     }
 191              		.loc 1 2224 15 view .LVU55
 192 00ac 0020     		movs	r0, #0
 193              	.LVL16:
2224:Drivers/STM32U5xx_HAL_Driver/Src/stm32u5xx_hal_rcc.c ****     }
 194              		.loc 1 2224 15 view .LVU56
 195 00ae DAE7     		b	.L6
 196              	.LVL17:
 197              	.L11:
2234:Drivers/STM32U5xx_HAL_Driver/Src/stm32u5xx_hal_rcc.c ****       }
 198              		.loc 1 2234 17 view .LVU57
 199 00b0 0320     		movs	r0, #3
 200              	.LVL18:
2234:Drivers/STM32U5xx_HAL_Driver/Src/stm32u5xx_hal_rcc.c ****       }
 201              		.loc 1 2234 17 view .LVU58
 202 00b2 D8E7     		b	.L6
 203              	.LVL19:
 204              	.L12:
2258:Drivers/STM32U5xx_HAL_Driver/Src/stm32u5xx_hal_rcc.c ****         }
 205              		.loc 1 2258 19 view .LVU59
 206 00b4 0020     		movs	r0, #0
 207              	.LVL20:
2258:Drivers/STM32U5xx_HAL_Driver/Src/stm32u5xx_hal_rcc.c ****         }
 208              		.loc 1 2258 19 view .LVU60
 209 00b6 D6E7     		b	.L6
 210              	.LVL21:
 211              	.L16:
2288:Drivers/STM32U5xx_HAL_Driver/Src/stm32u5xx_hal_rcc.c ****   }
 212              		.loc 1 2288 12 view .LVU61
 213 00b8 0120     		movs	r0, #1
 214              	.LVL22:
2288:Drivers/STM32U5xx_HAL_Driver/Src/stm32u5xx_hal_rcc.c ****   }
 215              		.loc 1 2288 12 view .LVU62
 216 00ba E0E7     		b	.L8
 217              	.L21:
 218              		.align	2
 219              	.L20:
 220 00bc 000C0246 		.word	1174539264
 221 00c0 00200240 		.word	1073881088
 222              		.cfi_endproc
 223              	.LFE174:
 225              		.section	.text.HAL_RCC_DeInit,"ax",%progbits
 226              		.align	1
 227              		.global	HAL_RCC_DeInit
 228              		.syntax unified
 229              		.thumb
 230              		.thumb_func
 232              	HAL_RCC_DeInit:
 233              	.LFB157:
 361:Drivers/STM32U5xx_HAL_Driver/Src/stm32u5xx_hal_rcc.c ****   uint32_t tickstart;
 234              		.loc 1 361 1 is_stmt 1 view -0
 235              		.cfi_startproc
 236              		@ args = 0, pretend = 0, frame = 0
 237              		@ frame_needed = 0, uses_anonymous_args = 0
ARM GAS  /var/folders/j8/bx6g0dyx2gg_pdn7l_y1sb9c0000gn/T//cc64Wppv.s 			page 46


 238 0000 38B5     		push	{r3, r4, r5, lr}
 239              	.LCFI4:
 240              		.cfi_def_cfa_offset 16
 241              		.cfi_offset 3, -16
 242              		.cfi_offset 4, -12
 243              		.cfi_offset 5, -8
 244              		.cfi_offset 14, -4
 362:Drivers/STM32U5xx_HAL_Driver/Src/stm32u5xx_hal_rcc.c **** 
 245              		.loc 1 362 3 view .LVU64
 364:Drivers/STM32U5xx_HAL_Driver/Src/stm32u5xx_hal_rcc.c **** 
 246              		.loc 1 364 3 view .LVU65
 364:Drivers/STM32U5xx_HAL_Driver/Src/stm32u5xx_hal_rcc.c **** 
 247              		.loc 1 364 15 is_stmt 0 view .LVU66
 248 0002 FFF7FEFF 		bl	HAL_GetTick
 249              	.LVL23:
 250 0006 0446     		mov	r4, r0
 251              	.LVL24:
 367:Drivers/STM32U5xx_HAL_Driver/Src/stm32u5xx_hal_rcc.c **** 
 252              		.loc 1 367 3 is_stmt 1 view .LVU67
 253 0008 514A     		ldr	r2, .L47
 254 000a 1368     		ldr	r3, [r2]
 255 000c 43F00103 		orr	r3, r3, #1
 256 0010 1360     		str	r3, [r2]
 370:Drivers/STM32U5xx_HAL_Driver/Src/stm32u5xx_hal_rcc.c ****   {
 257              		.loc 1 370 3 view .LVU68
 258              	.LVL25:
 259              	.L23:
 370:Drivers/STM32U5xx_HAL_Driver/Src/stm32u5xx_hal_rcc.c ****   {
 260              		.loc 1 370 9 view .LVU69
 370:Drivers/STM32U5xx_HAL_Driver/Src/stm32u5xx_hal_rcc.c ****   {
 261              		.loc 1 370 10 is_stmt 0 view .LVU70
 262 0012 4F4B     		ldr	r3, .L47
 263 0014 1B68     		ldr	r3, [r3]
 370:Drivers/STM32U5xx_HAL_Driver/Src/stm32u5xx_hal_rcc.c ****   {
 264              		.loc 1 370 9 view .LVU71
 265 0016 13F0040F 		tst	r3, #4
 266 001a 06D1     		bne	.L41
 372:Drivers/STM32U5xx_HAL_Driver/Src/stm32u5xx_hal_rcc.c ****     {
 267              		.loc 1 372 5 is_stmt 1 view .LVU72
 372:Drivers/STM32U5xx_HAL_Driver/Src/stm32u5xx_hal_rcc.c ****     {
 268              		.loc 1 372 10 is_stmt 0 view .LVU73
 269 001c FFF7FEFF 		bl	HAL_GetTick
 270              	.LVL26:
 372:Drivers/STM32U5xx_HAL_Driver/Src/stm32u5xx_hal_rcc.c ****     {
 271              		.loc 1 372 24 view .LVU74
 272 0020 001B     		subs	r0, r0, r4
 372:Drivers/STM32U5xx_HAL_Driver/Src/stm32u5xx_hal_rcc.c ****     {
 273              		.loc 1 372 8 view .LVU75
 274 0022 0228     		cmp	r0, #2
 275 0024 F5D9     		bls	.L23
 374:Drivers/STM32U5xx_HAL_Driver/Src/stm32u5xx_hal_rcc.c ****     }
 276              		.loc 1 374 14 view .LVU76
 277 0026 0320     		movs	r0, #3
 278              	.L24:
 509:Drivers/STM32U5xx_HAL_Driver/Src/stm32u5xx_hal_rcc.c **** 
 279              		.loc 1 509 1 view .LVU77
 280 0028 38BD     		pop	{r3, r4, r5, pc}
ARM GAS  /var/folders/j8/bx6g0dyx2gg_pdn7l_y1sb9c0000gn/T//cc64Wppv.s 			page 47


 281              	.LVL27:
 282              	.L41:
 379:Drivers/STM32U5xx_HAL_Driver/Src/stm32u5xx_hal_rcc.c **** 
 283              		.loc 1 379 3 is_stmt 1 view .LVU78
 284 002a 494D     		ldr	r5, .L47
 285 002c AB68     		ldr	r3, [r5, #8]
 286 002e 23F07043 		bic	r3, r3, #-268435456
 287 0032 43F08043 		orr	r3, r3, #1073741824
 288 0036 AB60     		str	r3, [r5, #8]
 382:Drivers/STM32U5xx_HAL_Driver/Src/stm32u5xx_hal_rcc.c **** 
 289              		.loc 1 382 3 view .LVU79
 290 0038 464B     		ldr	r3, .L47+4
 291 003a EB60     		str	r3, [r5, #12]
 385:Drivers/STM32U5xx_HAL_Driver/Src/stm32u5xx_hal_rcc.c **** 
 292              		.loc 1 385 3 view .LVU80
 293 003c AB68     		ldr	r3, [r5, #8]
 294 003e 23F07063 		bic	r3, r3, #251658240
 295 0042 43F08063 		orr	r3, r3, #67108864
 296 0046 AB60     		str	r3, [r5, #8]
 388:Drivers/STM32U5xx_HAL_Driver/Src/stm32u5xx_hal_rcc.c **** 
 297              		.loc 1 388 3 view .LVU81
 298 0048 AB68     		ldr	r3, [r5, #8]
 299 004a 23F40003 		bic	r3, r3, #8388608
 300 004e AB60     		str	r3, [r5, #8]
 390:Drivers/STM32U5xx_HAL_Driver/Src/stm32u5xx_hal_rcc.c **** 
 301              		.loc 1 390 3 view .LVU82
 390:Drivers/STM32U5xx_HAL_Driver/Src/stm32u5xx_hal_rcc.c **** 
 302              		.loc 1 390 15 is_stmt 0 view .LVU83
 303 0050 FFF7FEFF 		bl	HAL_GetTick
 304              	.LVL28:
 305 0054 0446     		mov	r4, r0
 306              	.LVL29:
 393:Drivers/STM32U5xx_HAL_Driver/Src/stm32u5xx_hal_rcc.c ****   CLEAR_REG(RCC->CFGR2);
 307              		.loc 1 393 3 is_stmt 1 view .LVU84
 308 0056 0023     		movs	r3, #0
 309 0058 EB61     		str	r3, [r5, #28]
 394:Drivers/STM32U5xx_HAL_Driver/Src/stm32u5xx_hal_rcc.c **** 
 310              		.loc 1 394 3 view .LVU85
 311 005a 2B62     		str	r3, [r5, #32]
 397:Drivers/STM32U5xx_HAL_Driver/Src/stm32u5xx_hal_rcc.c ****   {
 312              		.loc 1 397 3 view .LVU86
 313              	.LVL30:
 314              	.L26:
 397:Drivers/STM32U5xx_HAL_Driver/Src/stm32u5xx_hal_rcc.c ****   {
 315              		.loc 1 397 9 view .LVU87
 397:Drivers/STM32U5xx_HAL_Driver/Src/stm32u5xx_hal_rcc.c ****   {
 316              		.loc 1 397 10 is_stmt 0 view .LVU88
 317 005c 3C4B     		ldr	r3, .L47
 318 005e DB69     		ldr	r3, [r3, #28]
 397:Drivers/STM32U5xx_HAL_Driver/Src/stm32u5xx_hal_rcc.c ****   {
 319              		.loc 1 397 9 view .LVU89
 320 0060 13F00C0F 		tst	r3, #12
 321 0064 08D0     		beq	.L42
 399:Drivers/STM32U5xx_HAL_Driver/Src/stm32u5xx_hal_rcc.c ****     {
 322              		.loc 1 399 5 is_stmt 1 view .LVU90
 399:Drivers/STM32U5xx_HAL_Driver/Src/stm32u5xx_hal_rcc.c ****     {
 323              		.loc 1 399 10 is_stmt 0 view .LVU91
ARM GAS  /var/folders/j8/bx6g0dyx2gg_pdn7l_y1sb9c0000gn/T//cc64Wppv.s 			page 48


 324 0066 FFF7FEFF 		bl	HAL_GetTick
 325              	.LVL31:
 399:Drivers/STM32U5xx_HAL_Driver/Src/stm32u5xx_hal_rcc.c ****     {
 326              		.loc 1 399 24 view .LVU92
 327 006a 001B     		subs	r0, r0, r4
 399:Drivers/STM32U5xx_HAL_Driver/Src/stm32u5xx_hal_rcc.c ****     {
 328              		.loc 1 399 8 view .LVU93
 329 006c 41F28833 		movw	r3, #5000
 330 0070 9842     		cmp	r0, r3
 331 0072 F3D9     		bls	.L26
 401:Drivers/STM32U5xx_HAL_Driver/Src/stm32u5xx_hal_rcc.c ****     }
 332              		.loc 1 401 14 view .LVU94
 333 0074 0320     		movs	r0, #3
 334 0076 D7E7     		b	.L24
 335              	.L42:
 406:Drivers/STM32U5xx_HAL_Driver/Src/stm32u5xx_hal_rcc.c ****             RCC_CR_HSION | RCC_CR_HSIKERON | RCC_CR_PLL1ON | RCC_CR_PLL2ON | RCC_CR_PLL3ON | RCC_CR
 336              		.loc 1 406 3 is_stmt 1 view .LVU95
 337 0078 354D     		ldr	r5, .L47
 338 007a 2A68     		ldr	r2, [r5]
 339 007c 364B     		ldr	r3, .L47+8
 340 007e 1340     		ands	r3, r3, r2
 341 0080 2B60     		str	r3, [r5]
 411:Drivers/STM32U5xx_HAL_Driver/Src/stm32u5xx_hal_rcc.c **** 
 342              		.loc 1 411 3 view .LVU96
 343 0082 2B68     		ldr	r3, [r5]
 344 0084 23F4A013 		bic	r3, r3, #1310720
 345 0088 2B60     		str	r3, [r5]
 413:Drivers/STM32U5xx_HAL_Driver/Src/stm32u5xx_hal_rcc.c **** 
 346              		.loc 1 413 3 view .LVU97
 413:Drivers/STM32U5xx_HAL_Driver/Src/stm32u5xx_hal_rcc.c **** 
 347              		.loc 1 413 15 is_stmt 0 view .LVU98
 348 008a FFF7FEFF 		bl	HAL_GetTick
 349              	.LVL32:
 350 008e 0446     		mov	r4, r0
 351              	.LVL33:
 416:Drivers/STM32U5xx_HAL_Driver/Src/stm32u5xx_hal_rcc.c **** 
 352              		.loc 1 416 3 is_stmt 1 view .LVU99
 353 0090 2B68     		ldr	r3, [r5]
 354 0092 23F08073 		bic	r3, r3, #16777216
 355 0096 2B60     		str	r3, [r5]
 419:Drivers/STM32U5xx_HAL_Driver/Src/stm32u5xx_hal_rcc.c ****   {
 356              		.loc 1 419 3 view .LVU100
 357              	.LVL34:
 358              	.L28:
 419:Drivers/STM32U5xx_HAL_Driver/Src/stm32u5xx_hal_rcc.c ****   {
 359              		.loc 1 419 9 view .LVU101
 419:Drivers/STM32U5xx_HAL_Driver/Src/stm32u5xx_hal_rcc.c ****   {
 360              		.loc 1 419 10 is_stmt 0 view .LVU102
 361 0098 2D4B     		ldr	r3, .L47
 362 009a 1B68     		ldr	r3, [r3]
 419:Drivers/STM32U5xx_HAL_Driver/Src/stm32u5xx_hal_rcc.c ****   {
 363              		.loc 1 419 9 view .LVU103
 364 009c 13F0007F 		tst	r3, #33554432
 365 00a0 06D0     		beq	.L43
 421:Drivers/STM32U5xx_HAL_Driver/Src/stm32u5xx_hal_rcc.c ****     {
 366              		.loc 1 421 5 is_stmt 1 view .LVU104
 421:Drivers/STM32U5xx_HAL_Driver/Src/stm32u5xx_hal_rcc.c ****     {
ARM GAS  /var/folders/j8/bx6g0dyx2gg_pdn7l_y1sb9c0000gn/T//cc64Wppv.s 			page 49


 367              		.loc 1 421 10 is_stmt 0 view .LVU105
 368 00a2 FFF7FEFF 		bl	HAL_GetTick
 369              	.LVL35:
 421:Drivers/STM32U5xx_HAL_Driver/Src/stm32u5xx_hal_rcc.c ****     {
 370              		.loc 1 421 24 view .LVU106
 371 00a6 001B     		subs	r0, r0, r4
 421:Drivers/STM32U5xx_HAL_Driver/Src/stm32u5xx_hal_rcc.c ****     {
 372              		.loc 1 421 8 view .LVU107
 373 00a8 0228     		cmp	r0, #2
 374 00aa F5D9     		bls	.L28
 423:Drivers/STM32U5xx_HAL_Driver/Src/stm32u5xx_hal_rcc.c ****     }
 375              		.loc 1 423 14 view .LVU108
 376 00ac 0320     		movs	r0, #3
 377 00ae BBE7     		b	.L24
 378              	.L43:
 427:Drivers/STM32U5xx_HAL_Driver/Src/stm32u5xx_hal_rcc.c **** 
 379              		.loc 1 427 3 is_stmt 1 view .LVU109
 427:Drivers/STM32U5xx_HAL_Driver/Src/stm32u5xx_hal_rcc.c **** 
 380              		.loc 1 427 15 is_stmt 0 view .LVU110
 381 00b0 FFF7FEFF 		bl	HAL_GetTick
 382              	.LVL36:
 383 00b4 0446     		mov	r4, r0
 384              	.LVL37:
 430:Drivers/STM32U5xx_HAL_Driver/Src/stm32u5xx_hal_rcc.c **** 
 385              		.loc 1 430 3 is_stmt 1 view .LVU111
 386 00b6 264A     		ldr	r2, .L47
 387 00b8 1368     		ldr	r3, [r2]
 388 00ba 23F08063 		bic	r3, r3, #67108864
 389 00be 1360     		str	r3, [r2]
 433:Drivers/STM32U5xx_HAL_Driver/Src/stm32u5xx_hal_rcc.c ****   {
 390              		.loc 1 433 3 view .LVU112
 391              	.LVL38:
 392              	.L30:
 433:Drivers/STM32U5xx_HAL_Driver/Src/stm32u5xx_hal_rcc.c ****   {
 393              		.loc 1 433 9 view .LVU113
 433:Drivers/STM32U5xx_HAL_Driver/Src/stm32u5xx_hal_rcc.c ****   {
 394              		.loc 1 433 10 is_stmt 0 view .LVU114
 395 00c0 234B     		ldr	r3, .L47
 396 00c2 1B68     		ldr	r3, [r3]
 433:Drivers/STM32U5xx_HAL_Driver/Src/stm32u5xx_hal_rcc.c ****   {
 397              		.loc 1 433 9 view .LVU115
 398 00c4 13F0006F 		tst	r3, #134217728
 399 00c8 06D0     		beq	.L44
 435:Drivers/STM32U5xx_HAL_Driver/Src/stm32u5xx_hal_rcc.c ****     {
 400              		.loc 1 435 5 is_stmt 1 view .LVU116
 435:Drivers/STM32U5xx_HAL_Driver/Src/stm32u5xx_hal_rcc.c ****     {
 401              		.loc 1 435 10 is_stmt 0 view .LVU117
 402 00ca FFF7FEFF 		bl	HAL_GetTick
 403              	.LVL39:
 435:Drivers/STM32U5xx_HAL_Driver/Src/stm32u5xx_hal_rcc.c ****     {
 404              		.loc 1 435 24 view .LVU118
 405 00ce 001B     		subs	r0, r0, r4
 435:Drivers/STM32U5xx_HAL_Driver/Src/stm32u5xx_hal_rcc.c ****     {
 406              		.loc 1 435 8 view .LVU119
 407 00d0 0228     		cmp	r0, #2
 408 00d2 F5D9     		bls	.L30
 437:Drivers/STM32U5xx_HAL_Driver/Src/stm32u5xx_hal_rcc.c ****     }
ARM GAS  /var/folders/j8/bx6g0dyx2gg_pdn7l_y1sb9c0000gn/T//cc64Wppv.s 			page 50


 409              		.loc 1 437 14 view .LVU120
 410 00d4 0320     		movs	r0, #3
 411 00d6 A7E7     		b	.L24
 412              	.L44:
 441:Drivers/STM32U5xx_HAL_Driver/Src/stm32u5xx_hal_rcc.c **** 
 413              		.loc 1 441 3 is_stmt 1 view .LVU121
 441:Drivers/STM32U5xx_HAL_Driver/Src/stm32u5xx_hal_rcc.c **** 
 414              		.loc 1 441 15 is_stmt 0 view .LVU122
 415 00d8 FFF7FEFF 		bl	HAL_GetTick
 416              	.LVL40:
 417 00dc 0446     		mov	r4, r0
 418              	.LVL41:
 444:Drivers/STM32U5xx_HAL_Driver/Src/stm32u5xx_hal_rcc.c **** 
 419              		.loc 1 444 3 is_stmt 1 view .LVU123
 420 00de 1C4A     		ldr	r2, .L47
 421 00e0 1368     		ldr	r3, [r2]
 422 00e2 23F08053 		bic	r3, r3, #268435456
 423 00e6 1360     		str	r3, [r2]
 447:Drivers/STM32U5xx_HAL_Driver/Src/stm32u5xx_hal_rcc.c ****   {
 424              		.loc 1 447 3 view .LVU124
 425              	.LVL42:
 426              	.L32:
 447:Drivers/STM32U5xx_HAL_Driver/Src/stm32u5xx_hal_rcc.c ****   {
 427              		.loc 1 447 9 view .LVU125
 447:Drivers/STM32U5xx_HAL_Driver/Src/stm32u5xx_hal_rcc.c ****   {
 428              		.loc 1 447 10 is_stmt 0 view .LVU126
 429 00e8 194B     		ldr	r3, .L47
 430 00ea 1B68     		ldr	r3, [r3]
 447:Drivers/STM32U5xx_HAL_Driver/Src/stm32u5xx_hal_rcc.c ****   {
 431              		.loc 1 447 9 view .LVU127
 432 00ec 13F0005F 		tst	r3, #536870912
 433 00f0 06D0     		beq	.L45
 449:Drivers/STM32U5xx_HAL_Driver/Src/stm32u5xx_hal_rcc.c ****     {
 434              		.loc 1 449 5 is_stmt 1 view .LVU128
 449:Drivers/STM32U5xx_HAL_Driver/Src/stm32u5xx_hal_rcc.c ****     {
 435              		.loc 1 449 10 is_stmt 0 view .LVU129
 436 00f2 FFF7FEFF 		bl	HAL_GetTick
 437              	.LVL43:
 449:Drivers/STM32U5xx_HAL_Driver/Src/stm32u5xx_hal_rcc.c ****     {
 438              		.loc 1 449 24 view .LVU130
 439 00f6 001B     		subs	r0, r0, r4
 449:Drivers/STM32U5xx_HAL_Driver/Src/stm32u5xx_hal_rcc.c ****     {
 440              		.loc 1 449 8 view .LVU131
 441 00f8 0228     		cmp	r0, #2
 442 00fa F5D9     		bls	.L32
 451:Drivers/STM32U5xx_HAL_Driver/Src/stm32u5xx_hal_rcc.c ****     }
 443              		.loc 1 451 14 view .LVU132
 444 00fc 0320     		movs	r0, #3
 445 00fe 93E7     		b	.L24
 446              	.L45:
 456:Drivers/STM32U5xx_HAL_Driver/Src/stm32u5xx_hal_rcc.c **** 
 447              		.loc 1 456 3 is_stmt 1 view .LVU133
 448 0100 134B     		ldr	r3, .L47
 449 0102 0022     		movs	r2, #0
 450 0104 9A62     		str	r2, [r3, #40]
 459:Drivers/STM32U5xx_HAL_Driver/Src/stm32u5xx_hal_rcc.c **** 
 451              		.loc 1 459 3 view .LVU134
ARM GAS  /var/folders/j8/bx6g0dyx2gg_pdn7l_y1sb9c0000gn/T//cc64Wppv.s 			page 51


 452 0106 1549     		ldr	r1, .L47+12
 453 0108 5963     		str	r1, [r3, #52]
 462:Drivers/STM32U5xx_HAL_Driver/Src/stm32u5xx_hal_rcc.c **** 
 454              		.loc 1 462 3 view .LVU135
 455 010a 9A63     		str	r2, [r3, #56]
 465:Drivers/STM32U5xx_HAL_Driver/Src/stm32u5xx_hal_rcc.c **** 
 456              		.loc 1 465 3 view .LVU136
 457 010c DA62     		str	r2, [r3, #44]
 468:Drivers/STM32U5xx_HAL_Driver/Src/stm32u5xx_hal_rcc.c **** 
 458              		.loc 1 468 3 view .LVU137
 459 010e D963     		str	r1, [r3, #60]
 471:Drivers/STM32U5xx_HAL_Driver/Src/stm32u5xx_hal_rcc.c **** 
 460              		.loc 1 471 3 view .LVU138
 461 0110 1A64     		str	r2, [r3, #64]
 474:Drivers/STM32U5xx_HAL_Driver/Src/stm32u5xx_hal_rcc.c **** 
 462              		.loc 1 474 3 view .LVU139
 463 0112 1A63     		str	r2, [r3, #48]
 477:Drivers/STM32U5xx_HAL_Driver/Src/stm32u5xx_hal_rcc.c **** 
 464              		.loc 1 477 3 view .LVU140
 465 0114 5964     		str	r1, [r3, #68]
 480:Drivers/STM32U5xx_HAL_Driver/Src/stm32u5xx_hal_rcc.c **** 
 466              		.loc 1 480 3 view .LVU141
 467 0116 9A64     		str	r2, [r3, #72]
 483:Drivers/STM32U5xx_HAL_Driver/Src/stm32u5xx_hal_rcc.c **** 
 468              		.loc 1 483 3 view .LVU142
 469 0118 1A65     		str	r2, [r3, #80]
 486:Drivers/STM32U5xx_HAL_Driver/Src/stm32u5xx_hal_rcc.c **** 
 470              		.loc 1 486 3 view .LVU143
 471 011a 4FF0FF32 		mov	r2, #-1
 472 011e 9A65     		str	r2, [r3, #88]
 489:Drivers/STM32U5xx_HAL_Driver/Src/stm32u5xx_hal_rcc.c **** 
 473              		.loc 1 489 3 view .LVU144
 474 0120 D3F8F420 		ldr	r2, [r3, #244]
 475 0124 42F40002 		orr	r2, r2, #8388608
 476 0128 C3F8F420 		str	r2, [r3, #244]
 492:Drivers/STM32U5xx_HAL_Driver/Src/stm32u5xx_hal_rcc.c **** 
 477              		.loc 1 492 3 view .LVU145
 492:Drivers/STM32U5xx_HAL_Driver/Src/stm32u5xx_hal_rcc.c **** 
 478              		.loc 1 492 19 is_stmt 0 view .LVU146
 479 012c 0C4B     		ldr	r3, .L47+16
 480 012e 0D4A     		ldr	r2, .L47+20
 481 0130 1A60     		str	r2, [r3]
 497:Drivers/STM32U5xx_HAL_Driver/Src/stm32u5xx_hal_rcc.c **** 
 482              		.loc 1 497 3 is_stmt 1 view .LVU147
 483 0132 0D4B     		ldr	r3, .L47+24
 484 0134 1A68     		ldr	r2, [r3]
 485 0136 22F00F02 		bic	r2, r2, #15
 486 013a 1A60     		str	r2, [r3]
 501:Drivers/STM32U5xx_HAL_Driver/Src/stm32u5xx_hal_rcc.c ****   {
 487              		.loc 1 501 3 view .LVU148
 501:Drivers/STM32U5xx_HAL_Driver/Src/stm32u5xx_hal_rcc.c ****   {
 488              		.loc 1 501 7 is_stmt 0 view .LVU149
 489 013c 1B68     		ldr	r3, [r3]
 501:Drivers/STM32U5xx_HAL_Driver/Src/stm32u5xx_hal_rcc.c ****   {
 490              		.loc 1 501 6 view .LVU150
 491 013e 13F00F0F 		tst	r3, #15
 492 0142 01D0     		beq	.L46
ARM GAS  /var/folders/j8/bx6g0dyx2gg_pdn7l_y1sb9c0000gn/T//cc64Wppv.s 			page 52


 503:Drivers/STM32U5xx_HAL_Driver/Src/stm32u5xx_hal_rcc.c ****   }
 493              		.loc 1 503 12 view .LVU151
 494 0144 0120     		movs	r0, #1
 495 0146 6FE7     		b	.L24
 496              	.L46:
 507:Drivers/STM32U5xx_HAL_Driver/Src/stm32u5xx_hal_rcc.c **** 
 497              		.loc 1 507 3 is_stmt 1 view .LVU152
 507:Drivers/STM32U5xx_HAL_Driver/Src/stm32u5xx_hal_rcc.c **** 
 498              		.loc 1 507 11 is_stmt 0 view .LVU153
 499 0148 0F20     		movs	r0, #15
 500 014a FFF7FEFF 		bl	HAL_InitTick
 501              	.LVL44:
 502 014e 6BE7     		b	.L24
 503              	.L48:
 504              		.align	2
 505              	.L47:
 506 0150 000C0246 		.word	1174539264
 507 0154 10420800 		.word	541200
 508 0158 2DACF6EA 		.word	-352932819
 509 015c 80020101 		.word	16843392
 510 0160 00000000 		.word	SystemCoreClock
 511 0164 00093D00 		.word	4000000
 512 0168 00200240 		.word	1073881088
 513              		.cfi_endproc
 514              	.LFE157:
 516              		.section	.text.HAL_RCC_MCOConfig,"ax",%progbits
 517              		.align	1
 518              		.global	HAL_RCC_MCOConfig
 519              		.syntax unified
 520              		.thumb
 521              		.thumb_func
 523              	HAL_RCC_MCOConfig:
 524              	.LVL45:
 525              	.LFB160:
1658:Drivers/STM32U5xx_HAL_Driver/Src/stm32u5xx_hal_rcc.c ****   GPIO_InitTypeDef gpio_initstruct;
 526              		.loc 1 1658 1 is_stmt 1 view -0
 527              		.cfi_startproc
 528              		@ args = 0, pretend = 0, frame = 24
 529              		@ frame_needed = 0, uses_anonymous_args = 0
1658:Drivers/STM32U5xx_HAL_Driver/Src/stm32u5xx_hal_rcc.c ****   GPIO_InitTypeDef gpio_initstruct;
 530              		.loc 1 1658 1 is_stmt 0 view .LVU155
 531 0000 70B5     		push	{r4, r5, r6, lr}
 532              	.LCFI5:
 533              		.cfi_def_cfa_offset 16
 534              		.cfi_offset 4, -16
 535              		.cfi_offset 5, -12
 536              		.cfi_offset 6, -8
 537              		.cfi_offset 14, -4
 538 0002 86B0     		sub	sp, sp, #24
 539              	.LCFI6:
 540              		.cfi_def_cfa_offset 40
 541 0004 0D46     		mov	r5, r1
 542 0006 1646     		mov	r6, r2
1659:Drivers/STM32U5xx_HAL_Driver/Src/stm32u5xx_hal_rcc.c **** 
 543              		.loc 1 1659 3 is_stmt 1 view .LVU156
1662:Drivers/STM32U5xx_HAL_Driver/Src/stm32u5xx_hal_rcc.c **** 
 544              		.loc 1 1662 3 view .LVU157
ARM GAS  /var/folders/j8/bx6g0dyx2gg_pdn7l_y1sb9c0000gn/T//cc64Wppv.s 			page 53


1665:Drivers/STM32U5xx_HAL_Driver/Src/stm32u5xx_hal_rcc.c ****   assert_param(IS_RCC_MCODIV(RCC_MCODiv));
 545              		.loc 1 1665 3 view .LVU158
1666:Drivers/STM32U5xx_HAL_Driver/Src/stm32u5xx_hal_rcc.c ****   assert_param(IS_RCC_MCO1SOURCE(RCC_MCOSource));
 546              		.loc 1 1666 3 view .LVU159
1667:Drivers/STM32U5xx_HAL_Driver/Src/stm32u5xx_hal_rcc.c **** 
 547              		.loc 1 1667 3 view .LVU160
1670:Drivers/STM32U5xx_HAL_Driver/Src/stm32u5xx_hal_rcc.c **** 
 548              		.loc 1 1670 3 view .LVU161
 549              	.LBB3:
1670:Drivers/STM32U5xx_HAL_Driver/Src/stm32u5xx_hal_rcc.c **** 
 550              		.loc 1 1670 3 view .LVU162
1670:Drivers/STM32U5xx_HAL_Driver/Src/stm32u5xx_hal_rcc.c **** 
 551              		.loc 1 1670 3 view .LVU163
 552 0008 114C     		ldr	r4, .L51
 553 000a D4F88C30 		ldr	r3, [r4, #140]
 554 000e 43F00103 		orr	r3, r3, #1
 555 0012 C4F88C30 		str	r3, [r4, #140]
1670:Drivers/STM32U5xx_HAL_Driver/Src/stm32u5xx_hal_rcc.c **** 
 556              		.loc 1 1670 3 view .LVU164
 557 0016 D4F88C30 		ldr	r3, [r4, #140]
 558 001a 03F00103 		and	r3, r3, #1
 559 001e 0093     		str	r3, [sp]
1670:Drivers/STM32U5xx_HAL_Driver/Src/stm32u5xx_hal_rcc.c **** 
 560              		.loc 1 1670 3 view .LVU165
 561 0020 009B     		ldr	r3, [sp]
 562              	.LBE3:
1670:Drivers/STM32U5xx_HAL_Driver/Src/stm32u5xx_hal_rcc.c **** 
 563              		.loc 1 1670 3 view .LVU166
1673:Drivers/STM32U5xx_HAL_Driver/Src/stm32u5xx_hal_rcc.c ****   gpio_initstruct.Mode = GPIO_MODE_AF_PP;
 564              		.loc 1 1673 3 view .LVU167
1673:Drivers/STM32U5xx_HAL_Driver/Src/stm32u5xx_hal_rcc.c ****   gpio_initstruct.Mode = GPIO_MODE_AF_PP;
 565              		.loc 1 1673 23 is_stmt 0 view .LVU168
 566 0022 4FF48073 		mov	r3, #256
 567 0026 0193     		str	r3, [sp, #4]
1674:Drivers/STM32U5xx_HAL_Driver/Src/stm32u5xx_hal_rcc.c ****   gpio_initstruct.Speed = GPIO_SPEED_FREQ_HIGH;
 568              		.loc 1 1674 3 is_stmt 1 view .LVU169
1674:Drivers/STM32U5xx_HAL_Driver/Src/stm32u5xx_hal_rcc.c ****   gpio_initstruct.Speed = GPIO_SPEED_FREQ_HIGH;
 569              		.loc 1 1674 24 is_stmt 0 view .LVU170
 570 0028 0223     		movs	r3, #2
 571 002a 0293     		str	r3, [sp, #8]
1675:Drivers/STM32U5xx_HAL_Driver/Src/stm32u5xx_hal_rcc.c ****   gpio_initstruct.Pull = GPIO_NOPULL;
 572              		.loc 1 1675 3 is_stmt 1 view .LVU171
1675:Drivers/STM32U5xx_HAL_Driver/Src/stm32u5xx_hal_rcc.c ****   gpio_initstruct.Pull = GPIO_NOPULL;
 573              		.loc 1 1675 25 is_stmt 0 view .LVU172
 574 002c 0493     		str	r3, [sp, #16]
1676:Drivers/STM32U5xx_HAL_Driver/Src/stm32u5xx_hal_rcc.c ****   gpio_initstruct.Alternate = GPIO_AF0_MCO;
 575              		.loc 1 1676 3 is_stmt 1 view .LVU173
1676:Drivers/STM32U5xx_HAL_Driver/Src/stm32u5xx_hal_rcc.c ****   gpio_initstruct.Alternate = GPIO_AF0_MCO;
 576              		.loc 1 1676 24 is_stmt 0 view .LVU174
 577 002e 0023     		movs	r3, #0
 578 0030 0393     		str	r3, [sp, #12]
1677:Drivers/STM32U5xx_HAL_Driver/Src/stm32u5xx_hal_rcc.c ****   HAL_GPIO_Init(MCO1_GPIO_PORT, &gpio_initstruct);
 579              		.loc 1 1677 3 is_stmt 1 view .LVU175
1677:Drivers/STM32U5xx_HAL_Driver/Src/stm32u5xx_hal_rcc.c ****   HAL_GPIO_Init(MCO1_GPIO_PORT, &gpio_initstruct);
 580              		.loc 1 1677 29 is_stmt 0 view .LVU176
 581 0032 0593     		str	r3, [sp, #20]
1678:Drivers/STM32U5xx_HAL_Driver/Src/stm32u5xx_hal_rcc.c **** 
ARM GAS  /var/folders/j8/bx6g0dyx2gg_pdn7l_y1sb9c0000gn/T//cc64Wppv.s 			page 54


 582              		.loc 1 1678 3 is_stmt 1 view .LVU177
 583 0034 01A9     		add	r1, sp, #4
 584              	.LVL46:
1678:Drivers/STM32U5xx_HAL_Driver/Src/stm32u5xx_hal_rcc.c **** 
 585              		.loc 1 1678 3 is_stmt 0 view .LVU178
 586 0036 0748     		ldr	r0, .L51+4
 587              	.LVL47:
1678:Drivers/STM32U5xx_HAL_Driver/Src/stm32u5xx_hal_rcc.c **** 
 588              		.loc 1 1678 3 view .LVU179
 589 0038 FFF7FEFF 		bl	HAL_GPIO_Init
 590              	.LVL48:
1681:Drivers/STM32U5xx_HAL_Driver/Src/stm32u5xx_hal_rcc.c **** }
 591              		.loc 1 1681 3 is_stmt 1 view .LVU180
 592 003c E369     		ldr	r3, [r4, #28]
 593 003e 23F0FE43 		bic	r3, r3, #2130706432
 594 0042 45EA0602 		orr	r2, r5, r6
 595 0046 1A43     		orrs	r2, r2, r3
 596 0048 E261     		str	r2, [r4, #28]
1682:Drivers/STM32U5xx_HAL_Driver/Src/stm32u5xx_hal_rcc.c **** 
 597              		.loc 1 1682 1 is_stmt 0 view .LVU181
 598 004a 06B0     		add	sp, sp, #24
 599              	.LCFI7:
 600              		.cfi_def_cfa_offset 16
 601              		@ sp needed
 602 004c 70BD     		pop	{r4, r5, r6, pc}
 603              	.LVL49:
 604              	.L52:
1682:Drivers/STM32U5xx_HAL_Driver/Src/stm32u5xx_hal_rcc.c **** 
 605              		.loc 1 1682 1 view .LVU182
 606 004e 00BF     		.align	2
 607              	.L51:
 608 0050 000C0246 		.word	1174539264
 609 0054 00000242 		.word	1107427328
 610              		.cfi_endproc
 611              	.LFE160:
 613              		.section	.text.HAL_RCC_GetSysClockFreq,"ax",%progbits
 614              		.align	1
 615              		.global	HAL_RCC_GetSysClockFreq
 616              		.syntax unified
 617              		.thumb
 618              		.thumb_func
 620              	HAL_RCC_GetSysClockFreq:
 621              	.LFB161:
1711:Drivers/STM32U5xx_HAL_Driver/Src/stm32u5xx_hal_rcc.c ****   uint32_t msirange = 0U;
 622              		.loc 1 1711 1 is_stmt 1 view -0
 623              		.cfi_startproc
 624              		@ args = 0, pretend = 0, frame = 0
 625              		@ frame_needed = 0, uses_anonymous_args = 0
 626              		@ link register save eliminated.
 627 0000 10B4     		push	{r4}
 628              	.LCFI8:
 629              		.cfi_def_cfa_offset 4
 630              		.cfi_offset 4, -4
1712:Drivers/STM32U5xx_HAL_Driver/Src/stm32u5xx_hal_rcc.c ****   uint32_t pllsource;
 631              		.loc 1 1712 3 view .LVU184
 632              	.LVL50:
1713:Drivers/STM32U5xx_HAL_Driver/Src/stm32u5xx_hal_rcc.c ****   uint32_t pllr;
ARM GAS  /var/folders/j8/bx6g0dyx2gg_pdn7l_y1sb9c0000gn/T//cc64Wppv.s 			page 55


 633              		.loc 1 1713 3 view .LVU185
1714:Drivers/STM32U5xx_HAL_Driver/Src/stm32u5xx_hal_rcc.c ****   uint32_t pllm;
 634              		.loc 1 1714 3 view .LVU186
1715:Drivers/STM32U5xx_HAL_Driver/Src/stm32u5xx_hal_rcc.c ****   uint32_t pllfracen;
 635              		.loc 1 1715 3 view .LVU187
1716:Drivers/STM32U5xx_HAL_Driver/Src/stm32u5xx_hal_rcc.c ****   uint32_t sysclockfreq = 0U;
 636              		.loc 1 1716 3 view .LVU188
1717:Drivers/STM32U5xx_HAL_Driver/Src/stm32u5xx_hal_rcc.c ****   uint32_t sysclk_source;
 637              		.loc 1 1717 3 view .LVU189
1718:Drivers/STM32U5xx_HAL_Driver/Src/stm32u5xx_hal_rcc.c ****   uint32_t pll_oscsource;
 638              		.loc 1 1718 3 view .LVU190
1719:Drivers/STM32U5xx_HAL_Driver/Src/stm32u5xx_hal_rcc.c ****   float_t fracn1;
 639              		.loc 1 1719 3 view .LVU191
1720:Drivers/STM32U5xx_HAL_Driver/Src/stm32u5xx_hal_rcc.c ****   float_t pllvco;
 640              		.loc 1 1720 3 view .LVU192
1721:Drivers/STM32U5xx_HAL_Driver/Src/stm32u5xx_hal_rcc.c **** 
 641              		.loc 1 1721 3 view .LVU193
1723:Drivers/STM32U5xx_HAL_Driver/Src/stm32u5xx_hal_rcc.c ****   pll_oscsource = __HAL_RCC_GET_PLL_OSCSOURCE();
 642              		.loc 1 1723 3 view .LVU194
1723:Drivers/STM32U5xx_HAL_Driver/Src/stm32u5xx_hal_rcc.c ****   pll_oscsource = __HAL_RCC_GET_PLL_OSCSOURCE();
 643              		.loc 1 1723 19 is_stmt 0 view .LVU195
 644 0002 594A     		ldr	r2, .L71
 645 0004 D369     		ldr	r3, [r2, #28]
 646              	.LVL51:
1724:Drivers/STM32U5xx_HAL_Driver/Src/stm32u5xx_hal_rcc.c **** 
 647              		.loc 1 1724 3 is_stmt 1 view .LVU196
1724:Drivers/STM32U5xx_HAL_Driver/Src/stm32u5xx_hal_rcc.c **** 
 648              		.loc 1 1724 19 is_stmt 0 view .LVU197
 649 0006 926A     		ldr	r2, [r2, #40]
 650              	.LVL52:
1726:Drivers/STM32U5xx_HAL_Driver/Src/stm32u5xx_hal_rcc.c ****       ((sysclk_source == RCC_SYSCLKSOURCE_STATUS_PLLCLK) && (pll_oscsource == RCC_PLLSOURCE_MSI)))
 651              		.loc 1 1726 3 is_stmt 1 view .LVU198
1726:Drivers/STM32U5xx_HAL_Driver/Src/stm32u5xx_hal_rcc.c ****       ((sysclk_source == RCC_SYSCLKSOURCE_STATUS_PLLCLK) && (pll_oscsource == RCC_PLLSOURCE_MSI)))
 652              		.loc 1 1726 6 is_stmt 0 view .LVU199
 653 0008 13F00C03 		ands	r3, r3, #12
 654              	.LVL53:
1726:Drivers/STM32U5xx_HAL_Driver/Src/stm32u5xx_hal_rcc.c ****       ((sysclk_source == RCC_SYSCLKSOURCE_STATUS_PLLCLK) && (pll_oscsource == RCC_PLLSOURCE_MSI)))
 655              		.loc 1 1726 6 view .LVU200
 656 000c 10D0     		beq	.L54
 657 000e 02F00302 		and	r2, r2, #3
 658              	.LVL54:
1726:Drivers/STM32U5xx_HAL_Driver/Src/stm32u5xx_hal_rcc.c ****       ((sysclk_source == RCC_SYSCLKSOURCE_STATUS_PLLCLK) && (pll_oscsource == RCC_PLLSOURCE_MSI)))
 659              		.loc 1 1726 54 discriminator 1 view .LVU201
 660 0012 0C2B     		cmp	r3, #12
 661 0014 0AD0     		beq	.L69
 662              	.L55:
1751:Drivers/STM32U5xx_HAL_Driver/Src/stm32u5xx_hal_rcc.c ****   {
 663              		.loc 1 1751 8 is_stmt 1 view .LVU202
1751:Drivers/STM32U5xx_HAL_Driver/Src/stm32u5xx_hal_rcc.c ****   {
 664              		.loc 1 1751 12 is_stmt 0 view .LVU203
 665 0016 544A     		ldr	r2, .L71
 666              	.LVL55:
1751:Drivers/STM32U5xx_HAL_Driver/Src/stm32u5xx_hal_rcc.c ****   {
 667              		.loc 1 1751 12 view .LVU204
 668 0018 D269     		ldr	r2, [r2, #28]
 669 001a 02F00C02 		and	r2, r2, #12
1751:Drivers/STM32U5xx_HAL_Driver/Src/stm32u5xx_hal_rcc.c ****   {
ARM GAS  /var/folders/j8/bx6g0dyx2gg_pdn7l_y1sb9c0000gn/T//cc64Wppv.s 			page 56


 670              		.loc 1 1751 11 view .LVU205
 671 001e 042A     		cmp	r2, #4
 672 0020 20D0     		beq	.L65
1756:Drivers/STM32U5xx_HAL_Driver/Src/stm32u5xx_hal_rcc.c ****   {
 673              		.loc 1 1756 8 is_stmt 1 view .LVU206
1756:Drivers/STM32U5xx_HAL_Driver/Src/stm32u5xx_hal_rcc.c ****   {
 674              		.loc 1 1756 11 is_stmt 0 view .LVU207
 675 0022 082B     		cmp	r3, #8
 676 0024 21D0     		beq	.L66
1717:Drivers/STM32U5xx_HAL_Driver/Src/stm32u5xx_hal_rcc.c ****   uint32_t sysclk_source;
 677              		.loc 1 1717 12 view .LVU208
 678 0026 0020     		movs	r0, #0
1712:Drivers/STM32U5xx_HAL_Driver/Src/stm32u5xx_hal_rcc.c ****   uint32_t pllsource;
 679              		.loc 1 1712 12 view .LVU209
 680 0028 0446     		mov	r4, r0
 681 002a 10E0     		b	.L58
 682              	.LVL56:
 683              	.L69:
1727:Drivers/STM32U5xx_HAL_Driver/Src/stm32u5xx_hal_rcc.c ****   {
 684              		.loc 1 1727 58 view .LVU210
 685 002c 012A     		cmp	r2, #1
 686 002e F2D1     		bne	.L55
 687              	.LVL57:
 688              	.L54:
1732:Drivers/STM32U5xx_HAL_Driver/Src/stm32u5xx_hal_rcc.c ****     {
 689              		.loc 1 1732 5 is_stmt 1 view .LVU211
1732:Drivers/STM32U5xx_HAL_Driver/Src/stm32u5xx_hal_rcc.c ****     {
 690              		.loc 1 1732 9 is_stmt 0 view .LVU212
 691 0030 4D4A     		ldr	r2, .L71
 692 0032 9268     		ldr	r2, [r2, #8]
1732:Drivers/STM32U5xx_HAL_Driver/Src/stm32u5xx_hal_rcc.c ****     {
 693              		.loc 1 1732 8 view .LVU213
 694 0034 12F4000F 		tst	r2, #8388608
 695 0038 0ED1     		bne	.L56
1735:Drivers/STM32U5xx_HAL_Driver/Src/stm32u5xx_hal_rcc.c ****     }
 696              		.loc 1 1735 7 is_stmt 1 view .LVU214
1735:Drivers/STM32U5xx_HAL_Driver/Src/stm32u5xx_hal_rcc.c ****     }
 697              		.loc 1 1735 22 is_stmt 0 view .LVU215
 698 003a 4B4A     		ldr	r2, .L71
 699 003c D2F8F420 		ldr	r2, [r2, #244]
1735:Drivers/STM32U5xx_HAL_Driver/Src/stm32u5xx_hal_rcc.c ****     }
 700              		.loc 1 1735 16 view .LVU216
 701 0040 C2F30332 		ubfx	r2, r2, #12, #4
 702              	.LVL58:
 703              	.L57:
1743:Drivers/STM32U5xx_HAL_Driver/Src/stm32u5xx_hal_rcc.c **** 
 704              		.loc 1 1743 5 is_stmt 1 view .LVU217
1743:Drivers/STM32U5xx_HAL_Driver/Src/stm32u5xx_hal_rcc.c **** 
 705              		.loc 1 1743 14 is_stmt 0 view .LVU218
 706 0044 4949     		ldr	r1, .L71+4
 707 0046 51F82240 		ldr	r4, [r1, r2, lsl #2]
 708              	.LVL59:
1745:Drivers/STM32U5xx_HAL_Driver/Src/stm32u5xx_hal_rcc.c ****     {
 709              		.loc 1 1745 5 is_stmt 1 view .LVU219
1745:Drivers/STM32U5xx_HAL_Driver/Src/stm32u5xx_hal_rcc.c ****     {
 710              		.loc 1 1745 8 is_stmt 0 view .LVU220
 711 004a 4BB1     		cbz	r3, .L64
ARM GAS  /var/folders/j8/bx6g0dyx2gg_pdn7l_y1sb9c0000gn/T//cc64Wppv.s 			page 57


1717:Drivers/STM32U5xx_HAL_Driver/Src/stm32u5xx_hal_rcc.c ****   uint32_t sysclk_source;
 712              		.loc 1 1717 12 view .LVU221
 713 004c 0020     		movs	r0, #0
 714              	.LVL60:
 715              	.L58:
1764:Drivers/STM32U5xx_HAL_Driver/Src/stm32u5xx_hal_rcc.c **** 
 716              		.loc 1 1764 3 is_stmt 1 view .LVU222
1766:Drivers/STM32U5xx_HAL_Driver/Src/stm32u5xx_hal_rcc.c ****   {
 717              		.loc 1 1766 3 view .LVU223
1766:Drivers/STM32U5xx_HAL_Driver/Src/stm32u5xx_hal_rcc.c ****   {
 718              		.loc 1 1766 6 is_stmt 0 view .LVU224
 719 004e 0C2B     		cmp	r3, #12
 720 0050 0ED0     		beq	.L70
 721              	.LVL61:
 722              	.L53:
1802:Drivers/STM32U5xx_HAL_Driver/Src/stm32u5xx_hal_rcc.c **** 
 723              		.loc 1 1802 1 view .LVU225
 724 0052 5DF8044B 		ldr	r4, [sp], #4
 725              	.LCFI9:
 726              		.cfi_remember_state
 727              		.cfi_restore 4
 728              		.cfi_def_cfa_offset 0
 729              	.LVL62:
1802:Drivers/STM32U5xx_HAL_Driver/Src/stm32u5xx_hal_rcc.c **** 
 730              		.loc 1 1802 1 view .LVU226
 731 0056 7047     		bx	lr
 732              	.LVL63:
 733              	.L56:
 734              	.LCFI10:
 735              		.cfi_restore_state
1740:Drivers/STM32U5xx_HAL_Driver/Src/stm32u5xx_hal_rcc.c ****     }
 736              		.loc 1 1740 7 is_stmt 1 view .LVU227
1740:Drivers/STM32U5xx_HAL_Driver/Src/stm32u5xx_hal_rcc.c ****     }
 737              		.loc 1 1740 22 is_stmt 0 view .LVU228
 738 0058 434A     		ldr	r2, .L71
 739 005a 9268     		ldr	r2, [r2, #8]
1740:Drivers/STM32U5xx_HAL_Driver/Src/stm32u5xx_hal_rcc.c ****     }
 740              		.loc 1 1740 55 view .LVU229
 741 005c 120F     		lsrs	r2, r2, #28
 742              	.LVL64:
1740:Drivers/STM32U5xx_HAL_Driver/Src/stm32u5xx_hal_rcc.c ****     }
 743              		.loc 1 1740 55 view .LVU230
 744 005e F1E7     		b	.L57
 745              	.LVL65:
 746              	.L64:
1748:Drivers/STM32U5xx_HAL_Driver/Src/stm32u5xx_hal_rcc.c ****     }
 747              		.loc 1 1748 20 view .LVU231
 748 0060 2046     		mov	r0, r4
 749 0062 F4E7     		b	.L58
 750              	.LVL66:
 751              	.L65:
1754:Drivers/STM32U5xx_HAL_Driver/Src/stm32u5xx_hal_rcc.c ****   }
 752              		.loc 1 1754 18 view .LVU232
 753 0064 4248     		ldr	r0, .L71+8
1712:Drivers/STM32U5xx_HAL_Driver/Src/stm32u5xx_hal_rcc.c ****   uint32_t pllsource;
 754              		.loc 1 1712 12 view .LVU233
 755 0066 0024     		movs	r4, #0
ARM GAS  /var/folders/j8/bx6g0dyx2gg_pdn7l_y1sb9c0000gn/T//cc64Wppv.s 			page 58


 756 0068 F1E7     		b	.L58
 757              	.L66:
1759:Drivers/STM32U5xx_HAL_Driver/Src/stm32u5xx_hal_rcc.c ****   }
 758              		.loc 1 1759 18 view .LVU234
 759 006a 4148     		ldr	r0, .L71+8
1712:Drivers/STM32U5xx_HAL_Driver/Src/stm32u5xx_hal_rcc.c ****   uint32_t pllsource;
 760              		.loc 1 1712 12 view .LVU235
 761 006c 0024     		movs	r4, #0
 762 006e EEE7     		b	.L58
 763              	.LVL67:
 764              	.L70:
1772:Drivers/STM32U5xx_HAL_Driver/Src/stm32u5xx_hal_rcc.c ****     pllm = ((RCC->PLL1CFGR & RCC_PLL1CFGR_PLL1M) >> RCC_PLL1CFGR_PLL1M_Pos) + 1U;
 765              		.loc 1 1772 5 is_stmt 1 view .LVU236
1772:Drivers/STM32U5xx_HAL_Driver/Src/stm32u5xx_hal_rcc.c ****     pllm = ((RCC->PLL1CFGR & RCC_PLL1CFGR_PLL1M) >> RCC_PLL1CFGR_PLL1M_Pos) + 1U;
 766              		.loc 1 1772 21 is_stmt 0 view .LVU237
 767 0070 3D48     		ldr	r0, .L71
 768              	.LVL68:
1772:Drivers/STM32U5xx_HAL_Driver/Src/stm32u5xx_hal_rcc.c ****     pllm = ((RCC->PLL1CFGR & RCC_PLL1CFGR_PLL1M) >> RCC_PLL1CFGR_PLL1M_Pos) + 1U;
 769              		.loc 1 1772 21 view .LVU238
 770 0072 816A     		ldr	r1, [r0, #40]
1772:Drivers/STM32U5xx_HAL_Driver/Src/stm32u5xx_hal_rcc.c ****     pllm = ((RCC->PLL1CFGR & RCC_PLL1CFGR_PLL1M) >> RCC_PLL1CFGR_PLL1M_Pos) + 1U;
 771              		.loc 1 1772 15 view .LVU239
 772 0074 01F00301 		and	r1, r1, #3
 773              	.LVL69:
1773:Drivers/STM32U5xx_HAL_Driver/Src/stm32u5xx_hal_rcc.c ****     pllfracen = ((RCC->PLL1CFGR & RCC_PLL1CFGR_PLL1FRACEN) >> RCC_PLL1CFGR_PLL1FRACEN_Pos);
 774              		.loc 1 1773 5 is_stmt 1 view .LVU240
1773:Drivers/STM32U5xx_HAL_Driver/Src/stm32u5xx_hal_rcc.c ****     pllfracen = ((RCC->PLL1CFGR & RCC_PLL1CFGR_PLL1FRACEN) >> RCC_PLL1CFGR_PLL1FRACEN_Pos);
 775              		.loc 1 1773 17 is_stmt 0 view .LVU241
 776 0078 836A     		ldr	r3, [r0, #40]
 777              	.LVL70:
1773:Drivers/STM32U5xx_HAL_Driver/Src/stm32u5xx_hal_rcc.c ****     pllfracen = ((RCC->PLL1CFGR & RCC_PLL1CFGR_PLL1FRACEN) >> RCC_PLL1CFGR_PLL1FRACEN_Pos);
 778              		.loc 1 1773 50 view .LVU242
 779 007a C3F30323 		ubfx	r3, r3, #8, #4
1773:Drivers/STM32U5xx_HAL_Driver/Src/stm32u5xx_hal_rcc.c ****     pllfracen = ((RCC->PLL1CFGR & RCC_PLL1CFGR_PLL1FRACEN) >> RCC_PLL1CFGR_PLL1FRACEN_Pos);
 780              		.loc 1 1773 10 view .LVU243
 781 007e 0133     		adds	r3, r3, #1
 782 0080 07EE103A 		vmov	s14, r3	@ int
 783              	.LVL71:
1774:Drivers/STM32U5xx_HAL_Driver/Src/stm32u5xx_hal_rcc.c ****     fracn1 = (float_t)(uint32_t)(pllfracen * ((RCC->PLL1FRACR & RCC_PLL1FRACR_PLL1FRACN) >> \
 784              		.loc 1 1774 5 is_stmt 1 view .LVU244
1774:Drivers/STM32U5xx_HAL_Driver/Src/stm32u5xx_hal_rcc.c ****     fracn1 = (float_t)(uint32_t)(pllfracen * ((RCC->PLL1FRACR & RCC_PLL1FRACR_PLL1FRACN) >> \
 785              		.loc 1 1774 22 is_stmt 0 view .LVU245
 786 0084 836A     		ldr	r3, [r0, #40]
 787              	.LVL72:
1774:Drivers/STM32U5xx_HAL_Driver/Src/stm32u5xx_hal_rcc.c ****     fracn1 = (float_t)(uint32_t)(pllfracen * ((RCC->PLL1FRACR & RCC_PLL1FRACR_PLL1FRACN) >> \
 788              		.loc 1 1774 15 view .LVU246
 789 0086 C3F3001C 		ubfx	ip, r3, #4, #1
 790              	.LVL73:
1775:Drivers/STM32U5xx_HAL_Driver/Src/stm32u5xx_hal_rcc.c ****                                               RCC_PLL1FRACR_PLL1FRACN_Pos));
 791              		.loc 1 1775 5 is_stmt 1 view .LVU247
1775:Drivers/STM32U5xx_HAL_Driver/Src/stm32u5xx_hal_rcc.c ****                                               RCC_PLL1FRACR_PLL1FRACN_Pos));
 792              		.loc 1 1775 51 is_stmt 0 view .LVU248
 793 008a 836B     		ldr	r3, [r0, #56]
1775:Drivers/STM32U5xx_HAL_Driver/Src/stm32u5xx_hal_rcc.c ****                                               RCC_PLL1FRACR_PLL1FRACN_Pos));
 794              		.loc 1 1775 90 view .LVU249
 795 008c C3F3CC03 		ubfx	r3, r3, #3, #13
1775:Drivers/STM32U5xx_HAL_Driver/Src/stm32u5xx_hal_rcc.c ****                                               RCC_PLL1FRACR_PLL1FRACN_Pos));
ARM GAS  /var/folders/j8/bx6g0dyx2gg_pdn7l_y1sb9c0000gn/T//cc64Wppv.s 			page 59


 796              		.loc 1 1775 23 view .LVU250
 797 0090 0CFB03F3 		mul	r3, ip, r3
1775:Drivers/STM32U5xx_HAL_Driver/Src/stm32u5xx_hal_rcc.c ****                                               RCC_PLL1FRACR_PLL1FRACN_Pos));
 798              		.loc 1 1775 12 view .LVU251
 799 0094 07EE903A 		vmov	s15, r3	@ int
 800 0098 F8EE677A 		vcvt.f32.u32	s15, s15
 801              	.LVL74:
1778:Drivers/STM32U5xx_HAL_Driver/Src/stm32u5xx_hal_rcc.c ****     {
 802              		.loc 1 1778 5 is_stmt 1 view .LVU252
 803 009c 0229     		cmp	r1, #2
 804 009e 1ED0     		beq	.L60
 805 00a0 0329     		cmp	r1, #3
 806 00a2 46D0     		beq	.L61
1792:Drivers/STM32U5xx_HAL_Driver/Src/stm32u5xx_hal_rcc.c ****                                                          (fracn1 / (float_t)0x2000) + (float_t)1U);
 807              		.loc 1 1792 9 view .LVU253
1792:Drivers/STM32U5xx_HAL_Driver/Src/stm32u5xx_hal_rcc.c ****                                                          (fracn1 / (float_t)0x2000) + (float_t)1U);
 808              		.loc 1 1792 19 is_stmt 0 view .LVU254
 809 00a4 06EE904A 		vmov	s13, r4	@ int
 810 00a8 F8EE666A 		vcvt.f32.u32	s13, s13
1792:Drivers/STM32U5xx_HAL_Driver/Src/stm32u5xx_hal_rcc.c ****                                                          (fracn1 / (float_t)0x2000) + (float_t)1U);
 811              		.loc 1 1792 40 view .LVU255
 812 00ac B8EE477A 		vcvt.f32.u32	s14, s14
 813              	.LVL75:
1792:Drivers/STM32U5xx_HAL_Driver/Src/stm32u5xx_hal_rcc.c ****                                                          (fracn1 / (float_t)0x2000) + (float_t)1U);
 814              		.loc 1 1792 38 view .LVU256
 815 00b0 86EE876A 		vdiv.f32	s12, s13, s14
1792:Drivers/STM32U5xx_HAL_Driver/Src/stm32u5xx_hal_rcc.c ****                                                          (fracn1 / (float_t)0x2000) + (float_t)1U);
 816              		.loc 1 1792 81 view .LVU257
 817 00b4 2C4B     		ldr	r3, .L71
 818 00b6 5B6B     		ldr	r3, [r3, #52]
1792:Drivers/STM32U5xx_HAL_Driver/Src/stm32u5xx_hal_rcc.c ****                                                          (fracn1 / (float_t)0x2000) + (float_t)1U);
 819              		.loc 1 1792 67 view .LVU258
 820 00b8 C3F30803 		ubfx	r3, r3, #0, #9
 821 00bc 06EE903A 		vmov	s13, r3	@ int
1792:Drivers/STM32U5xx_HAL_Driver/Src/stm32u5xx_hal_rcc.c ****                                                          (fracn1 / (float_t)0x2000) + (float_t)1U);
 822              		.loc 1 1792 58 view .LVU259
 823 00c0 F8EE666A 		vcvt.f32.u32	s13, s13
1793:Drivers/STM32U5xx_HAL_Driver/Src/stm32u5xx_hal_rcc.c ****         break;
 824              		.loc 1 1793 66 view .LVU260
 825 00c4 9FED2B7A 		vldr.32	s14, .L71+12
 826 00c8 67EE877A 		vmul.f32	s15, s15, s14
 827              	.LVL76:
1792:Drivers/STM32U5xx_HAL_Driver/Src/stm32u5xx_hal_rcc.c ****                                                          (fracn1 / (float_t)0x2000) + (float_t)1U);
 828              		.loc 1 1792 114 view .LVU261
 829 00cc 76EEA77A 		vadd.f32	s15, s13, s15
1793:Drivers/STM32U5xx_HAL_Driver/Src/stm32u5xx_hal_rcc.c ****         break;
 830              		.loc 1 1793 85 view .LVU262
 831 00d0 F7EE006A 		vmov.f32	s13, #1.0e+0
 832 00d4 77EEA66A 		vadd.f32	s13, s15, s13
1792:Drivers/STM32U5xx_HAL_Driver/Src/stm32u5xx_hal_rcc.c ****                                                          (fracn1 / (float_t)0x2000) + (float_t)1U);
 833              		.loc 1 1792 16 view .LVU263
 834 00d8 66EE266A 		vmul.f32	s13, s12, s13
 835              	.LVL77:
1794:Drivers/STM32U5xx_HAL_Driver/Src/stm32u5xx_hal_rcc.c ****     }
 836              		.loc 1 1794 9 is_stmt 1 view .LVU264
 837 00dc 19E0     		b	.L63
 838              	.LVL78:
ARM GAS  /var/folders/j8/bx6g0dyx2gg_pdn7l_y1sb9c0000gn/T//cc64Wppv.s 			page 60


 839              	.L60:
1781:Drivers/STM32U5xx_HAL_Driver/Src/stm32u5xx_hal_rcc.c ****                                                          (fracn1 / (float_t)0x2000) + (float_t)1U);
 840              		.loc 1 1781 9 view .LVU265
1781:Drivers/STM32U5xx_HAL_Driver/Src/stm32u5xx_hal_rcc.c ****                                                          (fracn1 / (float_t)0x2000) + (float_t)1U);
 841              		.loc 1 1781 40 is_stmt 0 view .LVU266
 842 00de B8EE477A 		vcvt.f32.u32	s14, s14
 843              	.LVL79:
1781:Drivers/STM32U5xx_HAL_Driver/Src/stm32u5xx_hal_rcc.c ****                                                          (fracn1 / (float_t)0x2000) + (float_t)1U);
 844              		.loc 1 1781 38 view .LVU267
 845 00e2 9FED256A 		vldr.32	s12, .L71+16
 846 00e6 C6EE076A 		vdiv.f32	s13, s12, s14
1781:Drivers/STM32U5xx_HAL_Driver/Src/stm32u5xx_hal_rcc.c ****                                                          (fracn1 / (float_t)0x2000) + (float_t)1U);
 847              		.loc 1 1781 81 view .LVU268
 848 00ea 1F4B     		ldr	r3, .L71
 849 00ec 5B6B     		ldr	r3, [r3, #52]
1781:Drivers/STM32U5xx_HAL_Driver/Src/stm32u5xx_hal_rcc.c ****                                                          (fracn1 / (float_t)0x2000) + (float_t)1U);
 850              		.loc 1 1781 67 view .LVU269
 851 00ee C3F30803 		ubfx	r3, r3, #0, #9
1781:Drivers/STM32U5xx_HAL_Driver/Src/stm32u5xx_hal_rcc.c ****                                                          (fracn1 / (float_t)0x2000) + (float_t)1U);
 852              		.loc 1 1781 58 view .LVU270
 853 00f2 07EE103A 		vmov	s14, r3	@ int
 854 00f6 B8EE477A 		vcvt.f32.u32	s14, s14
1782:Drivers/STM32U5xx_HAL_Driver/Src/stm32u5xx_hal_rcc.c ****         break;
 855              		.loc 1 1782 66 view .LVU271
 856 00fa 9FED1E6A 		vldr.32	s12, .L71+12
 857 00fe 67EE867A 		vmul.f32	s15, s15, s12
 858              	.LVL80:
1781:Drivers/STM32U5xx_HAL_Driver/Src/stm32u5xx_hal_rcc.c ****                                                          (fracn1 / (float_t)0x2000) + (float_t)1U);
 859              		.loc 1 1781 114 view .LVU272
 860 0102 77EE277A 		vadd.f32	s15, s14, s15
1782:Drivers/STM32U5xx_HAL_Driver/Src/stm32u5xx_hal_rcc.c ****         break;
 861              		.loc 1 1782 85 view .LVU273
 862 0106 B7EE007A 		vmov.f32	s14, #1.0e+0
 863 010a 77EE877A 		vadd.f32	s15, s15, s14
1781:Drivers/STM32U5xx_HAL_Driver/Src/stm32u5xx_hal_rcc.c ****                                                          (fracn1 / (float_t)0x2000) + (float_t)1U);
 864              		.loc 1 1781 16 view .LVU274
 865 010e 66EEA76A 		vmul.f32	s13, s13, s15
 866              	.LVL81:
1783:Drivers/STM32U5xx_HAL_Driver/Src/stm32u5xx_hal_rcc.c **** 
 867              		.loc 1 1783 9 is_stmt 1 view .LVU275
 868              	.L63:
1797:Drivers/STM32U5xx_HAL_Driver/Src/stm32u5xx_hal_rcc.c ****     sysclockfreq = (uint32_t)(float_t)((float_t)pllvco / (float_t)pllr);
 869              		.loc 1 1797 5 view .LVU276
1797:Drivers/STM32U5xx_HAL_Driver/Src/stm32u5xx_hal_rcc.c ****     sysclockfreq = (uint32_t)(float_t)((float_t)pllvco / (float_t)pllr);
 870              		.loc 1 1797 18 is_stmt 0 view .LVU277
 871 0112 154B     		ldr	r3, .L71
 872 0114 5B6B     		ldr	r3, [r3, #52]
1797:Drivers/STM32U5xx_HAL_Driver/Src/stm32u5xx_hal_rcc.c ****     sysclockfreq = (uint32_t)(float_t)((float_t)pllvco / (float_t)pllr);
 873              		.loc 1 1797 51 view .LVU278
 874 0116 C3F30663 		ubfx	r3, r3, #24, #7
1797:Drivers/STM32U5xx_HAL_Driver/Src/stm32u5xx_hal_rcc.c ****     sysclockfreq = (uint32_t)(float_t)((float_t)pllvco / (float_t)pllr);
 875              		.loc 1 1797 10 view .LVU279
 876 011a 0133     		adds	r3, r3, #1
 877              	.LVL82:
1798:Drivers/STM32U5xx_HAL_Driver/Src/stm32u5xx_hal_rcc.c ****   }
 878              		.loc 1 1798 5 is_stmt 1 view .LVU280
1798:Drivers/STM32U5xx_HAL_Driver/Src/stm32u5xx_hal_rcc.c ****   }
ARM GAS  /var/folders/j8/bx6g0dyx2gg_pdn7l_y1sb9c0000gn/T//cc64Wppv.s 			page 61


 879              		.loc 1 1798 58 is_stmt 0 view .LVU281
 880 011c 07EE903A 		vmov	s15, r3	@ int
 881 0120 B8EE677A 		vcvt.f32.u32	s14, s15
1798:Drivers/STM32U5xx_HAL_Driver/Src/stm32u5xx_hal_rcc.c ****   }
 882              		.loc 1 1798 30 view .LVU282
 883 0124 C6EE877A 		vdiv.f32	s15, s13, s14
1798:Drivers/STM32U5xx_HAL_Driver/Src/stm32u5xx_hal_rcc.c ****   }
 884              		.loc 1 1798 18 view .LVU283
 885 0128 FCEEE77A 		vcvt.u32.f32	s15, s15
 886 012c 17EE900A 		vmov	r0, s15	@ int
 887              	.LVL83:
1801:Drivers/STM32U5xx_HAL_Driver/Src/stm32u5xx_hal_rcc.c **** }
 888              		.loc 1 1801 3 is_stmt 1 view .LVU284
1801:Drivers/STM32U5xx_HAL_Driver/Src/stm32u5xx_hal_rcc.c **** }
 889              		.loc 1 1801 10 is_stmt 0 view .LVU285
 890 0130 8FE7     		b	.L53
 891              	.LVL84:
 892              	.L61:
1786:Drivers/STM32U5xx_HAL_Driver/Src/stm32u5xx_hal_rcc.c ****                                                          (fracn1 / (float_t)0x2000) + (float_t)1U);
 893              		.loc 1 1786 9 is_stmt 1 view .LVU286
1786:Drivers/STM32U5xx_HAL_Driver/Src/stm32u5xx_hal_rcc.c ****                                                          (fracn1 / (float_t)0x2000) + (float_t)1U);
 894              		.loc 1 1786 40 is_stmt 0 view .LVU287
 895 0132 B8EE477A 		vcvt.f32.u32	s14, s14
 896              	.LVL85:
1786:Drivers/STM32U5xx_HAL_Driver/Src/stm32u5xx_hal_rcc.c ****                                                          (fracn1 / (float_t)0x2000) + (float_t)1U);
 897              		.loc 1 1786 38 view .LVU288
 898 0136 9FED106A 		vldr.32	s12, .L71+16
 899 013a C6EE076A 		vdiv.f32	s13, s12, s14
1786:Drivers/STM32U5xx_HAL_Driver/Src/stm32u5xx_hal_rcc.c ****                                                          (fracn1 / (float_t)0x2000) + (float_t)1U);
 900              		.loc 1 1786 81 view .LVU289
 901 013e 0A4B     		ldr	r3, .L71
 902 0140 5B6B     		ldr	r3, [r3, #52]
1786:Drivers/STM32U5xx_HAL_Driver/Src/stm32u5xx_hal_rcc.c ****                                                          (fracn1 / (float_t)0x2000) + (float_t)1U);
 903              		.loc 1 1786 67 view .LVU290
 904 0142 C3F30803 		ubfx	r3, r3, #0, #9
1786:Drivers/STM32U5xx_HAL_Driver/Src/stm32u5xx_hal_rcc.c ****                                                          (fracn1 / (float_t)0x2000) + (float_t)1U);
 905              		.loc 1 1786 58 view .LVU291
 906 0146 07EE103A 		vmov	s14, r3	@ int
 907 014a B8EE477A 		vcvt.f32.u32	s14, s14
1787:Drivers/STM32U5xx_HAL_Driver/Src/stm32u5xx_hal_rcc.c ****         break;
 908              		.loc 1 1787 66 view .LVU292
 909 014e 9FED096A 		vldr.32	s12, .L71+12
 910 0152 67EE867A 		vmul.f32	s15, s15, s12
 911              	.LVL86:
1786:Drivers/STM32U5xx_HAL_Driver/Src/stm32u5xx_hal_rcc.c ****                                                          (fracn1 / (float_t)0x2000) + (float_t)1U);
 912              		.loc 1 1786 114 view .LVU293
 913 0156 77EE277A 		vadd.f32	s15, s14, s15
1787:Drivers/STM32U5xx_HAL_Driver/Src/stm32u5xx_hal_rcc.c ****         break;
 914              		.loc 1 1787 85 view .LVU294
 915 015a B7EE007A 		vmov.f32	s14, #1.0e+0
 916 015e 77EE877A 		vadd.f32	s15, s15, s14
1786:Drivers/STM32U5xx_HAL_Driver/Src/stm32u5xx_hal_rcc.c ****                                                          (fracn1 / (float_t)0x2000) + (float_t)1U);
 917              		.loc 1 1786 16 view .LVU295
 918 0162 66EEA76A 		vmul.f32	s13, s13, s15
 919              	.LVL87:
1788:Drivers/STM32U5xx_HAL_Driver/Src/stm32u5xx_hal_rcc.c **** 
 920              		.loc 1 1788 9 is_stmt 1 view .LVU296
ARM GAS  /var/folders/j8/bx6g0dyx2gg_pdn7l_y1sb9c0000gn/T//cc64Wppv.s 			page 62


 921 0166 D4E7     		b	.L63
 922              	.L72:
 923              		.align	2
 924              	.L71:
 925 0168 000C0246 		.word	1174539264
 926 016c 00000000 		.word	MSIRangeTable
 927 0170 0024F400 		.word	16000000
 928 0174 00000039 		.word	956301312
 929 0178 0024744B 		.word	1265902592
 930              		.cfi_endproc
 931              	.LFE161:
 933              		.section	.text.HAL_RCC_ClockConfig,"ax",%progbits
 934              		.align	1
 935              		.global	HAL_RCC_ClockConfig
 936              		.syntax unified
 937              		.thumb
 938              		.thumb_func
 940              	HAL_RCC_ClockConfig:
 941              	.LVL88:
 942              	.LFB159:
1353:Drivers/STM32U5xx_HAL_Driver/Src/stm32u5xx_hal_rcc.c ****   HAL_StatusTypeDef status;
 943              		.loc 1 1353 1 view -0
 944              		.cfi_startproc
 945              		@ args = 0, pretend = 0, frame = 8
 946              		@ frame_needed = 0, uses_anonymous_args = 0
1354:Drivers/STM32U5xx_HAL_Driver/Src/stm32u5xx_hal_rcc.c ****   uint32_t tickstart;
 947              		.loc 1 1354 3 view .LVU298
1355:Drivers/STM32U5xx_HAL_Driver/Src/stm32u5xx_hal_rcc.c **** 
 948              		.loc 1 1355 3 view .LVU299
1358:Drivers/STM32U5xx_HAL_Driver/Src/stm32u5xx_hal_rcc.c ****   {
 949              		.loc 1 1358 3 view .LVU300
1358:Drivers/STM32U5xx_HAL_Driver/Src/stm32u5xx_hal_rcc.c ****   {
 950              		.loc 1 1358 6 is_stmt 0 view .LVU301
 951 0000 0028     		cmp	r0, #0
 952 0002 00F07181 		beq	.L105
1353:Drivers/STM32U5xx_HAL_Driver/Src/stm32u5xx_hal_rcc.c ****   HAL_StatusTypeDef status;
 953              		.loc 1 1353 1 view .LVU302
 954 0006 F0B5     		push	{r4, r5, r6, r7, lr}
 955              	.LCFI11:
 956              		.cfi_def_cfa_offset 20
 957              		.cfi_offset 4, -20
 958              		.cfi_offset 5, -16
 959              		.cfi_offset 6, -12
 960              		.cfi_offset 7, -8
 961              		.cfi_offset 14, -4
 962 0008 83B0     		sub	sp, sp, #12
 963              	.LCFI12:
 964              		.cfi_def_cfa_offset 32
 965 000a 0D46     		mov	r5, r1
 966 000c 0446     		mov	r4, r0
1364:Drivers/STM32U5xx_HAL_Driver/Src/stm32u5xx_hal_rcc.c ****   assert_param(IS_FLASH_LATENCY(FLatency));
 967              		.loc 1 1364 3 is_stmt 1 view .LVU303
1365:Drivers/STM32U5xx_HAL_Driver/Src/stm32u5xx_hal_rcc.c **** 
 968              		.loc 1 1365 3 view .LVU304
1372:Drivers/STM32U5xx_HAL_Driver/Src/stm32u5xx_hal_rcc.c ****   {
 969              		.loc 1 1372 3 view .LVU305
1372:Drivers/STM32U5xx_HAL_Driver/Src/stm32u5xx_hal_rcc.c ****   {
ARM GAS  /var/folders/j8/bx6g0dyx2gg_pdn7l_y1sb9c0000gn/T//cc64Wppv.s 			page 63


 970              		.loc 1 1372 18 is_stmt 0 view .LVU306
 971 000e 7F4B     		ldr	r3, .L128
 972 0010 1B68     		ldr	r3, [r3]
 973 0012 03F00F03 		and	r3, r3, #15
1372:Drivers/STM32U5xx_HAL_Driver/Src/stm32u5xx_hal_rcc.c ****   {
 974              		.loc 1 1372 6 view .LVU307
 975 0016 8B42     		cmp	r3, r1
 976 0018 0BD2     		bcs	.L75
1375:Drivers/STM32U5xx_HAL_Driver/Src/stm32u5xx_hal_rcc.c **** 
 977              		.loc 1 1375 5 is_stmt 1 view .LVU308
 978 001a 7C4A     		ldr	r2, .L128
 979 001c 1368     		ldr	r3, [r2]
 980 001e 23F00F03 		bic	r3, r3, #15
 981 0022 0B43     		orrs	r3, r3, r1
 982 0024 1360     		str	r3, [r2]
1379:Drivers/STM32U5xx_HAL_Driver/Src/stm32u5xx_hal_rcc.c ****     {
 983              		.loc 1 1379 5 view .LVU309
1379:Drivers/STM32U5xx_HAL_Driver/Src/stm32u5xx_hal_rcc.c ****     {
 984              		.loc 1 1379 9 is_stmt 0 view .LVU310
 985 0026 1368     		ldr	r3, [r2]
 986 0028 03F00F03 		and	r3, r3, #15
1379:Drivers/STM32U5xx_HAL_Driver/Src/stm32u5xx_hal_rcc.c ****     {
 987              		.loc 1 1379 8 view .LVU311
 988 002c 8B42     		cmp	r3, r1
 989 002e 40F05D81 		bne	.L106
 990              	.L75:
1387:Drivers/STM32U5xx_HAL_Driver/Src/stm32u5xx_hal_rcc.c ****   {
 991              		.loc 1 1387 3 is_stmt 1 view .LVU312
1387:Drivers/STM32U5xx_HAL_Driver/Src/stm32u5xx_hal_rcc.c ****   {
 992              		.loc 1 1387 27 is_stmt 0 view .LVU313
 993 0032 2368     		ldr	r3, [r4]
1387:Drivers/STM32U5xx_HAL_Driver/Src/stm32u5xx_hal_rcc.c ****   {
 994              		.loc 1 1387 6 view .LVU314
 995 0034 13F0100F 		tst	r3, #16
 996 0038 0CD0     		beq	.L76
1389:Drivers/STM32U5xx_HAL_Driver/Src/stm32u5xx_hal_rcc.c ****     {
 997              		.loc 1 1389 5 is_stmt 1 view .LVU315
1389:Drivers/STM32U5xx_HAL_Driver/Src/stm32u5xx_hal_rcc.c ****     {
 998              		.loc 1 1389 28 is_stmt 0 view .LVU316
 999 003a 6269     		ldr	r2, [r4, #20]
1389:Drivers/STM32U5xx_HAL_Driver/Src/stm32u5xx_hal_rcc.c ****     {
 1000              		.loc 1 1389 52 view .LVU317
 1001 003c 744B     		ldr	r3, .L128+4
 1002 003e 5B6A     		ldr	r3, [r3, #36]
1389:Drivers/STM32U5xx_HAL_Driver/Src/stm32u5xx_hal_rcc.c ****     {
 1003              		.loc 1 1389 60 view .LVU318
 1004 0040 03F07003 		and	r3, r3, #112
1389:Drivers/STM32U5xx_HAL_Driver/Src/stm32u5xx_hal_rcc.c ****     {
 1005              		.loc 1 1389 8 view .LVU319
 1006 0044 9A42     		cmp	r2, r3
 1007 0046 05D9     		bls	.L76
1391:Drivers/STM32U5xx_HAL_Driver/Src/stm32u5xx_hal_rcc.c ****       MODIFY_REG(RCC->CFGR3, RCC_CFGR3_PPRE3, pRCC_ClkInitStruct->APB3CLKDivider);
 1008              		.loc 1 1391 7 is_stmt 1 view .LVU320
1392:Drivers/STM32U5xx_HAL_Driver/Src/stm32u5xx_hal_rcc.c ****     }
 1009              		.loc 1 1392 7 view .LVU321
 1010 0048 7149     		ldr	r1, .L128+4
 1011              	.LVL89:
ARM GAS  /var/folders/j8/bx6g0dyx2gg_pdn7l_y1sb9c0000gn/T//cc64Wppv.s 			page 64


1392:Drivers/STM32U5xx_HAL_Driver/Src/stm32u5xx_hal_rcc.c ****     }
 1012              		.loc 1 1392 7 is_stmt 0 view .LVU322
 1013 004a 4B6A     		ldr	r3, [r1, #36]
 1014 004c 23F07003 		bic	r3, r3, #112
 1015 0050 1A43     		orrs	r2, r2, r3
 1016 0052 4A62     		str	r2, [r1, #36]
 1017              	.L76:
1396:Drivers/STM32U5xx_HAL_Driver/Src/stm32u5xx_hal_rcc.c ****   {
 1018              		.loc 1 1396 3 is_stmt 1 view .LVU323
1396:Drivers/STM32U5xx_HAL_Driver/Src/stm32u5xx_hal_rcc.c ****   {
 1019              		.loc 1 1396 27 is_stmt 0 view .LVU324
 1020 0054 2368     		ldr	r3, [r4]
1396:Drivers/STM32U5xx_HAL_Driver/Src/stm32u5xx_hal_rcc.c ****   {
 1021              		.loc 1 1396 6 view .LVU325
 1022 0056 13F0080F 		tst	r3, #8
 1023 005a 0ED0     		beq	.L77
1398:Drivers/STM32U5xx_HAL_Driver/Src/stm32u5xx_hal_rcc.c ****     {
 1024              		.loc 1 1398 5 is_stmt 1 view .LVU326
1398:Drivers/STM32U5xx_HAL_Driver/Src/stm32u5xx_hal_rcc.c ****     {
 1025              		.loc 1 1398 28 is_stmt 0 view .LVU327
 1026 005c 2269     		ldr	r2, [r4, #16]
1398:Drivers/STM32U5xx_HAL_Driver/Src/stm32u5xx_hal_rcc.c ****     {
 1027              		.loc 1 1398 53 view .LVU328
 1028 005e 6C4B     		ldr	r3, .L128+4
 1029 0060 1B6A     		ldr	r3, [r3, #32]
1398:Drivers/STM32U5xx_HAL_Driver/Src/stm32u5xx_hal_rcc.c ****     {
 1030              		.loc 1 1398 80 view .LVU329
 1031 0062 1B09     		lsrs	r3, r3, #4
 1032 0064 03F07003 		and	r3, r3, #112
1398:Drivers/STM32U5xx_HAL_Driver/Src/stm32u5xx_hal_rcc.c ****     {
 1033              		.loc 1 1398 8 view .LVU330
 1034 0068 9A42     		cmp	r2, r3
 1035 006a 06D9     		bls	.L77
1400:Drivers/STM32U5xx_HAL_Driver/Src/stm32u5xx_hal_rcc.c ****       MODIFY_REG(RCC->CFGR2, RCC_CFGR2_PPRE2, ((pRCC_ClkInitStruct->APB2CLKDivider) << 4));
 1036              		.loc 1 1400 7 is_stmt 1 view .LVU331
1401:Drivers/STM32U5xx_HAL_Driver/Src/stm32u5xx_hal_rcc.c ****     }
 1037              		.loc 1 1401 7 view .LVU332
 1038 006c 6849     		ldr	r1, .L128+4
 1039 006e 0B6A     		ldr	r3, [r1, #32]
 1040 0070 23F4E063 		bic	r3, r3, #1792
 1041 0074 43EA0213 		orr	r3, r3, r2, lsl #4
 1042 0078 0B62     		str	r3, [r1, #32]
 1043              	.L77:
1406:Drivers/STM32U5xx_HAL_Driver/Src/stm32u5xx_hal_rcc.c ****   {
 1044              		.loc 1 1406 3 view .LVU333
1406:Drivers/STM32U5xx_HAL_Driver/Src/stm32u5xx_hal_rcc.c ****   {
 1045              		.loc 1 1406 27 is_stmt 0 view .LVU334
 1046 007a 2368     		ldr	r3, [r4]
1406:Drivers/STM32U5xx_HAL_Driver/Src/stm32u5xx_hal_rcc.c ****   {
 1047              		.loc 1 1406 6 view .LVU335
 1048 007c 13F0040F 		tst	r3, #4
 1049 0080 0CD0     		beq	.L78
1408:Drivers/STM32U5xx_HAL_Driver/Src/stm32u5xx_hal_rcc.c ****     {
 1050              		.loc 1 1408 5 is_stmt 1 view .LVU336
1408:Drivers/STM32U5xx_HAL_Driver/Src/stm32u5xx_hal_rcc.c ****     {
 1051              		.loc 1 1408 28 is_stmt 0 view .LVU337
 1052 0082 E268     		ldr	r2, [r4, #12]
ARM GAS  /var/folders/j8/bx6g0dyx2gg_pdn7l_y1sb9c0000gn/T//cc64Wppv.s 			page 65


1408:Drivers/STM32U5xx_HAL_Driver/Src/stm32u5xx_hal_rcc.c ****     {
 1053              		.loc 1 1408 52 view .LVU338
 1054 0084 624B     		ldr	r3, .L128+4
 1055 0086 1B6A     		ldr	r3, [r3, #32]
1408:Drivers/STM32U5xx_HAL_Driver/Src/stm32u5xx_hal_rcc.c ****     {
 1056              		.loc 1 1408 60 view .LVU339
 1057 0088 03F07003 		and	r3, r3, #112
1408:Drivers/STM32U5xx_HAL_Driver/Src/stm32u5xx_hal_rcc.c ****     {
 1058              		.loc 1 1408 8 view .LVU340
 1059 008c 9A42     		cmp	r2, r3
 1060 008e 05D9     		bls	.L78
1410:Drivers/STM32U5xx_HAL_Driver/Src/stm32u5xx_hal_rcc.c ****       MODIFY_REG(RCC->CFGR2, RCC_CFGR2_PPRE1, pRCC_ClkInitStruct->APB1CLKDivider);
 1061              		.loc 1 1410 7 is_stmt 1 view .LVU341
1411:Drivers/STM32U5xx_HAL_Driver/Src/stm32u5xx_hal_rcc.c ****     }
 1062              		.loc 1 1411 7 view .LVU342
 1063 0090 5F49     		ldr	r1, .L128+4
 1064 0092 0B6A     		ldr	r3, [r1, #32]
 1065 0094 23F07003 		bic	r3, r3, #112
 1066 0098 1A43     		orrs	r2, r2, r3
 1067 009a 0A62     		str	r2, [r1, #32]
 1068              	.L78:
1416:Drivers/STM32U5xx_HAL_Driver/Src/stm32u5xx_hal_rcc.c ****   {
 1069              		.loc 1 1416 3 view .LVU343
1416:Drivers/STM32U5xx_HAL_Driver/Src/stm32u5xx_hal_rcc.c ****   {
 1070              		.loc 1 1416 27 is_stmt 0 view .LVU344
 1071 009c 2368     		ldr	r3, [r4]
1416:Drivers/STM32U5xx_HAL_Driver/Src/stm32u5xx_hal_rcc.c ****   {
 1072              		.loc 1 1416 6 view .LVU345
 1073 009e 13F0020F 		tst	r3, #2
 1074 00a2 0CD0     		beq	.L79
1418:Drivers/STM32U5xx_HAL_Driver/Src/stm32u5xx_hal_rcc.c ****     {
 1075              		.loc 1 1418 5 is_stmt 1 view .LVU346
1418:Drivers/STM32U5xx_HAL_Driver/Src/stm32u5xx_hal_rcc.c ****     {
 1076              		.loc 1 1418 28 is_stmt 0 view .LVU347
 1077 00a4 A268     		ldr	r2, [r4, #8]
1418:Drivers/STM32U5xx_HAL_Driver/Src/stm32u5xx_hal_rcc.c ****     {
 1078              		.loc 1 1418 51 view .LVU348
 1079 00a6 5A4B     		ldr	r3, .L128+4
 1080 00a8 1B6A     		ldr	r3, [r3, #32]
1418:Drivers/STM32U5xx_HAL_Driver/Src/stm32u5xx_hal_rcc.c ****     {
 1081              		.loc 1 1418 59 view .LVU349
 1082 00aa 03F00F03 		and	r3, r3, #15
1418:Drivers/STM32U5xx_HAL_Driver/Src/stm32u5xx_hal_rcc.c ****     {
 1083              		.loc 1 1418 8 view .LVU350
 1084 00ae 9A42     		cmp	r2, r3
 1085 00b0 05D9     		bls	.L79
1420:Drivers/STM32U5xx_HAL_Driver/Src/stm32u5xx_hal_rcc.c ****       MODIFY_REG(RCC->CFGR2, RCC_CFGR2_HPRE, pRCC_ClkInitStruct->AHBCLKDivider);
 1086              		.loc 1 1420 7 is_stmt 1 view .LVU351
1421:Drivers/STM32U5xx_HAL_Driver/Src/stm32u5xx_hal_rcc.c ****     }
 1087              		.loc 1 1421 7 view .LVU352
 1088 00b2 5749     		ldr	r1, .L128+4
 1089 00b4 0B6A     		ldr	r3, [r1, #32]
 1090 00b6 23F00F03 		bic	r3, r3, #15
 1091 00ba 1A43     		orrs	r2, r2, r3
 1092 00bc 0A62     		str	r2, [r1, #32]
 1093              	.L79:
1426:Drivers/STM32U5xx_HAL_Driver/Src/stm32u5xx_hal_rcc.c ****   {
ARM GAS  /var/folders/j8/bx6g0dyx2gg_pdn7l_y1sb9c0000gn/T//cc64Wppv.s 			page 66


 1094              		.loc 1 1426 3 view .LVU353
1426:Drivers/STM32U5xx_HAL_Driver/Src/stm32u5xx_hal_rcc.c ****   {
 1095              		.loc 1 1426 27 is_stmt 0 view .LVU354
 1096 00be 2368     		ldr	r3, [r4]
1426:Drivers/STM32U5xx_HAL_Driver/Src/stm32u5xx_hal_rcc.c ****   {
 1097              		.loc 1 1426 6 view .LVU355
 1098 00c0 13F0010F 		tst	r3, #1
 1099 00c4 00F0A880 		beq	.L80
 1100              	.LBB4:
1428:Drivers/STM32U5xx_HAL_Driver/Src/stm32u5xx_hal_rcc.c ****     FlagStatus  pwrclkchanged = RESET;
 1101              		.loc 1 1428 5 is_stmt 1 view .LVU356
1429:Drivers/STM32U5xx_HAL_Driver/Src/stm32u5xx_hal_rcc.c **** 
 1102              		.loc 1 1429 5 view .LVU357
 1103              	.LVL90:
1432:Drivers/STM32U5xx_HAL_Driver/Src/stm32u5xx_hal_rcc.c ****     {
 1104              		.loc 1 1432 5 view .LVU358
1432:Drivers/STM32U5xx_HAL_Driver/Src/stm32u5xx_hal_rcc.c ****     {
 1105              		.loc 1 1432 27 is_stmt 0 view .LVU359
 1106 00c8 6368     		ldr	r3, [r4, #4]
1432:Drivers/STM32U5xx_HAL_Driver/Src/stm32u5xx_hal_rcc.c ****     {
 1107              		.loc 1 1432 8 view .LVU360
 1108 00ca 032B     		cmp	r3, #3
 1109 00cc 0AD0     		beq	.L124
1468:Drivers/STM32U5xx_HAL_Driver/Src/stm32u5xx_hal_rcc.c ****       {
 1110              		.loc 1 1468 7 is_stmt 1 view .LVU361
1468:Drivers/STM32U5xx_HAL_Driver/Src/stm32u5xx_hal_rcc.c ****       {
 1111              		.loc 1 1468 10 is_stmt 0 view .LVU362
 1112 00ce 022B     		cmp	r3, #2
 1113 00d0 61D0     		beq	.L125
1477:Drivers/STM32U5xx_HAL_Driver/Src/stm32u5xx_hal_rcc.c ****       {
 1114              		.loc 1 1477 12 is_stmt 1 view .LVU363
1477:Drivers/STM32U5xx_HAL_Driver/Src/stm32u5xx_hal_rcc.c ****       {
 1115              		.loc 1 1477 15 is_stmt 0 view .LVU364
 1116 00d2 002B     		cmp	r3, #0
 1117 00d4 66D1     		bne	.L89
1480:Drivers/STM32U5xx_HAL_Driver/Src/stm32u5xx_hal_rcc.c ****         {
 1118              		.loc 1 1480 9 is_stmt 1 view .LVU365
1480:Drivers/STM32U5xx_HAL_Driver/Src/stm32u5xx_hal_rcc.c ****         {
 1119              		.loc 1 1480 13 is_stmt 0 view .LVU366
 1120 00d6 4E4B     		ldr	r3, .L128+4
 1121 00d8 1B68     		ldr	r3, [r3]
1480:Drivers/STM32U5xx_HAL_Driver/Src/stm32u5xx_hal_rcc.c ****         {
 1122              		.loc 1 1480 12 view .LVU367
 1123 00da 13F0040F 		tst	r3, #4
 1124 00de 26D1     		bne	.L87
1482:Drivers/STM32U5xx_HAL_Driver/Src/stm32u5xx_hal_rcc.c ****         }
 1125              		.loc 1 1482 18 view .LVU368
 1126 00e0 0120     		movs	r0, #1
 1127              	.LVL91:
1482:Drivers/STM32U5xx_HAL_Driver/Src/stm32u5xx_hal_rcc.c ****         }
 1128              		.loc 1 1482 18 view .LVU369
 1129 00e2 FFE0     		b	.L74
 1130              	.LVL92:
 1131              	.L124:
1434:Drivers/STM32U5xx_HAL_Driver/Src/stm32u5xx_hal_rcc.c ****       {
 1132              		.loc 1 1434 7 is_stmt 1 view .LVU370
1434:Drivers/STM32U5xx_HAL_Driver/Src/stm32u5xx_hal_rcc.c ****       {
ARM GAS  /var/folders/j8/bx6g0dyx2gg_pdn7l_y1sb9c0000gn/T//cc64Wppv.s 			page 67


 1133              		.loc 1 1434 11 is_stmt 0 view .LVU371
 1134 00e4 4A4B     		ldr	r3, .L128+4
 1135 00e6 D3F89430 		ldr	r3, [r3, #148]
1434:Drivers/STM32U5xx_HAL_Driver/Src/stm32u5xx_hal_rcc.c ****       {
 1136              		.loc 1 1434 10 view .LVU372
 1137 00ea 13F0040F 		tst	r3, #4
 1138 00ee 0ED1     		bne	.L107
1436:Drivers/STM32U5xx_HAL_Driver/Src/stm32u5xx_hal_rcc.c ****         pwrclkchanged = SET;
 1139              		.loc 1 1436 9 is_stmt 1 view .LVU373
 1140              	.LBB5:
1436:Drivers/STM32U5xx_HAL_Driver/Src/stm32u5xx_hal_rcc.c ****         pwrclkchanged = SET;
 1141              		.loc 1 1436 9 view .LVU374
1436:Drivers/STM32U5xx_HAL_Driver/Src/stm32u5xx_hal_rcc.c ****         pwrclkchanged = SET;
 1142              		.loc 1 1436 9 view .LVU375
 1143 00f0 474B     		ldr	r3, .L128+4
 1144 00f2 D3F89420 		ldr	r2, [r3, #148]
 1145 00f6 42F00402 		orr	r2, r2, #4
 1146 00fa C3F89420 		str	r2, [r3, #148]
1436:Drivers/STM32U5xx_HAL_Driver/Src/stm32u5xx_hal_rcc.c ****         pwrclkchanged = SET;
 1147              		.loc 1 1436 9 view .LVU376
 1148 00fe D3F89430 		ldr	r3, [r3, #148]
 1149 0102 03F00403 		and	r3, r3, #4
 1150 0106 0193     		str	r3, [sp, #4]
1436:Drivers/STM32U5xx_HAL_Driver/Src/stm32u5xx_hal_rcc.c ****         pwrclkchanged = SET;
 1151              		.loc 1 1436 9 view .LVU377
 1152 0108 019B     		ldr	r3, [sp, #4]
 1153              	.LBE5:
1436:Drivers/STM32U5xx_HAL_Driver/Src/stm32u5xx_hal_rcc.c ****         pwrclkchanged = SET;
 1154              		.loc 1 1436 9 view .LVU378
1437:Drivers/STM32U5xx_HAL_Driver/Src/stm32u5xx_hal_rcc.c ****       }
 1155              		.loc 1 1437 9 view .LVU379
 1156              	.LVL93:
1437:Drivers/STM32U5xx_HAL_Driver/Src/stm32u5xx_hal_rcc.c ****       }
 1157              		.loc 1 1437 23 is_stmt 0 view .LVU380
 1158 010a 0127     		movs	r7, #1
 1159 010c 00E0     		b	.L82
 1160              	.LVL94:
 1161              	.L107:
1429:Drivers/STM32U5xx_HAL_Driver/Src/stm32u5xx_hal_rcc.c **** 
 1162              		.loc 1 1429 17 view .LVU381
 1163 010e 0027     		movs	r7, #0
 1164              	.LVL95:
 1165              	.L82:
1439:Drivers/STM32U5xx_HAL_Driver/Src/stm32u5xx_hal_rcc.c ****       /* Check if EPOD is enabled */
 1166              		.loc 1 1439 7 is_stmt 1 view .LVU382
1439:Drivers/STM32U5xx_HAL_Driver/Src/stm32u5xx_hal_rcc.c ****       /* Check if EPOD is enabled */
 1167              		.loc 1 1439 19 is_stmt 0 view .LVU383
 1168 0110 FFF7FEFF 		bl	HAL_GetTick
 1169              	.LVL96:
1439:Drivers/STM32U5xx_HAL_Driver/Src/stm32u5xx_hal_rcc.c ****       /* Check if EPOD is enabled */
 1170              		.loc 1 1439 19 view .LVU384
 1171 0114 0646     		mov	r6, r0
 1172              	.LVL97:
1441:Drivers/STM32U5xx_HAL_Driver/Src/stm32u5xx_hal_rcc.c ****       {
 1173              		.loc 1 1441 7 is_stmt 1 view .LVU385
1441:Drivers/STM32U5xx_HAL_Driver/Src/stm32u5xx_hal_rcc.c ****       {
 1174              		.loc 1 1441 11 is_stmt 0 view .LVU386
ARM GAS  /var/folders/j8/bx6g0dyx2gg_pdn7l_y1sb9c0000gn/T//cc64Wppv.s 			page 68


 1175 0116 3F4B     		ldr	r3, .L128+8
 1176 0118 DB68     		ldr	r3, [r3, #12]
1441:Drivers/STM32U5xx_HAL_Driver/Src/stm32u5xx_hal_rcc.c ****       {
 1177              		.loc 1 1441 10 view .LVU387
 1178 011a 13F4802F 		tst	r3, #262144
 1179 011e 26D1     		bne	.L83
 1180              	.LVL98:
 1181              	.L84:
1454:Drivers/STM32U5xx_HAL_Driver/Src/stm32u5xx_hal_rcc.c ****       {
 1182              		.loc 1 1454 7 is_stmt 1 view .LVU388
1454:Drivers/STM32U5xx_HAL_Driver/Src/stm32u5xx_hal_rcc.c ****       {
 1183              		.loc 1 1454 10 is_stmt 0 view .LVU389
 1184 0120 8FBB     		cbnz	r7, .L126
 1185              	.L86:
1460:Drivers/STM32U5xx_HAL_Driver/Src/stm32u5xx_hal_rcc.c ****       {
 1186              		.loc 1 1460 7 is_stmt 1 view .LVU390
1460:Drivers/STM32U5xx_HAL_Driver/Src/stm32u5xx_hal_rcc.c ****       {
 1187              		.loc 1 1460 11 is_stmt 0 view .LVU391
 1188 0122 3B4B     		ldr	r3, .L128+4
 1189 0124 1B68     		ldr	r3, [r3]
1460:Drivers/STM32U5xx_HAL_Driver/Src/stm32u5xx_hal_rcc.c ****       {
 1190              		.loc 1 1460 10 view .LVU392
 1191 0126 13F0007F 		tst	r3, #33554432
 1192 012a 00F0E180 		beq	.L127
 1193              	.LVL99:
 1194              	.L87:
1496:Drivers/STM32U5xx_HAL_Driver/Src/stm32u5xx_hal_rcc.c **** 
 1195              		.loc 1 1496 5 is_stmt 1 view .LVU393
 1196 012e 384A     		ldr	r2, .L128+4
 1197 0130 D369     		ldr	r3, [r2, #28]
 1198 0132 23F00303 		bic	r3, r3, #3
 1199 0136 6168     		ldr	r1, [r4, #4]
 1200 0138 0B43     		orrs	r3, r3, r1
 1201 013a D361     		str	r3, [r2, #28]
1498:Drivers/STM32U5xx_HAL_Driver/Src/stm32u5xx_hal_rcc.c **** 
 1202              		.loc 1 1498 5 view .LVU394
1498:Drivers/STM32U5xx_HAL_Driver/Src/stm32u5xx_hal_rcc.c **** 
 1203              		.loc 1 1498 17 is_stmt 0 view .LVU395
 1204 013c FFF7FEFF 		bl	HAL_GetTick
 1205              	.LVL100:
 1206 0140 0646     		mov	r6, r0
 1207              	.LVL101:
1500:Drivers/STM32U5xx_HAL_Driver/Src/stm32u5xx_hal_rcc.c ****     {
 1208              		.loc 1 1500 5 is_stmt 1 view .LVU396
1500:Drivers/STM32U5xx_HAL_Driver/Src/stm32u5xx_hal_rcc.c ****     {
 1209              		.loc 1 1500 27 is_stmt 0 view .LVU397
 1210 0142 6368     		ldr	r3, [r4, #4]
1500:Drivers/STM32U5xx_HAL_Driver/Src/stm32u5xx_hal_rcc.c ****     {
 1211              		.loc 1 1500 8 view .LVU398
 1212 0144 032B     		cmp	r3, #3
 1213 0146 34D0     		beq	.L90
1512:Drivers/STM32U5xx_HAL_Driver/Src/stm32u5xx_hal_rcc.c ****       {
 1214              		.loc 1 1512 7 is_stmt 1 view .LVU399
1512:Drivers/STM32U5xx_HAL_Driver/Src/stm32u5xx_hal_rcc.c ****       {
 1215              		.loc 1 1512 10 is_stmt 0 view .LVU400
 1216 0148 022B     		cmp	r3, #2
 1217 014a 41D0     		beq	.L93
ARM GAS  /var/folders/j8/bx6g0dyx2gg_pdn7l_y1sb9c0000gn/T//cc64Wppv.s 			page 69


1522:Drivers/STM32U5xx_HAL_Driver/Src/stm32u5xx_hal_rcc.c ****       {
 1218              		.loc 1 1522 12 is_stmt 1 view .LVU401
1522:Drivers/STM32U5xx_HAL_Driver/Src/stm32u5xx_hal_rcc.c ****       {
 1219              		.loc 1 1522 15 is_stmt 0 view .LVU402
 1220 014c 002B     		cmp	r3, #0
 1221 014e 4ED0     		beq	.L96
 1222              	.LVL102:
 1223              	.L97:
1534:Drivers/STM32U5xx_HAL_Driver/Src/stm32u5xx_hal_rcc.c ****         {
 1224              		.loc 1 1534 15 is_stmt 1 view .LVU403
1534:Drivers/STM32U5xx_HAL_Driver/Src/stm32u5xx_hal_rcc.c ****         {
 1225              		.loc 1 1534 16 is_stmt 0 view .LVU404
 1226 0150 2F4B     		ldr	r3, .L128+4
 1227 0152 DB69     		ldr	r3, [r3, #28]
 1228 0154 03F00C03 		and	r3, r3, #12
1534:Drivers/STM32U5xx_HAL_Driver/Src/stm32u5xx_hal_rcc.c ****         {
 1229              		.loc 1 1534 15 view .LVU405
 1230 0158 042B     		cmp	r3, #4
 1231 015a 5DD0     		beq	.L80
1536:Drivers/STM32U5xx_HAL_Driver/Src/stm32u5xx_hal_rcc.c ****           {
 1232              		.loc 1 1536 11 is_stmt 1 view .LVU406
1536:Drivers/STM32U5xx_HAL_Driver/Src/stm32u5xx_hal_rcc.c ****           {
 1233              		.loc 1 1536 16 is_stmt 0 view .LVU407
 1234 015c FFF7FEFF 		bl	HAL_GetTick
 1235              	.LVL103:
1536:Drivers/STM32U5xx_HAL_Driver/Src/stm32u5xx_hal_rcc.c ****           {
 1236              		.loc 1 1536 30 view .LVU408
 1237 0160 801B     		subs	r0, r0, r6
1536:Drivers/STM32U5xx_HAL_Driver/Src/stm32u5xx_hal_rcc.c ****           {
 1238              		.loc 1 1536 14 view .LVU409
 1239 0162 41F28833 		movw	r3, #5000
 1240 0166 9842     		cmp	r0, r3
 1241 0168 F2D9     		bls	.L97
1538:Drivers/STM32U5xx_HAL_Driver/Src/stm32u5xx_hal_rcc.c ****           }
 1242              		.loc 1 1538 20 view .LVU410
 1243 016a 0320     		movs	r0, #3
 1244 016c BAE0     		b	.L74
 1245              	.LVL104:
 1246              	.L83:
1444:Drivers/STM32U5xx_HAL_Driver/Src/stm32u5xx_hal_rcc.c ****         {
 1247              		.loc 1 1444 15 is_stmt 1 view .LVU411
1444:Drivers/STM32U5xx_HAL_Driver/Src/stm32u5xx_hal_rcc.c ****         {
 1248              		.loc 1 1444 16 is_stmt 0 view .LVU412
 1249 016e 294B     		ldr	r3, .L128+8
 1250 0170 DB68     		ldr	r3, [r3, #12]
1444:Drivers/STM32U5xx_HAL_Driver/Src/stm32u5xx_hal_rcc.c ****         {
 1251              		.loc 1 1444 15 view .LVU413
 1252 0172 13F4804F 		tst	r3, #16384
 1253 0176 D3D1     		bne	.L84
1446:Drivers/STM32U5xx_HAL_Driver/Src/stm32u5xx_hal_rcc.c ****           {
 1254              		.loc 1 1446 11 is_stmt 1 view .LVU414
1446:Drivers/STM32U5xx_HAL_Driver/Src/stm32u5xx_hal_rcc.c ****           {
 1255              		.loc 1 1446 16 is_stmt 0 view .LVU415
 1256 0178 FFF7FEFF 		bl	HAL_GetTick
 1257              	.LVL105:
1446:Drivers/STM32U5xx_HAL_Driver/Src/stm32u5xx_hal_rcc.c ****           {
 1258              		.loc 1 1446 30 view .LVU416
ARM GAS  /var/folders/j8/bx6g0dyx2gg_pdn7l_y1sb9c0000gn/T//cc64Wppv.s 			page 70


 1259 017c 801B     		subs	r0, r0, r6
1446:Drivers/STM32U5xx_HAL_Driver/Src/stm32u5xx_hal_rcc.c ****           {
 1260              		.loc 1 1446 14 view .LVU417
 1261 017e 0228     		cmp	r0, #2
 1262 0180 F5D9     		bls	.L83
1448:Drivers/STM32U5xx_HAL_Driver/Src/stm32u5xx_hal_rcc.c ****           }
 1263              		.loc 1 1448 20 view .LVU418
 1264 0182 0320     		movs	r0, #3
 1265 0184 AEE0     		b	.L74
 1266              	.L126:
1456:Drivers/STM32U5xx_HAL_Driver/Src/stm32u5xx_hal_rcc.c ****       }
 1267              		.loc 1 1456 9 is_stmt 1 view .LVU419
 1268 0186 224A     		ldr	r2, .L128+4
 1269 0188 D2F89430 		ldr	r3, [r2, #148]
 1270 018c 23F00403 		bic	r3, r3, #4
 1271 0190 C2F89430 		str	r3, [r2, #148]
 1272 0194 C5E7     		b	.L86
 1273              	.LVL106:
 1274              	.L125:
1471:Drivers/STM32U5xx_HAL_Driver/Src/stm32u5xx_hal_rcc.c ****         {
 1275              		.loc 1 1471 9 view .LVU420
1471:Drivers/STM32U5xx_HAL_Driver/Src/stm32u5xx_hal_rcc.c ****         {
 1276              		.loc 1 1471 13 is_stmt 0 view .LVU421
 1277 0196 1E4B     		ldr	r3, .L128+4
 1278 0198 1B68     		ldr	r3, [r3]
1471:Drivers/STM32U5xx_HAL_Driver/Src/stm32u5xx_hal_rcc.c ****         {
 1279              		.loc 1 1471 12 view .LVU422
 1280 019a 13F4003F 		tst	r3, #131072
 1281 019e C6D1     		bne	.L87
1473:Drivers/STM32U5xx_HAL_Driver/Src/stm32u5xx_hal_rcc.c ****         }
 1282              		.loc 1 1473 18 view .LVU423
 1283 01a0 0120     		movs	r0, #1
 1284              	.LVL107:
1473:Drivers/STM32U5xx_HAL_Driver/Src/stm32u5xx_hal_rcc.c ****         }
 1285              		.loc 1 1473 18 view .LVU424
 1286 01a2 9FE0     		b	.L74
 1287              	.LVL108:
 1288              	.L89:
1489:Drivers/STM32U5xx_HAL_Driver/Src/stm32u5xx_hal_rcc.c ****         {
 1289              		.loc 1 1489 9 is_stmt 1 view .LVU425
1489:Drivers/STM32U5xx_HAL_Driver/Src/stm32u5xx_hal_rcc.c ****         {
 1290              		.loc 1 1489 13 is_stmt 0 view .LVU426
 1291 01a4 1A4B     		ldr	r3, .L128+4
 1292 01a6 1B68     		ldr	r3, [r3]
1489:Drivers/STM32U5xx_HAL_Driver/Src/stm32u5xx_hal_rcc.c ****         {
 1293              		.loc 1 1489 12 view .LVU427
 1294 01a8 13F4806F 		tst	r3, #1024
 1295 01ac BFD1     		bne	.L87
1491:Drivers/STM32U5xx_HAL_Driver/Src/stm32u5xx_hal_rcc.c ****         }
 1296              		.loc 1 1491 18 view .LVU428
 1297 01ae 0120     		movs	r0, #1
 1298              	.LVL109:
1491:Drivers/STM32U5xx_HAL_Driver/Src/stm32u5xx_hal_rcc.c ****         }
 1299              		.loc 1 1491 18 view .LVU429
 1300 01b0 98E0     		b	.L74
 1301              	.LVL110:
 1302              	.L90:
ARM GAS  /var/folders/j8/bx6g0dyx2gg_pdn7l_y1sb9c0000gn/T//cc64Wppv.s 			page 71


1502:Drivers/STM32U5xx_HAL_Driver/Src/stm32u5xx_hal_rcc.c ****       {
 1303              		.loc 1 1502 13 is_stmt 1 view .LVU430
1502:Drivers/STM32U5xx_HAL_Driver/Src/stm32u5xx_hal_rcc.c ****       {
 1304              		.loc 1 1502 14 is_stmt 0 view .LVU431
 1305 01b2 174B     		ldr	r3, .L128+4
 1306 01b4 DB69     		ldr	r3, [r3, #28]
 1307 01b6 03F00C03 		and	r3, r3, #12
1502:Drivers/STM32U5xx_HAL_Driver/Src/stm32u5xx_hal_rcc.c ****       {
 1308              		.loc 1 1502 13 view .LVU432
 1309 01ba 0C2B     		cmp	r3, #12
 1310 01bc 2CD0     		beq	.L80
1504:Drivers/STM32U5xx_HAL_Driver/Src/stm32u5xx_hal_rcc.c ****         {
 1311              		.loc 1 1504 9 is_stmt 1 view .LVU433
1504:Drivers/STM32U5xx_HAL_Driver/Src/stm32u5xx_hal_rcc.c ****         {
 1312              		.loc 1 1504 14 is_stmt 0 view .LVU434
 1313 01be FFF7FEFF 		bl	HAL_GetTick
 1314              	.LVL111:
1504:Drivers/STM32U5xx_HAL_Driver/Src/stm32u5xx_hal_rcc.c ****         {
 1315              		.loc 1 1504 28 view .LVU435
 1316 01c2 831B     		subs	r3, r0, r6
1504:Drivers/STM32U5xx_HAL_Driver/Src/stm32u5xx_hal_rcc.c ****         {
 1317              		.loc 1 1504 12 view .LVU436
 1318 01c4 41F28832 		movw	r2, #5000
 1319 01c8 9342     		cmp	r3, r2
 1320 01ca F2D9     		bls	.L90
1506:Drivers/STM32U5xx_HAL_Driver/Src/stm32u5xx_hal_rcc.c ****         }
 1321              		.loc 1 1506 18 view .LVU437
 1322 01cc 0320     		movs	r0, #3
 1323 01ce 89E0     		b	.L74
 1324              	.L93:
1514:Drivers/STM32U5xx_HAL_Driver/Src/stm32u5xx_hal_rcc.c ****         {
 1325              		.loc 1 1514 15 is_stmt 1 view .LVU438
1514:Drivers/STM32U5xx_HAL_Driver/Src/stm32u5xx_hal_rcc.c ****         {
 1326              		.loc 1 1514 16 is_stmt 0 view .LVU439
 1327 01d0 0F4B     		ldr	r3, .L128+4
 1328 01d2 DB69     		ldr	r3, [r3, #28]
 1329 01d4 03F00C03 		and	r3, r3, #12
1514:Drivers/STM32U5xx_HAL_Driver/Src/stm32u5xx_hal_rcc.c ****         {
 1330              		.loc 1 1514 15 view .LVU440
 1331 01d8 082B     		cmp	r3, #8
 1332 01da 1DD0     		beq	.L80
1516:Drivers/STM32U5xx_HAL_Driver/Src/stm32u5xx_hal_rcc.c ****           {
 1333              		.loc 1 1516 11 is_stmt 1 view .LVU441
1516:Drivers/STM32U5xx_HAL_Driver/Src/stm32u5xx_hal_rcc.c ****           {
 1334              		.loc 1 1516 16 is_stmt 0 view .LVU442
 1335 01dc FFF7FEFF 		bl	HAL_GetTick
 1336              	.LVL112:
1516:Drivers/STM32U5xx_HAL_Driver/Src/stm32u5xx_hal_rcc.c ****           {
 1337              		.loc 1 1516 30 view .LVU443
 1338 01e0 801B     		subs	r0, r0, r6
1516:Drivers/STM32U5xx_HAL_Driver/Src/stm32u5xx_hal_rcc.c ****           {
 1339              		.loc 1 1516 14 view .LVU444
 1340 01e2 41F28833 		movw	r3, #5000
 1341 01e6 9842     		cmp	r0, r3
 1342 01e8 F2D9     		bls	.L93
1518:Drivers/STM32U5xx_HAL_Driver/Src/stm32u5xx_hal_rcc.c ****           }
 1343              		.loc 1 1518 20 view .LVU445
ARM GAS  /var/folders/j8/bx6g0dyx2gg_pdn7l_y1sb9c0000gn/T//cc64Wppv.s 			page 72


 1344 01ea 0320     		movs	r0, #3
 1345 01ec 7AE0     		b	.L74
 1346              	.L96:
1524:Drivers/STM32U5xx_HAL_Driver/Src/stm32u5xx_hal_rcc.c ****         {
 1347              		.loc 1 1524 15 is_stmt 1 view .LVU446
1524:Drivers/STM32U5xx_HAL_Driver/Src/stm32u5xx_hal_rcc.c ****         {
 1348              		.loc 1 1524 16 is_stmt 0 view .LVU447
 1349 01ee 084B     		ldr	r3, .L128+4
 1350 01f0 DB69     		ldr	r3, [r3, #28]
1524:Drivers/STM32U5xx_HAL_Driver/Src/stm32u5xx_hal_rcc.c ****         {
 1351              		.loc 1 1524 15 view .LVU448
 1352 01f2 13F00C0F 		tst	r3, #12
 1353 01f6 0FD0     		beq	.L80
1526:Drivers/STM32U5xx_HAL_Driver/Src/stm32u5xx_hal_rcc.c ****           {
 1354              		.loc 1 1526 11 is_stmt 1 view .LVU449
1526:Drivers/STM32U5xx_HAL_Driver/Src/stm32u5xx_hal_rcc.c ****           {
 1355              		.loc 1 1526 16 is_stmt 0 view .LVU450
 1356 01f8 FFF7FEFF 		bl	HAL_GetTick
 1357              	.LVL113:
1526:Drivers/STM32U5xx_HAL_Driver/Src/stm32u5xx_hal_rcc.c ****           {
 1358              		.loc 1 1526 30 view .LVU451
 1359 01fc 801B     		subs	r0, r0, r6
1526:Drivers/STM32U5xx_HAL_Driver/Src/stm32u5xx_hal_rcc.c ****           {
 1360              		.loc 1 1526 14 view .LVU452
 1361 01fe 41F28833 		movw	r3, #5000
 1362 0202 9842     		cmp	r0, r3
 1363 0204 F3D9     		bls	.L96
1528:Drivers/STM32U5xx_HAL_Driver/Src/stm32u5xx_hal_rcc.c ****           }
 1364              		.loc 1 1528 20 view .LVU453
 1365 0206 0320     		movs	r0, #3
 1366 0208 6CE0     		b	.L74
 1367              	.L129:
 1368 020a 00BF     		.align	2
 1369              	.L128:
 1370 020c 00200240 		.word	1073881088
 1371 0210 000C0246 		.word	1174539264
 1372 0214 00080246 		.word	1174538240
 1373              	.LVL114:
 1374              	.L80:
1528:Drivers/STM32U5xx_HAL_Driver/Src/stm32u5xx_hal_rcc.c ****           }
 1375              		.loc 1 1528 20 view .LVU454
 1376              	.LBE4:
1547:Drivers/STM32U5xx_HAL_Driver/Src/stm32u5xx_hal_rcc.c ****   {
 1377              		.loc 1 1547 3 is_stmt 1 view .LVU455
1547:Drivers/STM32U5xx_HAL_Driver/Src/stm32u5xx_hal_rcc.c ****   {
 1378              		.loc 1 1547 27 is_stmt 0 view .LVU456
 1379 0218 2368     		ldr	r3, [r4]
1547:Drivers/STM32U5xx_HAL_Driver/Src/stm32u5xx_hal_rcc.c ****   {
 1380              		.loc 1 1547 6 view .LVU457
 1381 021a 13F0020F 		tst	r3, #2
 1382 021e 0CD0     		beq	.L100
1549:Drivers/STM32U5xx_HAL_Driver/Src/stm32u5xx_hal_rcc.c ****     {
 1383              		.loc 1 1549 5 is_stmt 1 view .LVU458
1549:Drivers/STM32U5xx_HAL_Driver/Src/stm32u5xx_hal_rcc.c ****     {
 1384              		.loc 1 1549 28 is_stmt 0 view .LVU459
 1385 0220 A268     		ldr	r2, [r4, #8]
1549:Drivers/STM32U5xx_HAL_Driver/Src/stm32u5xx_hal_rcc.c ****     {
ARM GAS  /var/folders/j8/bx6g0dyx2gg_pdn7l_y1sb9c0000gn/T//cc64Wppv.s 			page 73


 1386              		.loc 1 1549 51 view .LVU460
 1387 0222 354B     		ldr	r3, .L130
 1388 0224 1B6A     		ldr	r3, [r3, #32]
1549:Drivers/STM32U5xx_HAL_Driver/Src/stm32u5xx_hal_rcc.c ****     {
 1389              		.loc 1 1549 59 view .LVU461
 1390 0226 03F00F03 		and	r3, r3, #15
1549:Drivers/STM32U5xx_HAL_Driver/Src/stm32u5xx_hal_rcc.c ****     {
 1391              		.loc 1 1549 8 view .LVU462
 1392 022a 9A42     		cmp	r2, r3
 1393 022c 05D2     		bcs	.L100
1551:Drivers/STM32U5xx_HAL_Driver/Src/stm32u5xx_hal_rcc.c ****       MODIFY_REG(RCC->CFGR2, RCC_CFGR2_HPRE, pRCC_ClkInitStruct->AHBCLKDivider);
 1394              		.loc 1 1551 7 is_stmt 1 view .LVU463
1552:Drivers/STM32U5xx_HAL_Driver/Src/stm32u5xx_hal_rcc.c ****     }
 1395              		.loc 1 1552 7 view .LVU464
 1396 022e 3249     		ldr	r1, .L130
 1397 0230 0B6A     		ldr	r3, [r1, #32]
 1398 0232 23F00F03 		bic	r3, r3, #15
 1399 0236 1A43     		orrs	r2, r2, r3
 1400 0238 0A62     		str	r2, [r1, #32]
 1401              	.L100:
1557:Drivers/STM32U5xx_HAL_Driver/Src/stm32u5xx_hal_rcc.c ****   {
 1402              		.loc 1 1557 3 view .LVU465
1557:Drivers/STM32U5xx_HAL_Driver/Src/stm32u5xx_hal_rcc.c ****   {
 1403              		.loc 1 1557 18 is_stmt 0 view .LVU466
 1404 023a 304B     		ldr	r3, .L130+4
 1405 023c 1B68     		ldr	r3, [r3]
 1406 023e 03F00F03 		and	r3, r3, #15
1557:Drivers/STM32U5xx_HAL_Driver/Src/stm32u5xx_hal_rcc.c ****   {
 1407              		.loc 1 1557 6 view .LVU467
 1408 0242 AB42     		cmp	r3, r5
 1409 0244 0AD9     		bls	.L101
1560:Drivers/STM32U5xx_HAL_Driver/Src/stm32u5xx_hal_rcc.c **** 
 1410              		.loc 1 1560 5 is_stmt 1 view .LVU468
 1411 0246 2D4A     		ldr	r2, .L130+4
 1412 0248 1368     		ldr	r3, [r2]
 1413 024a 23F00F03 		bic	r3, r3, #15
 1414 024e 2B43     		orrs	r3, r3, r5
 1415 0250 1360     		str	r3, [r2]
1564:Drivers/STM32U5xx_HAL_Driver/Src/stm32u5xx_hal_rcc.c ****     {
 1416              		.loc 1 1564 5 view .LVU469
1564:Drivers/STM32U5xx_HAL_Driver/Src/stm32u5xx_hal_rcc.c ****     {
 1417              		.loc 1 1564 9 is_stmt 0 view .LVU470
 1418 0252 1368     		ldr	r3, [r2]
 1419 0254 03F00F03 		and	r3, r3, #15
1564:Drivers/STM32U5xx_HAL_Driver/Src/stm32u5xx_hal_rcc.c ****     {
 1420              		.loc 1 1564 8 view .LVU471
 1421 0258 AB42     		cmp	r3, r5
 1422 025a 4BD1     		bne	.L117
 1423              	.L101:
1571:Drivers/STM32U5xx_HAL_Driver/Src/stm32u5xx_hal_rcc.c ****   {
 1424              		.loc 1 1571 3 is_stmt 1 view .LVU472
1571:Drivers/STM32U5xx_HAL_Driver/Src/stm32u5xx_hal_rcc.c ****   {
 1425              		.loc 1 1571 27 is_stmt 0 view .LVU473
 1426 025c 2368     		ldr	r3, [r4]
1571:Drivers/STM32U5xx_HAL_Driver/Src/stm32u5xx_hal_rcc.c ****   {
 1427              		.loc 1 1571 6 view .LVU474
 1428 025e 13F0040F 		tst	r3, #4
ARM GAS  /var/folders/j8/bx6g0dyx2gg_pdn7l_y1sb9c0000gn/T//cc64Wppv.s 			page 74


 1429 0262 0CD0     		beq	.L102
1573:Drivers/STM32U5xx_HAL_Driver/Src/stm32u5xx_hal_rcc.c ****     {
 1430              		.loc 1 1573 5 is_stmt 1 view .LVU475
1573:Drivers/STM32U5xx_HAL_Driver/Src/stm32u5xx_hal_rcc.c ****     {
 1431              		.loc 1 1573 28 is_stmt 0 view .LVU476
 1432 0264 E268     		ldr	r2, [r4, #12]
1573:Drivers/STM32U5xx_HAL_Driver/Src/stm32u5xx_hal_rcc.c ****     {
 1433              		.loc 1 1573 52 view .LVU477
 1434 0266 244B     		ldr	r3, .L130
 1435 0268 1B6A     		ldr	r3, [r3, #32]
1573:Drivers/STM32U5xx_HAL_Driver/Src/stm32u5xx_hal_rcc.c ****     {
 1436              		.loc 1 1573 60 view .LVU478
 1437 026a 03F07003 		and	r3, r3, #112
1573:Drivers/STM32U5xx_HAL_Driver/Src/stm32u5xx_hal_rcc.c ****     {
 1438              		.loc 1 1573 8 view .LVU479
 1439 026e 9A42     		cmp	r2, r3
 1440 0270 05D2     		bcs	.L102
1575:Drivers/STM32U5xx_HAL_Driver/Src/stm32u5xx_hal_rcc.c ****       MODIFY_REG(RCC->CFGR2, RCC_CFGR2_PPRE1, pRCC_ClkInitStruct->APB1CLKDivider);
 1441              		.loc 1 1575 7 is_stmt 1 view .LVU480
1576:Drivers/STM32U5xx_HAL_Driver/Src/stm32u5xx_hal_rcc.c ****     }
 1442              		.loc 1 1576 7 view .LVU481
 1443 0272 2149     		ldr	r1, .L130
 1444 0274 0B6A     		ldr	r3, [r1, #32]
 1445 0276 23F07003 		bic	r3, r3, #112
 1446 027a 1A43     		orrs	r2, r2, r3
 1447 027c 0A62     		str	r2, [r1, #32]
 1448              	.L102:
1581:Drivers/STM32U5xx_HAL_Driver/Src/stm32u5xx_hal_rcc.c ****   {
 1449              		.loc 1 1581 3 view .LVU482
1581:Drivers/STM32U5xx_HAL_Driver/Src/stm32u5xx_hal_rcc.c ****   {
 1450              		.loc 1 1581 27 is_stmt 0 view .LVU483
 1451 027e 2368     		ldr	r3, [r4]
1581:Drivers/STM32U5xx_HAL_Driver/Src/stm32u5xx_hal_rcc.c ****   {
 1452              		.loc 1 1581 6 view .LVU484
 1453 0280 13F0080F 		tst	r3, #8
 1454 0284 0ED0     		beq	.L103
1583:Drivers/STM32U5xx_HAL_Driver/Src/stm32u5xx_hal_rcc.c ****     {
 1455              		.loc 1 1583 5 is_stmt 1 view .LVU485
1583:Drivers/STM32U5xx_HAL_Driver/Src/stm32u5xx_hal_rcc.c ****     {
 1456              		.loc 1 1583 28 is_stmt 0 view .LVU486
 1457 0286 2269     		ldr	r2, [r4, #16]
1583:Drivers/STM32U5xx_HAL_Driver/Src/stm32u5xx_hal_rcc.c ****     {
 1458              		.loc 1 1583 53 view .LVU487
 1459 0288 1B4B     		ldr	r3, .L130
 1460 028a 1B6A     		ldr	r3, [r3, #32]
1583:Drivers/STM32U5xx_HAL_Driver/Src/stm32u5xx_hal_rcc.c ****     {
 1461              		.loc 1 1583 80 view .LVU488
 1462 028c 1B09     		lsrs	r3, r3, #4
 1463 028e 03F07003 		and	r3, r3, #112
1583:Drivers/STM32U5xx_HAL_Driver/Src/stm32u5xx_hal_rcc.c ****     {
 1464              		.loc 1 1583 8 view .LVU489
 1465 0292 9A42     		cmp	r2, r3
 1466 0294 06D2     		bcs	.L103
1585:Drivers/STM32U5xx_HAL_Driver/Src/stm32u5xx_hal_rcc.c ****       MODIFY_REG(RCC->CFGR2, RCC_CFGR2_PPRE2, ((pRCC_ClkInitStruct->APB2CLKDivider) << 4));
 1467              		.loc 1 1585 7 is_stmt 1 view .LVU490
1586:Drivers/STM32U5xx_HAL_Driver/Src/stm32u5xx_hal_rcc.c ****     }
 1468              		.loc 1 1586 7 view .LVU491
ARM GAS  /var/folders/j8/bx6g0dyx2gg_pdn7l_y1sb9c0000gn/T//cc64Wppv.s 			page 75


 1469 0296 1849     		ldr	r1, .L130
 1470 0298 0B6A     		ldr	r3, [r1, #32]
 1471 029a 23F4E063 		bic	r3, r3, #1792
 1472 029e 43EA0213 		orr	r3, r3, r2, lsl #4
 1473 02a2 0B62     		str	r3, [r1, #32]
 1474              	.L103:
1591:Drivers/STM32U5xx_HAL_Driver/Src/stm32u5xx_hal_rcc.c ****   {
 1475              		.loc 1 1591 3 view .LVU492
1591:Drivers/STM32U5xx_HAL_Driver/Src/stm32u5xx_hal_rcc.c ****   {
 1476              		.loc 1 1591 27 is_stmt 0 view .LVU493
 1477 02a4 2368     		ldr	r3, [r4]
1591:Drivers/STM32U5xx_HAL_Driver/Src/stm32u5xx_hal_rcc.c ****   {
 1478              		.loc 1 1591 6 view .LVU494
 1479 02a6 13F0100F 		tst	r3, #16
 1480 02aa 0CD0     		beq	.L104
1593:Drivers/STM32U5xx_HAL_Driver/Src/stm32u5xx_hal_rcc.c ****     {
 1481              		.loc 1 1593 5 is_stmt 1 view .LVU495
1593:Drivers/STM32U5xx_HAL_Driver/Src/stm32u5xx_hal_rcc.c ****     {
 1482              		.loc 1 1593 28 is_stmt 0 view .LVU496
 1483 02ac 6269     		ldr	r2, [r4, #20]
1593:Drivers/STM32U5xx_HAL_Driver/Src/stm32u5xx_hal_rcc.c ****     {
 1484              		.loc 1 1593 52 view .LVU497
 1485 02ae 124B     		ldr	r3, .L130
 1486 02b0 5B6A     		ldr	r3, [r3, #36]
1593:Drivers/STM32U5xx_HAL_Driver/Src/stm32u5xx_hal_rcc.c ****     {
 1487              		.loc 1 1593 60 view .LVU498
 1488 02b2 03F07003 		and	r3, r3, #112
1593:Drivers/STM32U5xx_HAL_Driver/Src/stm32u5xx_hal_rcc.c ****     {
 1489              		.loc 1 1593 8 view .LVU499
 1490 02b6 9A42     		cmp	r2, r3
 1491 02b8 05D2     		bcs	.L104
1595:Drivers/STM32U5xx_HAL_Driver/Src/stm32u5xx_hal_rcc.c ****       MODIFY_REG(RCC->CFGR3, RCC_CFGR3_PPRE3, (pRCC_ClkInitStruct->APB3CLKDivider));
 1492              		.loc 1 1595 7 is_stmt 1 view .LVU500
1596:Drivers/STM32U5xx_HAL_Driver/Src/stm32u5xx_hal_rcc.c ****     }
 1493              		.loc 1 1596 7 view .LVU501
 1494 02ba 0F49     		ldr	r1, .L130
 1495 02bc 4B6A     		ldr	r3, [r1, #36]
 1496 02be 23F07003 		bic	r3, r3, #112
 1497 02c2 1A43     		orrs	r2, r2, r3
 1498 02c4 4A62     		str	r2, [r1, #36]
 1499              	.L104:
1601:Drivers/STM32U5xx_HAL_Driver/Src/stm32u5xx_hal_rcc.c **** 
 1500              		.loc 1 1601 3 view .LVU502
1601:Drivers/STM32U5xx_HAL_Driver/Src/stm32u5xx_hal_rcc.c **** 
 1501              		.loc 1 1601 21 is_stmt 0 view .LVU503
 1502 02c6 FFF7FEFF 		bl	HAL_RCC_GetSysClockFreq
 1503              	.LVL115:
1601:Drivers/STM32U5xx_HAL_Driver/Src/stm32u5xx_hal_rcc.c **** 
 1504              		.loc 1 1601 68 view .LVU504
 1505 02ca 0B4B     		ldr	r3, .L130
 1506 02cc 1B6A     		ldr	r3, [r3, #32]
1601:Drivers/STM32U5xx_HAL_Driver/Src/stm32u5xx_hal_rcc.c **** 
 1507              		.loc 1 1601 94 view .LVU505
 1508 02ce 03F00F03 		and	r3, r3, #15
1601:Drivers/STM32U5xx_HAL_Driver/Src/stm32u5xx_hal_rcc.c **** 
 1509              		.loc 1 1601 63 view .LVU506
 1510 02d2 0B4A     		ldr	r2, .L130+8
ARM GAS  /var/folders/j8/bx6g0dyx2gg_pdn7l_y1sb9c0000gn/T//cc64Wppv.s 			page 76


 1511 02d4 D35C     		ldrb	r3, [r2, r3]	@ zero_extendqisi2
1601:Drivers/STM32U5xx_HAL_Driver/Src/stm32u5xx_hal_rcc.c **** 
 1512              		.loc 1 1601 47 view .LVU507
 1513 02d6 D840     		lsrs	r0, r0, r3
1601:Drivers/STM32U5xx_HAL_Driver/Src/stm32u5xx_hal_rcc.c **** 
 1514              		.loc 1 1601 19 view .LVU508
 1515 02d8 0A4B     		ldr	r3, .L130+12
 1516 02da 1860     		str	r0, [r3]
1604:Drivers/STM32U5xx_HAL_Driver/Src/stm32u5xx_hal_rcc.c **** 
 1517              		.loc 1 1604 3 is_stmt 1 view .LVU509
1604:Drivers/STM32U5xx_HAL_Driver/Src/stm32u5xx_hal_rcc.c **** 
 1518              		.loc 1 1604 12 is_stmt 0 view .LVU510
 1519 02dc 0A4B     		ldr	r3, .L130+16
 1520 02de 1868     		ldr	r0, [r3]
 1521 02e0 FFF7FEFF 		bl	HAL_InitTick
 1522              	.LVL116:
1606:Drivers/STM32U5xx_HAL_Driver/Src/stm32u5xx_hal_rcc.c **** }
 1523              		.loc 1 1606 3 is_stmt 1 view .LVU511
 1524              	.L74:
1607:Drivers/STM32U5xx_HAL_Driver/Src/stm32u5xx_hal_rcc.c **** 
 1525              		.loc 1 1607 1 is_stmt 0 view .LVU512
 1526 02e4 03B0     		add	sp, sp, #12
 1527              	.LCFI13:
 1528              		.cfi_def_cfa_offset 20
 1529              		@ sp needed
 1530 02e6 F0BD     		pop	{r4, r5, r6, r7, pc}
 1531              	.LVL117:
 1532              	.L105:
 1533              	.LCFI14:
 1534              		.cfi_def_cfa_offset 0
 1535              		.cfi_restore 4
 1536              		.cfi_restore 5
 1537              		.cfi_restore 6
 1538              		.cfi_restore 7
 1539              		.cfi_restore 14
1360:Drivers/STM32U5xx_HAL_Driver/Src/stm32u5xx_hal_rcc.c ****   }
 1540              		.loc 1 1360 12 view .LVU513
 1541 02e8 0120     		movs	r0, #1
 1542              	.LVL118:
1607:Drivers/STM32U5xx_HAL_Driver/Src/stm32u5xx_hal_rcc.c **** 
 1543              		.loc 1 1607 1 view .LVU514
 1544 02ea 7047     		bx	lr
 1545              	.LVL119:
 1546              	.L106:
 1547              	.LCFI15:
 1548              		.cfi_def_cfa_offset 32
 1549              		.cfi_offset 4, -20
 1550              		.cfi_offset 5, -16
 1551              		.cfi_offset 6, -12
 1552              		.cfi_offset 7, -8
 1553              		.cfi_offset 14, -4
1381:Drivers/STM32U5xx_HAL_Driver/Src/stm32u5xx_hal_rcc.c ****     }
 1554              		.loc 1 1381 14 view .LVU515
 1555 02ec 0120     		movs	r0, #1
 1556              	.LVL120:
1381:Drivers/STM32U5xx_HAL_Driver/Src/stm32u5xx_hal_rcc.c ****     }
 1557              		.loc 1 1381 14 view .LVU516
ARM GAS  /var/folders/j8/bx6g0dyx2gg_pdn7l_y1sb9c0000gn/T//cc64Wppv.s 			page 77


 1558 02ee F9E7     		b	.L74
 1559              	.LVL121:
 1560              	.L127:
 1561              	.LBB6:
1462:Drivers/STM32U5xx_HAL_Driver/Src/stm32u5xx_hal_rcc.c ****       }
 1562              		.loc 1 1462 16 view .LVU517
 1563 02f0 0120     		movs	r0, #1
 1564 02f2 F7E7     		b	.L74
 1565              	.LVL122:
 1566              	.L117:
1462:Drivers/STM32U5xx_HAL_Driver/Src/stm32u5xx_hal_rcc.c ****       }
 1567              		.loc 1 1462 16 view .LVU518
 1568              	.LBE6:
1566:Drivers/STM32U5xx_HAL_Driver/Src/stm32u5xx_hal_rcc.c ****     }
 1569              		.loc 1 1566 14 view .LVU519
 1570 02f4 0120     		movs	r0, #1
 1571 02f6 F5E7     		b	.L74
 1572              	.L131:
 1573              		.align	2
 1574              	.L130:
 1575 02f8 000C0246 		.word	1174539264
 1576 02fc 00200240 		.word	1073881088
 1577 0300 00000000 		.word	AHBPrescTable
 1578 0304 00000000 		.word	SystemCoreClock
 1579 0308 00000000 		.word	uwTickPrio
 1580              		.cfi_endproc
 1581              	.LFE159:
 1583              		.section	.text.HAL_RCC_GetHCLKFreq,"ax",%progbits
 1584              		.align	1
 1585              		.global	HAL_RCC_GetHCLKFreq
 1586              		.syntax unified
 1587              		.thumb
 1588              		.thumb_func
 1590              	HAL_RCC_GetHCLKFreq:
 1591              	.LFB162:
1813:Drivers/STM32U5xx_HAL_Driver/Src/stm32u5xx_hal_rcc.c ****   SystemCoreClock = HAL_RCC_GetSysClockFreq() >> AHBPrescTable[(RCC->CFGR2 & RCC_CFGR2_HPRE) >> RCC
 1592              		.loc 1 1813 1 is_stmt 1 view -0
 1593              		.cfi_startproc
 1594              		@ args = 0, pretend = 0, frame = 0
 1595              		@ frame_needed = 0, uses_anonymous_args = 0
 1596 0000 08B5     		push	{r3, lr}
 1597              	.LCFI16:
 1598              		.cfi_def_cfa_offset 8
 1599              		.cfi_offset 3, -8
 1600              		.cfi_offset 14, -4
1814:Drivers/STM32U5xx_HAL_Driver/Src/stm32u5xx_hal_rcc.c ****   return SystemCoreClock;
 1601              		.loc 1 1814 3 view .LVU521
1814:Drivers/STM32U5xx_HAL_Driver/Src/stm32u5xx_hal_rcc.c ****   return SystemCoreClock;
 1602              		.loc 1 1814 21 is_stmt 0 view .LVU522
 1603 0002 FFF7FEFF 		bl	HAL_RCC_GetSysClockFreq
 1604              	.LVL123:
1814:Drivers/STM32U5xx_HAL_Driver/Src/stm32u5xx_hal_rcc.c ****   return SystemCoreClock;
 1605              		.loc 1 1814 68 view .LVU523
 1606 0006 054B     		ldr	r3, .L134
 1607 0008 1B6A     		ldr	r3, [r3, #32]
1814:Drivers/STM32U5xx_HAL_Driver/Src/stm32u5xx_hal_rcc.c ****   return SystemCoreClock;
 1608              		.loc 1 1814 94 view .LVU524
ARM GAS  /var/folders/j8/bx6g0dyx2gg_pdn7l_y1sb9c0000gn/T//cc64Wppv.s 			page 78


 1609 000a 03F00F03 		and	r3, r3, #15
1814:Drivers/STM32U5xx_HAL_Driver/Src/stm32u5xx_hal_rcc.c ****   return SystemCoreClock;
 1610              		.loc 1 1814 63 view .LVU525
 1611 000e 044A     		ldr	r2, .L134+4
 1612 0010 D35C     		ldrb	r3, [r2, r3]	@ zero_extendqisi2
1814:Drivers/STM32U5xx_HAL_Driver/Src/stm32u5xx_hal_rcc.c ****   return SystemCoreClock;
 1613              		.loc 1 1814 47 view .LVU526
 1614 0012 D840     		lsrs	r0, r0, r3
1814:Drivers/STM32U5xx_HAL_Driver/Src/stm32u5xx_hal_rcc.c ****   return SystemCoreClock;
 1615              		.loc 1 1814 19 view .LVU527
 1616 0014 034B     		ldr	r3, .L134+8
 1617 0016 1860     		str	r0, [r3]
1815:Drivers/STM32U5xx_HAL_Driver/Src/stm32u5xx_hal_rcc.c **** }
 1618              		.loc 1 1815 3 is_stmt 1 view .LVU528
1816:Drivers/STM32U5xx_HAL_Driver/Src/stm32u5xx_hal_rcc.c **** 
 1619              		.loc 1 1816 1 is_stmt 0 view .LVU529
 1620 0018 08BD     		pop	{r3, pc}
 1621              	.L135:
 1622 001a 00BF     		.align	2
 1623              	.L134:
 1624 001c 000C0246 		.word	1174539264
 1625 0020 00000000 		.word	AHBPrescTable
 1626 0024 00000000 		.word	SystemCoreClock
 1627              		.cfi_endproc
 1628              	.LFE162:
 1630              		.section	.text.HAL_RCC_OscConfig,"ax",%progbits
 1631              		.align	1
 1632              		.global	HAL_RCC_OscConfig
 1633              		.syntax unified
 1634              		.thumb
 1635              		.thumb_func
 1637              	HAL_RCC_OscConfig:
 1638              	.LVL124:
 1639              	.LFB158:
 526:Drivers/STM32U5xx_HAL_Driver/Src/stm32u5xx_hal_rcc.c ****   uint32_t tickstart;
 1640              		.loc 1 526 1 is_stmt 1 view -0
 1641              		.cfi_startproc
 1642              		@ args = 0, pretend = 0, frame = 16
 1643              		@ frame_needed = 0, uses_anonymous_args = 0
 527:Drivers/STM32U5xx_HAL_Driver/Src/stm32u5xx_hal_rcc.c ****   HAL_StatusTypeDef status;
 1644              		.loc 1 527 3 view .LVU531
 528:Drivers/STM32U5xx_HAL_Driver/Src/stm32u5xx_hal_rcc.c ****   uint32_t sysclk_source;
 1645              		.loc 1 528 3 view .LVU532
 529:Drivers/STM32U5xx_HAL_Driver/Src/stm32u5xx_hal_rcc.c ****   uint32_t pll_config;
 1646              		.loc 1 529 3 view .LVU533
 530:Drivers/STM32U5xx_HAL_Driver/Src/stm32u5xx_hal_rcc.c ****   FlagStatus pwrboosten = RESET;
 1647              		.loc 1 530 3 view .LVU534
 531:Drivers/STM32U5xx_HAL_Driver/Src/stm32u5xx_hal_rcc.c ****   uint32_t temp1_pllckcfg;
 1648              		.loc 1 531 3 view .LVU535
 532:Drivers/STM32U5xx_HAL_Driver/Src/stm32u5xx_hal_rcc.c ****   uint32_t temp2_pllckcfg;
 1649              		.loc 1 532 3 view .LVU536
 533:Drivers/STM32U5xx_HAL_Driver/Src/stm32u5xx_hal_rcc.c **** 
 1650              		.loc 1 533 3 view .LVU537
 536:Drivers/STM32U5xx_HAL_Driver/Src/stm32u5xx_hal_rcc.c ****   {
 1651              		.loc 1 536 3 view .LVU538
 536:Drivers/STM32U5xx_HAL_Driver/Src/stm32u5xx_hal_rcc.c ****   {
 1652              		.loc 1 536 6 is_stmt 0 view .LVU539
ARM GAS  /var/folders/j8/bx6g0dyx2gg_pdn7l_y1sb9c0000gn/T//cc64Wppv.s 			page 79


 1653 0000 0028     		cmp	r0, #0
 1654 0002 00F02A85 		beq	.L252
 526:Drivers/STM32U5xx_HAL_Driver/Src/stm32u5xx_hal_rcc.c ****   uint32_t tickstart;
 1655              		.loc 1 526 1 view .LVU540
 1656 0006 F0B5     		push	{r4, r5, r6, r7, lr}
 1657              	.LCFI17:
 1658              		.cfi_def_cfa_offset 20
 1659              		.cfi_offset 4, -20
 1660              		.cfi_offset 5, -16
 1661              		.cfi_offset 6, -12
 1662              		.cfi_offset 7, -8
 1663              		.cfi_offset 14, -4
 1664 0008 85B0     		sub	sp, sp, #20
 1665              	.LCFI18:
 1666              		.cfi_def_cfa_offset 40
 1667 000a 0446     		mov	r4, r0
 542:Drivers/STM32U5xx_HAL_Driver/Src/stm32u5xx_hal_rcc.c **** 
 1668              		.loc 1 542 3 is_stmt 1 view .LVU541
 544:Drivers/STM32U5xx_HAL_Driver/Src/stm32u5xx_hal_rcc.c ****   pll_config = __HAL_RCC_GET_PLL_OSCSOURCE();
 1669              		.loc 1 544 3 view .LVU542
 544:Drivers/STM32U5xx_HAL_Driver/Src/stm32u5xx_hal_rcc.c ****   pll_config = __HAL_RCC_GET_PLL_OSCSOURCE();
 1670              		.loc 1 544 19 is_stmt 0 view .LVU543
 1671 000c 9C4B     		ldr	r3, .L331
 1672 000e DD69     		ldr	r5, [r3, #28]
 544:Drivers/STM32U5xx_HAL_Driver/Src/stm32u5xx_hal_rcc.c ****   pll_config = __HAL_RCC_GET_PLL_OSCSOURCE();
 1673              		.loc 1 544 17 view .LVU544
 1674 0010 05F00C05 		and	r5, r5, #12
 1675              	.LVL125:
 545:Drivers/STM32U5xx_HAL_Driver/Src/stm32u5xx_hal_rcc.c **** 
 1676              		.loc 1 545 3 is_stmt 1 view .LVU545
 545:Drivers/STM32U5xx_HAL_Driver/Src/stm32u5xx_hal_rcc.c **** 
 1677              		.loc 1 545 16 is_stmt 0 view .LVU546
 1678 0014 9E6A     		ldr	r6, [r3, #40]
 545:Drivers/STM32U5xx_HAL_Driver/Src/stm32u5xx_hal_rcc.c **** 
 1679              		.loc 1 545 14 view .LVU547
 1680 0016 06F00306 		and	r6, r6, #3
 1681              	.LVL126:
 548:Drivers/STM32U5xx_HAL_Driver/Src/stm32u5xx_hal_rcc.c ****   {
 1682              		.loc 1 548 3 is_stmt 1 view .LVU548
 548:Drivers/STM32U5xx_HAL_Driver/Src/stm32u5xx_hal_rcc.c ****   {
 1683              		.loc 1 548 27 is_stmt 0 view .LVU549
 1684 001a 0368     		ldr	r3, [r0]
 548:Drivers/STM32U5xx_HAL_Driver/Src/stm32u5xx_hal_rcc.c ****   {
 1685              		.loc 1 548 6 view .LVU550
 1686 001c 13F0100F 		tst	r3, #16
 1687 0020 00F09480 		beq	.L138
 551:Drivers/STM32U5xx_HAL_Driver/Src/stm32u5xx_hal_rcc.c ****     assert_param(IS_RCC_MSICALIBRATION_VALUE(pRCC_OscInitStruct->MSICalibrationValue));
 1688              		.loc 1 551 5 is_stmt 1 view .LVU551
 552:Drivers/STM32U5xx_HAL_Driver/Src/stm32u5xx_hal_rcc.c ****     assert_param(IS_RCC_MSI_CLOCK_RANGE(pRCC_OscInitStruct->MSIClockRange));
 1689              		.loc 1 552 5 view .LVU552
 553:Drivers/STM32U5xx_HAL_Driver/Src/stm32u5xx_hal_rcc.c **** 
 1690              		.loc 1 553 5 view .LVU553
 557:Drivers/STM32U5xx_HAL_Driver/Src/stm32u5xx_hal_rcc.c ****         ((sysclk_source == RCC_SYSCLKSOURCE_STATUS_PLLCLK) && (pll_config == RCC_PLLSOURCE_MSI)))
 1691              		.loc 1 557 5 view .LVU554
 557:Drivers/STM32U5xx_HAL_Driver/Src/stm32u5xx_hal_rcc.c ****         ((sysclk_source == RCC_SYSCLKSOURCE_STATUS_PLLCLK) && (pll_config == RCC_PLLSOURCE_MSI)))
 1692              		.loc 1 557 8 is_stmt 0 view .LVU555
 1693 0024 EDB1     		cbz	r5, .L139
ARM GAS  /var/folders/j8/bx6g0dyx2gg_pdn7l_y1sb9c0000gn/T//cc64Wppv.s 			page 80


 557:Drivers/STM32U5xx_HAL_Driver/Src/stm32u5xx_hal_rcc.c ****         ((sysclk_source == RCC_SYSCLKSOURCE_STATUS_PLLCLK) && (pll_config == RCC_PLLSOURCE_MSI)))
 1694              		.loc 1 557 56 discriminator 1 view .LVU556
 1695 0026 0C2D     		cmp	r5, #12
 1696 0028 19D0     		beq	.L302
 1697              	.L140:
 620:Drivers/STM32U5xx_HAL_Driver/Src/stm32u5xx_hal_rcc.c ****       {
 1698              		.loc 1 620 7 is_stmt 1 view .LVU557
 620:Drivers/STM32U5xx_HAL_Driver/Src/stm32u5xx_hal_rcc.c ****       {
 1699              		.loc 1 620 29 is_stmt 0 view .LVU558
 1700 002a E369     		ldr	r3, [r4, #28]
 620:Drivers/STM32U5xx_HAL_Driver/Src/stm32u5xx_hal_rcc.c ****       {
 1701              		.loc 1 620 10 view .LVU559
 1702 002c 002B     		cmp	r3, #0
 1703 002e 00F01181 		beq	.L153
 623:Drivers/STM32U5xx_HAL_Driver/Src/stm32u5xx_hal_rcc.c **** 
 1704              		.loc 1 623 9 is_stmt 1 view .LVU560
 1705 0032 934A     		ldr	r2, .L331
 1706 0034 1368     		ldr	r3, [r2]
 1707 0036 43F00103 		orr	r3, r3, #1
 1708 003a 1360     		str	r3, [r2]
 625:Drivers/STM32U5xx_HAL_Driver/Src/stm32u5xx_hal_rcc.c **** 
 1709              		.loc 1 625 9 view .LVU561
 625:Drivers/STM32U5xx_HAL_Driver/Src/stm32u5xx_hal_rcc.c **** 
 1710              		.loc 1 625 21 is_stmt 0 view .LVU562
 1711 003c FFF7FEFF 		bl	HAL_GetTick
 1712              	.LVL127:
 625:Drivers/STM32U5xx_HAL_Driver/Src/stm32u5xx_hal_rcc.c **** 
 1713              		.loc 1 625 21 view .LVU563
 1714 0040 0746     		mov	r7, r0
 1715              	.LVL128:
 628:Drivers/STM32U5xx_HAL_Driver/Src/stm32u5xx_hal_rcc.c ****         {
 1716              		.loc 1 628 9 is_stmt 1 view .LVU564
 1717              	.L154:
 628:Drivers/STM32U5xx_HAL_Driver/Src/stm32u5xx_hal_rcc.c ****         {
 1718              		.loc 1 628 15 view .LVU565
 628:Drivers/STM32U5xx_HAL_Driver/Src/stm32u5xx_hal_rcc.c ****         {
 1719              		.loc 1 628 16 is_stmt 0 view .LVU566
 1720 0042 8F4B     		ldr	r3, .L331
 1721 0044 1B68     		ldr	r3, [r3]
 628:Drivers/STM32U5xx_HAL_Driver/Src/stm32u5xx_hal_rcc.c ****         {
 1722              		.loc 1 628 15 view .LVU567
 1723 0046 13F0040F 		tst	r3, #4
 1724 004a 40F0CD80 		bne	.L303
 630:Drivers/STM32U5xx_HAL_Driver/Src/stm32u5xx_hal_rcc.c ****           {
 1725              		.loc 1 630 11 is_stmt 1 view .LVU568
 630:Drivers/STM32U5xx_HAL_Driver/Src/stm32u5xx_hal_rcc.c ****           {
 1726              		.loc 1 630 16 is_stmt 0 view .LVU569
 1727 004e FFF7FEFF 		bl	HAL_GetTick
 1728              	.LVL129:
 630:Drivers/STM32U5xx_HAL_Driver/Src/stm32u5xx_hal_rcc.c ****           {
 1729              		.loc 1 630 30 view .LVU570
 1730 0052 C01B     		subs	r0, r0, r7
 630:Drivers/STM32U5xx_HAL_Driver/Src/stm32u5xx_hal_rcc.c ****           {
 1731              		.loc 1 630 14 view .LVU571
 1732 0054 0228     		cmp	r0, #2
 1733 0056 F4D9     		bls	.L154
 632:Drivers/STM32U5xx_HAL_Driver/Src/stm32u5xx_hal_rcc.c ****           }
ARM GAS  /var/folders/j8/bx6g0dyx2gg_pdn7l_y1sb9c0000gn/T//cc64Wppv.s 			page 81


 1734              		.loc 1 632 20 view .LVU572
 1735 0058 0320     		movs	r0, #3
 1736 005a 00F001BD 		b	.L137
 1737              	.LVL130:
 1738              	.L302:
 558:Drivers/STM32U5xx_HAL_Driver/Src/stm32u5xx_hal_rcc.c ****     {
 1739              		.loc 1 558 60 view .LVU573
 1740 005e 012E     		cmp	r6, #1
 1741 0060 E3D1     		bne	.L140
 1742              	.L139:
 560:Drivers/STM32U5xx_HAL_Driver/Src/stm32u5xx_hal_rcc.c ****       {
 1743              		.loc 1 560 7 is_stmt 1 view .LVU574
 560:Drivers/STM32U5xx_HAL_Driver/Src/stm32u5xx_hal_rcc.c ****       {
 1744              		.loc 1 560 29 is_stmt 0 view .LVU575
 1745 0062 E369     		ldr	r3, [r4, #28]
 560:Drivers/STM32U5xx_HAL_Driver/Src/stm32u5xx_hal_rcc.c ****       {
 1746              		.loc 1 560 10 view .LVU576
 1747 0064 002B     		cmp	r3, #0
 1748 0066 00F0FA84 		beq	.L253
 571:Drivers/STM32U5xx_HAL_Driver/Src/stm32u5xx_hal_rcc.c ****         {
 1749              		.loc 1 571 9 is_stmt 1 view .LVU577
 571:Drivers/STM32U5xx_HAL_Driver/Src/stm32u5xx_hal_rcc.c ****         {
 1750              		.loc 1 571 31 is_stmt 0 view .LVU578
 1751 006a 606A     		ldr	r0, [r4, #36]
 1752              	.LVL131:
 571:Drivers/STM32U5xx_HAL_Driver/Src/stm32u5xx_hal_rcc.c ****         {
 1753              		.loc 1 571 49 view .LVU579
 1754 006c 844B     		ldr	r3, .L331
 1755 006e 9B68     		ldr	r3, [r3, #8]
 1756 0070 13F4000F 		tst	r3, #8388608
 1757 0074 1CD0     		beq	.L141
 571:Drivers/STM32U5xx_HAL_Driver/Src/stm32u5xx_hal_rcc.c ****         {
 1758              		.loc 1 571 49 discriminator 1 view .LVU580
 1759 0076 824B     		ldr	r3, .L331
 1760 0078 9B68     		ldr	r3, [r3, #8]
 1761 007a 03F07043 		and	r3, r3, #-268435456
 1762              	.L142:
 571:Drivers/STM32U5xx_HAL_Driver/Src/stm32u5xx_hal_rcc.c ****         {
 1763              		.loc 1 571 12 discriminator 4 view .LVU581
 1764 007e 9842     		cmp	r0, r3
 1765 0080 44D9     		bls	.L143
 575:Drivers/STM32U5xx_HAL_Driver/Src/stm32u5xx_hal_rcc.c ****           {
 1766              		.loc 1 575 11 is_stmt 1 view .LVU582
 575:Drivers/STM32U5xx_HAL_Driver/Src/stm32u5xx_hal_rcc.c ****           {
 1767              		.loc 1 575 14 is_stmt 0 view .LVU583
 1768 0082 E5B1     		cbz	r5, .L304
 1769              	.L144:
 584:Drivers/STM32U5xx_HAL_Driver/Src/stm32u5xx_hal_rcc.c ****           /* Adjusts the Multiple Speed oscillator (MSI) calibration value */
 1770              		.loc 1 584 11 is_stmt 1 view .LVU584
 584:Drivers/STM32U5xx_HAL_Driver/Src/stm32u5xx_hal_rcc.c ****           /* Adjusts the Multiple Speed oscillator (MSI) calibration value */
 1771              		.loc 1 584 11 view .LVU585
 1772 0084 7E4A     		ldr	r2, .L331
 1773 0086 9368     		ldr	r3, [r2, #8]
 1774 0088 43F40003 		orr	r3, r3, #8388608
 1775 008c 9360     		str	r3, [r2, #8]
 584:Drivers/STM32U5xx_HAL_Driver/Src/stm32u5xx_hal_rcc.c ****           /* Adjusts the Multiple Speed oscillator (MSI) calibration value */
 1776              		.loc 1 584 11 view .LVU586
ARM GAS  /var/folders/j8/bx6g0dyx2gg_pdn7l_y1sb9c0000gn/T//cc64Wppv.s 			page 82


 1777 008e 9368     		ldr	r3, [r2, #8]
 1778 0090 23F07043 		bic	r3, r3, #-268435456
 1779 0094 616A     		ldr	r1, [r4, #36]
 1780 0096 0B43     		orrs	r3, r3, r1
 1781 0098 9360     		str	r3, [r2, #8]
 584:Drivers/STM32U5xx_HAL_Driver/Src/stm32u5xx_hal_rcc.c ****           /* Adjusts the Multiple Speed oscillator (MSI) calibration value */
 1782              		.loc 1 584 11 view .LVU587
 586:Drivers/STM32U5xx_HAL_Driver/Src/stm32u5xx_hal_rcc.c ****                                                 (pRCC_OscInitStruct->MSIClockRange));
 1783              		.loc 1 586 11 view .LVU588
 586:Drivers/STM32U5xx_HAL_Driver/Src/stm32u5xx_hal_rcc.c ****                                                 (pRCC_OscInitStruct->MSIClockRange));
 1784              		.loc 1 586 11 view .LVU589
 1785 009a 636A     		ldr	r3, [r4, #36]
 1786 009c B3F1404F 		cmp	r3, #-1073741824
 1787 00a0 14D3     		bcc	.L145
 586:Drivers/STM32U5xx_HAL_Driver/Src/stm32u5xx_hal_rcc.c ****                                                 (pRCC_OscInitStruct->MSIClockRange));
 1788              		.loc 1 586 11 discriminator 1 view .LVU590
 1789 00a2 D368     		ldr	r3, [r2, #12]
 1790 00a4 23F01F03 		bic	r3, r3, #31
 1791 00a8 216A     		ldr	r1, [r4, #32]
 1792 00aa 0B43     		orrs	r3, r3, r1
 1793 00ac D360     		str	r3, [r2, #12]
 1794 00ae 44E0     		b	.L146
 1795              	.L141:
 571:Drivers/STM32U5xx_HAL_Driver/Src/stm32u5xx_hal_rcc.c ****         {
 1796              		.loc 1 571 49 is_stmt 0 discriminator 2 view .LVU591
 1797 00b0 734B     		ldr	r3, .L331
 1798 00b2 D3F8F430 		ldr	r3, [r3, #244]
 1799 00b6 1B04     		lsls	r3, r3, #16
 1800 00b8 03F07043 		and	r3, r3, #-268435456
 1801 00bc DFE7     		b	.L142
 1802              	.L304:
 577:Drivers/STM32U5xx_HAL_Driver/Src/stm32u5xx_hal_rcc.c ****             {
 1803              		.loc 1 577 13 is_stmt 1 view .LVU592
 577:Drivers/STM32U5xx_HAL_Driver/Src/stm32u5xx_hal_rcc.c ****             {
 1804              		.loc 1 577 17 is_stmt 0 view .LVU593
 1805 00be FFF7FEFF 		bl	RCC_SetFlashLatencyFromMSIRange
 1806              	.LVL132:
 577:Drivers/STM32U5xx_HAL_Driver/Src/stm32u5xx_hal_rcc.c ****             {
 1807              		.loc 1 577 16 view .LVU594
 1808 00c2 0028     		cmp	r0, #0
 1809 00c4 DED0     		beq	.L144
 579:Drivers/STM32U5xx_HAL_Driver/Src/stm32u5xx_hal_rcc.c ****             }
 1810              		.loc 1 579 22 view .LVU595
 1811 00c6 0120     		movs	r0, #1
 1812 00c8 00F0CABC 		b	.L137
 1813              	.L145:
 586:Drivers/STM32U5xx_HAL_Driver/Src/stm32u5xx_hal_rcc.c ****                                                 (pRCC_OscInitStruct->MSIClockRange));
 1814              		.loc 1 586 11 is_stmt 1 discriminator 2 view .LVU596
 1815 00cc 002B     		cmp	r3, #0
 1816 00ce 0BDB     		blt	.L305
 586:Drivers/STM32U5xx_HAL_Driver/Src/stm32u5xx_hal_rcc.c ****                                                 (pRCC_OscInitStruct->MSIClockRange));
 1817              		.loc 1 586 11 discriminator 5 view .LVU597
 1818 00d0 B3F1804F 		cmp	r3, #1073741824
 1819 00d4 11D3     		bcc	.L148
 586:Drivers/STM32U5xx_HAL_Driver/Src/stm32u5xx_hal_rcc.c ****                                                 (pRCC_OscInitStruct->MSIClockRange));
 1820              		.loc 1 586 11 discriminator 7 view .LVU598
 1821 00d6 6A4A     		ldr	r2, .L331
ARM GAS  /var/folders/j8/bx6g0dyx2gg_pdn7l_y1sb9c0000gn/T//cc64Wppv.s 			page 83


 1822 00d8 D368     		ldr	r3, [r2, #12]
 1823 00da 23F4F843 		bic	r3, r3, #31744
 1824 00de 216A     		ldr	r1, [r4, #32]
 1825 00e0 43EA8123 		orr	r3, r3, r1, lsl #10
 1826 00e4 D360     		str	r3, [r2, #12]
 1827 00e6 28E0     		b	.L146
 1828              	.L305:
 586:Drivers/STM32U5xx_HAL_Driver/Src/stm32u5xx_hal_rcc.c ****                                                 (pRCC_OscInitStruct->MSIClockRange));
 1829              		.loc 1 586 11 discriminator 4 view .LVU599
 1830 00e8 654A     		ldr	r2, .L331
 1831 00ea D368     		ldr	r3, [r2, #12]
 1832 00ec 23F47873 		bic	r3, r3, #992
 1833 00f0 216A     		ldr	r1, [r4, #32]
 1834 00f2 43EA4113 		orr	r3, r3, r1, lsl #5
 1835 00f6 D360     		str	r3, [r2, #12]
 1836 00f8 1FE0     		b	.L146
 1837              	.L148:
 586:Drivers/STM32U5xx_HAL_Driver/Src/stm32u5xx_hal_rcc.c ****                                                 (pRCC_OscInitStruct->MSIClockRange));
 1838              		.loc 1 586 11 discriminator 8 view .LVU600
 1839 00fa 614A     		ldr	r2, .L331
 1840 00fc D368     		ldr	r3, [r2, #12]
 1841 00fe 23F47823 		bic	r3, r3, #1015808
 1842 0102 216A     		ldr	r1, [r4, #32]
 1843 0104 43EAC133 		orr	r3, r3, r1, lsl #15
 1844 0108 D360     		str	r3, [r2, #12]
 1845 010a 16E0     		b	.L146
 1846              	.L143:
 593:Drivers/STM32U5xx_HAL_Driver/Src/stm32u5xx_hal_rcc.c ****           /* Adjusts the Multiple Speed oscillator (MSI) calibration value */
 1847              		.loc 1 593 11 view .LVU601
 593:Drivers/STM32U5xx_HAL_Driver/Src/stm32u5xx_hal_rcc.c ****           /* Adjusts the Multiple Speed oscillator (MSI) calibration value */
 1848              		.loc 1 593 11 view .LVU602
 1849 010c 5C4A     		ldr	r2, .L331
 1850 010e 9368     		ldr	r3, [r2, #8]
 1851 0110 43F40003 		orr	r3, r3, #8388608
 1852 0114 9360     		str	r3, [r2, #8]
 593:Drivers/STM32U5xx_HAL_Driver/Src/stm32u5xx_hal_rcc.c ****           /* Adjusts the Multiple Speed oscillator (MSI) calibration value */
 1853              		.loc 1 593 11 view .LVU603
 1854 0116 9368     		ldr	r3, [r2, #8]
 1855 0118 23F07043 		bic	r3, r3, #-268435456
 1856 011c 616A     		ldr	r1, [r4, #36]
 1857 011e 0B43     		orrs	r3, r3, r1
 1858 0120 9360     		str	r3, [r2, #8]
 593:Drivers/STM32U5xx_HAL_Driver/Src/stm32u5xx_hal_rcc.c ****           /* Adjusts the Multiple Speed oscillator (MSI) calibration value */
 1859              		.loc 1 593 11 view .LVU604
 595:Drivers/STM32U5xx_HAL_Driver/Src/stm32u5xx_hal_rcc.c ****                                                 (pRCC_OscInitStruct->MSIClockRange));
 1860              		.loc 1 595 11 view .LVU605
 595:Drivers/STM32U5xx_HAL_Driver/Src/stm32u5xx_hal_rcc.c ****                                                 (pRCC_OscInitStruct->MSIClockRange));
 1861              		.loc 1 595 11 view .LVU606
 1862 0122 636A     		ldr	r3, [r4, #36]
 1863 0124 B3F1404F 		cmp	r3, #-1073741824
 1864 0128 36D3     		bcc	.L149
 595:Drivers/STM32U5xx_HAL_Driver/Src/stm32u5xx_hal_rcc.c ****                                                 (pRCC_OscInitStruct->MSIClockRange));
 1865              		.loc 1 595 11 discriminator 1 view .LVU607
 1866 012a D368     		ldr	r3, [r2, #12]
 1867 012c 23F01F03 		bic	r3, r3, #31
 1868 0130 216A     		ldr	r1, [r4, #32]
 1869 0132 0B43     		orrs	r3, r3, r1
ARM GAS  /var/folders/j8/bx6g0dyx2gg_pdn7l_y1sb9c0000gn/T//cc64Wppv.s 			page 84


 1870 0134 D360     		str	r3, [r2, #12]
 1871              	.L150:
 595:Drivers/STM32U5xx_HAL_Driver/Src/stm32u5xx_hal_rcc.c ****                                                 (pRCC_OscInitStruct->MSIClockRange));
 1872              		.loc 1 595 11 discriminator 10 view .LVU608
 598:Drivers/STM32U5xx_HAL_Driver/Src/stm32u5xx_hal_rcc.c ****           {
 1873              		.loc 1 598 11 discriminator 10 view .LVU609
 598:Drivers/STM32U5xx_HAL_Driver/Src/stm32u5xx_hal_rcc.c ****           {
 1874              		.loc 1 598 14 is_stmt 0 discriminator 10 view .LVU610
 1875 0136 002D     		cmp	r5, #0
 1876 0138 4ED0     		beq	.L306
 1877              	.L146:
 608:Drivers/STM32U5xx_HAL_Driver/Src/stm32u5xx_hal_rcc.c ****         /* Configure the source of time base considering new system clocks settings*/
 1878              		.loc 1 608 9 is_stmt 1 view .LVU611
 608:Drivers/STM32U5xx_HAL_Driver/Src/stm32u5xx_hal_rcc.c ****         /* Configure the source of time base considering new system clocks settings*/
 1879              		.loc 1 608 16 is_stmt 0 view .LVU612
 1880 013a FFF7FEFF 		bl	HAL_RCC_GetHCLKFreq
 1881              	.LVL133:
 610:Drivers/STM32U5xx_HAL_Driver/Src/stm32u5xx_hal_rcc.c ****         if (status != HAL_OK)
 1882              		.loc 1 610 9 is_stmt 1 view .LVU613
 610:Drivers/STM32U5xx_HAL_Driver/Src/stm32u5xx_hal_rcc.c ****         if (status != HAL_OK)
 1883              		.loc 1 610 18 is_stmt 0 view .LVU614
 1884 013e 514B     		ldr	r3, .L331+4
 1885 0140 1868     		ldr	r0, [r3]
 1886 0142 FFF7FEFF 		bl	HAL_InitTick
 1887              	.LVL134:
 611:Drivers/STM32U5xx_HAL_Driver/Src/stm32u5xx_hal_rcc.c ****         {
 1888              		.loc 1 611 9 is_stmt 1 view .LVU615
 611:Drivers/STM32U5xx_HAL_Driver/Src/stm32u5xx_hal_rcc.c ****         {
 1889              		.loc 1 611 12 is_stmt 0 view .LVU616
 1890 0146 0028     		cmp	r0, #0
 1891 0148 40F08A84 		bne	.L137
 1892              	.LVL135:
 1893              	.L138:
 661:Drivers/STM32U5xx_HAL_Driver/Src/stm32u5xx_hal_rcc.c ****   {
 1894              		.loc 1 661 3 is_stmt 1 view .LVU617
 661:Drivers/STM32U5xx_HAL_Driver/Src/stm32u5xx_hal_rcc.c ****   {
 1895              		.loc 1 661 27 is_stmt 0 view .LVU618
 1896 014c 2368     		ldr	r3, [r4]
 661:Drivers/STM32U5xx_HAL_Driver/Src/stm32u5xx_hal_rcc.c ****   {
 1897              		.loc 1 661 6 view .LVU619
 1898 014e 13F0010F 		tst	r3, #1
 1899 0152 00F0A080 		beq	.L161
 664:Drivers/STM32U5xx_HAL_Driver/Src/stm32u5xx_hal_rcc.c **** 
 1900              		.loc 1 664 5 is_stmt 1 view .LVU620
 667:Drivers/STM32U5xx_HAL_Driver/Src/stm32u5xx_hal_rcc.c ****         ((sysclk_source == RCC_SYSCLKSOURCE_STATUS_PLLCLK) && (pll_config == RCC_PLLSOURCE_HSE)))
 1901              		.loc 1 667 5 view .LVU621
 667:Drivers/STM32U5xx_HAL_Driver/Src/stm32u5xx_hal_rcc.c ****         ((sysclk_source == RCC_SYSCLKSOURCE_STATUS_PLLCLK) && (pll_config == RCC_PLLSOURCE_HSE)))
 1902              		.loc 1 667 8 is_stmt 0 view .LVU622
 1903 0156 082D     		cmp	r5, #8
 1904 0158 00F09980 		beq	.L162
 667:Drivers/STM32U5xx_HAL_Driver/Src/stm32u5xx_hal_rcc.c ****         ((sysclk_source == RCC_SYSCLKSOURCE_STATUS_PLLCLK) && (pll_config == RCC_PLLSOURCE_HSE)))
 1905              		.loc 1 667 56 discriminator 1 view .LVU623
 1906 015c 0C2D     		cmp	r5, #12
 1907 015e 00F09380 		beq	.L307
 1908              	.L163:
 678:Drivers/STM32U5xx_HAL_Driver/Src/stm32u5xx_hal_rcc.c **** 
 1909              		.loc 1 678 7 is_stmt 1 view .LVU624
ARM GAS  /var/folders/j8/bx6g0dyx2gg_pdn7l_y1sb9c0000gn/T//cc64Wppv.s 			page 85


 678:Drivers/STM32U5xx_HAL_Driver/Src/stm32u5xx_hal_rcc.c **** 
 1910              		.loc 1 678 7 view .LVU625
 1911 0162 6368     		ldr	r3, [r4, #4]
 1912 0164 B3F5803F 		cmp	r3, #65536
 1913 0168 00F0B680 		beq	.L308
 678:Drivers/STM32U5xx_HAL_Driver/Src/stm32u5xx_hal_rcc.c **** 
 1914              		.loc 1 678 7 discriminator 2 view .LVU626
 1915 016c B3F5A02F 		cmp	r3, #327680
 1916 0170 00F0C880 		beq	.L309
 678:Drivers/STM32U5xx_HAL_Driver/Src/stm32u5xx_hal_rcc.c **** 
 1917              		.loc 1 678 7 discriminator 5 view .LVU627
 1918 0174 B3F5A81F 		cmp	r3, #1376256
 1919 0178 00F0D280 		beq	.L310
 678:Drivers/STM32U5xx_HAL_Driver/Src/stm32u5xx_hal_rcc.c **** 
 1920              		.loc 1 678 7 discriminator 8 view .LVU628
 1921 017c 404B     		ldr	r3, .L331
 1922 017e 1A68     		ldr	r2, [r3]
 1923 0180 22F48032 		bic	r2, r2, #65536
 1924 0184 1A60     		str	r2, [r3]
 678:Drivers/STM32U5xx_HAL_Driver/Src/stm32u5xx_hal_rcc.c **** 
 1925              		.loc 1 678 7 discriminator 8 view .LVU629
 1926 0186 1A68     		ldr	r2, [r3]
 1927 0188 22F48022 		bic	r2, r2, #262144
 1928 018c 1A60     		str	r2, [r3]
 678:Drivers/STM32U5xx_HAL_Driver/Src/stm32u5xx_hal_rcc.c **** 
 1929              		.loc 1 678 7 discriminator 8 view .LVU630
 1930 018e 1A68     		ldr	r2, [r3]
 1931 0190 22F48012 		bic	r2, r2, #1048576
 1932 0194 1A60     		str	r2, [r3]
 1933 0196 A4E0     		b	.L165
 1934              	.L149:
 595:Drivers/STM32U5xx_HAL_Driver/Src/stm32u5xx_hal_rcc.c ****                                                 (pRCC_OscInitStruct->MSIClockRange));
 1935              		.loc 1 595 11 discriminator 2 view .LVU631
 1936 0198 002B     		cmp	r3, #0
 1937 019a 0BDB     		blt	.L311
 595:Drivers/STM32U5xx_HAL_Driver/Src/stm32u5xx_hal_rcc.c ****                                                 (pRCC_OscInitStruct->MSIClockRange));
 1938              		.loc 1 595 11 discriminator 5 view .LVU632
 1939 019c B3F1804F 		cmp	r3, #1073741824
 1940 01a0 11D3     		bcc	.L152
 595:Drivers/STM32U5xx_HAL_Driver/Src/stm32u5xx_hal_rcc.c ****                                                 (pRCC_OscInitStruct->MSIClockRange));
 1941              		.loc 1 595 11 discriminator 7 view .LVU633
 1942 01a2 374A     		ldr	r2, .L331
 1943 01a4 D368     		ldr	r3, [r2, #12]
 1944 01a6 23F4F843 		bic	r3, r3, #31744
 1945 01aa 216A     		ldr	r1, [r4, #32]
 1946 01ac 43EA8123 		orr	r3, r3, r1, lsl #10
 1947 01b0 D360     		str	r3, [r2, #12]
 1948 01b2 C0E7     		b	.L150
 1949              	.L311:
 595:Drivers/STM32U5xx_HAL_Driver/Src/stm32u5xx_hal_rcc.c ****                                                 (pRCC_OscInitStruct->MSIClockRange));
 1950              		.loc 1 595 11 discriminator 4 view .LVU634
 1951 01b4 324A     		ldr	r2, .L331
 1952 01b6 D368     		ldr	r3, [r2, #12]
 1953 01b8 23F47873 		bic	r3, r3, #992
 1954 01bc 216A     		ldr	r1, [r4, #32]
 1955 01be 43EA4113 		orr	r3, r3, r1, lsl #5
 1956 01c2 D360     		str	r3, [r2, #12]
ARM GAS  /var/folders/j8/bx6g0dyx2gg_pdn7l_y1sb9c0000gn/T//cc64Wppv.s 			page 86


 1957 01c4 B7E7     		b	.L150
 1958              	.L152:
 595:Drivers/STM32U5xx_HAL_Driver/Src/stm32u5xx_hal_rcc.c ****                                                 (pRCC_OscInitStruct->MSIClockRange));
 1959              		.loc 1 595 11 discriminator 8 view .LVU635
 1960 01c6 2E4A     		ldr	r2, .L331
 1961 01c8 D368     		ldr	r3, [r2, #12]
 1962 01ca 23F47823 		bic	r3, r3, #1015808
 1963 01ce 216A     		ldr	r1, [r4, #32]
 1964 01d0 43EAC133 		orr	r3, r3, r1, lsl #15
 1965 01d4 D360     		str	r3, [r2, #12]
 1966 01d6 AEE7     		b	.L150
 1967              	.L306:
 600:Drivers/STM32U5xx_HAL_Driver/Src/stm32u5xx_hal_rcc.c ****             {
 1968              		.loc 1 600 13 view .LVU636
 600:Drivers/STM32U5xx_HAL_Driver/Src/stm32u5xx_hal_rcc.c ****             {
 1969              		.loc 1 600 17 is_stmt 0 view .LVU637
 1970 01d8 606A     		ldr	r0, [r4, #36]
 1971 01da FFF7FEFF 		bl	RCC_SetFlashLatencyFromMSIRange
 1972              	.LVL136:
 600:Drivers/STM32U5xx_HAL_Driver/Src/stm32u5xx_hal_rcc.c ****             {
 1973              		.loc 1 600 16 view .LVU638
 1974 01de 0028     		cmp	r0, #0
 1975 01e0 ABD0     		beq	.L146
 602:Drivers/STM32U5xx_HAL_Driver/Src/stm32u5xx_hal_rcc.c ****             }
 1976              		.loc 1 602 22 view .LVU639
 1977 01e2 0120     		movs	r0, #1
 1978 01e4 00F03CBC 		b	.L137
 1979              	.LVL137:
 1980              	.L303:
 636:Drivers/STM32U5xx_HAL_Driver/Src/stm32u5xx_hal_rcc.c ****         /* Adjusts the Multiple Speed oscillator (MSI) calibration value */
 1981              		.loc 1 636 9 is_stmt 1 view .LVU640
 636:Drivers/STM32U5xx_HAL_Driver/Src/stm32u5xx_hal_rcc.c ****         /* Adjusts the Multiple Speed oscillator (MSI) calibration value */
 1982              		.loc 1 636 9 view .LVU641
 1983 01e8 254A     		ldr	r2, .L331
 1984 01ea 9368     		ldr	r3, [r2, #8]
 1985 01ec 43F40003 		orr	r3, r3, #8388608
 1986 01f0 9360     		str	r3, [r2, #8]
 636:Drivers/STM32U5xx_HAL_Driver/Src/stm32u5xx_hal_rcc.c ****         /* Adjusts the Multiple Speed oscillator (MSI) calibration value */
 1987              		.loc 1 636 9 view .LVU642
 1988 01f2 9368     		ldr	r3, [r2, #8]
 1989 01f4 23F07043 		bic	r3, r3, #-268435456
 1990 01f8 616A     		ldr	r1, [r4, #36]
 1991 01fa 0B43     		orrs	r3, r3, r1
 1992 01fc 9360     		str	r3, [r2, #8]
 636:Drivers/STM32U5xx_HAL_Driver/Src/stm32u5xx_hal_rcc.c ****         /* Adjusts the Multiple Speed oscillator (MSI) calibration value */
 1993              		.loc 1 636 9 view .LVU643
 638:Drivers/STM32U5xx_HAL_Driver/Src/stm32u5xx_hal_rcc.c ****                                               (pRCC_OscInitStruct->MSIClockRange));
 1994              		.loc 1 638 9 view .LVU644
 638:Drivers/STM32U5xx_HAL_Driver/Src/stm32u5xx_hal_rcc.c ****                                               (pRCC_OscInitStruct->MSIClockRange));
 1995              		.loc 1 638 9 view .LVU645
 1996 01fe 636A     		ldr	r3, [r4, #36]
 1997 0200 B3F1404F 		cmp	r3, #-1073741824
 1998 0204 06D3     		bcc	.L156
 638:Drivers/STM32U5xx_HAL_Driver/Src/stm32u5xx_hal_rcc.c ****                                               (pRCC_OscInitStruct->MSIClockRange));
 1999              		.loc 1 638 9 discriminator 1 view .LVU646
 2000 0206 D368     		ldr	r3, [r2, #12]
 2001 0208 23F01F03 		bic	r3, r3, #31
ARM GAS  /var/folders/j8/bx6g0dyx2gg_pdn7l_y1sb9c0000gn/T//cc64Wppv.s 			page 87


 2002 020c 216A     		ldr	r1, [r4, #32]
 2003 020e 0B43     		orrs	r3, r3, r1
 2004 0210 D360     		str	r3, [r2, #12]
 2005 0212 9BE7     		b	.L138
 2006              	.L156:
 638:Drivers/STM32U5xx_HAL_Driver/Src/stm32u5xx_hal_rcc.c ****                                               (pRCC_OscInitStruct->MSIClockRange));
 2007              		.loc 1 638 9 discriminator 2 view .LVU647
 2008 0214 002B     		cmp	r3, #0
 2009 0216 0BDB     		blt	.L312
 638:Drivers/STM32U5xx_HAL_Driver/Src/stm32u5xx_hal_rcc.c ****                                               (pRCC_OscInitStruct->MSIClockRange));
 2010              		.loc 1 638 9 discriminator 5 view .LVU648
 2011 0218 B3F1804F 		cmp	r3, #1073741824
 2012 021c 11D3     		bcc	.L158
 638:Drivers/STM32U5xx_HAL_Driver/Src/stm32u5xx_hal_rcc.c ****                                               (pRCC_OscInitStruct->MSIClockRange));
 2013              		.loc 1 638 9 discriminator 7 view .LVU649
 2014 021e 184A     		ldr	r2, .L331
 2015 0220 D368     		ldr	r3, [r2, #12]
 2016 0222 23F4F843 		bic	r3, r3, #31744
 2017 0226 216A     		ldr	r1, [r4, #32]
 2018 0228 43EA8123 		orr	r3, r3, r1, lsl #10
 2019 022c D360     		str	r3, [r2, #12]
 2020 022e 8DE7     		b	.L138
 2021              	.L312:
 638:Drivers/STM32U5xx_HAL_Driver/Src/stm32u5xx_hal_rcc.c ****                                               (pRCC_OscInitStruct->MSIClockRange));
 2022              		.loc 1 638 9 discriminator 4 view .LVU650
 2023 0230 134A     		ldr	r2, .L331
 2024 0232 D368     		ldr	r3, [r2, #12]
 2025 0234 23F47873 		bic	r3, r3, #992
 2026 0238 216A     		ldr	r1, [r4, #32]
 2027 023a 43EA4113 		orr	r3, r3, r1, lsl #5
 2028 023e D360     		str	r3, [r2, #12]
 2029 0240 84E7     		b	.L138
 2030              	.L158:
 638:Drivers/STM32U5xx_HAL_Driver/Src/stm32u5xx_hal_rcc.c ****                                               (pRCC_OscInitStruct->MSIClockRange));
 2031              		.loc 1 638 9 discriminator 8 view .LVU651
 2032 0242 0F4A     		ldr	r2, .L331
 2033 0244 D368     		ldr	r3, [r2, #12]
 2034 0246 23F47823 		bic	r3, r3, #1015808
 2035 024a 216A     		ldr	r1, [r4, #32]
 2036 024c 43EAC133 		orr	r3, r3, r1, lsl #15
 2037 0250 D360     		str	r3, [r2, #12]
 2038 0252 7BE7     		b	.L138
 2039              	.LVL138:
 2040              	.L153:
 645:Drivers/STM32U5xx_HAL_Driver/Src/stm32u5xx_hal_rcc.c **** 
 2041              		.loc 1 645 9 view .LVU652
 2042 0254 0A4A     		ldr	r2, .L331
 2043 0256 1368     		ldr	r3, [r2]
 2044 0258 23F00103 		bic	r3, r3, #1
 2045 025c 1360     		str	r3, [r2]
 647:Drivers/STM32U5xx_HAL_Driver/Src/stm32u5xx_hal_rcc.c **** 
 2046              		.loc 1 647 9 view .LVU653
 647:Drivers/STM32U5xx_HAL_Driver/Src/stm32u5xx_hal_rcc.c **** 
 2047              		.loc 1 647 21 is_stmt 0 view .LVU654
 2048 025e FFF7FEFF 		bl	HAL_GetTick
 2049              	.LVL139:
 647:Drivers/STM32U5xx_HAL_Driver/Src/stm32u5xx_hal_rcc.c **** 
ARM GAS  /var/folders/j8/bx6g0dyx2gg_pdn7l_y1sb9c0000gn/T//cc64Wppv.s 			page 88


 2050              		.loc 1 647 21 view .LVU655
 2051 0262 0746     		mov	r7, r0
 2052              	.LVL140:
 650:Drivers/STM32U5xx_HAL_Driver/Src/stm32u5xx_hal_rcc.c ****         {
 2053              		.loc 1 650 9 is_stmt 1 view .LVU656
 2054              	.L159:
 650:Drivers/STM32U5xx_HAL_Driver/Src/stm32u5xx_hal_rcc.c ****         {
 2055              		.loc 1 650 15 view .LVU657
 650:Drivers/STM32U5xx_HAL_Driver/Src/stm32u5xx_hal_rcc.c ****         {
 2056              		.loc 1 650 16 is_stmt 0 view .LVU658
 2057 0264 064B     		ldr	r3, .L331
 2058 0266 1B68     		ldr	r3, [r3]
 650:Drivers/STM32U5xx_HAL_Driver/Src/stm32u5xx_hal_rcc.c ****         {
 2059              		.loc 1 650 15 view .LVU659
 2060 0268 13F0040F 		tst	r3, #4
 2061 026c 3FF46EAF 		beq	.L138
 652:Drivers/STM32U5xx_HAL_Driver/Src/stm32u5xx_hal_rcc.c ****           {
 2062              		.loc 1 652 11 is_stmt 1 view .LVU660
 652:Drivers/STM32U5xx_HAL_Driver/Src/stm32u5xx_hal_rcc.c ****           {
 2063              		.loc 1 652 16 is_stmt 0 view .LVU661
 2064 0270 FFF7FEFF 		bl	HAL_GetTick
 2065              	.LVL141:
 652:Drivers/STM32U5xx_HAL_Driver/Src/stm32u5xx_hal_rcc.c ****           {
 2066              		.loc 1 652 30 view .LVU662
 2067 0274 C01B     		subs	r0, r0, r7
 652:Drivers/STM32U5xx_HAL_Driver/Src/stm32u5xx_hal_rcc.c ****           {
 2068              		.loc 1 652 14 view .LVU663
 2069 0276 0228     		cmp	r0, #2
 2070 0278 F4D9     		bls	.L159
 654:Drivers/STM32U5xx_HAL_Driver/Src/stm32u5xx_hal_rcc.c ****           }
 2071              		.loc 1 654 20 view .LVU664
 2072 027a 0320     		movs	r0, #3
 2073 027c F0E3     		b	.L137
 2074              	.L332:
 2075 027e 00BF     		.align	2
 2076              	.L331:
 2077 0280 000C0246 		.word	1174539264
 2078 0284 00000000 		.word	uwTickPrio
 2079              	.LVL142:
 2080              	.L307:
 668:Drivers/STM32U5xx_HAL_Driver/Src/stm32u5xx_hal_rcc.c ****     {
 2081              		.loc 1 668 60 view .LVU665
 2082 0288 032E     		cmp	r6, #3
 2083 028a 7FF46AAF 		bne	.L163
 2084              	.L162:
 670:Drivers/STM32U5xx_HAL_Driver/Src/stm32u5xx_hal_rcc.c ****       {
 2085              		.loc 1 670 7 is_stmt 1 view .LVU666
 670:Drivers/STM32U5xx_HAL_Driver/Src/stm32u5xx_hal_rcc.c ****       {
 2086              		.loc 1 670 29 is_stmt 0 view .LVU667
 2087 028e 6368     		ldr	r3, [r4, #4]
 670:Drivers/STM32U5xx_HAL_Driver/Src/stm32u5xx_hal_rcc.c ****       {
 2088              		.loc 1 670 10 view .LVU668
 2089 0290 002B     		cmp	r3, #0
 2090 0292 00F0E783 		beq	.L313
 2091              	.L161:
 710:Drivers/STM32U5xx_HAL_Driver/Src/stm32u5xx_hal_rcc.c ****   {
 2092              		.loc 1 710 3 is_stmt 1 view .LVU669
ARM GAS  /var/folders/j8/bx6g0dyx2gg_pdn7l_y1sb9c0000gn/T//cc64Wppv.s 			page 89


 710:Drivers/STM32U5xx_HAL_Driver/Src/stm32u5xx_hal_rcc.c ****   {
 2093              		.loc 1 710 27 is_stmt 0 view .LVU670
 2094 0296 2368     		ldr	r3, [r4]
 710:Drivers/STM32U5xx_HAL_Driver/Src/stm32u5xx_hal_rcc.c ****   {
 2095              		.loc 1 710 6 view .LVU671
 2096 0298 13F0020F 		tst	r3, #2
 2097 029c 6BD0     		beq	.L173
 713:Drivers/STM32U5xx_HAL_Driver/Src/stm32u5xx_hal_rcc.c ****     assert_param(IS_RCC_HSI_CALIBRATION_VALUE(pRCC_OscInitStruct->HSICalibrationValue));
 2098              		.loc 1 713 5 is_stmt 1 view .LVU672
 714:Drivers/STM32U5xx_HAL_Driver/Src/stm32u5xx_hal_rcc.c **** 
 2099              		.loc 1 714 5 view .LVU673
 717:Drivers/STM32U5xx_HAL_Driver/Src/stm32u5xx_hal_rcc.c ****         ((sysclk_source == RCC_SYSCLKSOURCE_STATUS_PLLCLK) && (pll_config == RCC_PLLSOURCE_HSI)))
 2100              		.loc 1 717 5 view .LVU674
 717:Drivers/STM32U5xx_HAL_Driver/Src/stm32u5xx_hal_rcc.c ****         ((sysclk_source == RCC_SYSCLKSOURCE_STATUS_PLLCLK) && (pll_config == RCC_PLLSOURCE_HSI)))
 2101              		.loc 1 717 8 is_stmt 0 view .LVU675
 2102 029e 042D     		cmp	r5, #4
 2103 02a0 5DD0     		beq	.L174
 717:Drivers/STM32U5xx_HAL_Driver/Src/stm32u5xx_hal_rcc.c ****         ((sysclk_source == RCC_SYSCLKSOURCE_STATUS_PLLCLK) && (pll_config == RCC_PLLSOURCE_HSI)))
 2104              		.loc 1 717 56 discriminator 1 view .LVU676
 2105 02a2 0C2D     		cmp	r5, #12
 2106 02a4 59D0     		beq	.L314
 2107              	.L175:
 735:Drivers/STM32U5xx_HAL_Driver/Src/stm32u5xx_hal_rcc.c ****       {
 2108              		.loc 1 735 7 is_stmt 1 view .LVU677
 735:Drivers/STM32U5xx_HAL_Driver/Src/stm32u5xx_hal_rcc.c ****       {
 2109              		.loc 1 735 29 is_stmt 0 view .LVU678
 2110 02a6 E368     		ldr	r3, [r4, #12]
 735:Drivers/STM32U5xx_HAL_Driver/Src/stm32u5xx_hal_rcc.c ****       {
 2111              		.loc 1 735 10 view .LVU679
 2112 02a8 002B     		cmp	r3, #0
 2113 02aa 00F0BF80 		beq	.L176
 738:Drivers/STM32U5xx_HAL_Driver/Src/stm32u5xx_hal_rcc.c **** 
 2114              		.loc 1 738 9 is_stmt 1 view .LVU680
 2115 02ae AA4A     		ldr	r2, .L333
 2116 02b0 1368     		ldr	r3, [r2]
 2117 02b2 43F48073 		orr	r3, r3, #256
 2118 02b6 1360     		str	r3, [r2]
 740:Drivers/STM32U5xx_HAL_Driver/Src/stm32u5xx_hal_rcc.c **** 
 2119              		.loc 1 740 9 view .LVU681
 740:Drivers/STM32U5xx_HAL_Driver/Src/stm32u5xx_hal_rcc.c **** 
 2120              		.loc 1 740 21 is_stmt 0 view .LVU682
 2121 02b8 FFF7FEFF 		bl	HAL_GetTick
 2122              	.LVL143:
 2123 02bc 0546     		mov	r5, r0
 2124              	.LVL144:
 743:Drivers/STM32U5xx_HAL_Driver/Src/stm32u5xx_hal_rcc.c ****         {
 2125              		.loc 1 743 9 is_stmt 1 view .LVU683
 2126              	.L177:
 743:Drivers/STM32U5xx_HAL_Driver/Src/stm32u5xx_hal_rcc.c ****         {
 2127              		.loc 1 743 15 view .LVU684
 743:Drivers/STM32U5xx_HAL_Driver/Src/stm32u5xx_hal_rcc.c ****         {
 2128              		.loc 1 743 16 is_stmt 0 view .LVU685
 2129 02be A64B     		ldr	r3, .L333
 2130 02c0 1B68     		ldr	r3, [r3]
 743:Drivers/STM32U5xx_HAL_Driver/Src/stm32u5xx_hal_rcc.c ****         {
 2131              		.loc 1 743 15 view .LVU686
 2132 02c2 13F4806F 		tst	r3, #1024
ARM GAS  /var/folders/j8/bx6g0dyx2gg_pdn7l_y1sb9c0000gn/T//cc64Wppv.s 			page 90


 2133 02c6 40F0A880 		bne	.L315
 745:Drivers/STM32U5xx_HAL_Driver/Src/stm32u5xx_hal_rcc.c ****           {
 2134              		.loc 1 745 11 is_stmt 1 view .LVU687
 745:Drivers/STM32U5xx_HAL_Driver/Src/stm32u5xx_hal_rcc.c ****           {
 2135              		.loc 1 745 16 is_stmt 0 view .LVU688
 2136 02ca FFF7FEFF 		bl	HAL_GetTick
 2137              	.LVL145:
 745:Drivers/STM32U5xx_HAL_Driver/Src/stm32u5xx_hal_rcc.c ****           {
 2138              		.loc 1 745 30 view .LVU689
 2139 02ce 401B     		subs	r0, r0, r5
 745:Drivers/STM32U5xx_HAL_Driver/Src/stm32u5xx_hal_rcc.c ****           {
 2140              		.loc 1 745 14 view .LVU690
 2141 02d0 0228     		cmp	r0, #2
 2142 02d2 F4D9     		bls	.L177
 747:Drivers/STM32U5xx_HAL_Driver/Src/stm32u5xx_hal_rcc.c ****           }
 2143              		.loc 1 747 20 view .LVU691
 2144 02d4 0320     		movs	r0, #3
 2145 02d6 C3E3     		b	.L137
 2146              	.LVL146:
 2147              	.L308:
 678:Drivers/STM32U5xx_HAL_Driver/Src/stm32u5xx_hal_rcc.c **** 
 2148              		.loc 1 678 7 is_stmt 1 discriminator 1 view .LVU692
 2149 02d8 9F4A     		ldr	r2, .L333
 2150 02da 1368     		ldr	r3, [r2]
 2151 02dc 43F48033 		orr	r3, r3, #65536
 2152 02e0 1360     		str	r3, [r2]
 2153              	.L165:
 678:Drivers/STM32U5xx_HAL_Driver/Src/stm32u5xx_hal_rcc.c **** 
 2154              		.loc 1 678 7 discriminator 10 view .LVU693
 681:Drivers/STM32U5xx_HAL_Driver/Src/stm32u5xx_hal_rcc.c ****       {
 2155              		.loc 1 681 7 discriminator 10 view .LVU694
 681:Drivers/STM32U5xx_HAL_Driver/Src/stm32u5xx_hal_rcc.c ****       {
 2156              		.loc 1 681 29 is_stmt 0 discriminator 10 view .LVU695
 2157 02e2 6368     		ldr	r3, [r4, #4]
 681:Drivers/STM32U5xx_HAL_Driver/Src/stm32u5xx_hal_rcc.c ****       {
 2158              		.loc 1 681 10 discriminator 10 view .LVU696
 2159 02e4 53B3     		cbz	r3, .L168
 683:Drivers/STM32U5xx_HAL_Driver/Src/stm32u5xx_hal_rcc.c **** 
 2160              		.loc 1 683 9 is_stmt 1 view .LVU697
 683:Drivers/STM32U5xx_HAL_Driver/Src/stm32u5xx_hal_rcc.c **** 
 2161              		.loc 1 683 21 is_stmt 0 view .LVU698
 2162 02e6 FFF7FEFF 		bl	HAL_GetTick
 2163              	.LVL147:
 2164 02ea 0746     		mov	r7, r0
 2165              	.LVL148:
 686:Drivers/STM32U5xx_HAL_Driver/Src/stm32u5xx_hal_rcc.c ****         {
 2166              		.loc 1 686 9 is_stmt 1 view .LVU699
 2167              	.L169:
 686:Drivers/STM32U5xx_HAL_Driver/Src/stm32u5xx_hal_rcc.c ****         {
 2168              		.loc 1 686 15 view .LVU700
 686:Drivers/STM32U5xx_HAL_Driver/Src/stm32u5xx_hal_rcc.c ****         {
 2169              		.loc 1 686 16 is_stmt 0 view .LVU701
 2170 02ec 9A4B     		ldr	r3, .L333
 2171 02ee 1B68     		ldr	r3, [r3]
 686:Drivers/STM32U5xx_HAL_Driver/Src/stm32u5xx_hal_rcc.c ****         {
 2172              		.loc 1 686 15 view .LVU702
 2173 02f0 13F4003F 		tst	r3, #131072
ARM GAS  /var/folders/j8/bx6g0dyx2gg_pdn7l_y1sb9c0000gn/T//cc64Wppv.s 			page 91


 2174 02f4 CFD1     		bne	.L161
 688:Drivers/STM32U5xx_HAL_Driver/Src/stm32u5xx_hal_rcc.c ****           {
 2175              		.loc 1 688 11 is_stmt 1 view .LVU703
 688:Drivers/STM32U5xx_HAL_Driver/Src/stm32u5xx_hal_rcc.c ****           {
 2176              		.loc 1 688 16 is_stmt 0 view .LVU704
 2177 02f6 FFF7FEFF 		bl	HAL_GetTick
 2178              	.LVL149:
 688:Drivers/STM32U5xx_HAL_Driver/Src/stm32u5xx_hal_rcc.c ****           {
 2179              		.loc 1 688 30 view .LVU705
 2180 02fa C01B     		subs	r0, r0, r7
 688:Drivers/STM32U5xx_HAL_Driver/Src/stm32u5xx_hal_rcc.c ****           {
 2181              		.loc 1 688 14 view .LVU706
 2182 02fc 6428     		cmp	r0, #100
 2183 02fe F5D9     		bls	.L169
 690:Drivers/STM32U5xx_HAL_Driver/Src/stm32u5xx_hal_rcc.c ****           }
 2184              		.loc 1 690 20 view .LVU707
 2185 0300 0320     		movs	r0, #3
 2186 0302 ADE3     		b	.L137
 2187              	.LVL150:
 2188              	.L309:
 678:Drivers/STM32U5xx_HAL_Driver/Src/stm32u5xx_hal_rcc.c **** 
 2189              		.loc 1 678 7 is_stmt 1 discriminator 4 view .LVU708
 2190 0304 944B     		ldr	r3, .L333
 2191 0306 1A68     		ldr	r2, [r3]
 2192 0308 42F48022 		orr	r2, r2, #262144
 2193 030c 1A60     		str	r2, [r3]
 678:Drivers/STM32U5xx_HAL_Driver/Src/stm32u5xx_hal_rcc.c **** 
 2194              		.loc 1 678 7 discriminator 4 view .LVU709
 2195 030e 1A68     		ldr	r2, [r3]
 2196 0310 22F48012 		bic	r2, r2, #1048576
 2197 0314 1A60     		str	r2, [r3]
 678:Drivers/STM32U5xx_HAL_Driver/Src/stm32u5xx_hal_rcc.c **** 
 2198              		.loc 1 678 7 discriminator 4 view .LVU710
 2199 0316 1A68     		ldr	r2, [r3]
 2200 0318 42F48032 		orr	r2, r2, #65536
 2201 031c 1A60     		str	r2, [r3]
 2202 031e E0E7     		b	.L165
 2203              	.L310:
 678:Drivers/STM32U5xx_HAL_Driver/Src/stm32u5xx_hal_rcc.c **** 
 2204              		.loc 1 678 7 discriminator 7 view .LVU711
 2205 0320 8D4B     		ldr	r3, .L333
 2206 0322 1A68     		ldr	r2, [r3]
 2207 0324 42F48022 		orr	r2, r2, #262144
 2208 0328 1A60     		str	r2, [r3]
 678:Drivers/STM32U5xx_HAL_Driver/Src/stm32u5xx_hal_rcc.c **** 
 2209              		.loc 1 678 7 discriminator 7 view .LVU712
 2210 032a 1A68     		ldr	r2, [r3]
 2211 032c 42F48012 		orr	r2, r2, #1048576
 2212 0330 1A60     		str	r2, [r3]
 678:Drivers/STM32U5xx_HAL_Driver/Src/stm32u5xx_hal_rcc.c **** 
 2213              		.loc 1 678 7 discriminator 7 view .LVU713
 2214 0332 1A68     		ldr	r2, [r3]
 2215 0334 42F48032 		orr	r2, r2, #65536
 2216 0338 1A60     		str	r2, [r3]
 2217 033a D2E7     		b	.L165
 2218              	.L168:
 696:Drivers/STM32U5xx_HAL_Driver/Src/stm32u5xx_hal_rcc.c **** 
ARM GAS  /var/folders/j8/bx6g0dyx2gg_pdn7l_y1sb9c0000gn/T//cc64Wppv.s 			page 92


 2219              		.loc 1 696 9 view .LVU714
 696:Drivers/STM32U5xx_HAL_Driver/Src/stm32u5xx_hal_rcc.c **** 
 2220              		.loc 1 696 21 is_stmt 0 view .LVU715
 2221 033c FFF7FEFF 		bl	HAL_GetTick
 2222              	.LVL151:
 2223 0340 0746     		mov	r7, r0
 2224              	.LVL152:
 699:Drivers/STM32U5xx_HAL_Driver/Src/stm32u5xx_hal_rcc.c ****         {
 2225              		.loc 1 699 9 is_stmt 1 view .LVU716
 2226              	.L171:
 699:Drivers/STM32U5xx_HAL_Driver/Src/stm32u5xx_hal_rcc.c ****         {
 2227              		.loc 1 699 15 view .LVU717
 699:Drivers/STM32U5xx_HAL_Driver/Src/stm32u5xx_hal_rcc.c ****         {
 2228              		.loc 1 699 16 is_stmt 0 view .LVU718
 2229 0342 854B     		ldr	r3, .L333
 2230 0344 1B68     		ldr	r3, [r3]
 699:Drivers/STM32U5xx_HAL_Driver/Src/stm32u5xx_hal_rcc.c ****         {
 2231              		.loc 1 699 15 view .LVU719
 2232 0346 13F4003F 		tst	r3, #131072
 2233 034a A4D0     		beq	.L161
 701:Drivers/STM32U5xx_HAL_Driver/Src/stm32u5xx_hal_rcc.c ****           {
 2234              		.loc 1 701 11 is_stmt 1 view .LVU720
 701:Drivers/STM32U5xx_HAL_Driver/Src/stm32u5xx_hal_rcc.c ****           {
 2235              		.loc 1 701 16 is_stmt 0 view .LVU721
 2236 034c FFF7FEFF 		bl	HAL_GetTick
 2237              	.LVL153:
 701:Drivers/STM32U5xx_HAL_Driver/Src/stm32u5xx_hal_rcc.c ****           {
 2238              		.loc 1 701 30 view .LVU722
 2239 0350 C01B     		subs	r0, r0, r7
 701:Drivers/STM32U5xx_HAL_Driver/Src/stm32u5xx_hal_rcc.c ****           {
 2240              		.loc 1 701 14 view .LVU723
 2241 0352 6428     		cmp	r0, #100
 2242 0354 F5D9     		bls	.L171
 703:Drivers/STM32U5xx_HAL_Driver/Src/stm32u5xx_hal_rcc.c ****           }
 2243              		.loc 1 703 20 view .LVU724
 2244 0356 0320     		movs	r0, #3
 2245 0358 82E3     		b	.L137
 2246              	.LVL154:
 2247              	.L314:
 718:Drivers/STM32U5xx_HAL_Driver/Src/stm32u5xx_hal_rcc.c ****     {
 2248              		.loc 1 718 60 view .LVU725
 2249 035a 022E     		cmp	r6, #2
 2250 035c A3D1     		bne	.L175
 2251              	.L174:
 721:Drivers/STM32U5xx_HAL_Driver/Src/stm32u5xx_hal_rcc.c ****       {
 2252              		.loc 1 721 7 is_stmt 1 view .LVU726
 721:Drivers/STM32U5xx_HAL_Driver/Src/stm32u5xx_hal_rcc.c ****       {
 2253              		.loc 1 721 29 is_stmt 0 view .LVU727
 2254 035e E368     		ldr	r3, [r4, #12]
 721:Drivers/STM32U5xx_HAL_Driver/Src/stm32u5xx_hal_rcc.c ****       {
 2255              		.loc 1 721 10 view .LVU728
 2256 0360 002B     		cmp	r3, #0
 2257 0362 00F08183 		beq	.L261
 729:Drivers/STM32U5xx_HAL_Driver/Src/stm32u5xx_hal_rcc.c ****       }
 2258              		.loc 1 729 9 is_stmt 1 view .LVU729
 2259 0366 7C4A     		ldr	r2, .L333
 2260 0368 1369     		ldr	r3, [r2, #16]
ARM GAS  /var/folders/j8/bx6g0dyx2gg_pdn7l_y1sb9c0000gn/T//cc64Wppv.s 			page 93


 2261 036a 23F4F813 		bic	r3, r3, #2031616
 2262 036e 2169     		ldr	r1, [r4, #16]
 2263 0370 43EA0143 		orr	r3, r3, r1, lsl #16
 2264 0374 1361     		str	r3, [r2, #16]
 2265              	.LVL155:
 2266              	.L173:
 773:Drivers/STM32U5xx_HAL_Driver/Src/stm32u5xx_hal_rcc.c ****   {
 2267              		.loc 1 773 3 view .LVU730
 773:Drivers/STM32U5xx_HAL_Driver/Src/stm32u5xx_hal_rcc.c ****   {
 2268              		.loc 1 773 27 is_stmt 0 view .LVU731
 2269 0376 2368     		ldr	r3, [r4]
 773:Drivers/STM32U5xx_HAL_Driver/Src/stm32u5xx_hal_rcc.c ****   {
 2270              		.loc 1 773 6 view .LVU732
 2271 0378 13F0080F 		tst	r3, #8
 2272 037c 00F0AF80 		beq	.L181
 2273              	.LBB7:
 776:Drivers/STM32U5xx_HAL_Driver/Src/stm32u5xx_hal_rcc.c **** 
 2274              		.loc 1 776 5 is_stmt 1 view .LVU733
 778:Drivers/STM32U5xx_HAL_Driver/Src/stm32u5xx_hal_rcc.c **** 
 2275              		.loc 1 778 5 view .LVU734
 2276              	.LVL156:
 782:Drivers/STM32U5xx_HAL_Driver/Src/stm32u5xx_hal_rcc.c ****     {
 2277              		.loc 1 782 5 view .LVU735
 782:Drivers/STM32U5xx_HAL_Driver/Src/stm32u5xx_hal_rcc.c ****     {
 2278              		.loc 1 782 9 is_stmt 0 view .LVU736
 2279 0380 754B     		ldr	r3, .L333
 2280 0382 D3F89430 		ldr	r3, [r3, #148]
 782:Drivers/STM32U5xx_HAL_Driver/Src/stm32u5xx_hal_rcc.c ****     {
 2281              		.loc 1 782 8 view .LVU737
 2282 0386 13F0040F 		tst	r3, #4
 2283 038a 63D1     		bne	.L264
 784:Drivers/STM32U5xx_HAL_Driver/Src/stm32u5xx_hal_rcc.c ****       pwrclkchanged = SET;
 2284              		.loc 1 784 7 is_stmt 1 view .LVU738
 2285              	.LBB8:
 784:Drivers/STM32U5xx_HAL_Driver/Src/stm32u5xx_hal_rcc.c ****       pwrclkchanged = SET;
 2286              		.loc 1 784 7 view .LVU739
 784:Drivers/STM32U5xx_HAL_Driver/Src/stm32u5xx_hal_rcc.c ****       pwrclkchanged = SET;
 2287              		.loc 1 784 7 view .LVU740
 2288 038c 724B     		ldr	r3, .L333
 2289 038e D3F89420 		ldr	r2, [r3, #148]
 2290 0392 42F00402 		orr	r2, r2, #4
 2291 0396 C3F89420 		str	r2, [r3, #148]
 784:Drivers/STM32U5xx_HAL_Driver/Src/stm32u5xx_hal_rcc.c ****       pwrclkchanged = SET;
 2292              		.loc 1 784 7 view .LVU741
 2293 039a D3F89430 		ldr	r3, [r3, #148]
 2294 039e 03F00403 		and	r3, r3, #4
 2295 03a2 0193     		str	r3, [sp, #4]
 784:Drivers/STM32U5xx_HAL_Driver/Src/stm32u5xx_hal_rcc.c ****       pwrclkchanged = SET;
 2296              		.loc 1 784 7 view .LVU742
 2297 03a4 019B     		ldr	r3, [sp, #4]
 2298              	.LBE8:
 784:Drivers/STM32U5xx_HAL_Driver/Src/stm32u5xx_hal_rcc.c ****       pwrclkchanged = SET;
 2299              		.loc 1 784 7 view .LVU743
 785:Drivers/STM32U5xx_HAL_Driver/Src/stm32u5xx_hal_rcc.c ****     }
 2300              		.loc 1 785 7 view .LVU744
 2301              	.LVL157:
 785:Drivers/STM32U5xx_HAL_Driver/Src/stm32u5xx_hal_rcc.c ****     }
ARM GAS  /var/folders/j8/bx6g0dyx2gg_pdn7l_y1sb9c0000gn/T//cc64Wppv.s 			page 94


 2302              		.loc 1 785 21 is_stmt 0 view .LVU745
 2303 03a6 0125     		movs	r5, #1
 2304              	.LVL158:
 2305              	.L182:
 788:Drivers/STM32U5xx_HAL_Driver/Src/stm32u5xx_hal_rcc.c ****     {
 2306              		.loc 1 788 5 is_stmt 1 view .LVU746
 788:Drivers/STM32U5xx_HAL_Driver/Src/stm32u5xx_hal_rcc.c ****     {
 2307              		.loc 1 788 9 is_stmt 0 view .LVU747
 2308 03a8 6C4B     		ldr	r3, .L333+4
 2309 03aa 9B6A     		ldr	r3, [r3, #40]
 788:Drivers/STM32U5xx_HAL_Driver/Src/stm32u5xx_hal_rcc.c ****     {
 2310              		.loc 1 788 8 view .LVU748
 2311 03ac 13F0010F 		tst	r3, #1
 2312 03b0 52D0     		beq	.L316
 2313              	.LVL159:
 2314              	.L183:
 805:Drivers/STM32U5xx_HAL_Driver/Src/stm32u5xx_hal_rcc.c ****     {
 2315              		.loc 1 805 5 is_stmt 1 view .LVU749
 805:Drivers/STM32U5xx_HAL_Driver/Src/stm32u5xx_hal_rcc.c ****     {
 2316              		.loc 1 805 27 is_stmt 0 view .LVU750
 2317 03b2 6369     		ldr	r3, [r4, #20]
 805:Drivers/STM32U5xx_HAL_Driver/Src/stm32u5xx_hal_rcc.c ****     {
 2318              		.loc 1 805 8 view .LVU751
 2319 03b4 002B     		cmp	r3, #0
 2320 03b6 7AD0     		beq	.L186
 2321              	.LBB9:
 807:Drivers/STM32U5xx_HAL_Driver/Src/stm32u5xx_hal_rcc.c **** 
 2322              		.loc 1 807 7 is_stmt 1 view .LVU752
 807:Drivers/STM32U5xx_HAL_Driver/Src/stm32u5xx_hal_rcc.c **** 
 2323              		.loc 1 807 16 is_stmt 0 view .LVU753
 2324 03b8 674B     		ldr	r3, .L333
 2325 03ba D3F8F030 		ldr	r3, [r3, #240]
 2326              	.LVL160:
 810:Drivers/STM32U5xx_HAL_Driver/Src/stm32u5xx_hal_rcc.c **** 
 2327              		.loc 1 810 7 is_stmt 1 view .LVU754
 812:Drivers/STM32U5xx_HAL_Driver/Src/stm32u5xx_hal_rcc.c ****       {
 2328              		.loc 1 812 7 view .LVU755
 812:Drivers/STM32U5xx_HAL_Driver/Src/stm32u5xx_hal_rcc.c ****       {
 2329              		.loc 1 812 29 is_stmt 0 view .LVU756
 2330 03be A169     		ldr	r1, [r4, #24]
 812:Drivers/STM32U5xx_HAL_Driver/Src/stm32u5xx_hal_rcc.c ****       {
 2331              		.loc 1 812 52 view .LVU757
 2332 03c0 03F08052 		and	r2, r3, #268435456
 812:Drivers/STM32U5xx_HAL_Driver/Src/stm32u5xx_hal_rcc.c ****       {
 2333              		.loc 1 812 10 view .LVU758
 2334 03c4 9142     		cmp	r1, r2
 2335 03c6 11D0     		beq	.L187
 814:Drivers/STM32U5xx_HAL_Driver/Src/stm32u5xx_hal_rcc.c ****             ((bdcr_temp & RCC_BDCR_LSION) != RCC_BDCR_LSION))
 2336              		.loc 1 814 9 is_stmt 1 view .LVU759
 814:Drivers/STM32U5xx_HAL_Driver/Src/stm32u5xx_hal_rcc.c ****             ((bdcr_temp & RCC_BDCR_LSION) != RCC_BDCR_LSION))
 2337              		.loc 1 814 64 is_stmt 0 view .LVU760
 2338 03c8 03F04062 		and	r2, r3, #201326592
 814:Drivers/STM32U5xx_HAL_Driver/Src/stm32u5xx_hal_rcc.c ****             ((bdcr_temp & RCC_BDCR_LSION) != RCC_BDCR_LSION))
 2339              		.loc 1 814 12 view .LVU761
 2340 03cc B2F1006F 		cmp	r2, #134217728
 2341 03d0 00F04C83 		beq	.L266
 823:Drivers/STM32U5xx_HAL_Driver/Src/stm32u5xx_hal_rcc.c ****         {
ARM GAS  /var/folders/j8/bx6g0dyx2gg_pdn7l_y1sb9c0000gn/T//cc64Wppv.s 			page 95


 2342              		.loc 1 823 9 is_stmt 1 view .LVU762
 823:Drivers/STM32U5xx_HAL_Driver/Src/stm32u5xx_hal_rcc.c ****         {
 2343              		.loc 1 823 12 is_stmt 0 view .LVU763
 2344 03d4 13F0806F 		tst	r3, #67108864
 2345 03d8 52D1     		bne	.L317
 2346              	.LVL161:
 2347              	.L188:
 840:Drivers/STM32U5xx_HAL_Driver/Src/stm32u5xx_hal_rcc.c ****       }
 2348              		.loc 1 840 9 is_stmt 1 view .LVU764
 2349 03da 5F4A     		ldr	r2, .L333
 2350 03dc D2F8F030 		ldr	r3, [r2, #240]
 2351 03e0 23F08053 		bic	r3, r3, #268435456
 2352 03e4 A169     		ldr	r1, [r4, #24]
 2353 03e6 0B43     		orrs	r3, r3, r1
 2354 03e8 C2F8F030 		str	r3, [r2, #240]
 2355              	.L187:
 844:Drivers/STM32U5xx_HAL_Driver/Src/stm32u5xx_hal_rcc.c **** 
 2356              		.loc 1 844 7 view .LVU765
 2357 03ec 5A4A     		ldr	r2, .L333
 2358 03ee D2F8F030 		ldr	r3, [r2, #240]
 2359 03f2 43F08063 		orr	r3, r3, #67108864
 2360 03f6 C2F8F030 		str	r3, [r2, #240]
 846:Drivers/STM32U5xx_HAL_Driver/Src/stm32u5xx_hal_rcc.c **** 
 2361              		.loc 1 846 7 view .LVU766
 846:Drivers/STM32U5xx_HAL_Driver/Src/stm32u5xx_hal_rcc.c **** 
 2362              		.loc 1 846 19 is_stmt 0 view .LVU767
 2363 03fa FFF7FEFF 		bl	HAL_GetTick
 2364              	.LVL162:
 2365 03fe 0646     		mov	r6, r0
 2366              	.LVL163:
 849:Drivers/STM32U5xx_HAL_Driver/Src/stm32u5xx_hal_rcc.c ****       {
 2367              		.loc 1 849 7 is_stmt 1 view .LVU768
 2368              	.L191:
 849:Drivers/STM32U5xx_HAL_Driver/Src/stm32u5xx_hal_rcc.c ****       {
 2369              		.loc 1 849 13 view .LVU769
 849:Drivers/STM32U5xx_HAL_Driver/Src/stm32u5xx_hal_rcc.c ****       {
 2370              		.loc 1 849 14 is_stmt 0 view .LVU770
 2371 0400 554B     		ldr	r3, .L333
 2372 0402 D3F8F030 		ldr	r3, [r3, #240]
 849:Drivers/STM32U5xx_HAL_Driver/Src/stm32u5xx_hal_rcc.c ****       {
 2373              		.loc 1 849 13 view .LVU771
 2374 0406 13F0006F 		tst	r3, #134217728
 2375 040a 67D1     		bne	.L193
 851:Drivers/STM32U5xx_HAL_Driver/Src/stm32u5xx_hal_rcc.c ****         {
 2376              		.loc 1 851 9 is_stmt 1 view .LVU772
 851:Drivers/STM32U5xx_HAL_Driver/Src/stm32u5xx_hal_rcc.c ****         {
 2377              		.loc 1 851 14 is_stmt 0 view .LVU773
 2378 040c FFF7FEFF 		bl	HAL_GetTick
 2379              	.LVL164:
 851:Drivers/STM32U5xx_HAL_Driver/Src/stm32u5xx_hal_rcc.c ****         {
 2380              		.loc 1 851 28 view .LVU774
 2381 0410 801B     		subs	r0, r0, r6
 851:Drivers/STM32U5xx_HAL_Driver/Src/stm32u5xx_hal_rcc.c ****         {
 2382              		.loc 1 851 12 view .LVU775
 2383 0412 0528     		cmp	r0, #5
 2384 0414 F4D9     		bls	.L191
 853:Drivers/STM32U5xx_HAL_Driver/Src/stm32u5xx_hal_rcc.c ****         }
ARM GAS  /var/folders/j8/bx6g0dyx2gg_pdn7l_y1sb9c0000gn/T//cc64Wppv.s 			page 96


 2385              		.loc 1 853 18 view .LVU776
 2386 0416 0320     		movs	r0, #3
 2387 0418 22E3     		b	.L137
 2388              	.LVL165:
 2389              	.L315:
 853:Drivers/STM32U5xx_HAL_Driver/Src/stm32u5xx_hal_rcc.c ****         }
 2390              		.loc 1 853 18 view .LVU777
 2391              	.LBE9:
 2392              	.LBE7:
 752:Drivers/STM32U5xx_HAL_Driver/Src/stm32u5xx_hal_rcc.c ****       }
 2393              		.loc 1 752 9 is_stmt 1 view .LVU778
 2394 041a 4F4A     		ldr	r2, .L333
 2395 041c 1369     		ldr	r3, [r2, #16]
 2396 041e 23F4F813 		bic	r3, r3, #2031616
 2397 0422 2169     		ldr	r1, [r4, #16]
 2398 0424 43EA0143 		orr	r3, r3, r1, lsl #16
 2399 0428 1361     		str	r3, [r2, #16]
 2400 042a A4E7     		b	.L173
 2401              	.LVL166:
 2402              	.L176:
 757:Drivers/STM32U5xx_HAL_Driver/Src/stm32u5xx_hal_rcc.c **** 
 2403              		.loc 1 757 9 view .LVU779
 2404 042c 4A4A     		ldr	r2, .L333
 2405 042e 1368     		ldr	r3, [r2]
 2406 0430 23F48073 		bic	r3, r3, #256
 2407 0434 1360     		str	r3, [r2]
 759:Drivers/STM32U5xx_HAL_Driver/Src/stm32u5xx_hal_rcc.c **** 
 2408              		.loc 1 759 9 view .LVU780
 759:Drivers/STM32U5xx_HAL_Driver/Src/stm32u5xx_hal_rcc.c **** 
 2409              		.loc 1 759 21 is_stmt 0 view .LVU781
 2410 0436 FFF7FEFF 		bl	HAL_GetTick
 2411              	.LVL167:
 2412 043a 0546     		mov	r5, r0
 2413              	.LVL168:
 762:Drivers/STM32U5xx_HAL_Driver/Src/stm32u5xx_hal_rcc.c ****         {
 2414              		.loc 1 762 9 is_stmt 1 view .LVU782
 2415              	.L179:
 762:Drivers/STM32U5xx_HAL_Driver/Src/stm32u5xx_hal_rcc.c ****         {
 2416              		.loc 1 762 15 view .LVU783
 762:Drivers/STM32U5xx_HAL_Driver/Src/stm32u5xx_hal_rcc.c ****         {
 2417              		.loc 1 762 16 is_stmt 0 view .LVU784
 2418 043c 464B     		ldr	r3, .L333
 2419 043e 1B68     		ldr	r3, [r3]
 762:Drivers/STM32U5xx_HAL_Driver/Src/stm32u5xx_hal_rcc.c ****         {
 2420              		.loc 1 762 15 view .LVU785
 2421 0440 13F4806F 		tst	r3, #1024
 2422 0444 97D0     		beq	.L173
 764:Drivers/STM32U5xx_HAL_Driver/Src/stm32u5xx_hal_rcc.c ****           {
 2423              		.loc 1 764 11 is_stmt 1 view .LVU786
 764:Drivers/STM32U5xx_HAL_Driver/Src/stm32u5xx_hal_rcc.c ****           {
 2424              		.loc 1 764 16 is_stmt 0 view .LVU787
 2425 0446 FFF7FEFF 		bl	HAL_GetTick
 2426              	.LVL169:
 764:Drivers/STM32U5xx_HAL_Driver/Src/stm32u5xx_hal_rcc.c ****           {
 2427              		.loc 1 764 30 view .LVU788
 2428 044a 401B     		subs	r0, r0, r5
 764:Drivers/STM32U5xx_HAL_Driver/Src/stm32u5xx_hal_rcc.c ****           {
ARM GAS  /var/folders/j8/bx6g0dyx2gg_pdn7l_y1sb9c0000gn/T//cc64Wppv.s 			page 97


 2429              		.loc 1 764 14 view .LVU789
 2430 044c 0228     		cmp	r0, #2
 2431 044e F5D9     		bls	.L179
 766:Drivers/STM32U5xx_HAL_Driver/Src/stm32u5xx_hal_rcc.c ****           }
 2432              		.loc 1 766 20 view .LVU790
 2433 0450 0320     		movs	r0, #3
 2434 0452 05E3     		b	.L137
 2435              	.LVL170:
 2436              	.L264:
 2437              	.LBB12:
 778:Drivers/STM32U5xx_HAL_Driver/Src/stm32u5xx_hal_rcc.c **** 
 2438              		.loc 1 778 17 view .LVU791
 2439 0454 0025     		movs	r5, #0
 2440 0456 A7E7     		b	.L182
 2441              	.LVL171:
 2442              	.L316:
 791:Drivers/STM32U5xx_HAL_Driver/Src/stm32u5xx_hal_rcc.c **** 
 2443              		.loc 1 791 7 is_stmt 1 view .LVU792
 2444 0458 404A     		ldr	r2, .L333+4
 2445 045a 936A     		ldr	r3, [r2, #40]
 2446 045c 43F00103 		orr	r3, r3, #1
 2447 0460 9362     		str	r3, [r2, #40]
 794:Drivers/STM32U5xx_HAL_Driver/Src/stm32u5xx_hal_rcc.c **** 
 2448              		.loc 1 794 7 view .LVU793
 794:Drivers/STM32U5xx_HAL_Driver/Src/stm32u5xx_hal_rcc.c **** 
 2449              		.loc 1 794 19 is_stmt 0 view .LVU794
 2450 0462 FFF7FEFF 		bl	HAL_GetTick
 2451              	.LVL172:
 2452 0466 0646     		mov	r6, r0
 2453              	.LVL173:
 796:Drivers/STM32U5xx_HAL_Driver/Src/stm32u5xx_hal_rcc.c ****       {
 2454              		.loc 1 796 7 is_stmt 1 view .LVU795
 2455              	.L184:
 796:Drivers/STM32U5xx_HAL_Driver/Src/stm32u5xx_hal_rcc.c ****       {
 2456              		.loc 1 796 13 view .LVU796
 796:Drivers/STM32U5xx_HAL_Driver/Src/stm32u5xx_hal_rcc.c ****       {
 2457              		.loc 1 796 14 is_stmt 0 view .LVU797
 2458 0468 3C4B     		ldr	r3, .L333+4
 2459 046a 9B6A     		ldr	r3, [r3, #40]
 796:Drivers/STM32U5xx_HAL_Driver/Src/stm32u5xx_hal_rcc.c ****       {
 2460              		.loc 1 796 13 view .LVU798
 2461 046c 13F0010F 		tst	r3, #1
 2462 0470 9FD1     		bne	.L183
 798:Drivers/STM32U5xx_HAL_Driver/Src/stm32u5xx_hal_rcc.c ****         {
 2463              		.loc 1 798 9 is_stmt 1 view .LVU799
 798:Drivers/STM32U5xx_HAL_Driver/Src/stm32u5xx_hal_rcc.c ****         {
 2464              		.loc 1 798 14 is_stmt 0 view .LVU800
 2465 0472 FFF7FEFF 		bl	HAL_GetTick
 2466              	.LVL174:
 798:Drivers/STM32U5xx_HAL_Driver/Src/stm32u5xx_hal_rcc.c ****         {
 2467              		.loc 1 798 28 view .LVU801
 2468 0476 801B     		subs	r0, r0, r6
 798:Drivers/STM32U5xx_HAL_Driver/Src/stm32u5xx_hal_rcc.c ****         {
 2469              		.loc 1 798 12 view .LVU802
 2470 0478 0228     		cmp	r0, #2
 2471 047a F5D9     		bls	.L184
 800:Drivers/STM32U5xx_HAL_Driver/Src/stm32u5xx_hal_rcc.c ****         }
ARM GAS  /var/folders/j8/bx6g0dyx2gg_pdn7l_y1sb9c0000gn/T//cc64Wppv.s 			page 98


 2472              		.loc 1 800 18 view .LVU803
 2473 047c 0320     		movs	r0, #3
 2474 047e EFE2     		b	.L137
 2475              	.LVL175:
 2476              	.L317:
 2477              	.LBB10:
 825:Drivers/STM32U5xx_HAL_Driver/Src/stm32u5xx_hal_rcc.c **** 
 2478              		.loc 1 825 11 is_stmt 1 view .LVU804
 2479 0480 354A     		ldr	r2, .L333
 2480 0482 D2F8F030 		ldr	r3, [r2, #240]
 2481              	.LVL176:
 825:Drivers/STM32U5xx_HAL_Driver/Src/stm32u5xx_hal_rcc.c **** 
 2482              		.loc 1 825 11 is_stmt 0 view .LVU805
 2483 0486 23F0A053 		bic	r3, r3, #335544320
 2484 048a C2F8F030 		str	r3, [r2, #240]
 827:Drivers/STM32U5xx_HAL_Driver/Src/stm32u5xx_hal_rcc.c **** 
 2485              		.loc 1 827 11 is_stmt 1 view .LVU806
 827:Drivers/STM32U5xx_HAL_Driver/Src/stm32u5xx_hal_rcc.c **** 
 2486              		.loc 1 827 23 is_stmt 0 view .LVU807
 2487 048e FFF7FEFF 		bl	HAL_GetTick
 2488              	.LVL177:
 2489 0492 0646     		mov	r6, r0
 2490              	.LVL178:
 830:Drivers/STM32U5xx_HAL_Driver/Src/stm32u5xx_hal_rcc.c ****           {
 2491              		.loc 1 830 11 is_stmt 1 view .LVU808
 2492              	.L189:
 830:Drivers/STM32U5xx_HAL_Driver/Src/stm32u5xx_hal_rcc.c ****           {
 2493              		.loc 1 830 17 view .LVU809
 830:Drivers/STM32U5xx_HAL_Driver/Src/stm32u5xx_hal_rcc.c ****           {
 2494              		.loc 1 830 18 is_stmt 0 view .LVU810
 2495 0494 304B     		ldr	r3, .L333
 2496 0496 D3F8F030 		ldr	r3, [r3, #240]
 830:Drivers/STM32U5xx_HAL_Driver/Src/stm32u5xx_hal_rcc.c ****           {
 2497              		.loc 1 830 17 view .LVU811
 2498 049a 13F0006F 		tst	r3, #134217728
 2499 049e 9CD0     		beq	.L188
 832:Drivers/STM32U5xx_HAL_Driver/Src/stm32u5xx_hal_rcc.c ****             {
 2500              		.loc 1 832 13 is_stmt 1 view .LVU812
 832:Drivers/STM32U5xx_HAL_Driver/Src/stm32u5xx_hal_rcc.c ****             {
 2501              		.loc 1 832 18 is_stmt 0 view .LVU813
 2502 04a0 FFF7FEFF 		bl	HAL_GetTick
 2503              	.LVL179:
 832:Drivers/STM32U5xx_HAL_Driver/Src/stm32u5xx_hal_rcc.c ****             {
 2504              		.loc 1 832 32 view .LVU814
 2505 04a4 801B     		subs	r0, r0, r6
 832:Drivers/STM32U5xx_HAL_Driver/Src/stm32u5xx_hal_rcc.c ****             {
 2506              		.loc 1 832 16 view .LVU815
 2507 04a6 0528     		cmp	r0, #5
 2508 04a8 F4D9     		bls	.L189
 834:Drivers/STM32U5xx_HAL_Driver/Src/stm32u5xx_hal_rcc.c ****             }
 2509              		.loc 1 834 22 view .LVU816
 2510 04aa 0320     		movs	r0, #3
 2511 04ac D8E2     		b	.L137
 2512              	.LVL180:
 2513              	.L186:
 834:Drivers/STM32U5xx_HAL_Driver/Src/stm32u5xx_hal_rcc.c ****             }
 2514              		.loc 1 834 22 view .LVU817
ARM GAS  /var/folders/j8/bx6g0dyx2gg_pdn7l_y1sb9c0000gn/T//cc64Wppv.s 			page 99


 2515              	.LBE10:
 860:Drivers/STM32U5xx_HAL_Driver/Src/stm32u5xx_hal_rcc.c **** 
 2516              		.loc 1 860 7 is_stmt 1 view .LVU818
 2517 04ae 2A4A     		ldr	r2, .L333
 2518 04b0 D2F8F030 		ldr	r3, [r2, #240]
 2519 04b4 23F0A053 		bic	r3, r3, #335544320
 2520 04b8 C2F8F030 		str	r3, [r2, #240]
 862:Drivers/STM32U5xx_HAL_Driver/Src/stm32u5xx_hal_rcc.c **** 
 2521              		.loc 1 862 7 view .LVU819
 862:Drivers/STM32U5xx_HAL_Driver/Src/stm32u5xx_hal_rcc.c **** 
 2522              		.loc 1 862 19 is_stmt 0 view .LVU820
 2523 04bc FFF7FEFF 		bl	HAL_GetTick
 2524              	.LVL181:
 2525 04c0 0646     		mov	r6, r0
 2526              	.LVL182:
 865:Drivers/STM32U5xx_HAL_Driver/Src/stm32u5xx_hal_rcc.c ****       {
 2527              		.loc 1 865 7 is_stmt 1 view .LVU821
 2528              	.L194:
 865:Drivers/STM32U5xx_HAL_Driver/Src/stm32u5xx_hal_rcc.c ****       {
 2529              		.loc 1 865 13 view .LVU822
 865:Drivers/STM32U5xx_HAL_Driver/Src/stm32u5xx_hal_rcc.c ****       {
 2530              		.loc 1 865 14 is_stmt 0 view .LVU823
 2531 04c2 254B     		ldr	r3, .L333
 2532 04c4 D3F8F030 		ldr	r3, [r3, #240]
 865:Drivers/STM32U5xx_HAL_Driver/Src/stm32u5xx_hal_rcc.c ****       {
 2533              		.loc 1 865 13 view .LVU824
 2534 04c8 13F0006F 		tst	r3, #134217728
 2535 04cc 06D0     		beq	.L193
 867:Drivers/STM32U5xx_HAL_Driver/Src/stm32u5xx_hal_rcc.c ****         {
 2536              		.loc 1 867 9 is_stmt 1 view .LVU825
 867:Drivers/STM32U5xx_HAL_Driver/Src/stm32u5xx_hal_rcc.c ****         {
 2537              		.loc 1 867 14 is_stmt 0 view .LVU826
 2538 04ce FFF7FEFF 		bl	HAL_GetTick
 2539              	.LVL183:
 867:Drivers/STM32U5xx_HAL_Driver/Src/stm32u5xx_hal_rcc.c ****         {
 2540              		.loc 1 867 28 view .LVU827
 2541 04d2 801B     		subs	r0, r0, r6
 867:Drivers/STM32U5xx_HAL_Driver/Src/stm32u5xx_hal_rcc.c ****         {
 2542              		.loc 1 867 12 view .LVU828
 2543 04d4 0528     		cmp	r0, #5
 2544 04d6 F4D9     		bls	.L194
 869:Drivers/STM32U5xx_HAL_Driver/Src/stm32u5xx_hal_rcc.c ****         }
 2545              		.loc 1 869 18 view .LVU829
 2546 04d8 0320     		movs	r0, #3
 2547 04da C1E2     		b	.L137
 2548              	.L193:
 874:Drivers/STM32U5xx_HAL_Driver/Src/stm32u5xx_hal_rcc.c ****     {
 2549              		.loc 1 874 5 is_stmt 1 view .LVU830
 874:Drivers/STM32U5xx_HAL_Driver/Src/stm32u5xx_hal_rcc.c ****     {
 2550              		.loc 1 874 8 is_stmt 0 view .LVU831
 2551 04dc 95BB     		cbnz	r5, .L318
 2552              	.LVL184:
 2553              	.L181:
 874:Drivers/STM32U5xx_HAL_Driver/Src/stm32u5xx_hal_rcc.c ****     {
 2554              		.loc 1 874 8 view .LVU832
 2555              	.LBE12:
 880:Drivers/STM32U5xx_HAL_Driver/Src/stm32u5xx_hal_rcc.c ****   {
ARM GAS  /var/folders/j8/bx6g0dyx2gg_pdn7l_y1sb9c0000gn/T//cc64Wppv.s 			page 100


 2556              		.loc 1 880 3 is_stmt 1 view .LVU833
 880:Drivers/STM32U5xx_HAL_Driver/Src/stm32u5xx_hal_rcc.c ****   {
 2557              		.loc 1 880 27 is_stmt 0 view .LVU834
 2558 04de 2368     		ldr	r3, [r4]
 880:Drivers/STM32U5xx_HAL_Driver/Src/stm32u5xx_hal_rcc.c ****   {
 2559              		.loc 1 880 6 view .LVU835
 2560 04e0 13F0040F 		tst	r3, #4
 2561 04e4 00F0D980 		beq	.L196
 2562              	.LBB13:
 882:Drivers/STM32U5xx_HAL_Driver/Src/stm32u5xx_hal_rcc.c **** 
 2563              		.loc 1 882 5 is_stmt 1 view .LVU836
 2564              	.LVL185:
 885:Drivers/STM32U5xx_HAL_Driver/Src/stm32u5xx_hal_rcc.c **** 
 2565              		.loc 1 885 5 view .LVU837
 889:Drivers/STM32U5xx_HAL_Driver/Src/stm32u5xx_hal_rcc.c ****     {
 2566              		.loc 1 889 5 view .LVU838
 889:Drivers/STM32U5xx_HAL_Driver/Src/stm32u5xx_hal_rcc.c ****     {
 2567              		.loc 1 889 9 is_stmt 0 view .LVU839
 2568 04e8 1B4B     		ldr	r3, .L333
 2569 04ea D3F89430 		ldr	r3, [r3, #148]
 889:Drivers/STM32U5xx_HAL_Driver/Src/stm32u5xx_hal_rcc.c ****     {
 2570              		.loc 1 889 8 view .LVU840
 2571 04ee 13F0040F 		tst	r3, #4
 2572 04f2 2FD1     		bne	.L270
 891:Drivers/STM32U5xx_HAL_Driver/Src/stm32u5xx_hal_rcc.c ****       pwrclkchanged = SET;
 2573              		.loc 1 891 7 is_stmt 1 view .LVU841
 2574              	.LBB14:
 891:Drivers/STM32U5xx_HAL_Driver/Src/stm32u5xx_hal_rcc.c ****       pwrclkchanged = SET;
 2575              		.loc 1 891 7 view .LVU842
 891:Drivers/STM32U5xx_HAL_Driver/Src/stm32u5xx_hal_rcc.c ****       pwrclkchanged = SET;
 2576              		.loc 1 891 7 view .LVU843
 2577 04f4 184B     		ldr	r3, .L333
 2578 04f6 D3F89420 		ldr	r2, [r3, #148]
 2579 04fa 42F00402 		orr	r2, r2, #4
 2580 04fe C3F89420 		str	r2, [r3, #148]
 891:Drivers/STM32U5xx_HAL_Driver/Src/stm32u5xx_hal_rcc.c ****       pwrclkchanged = SET;
 2581              		.loc 1 891 7 view .LVU844
 2582 0502 D3F89430 		ldr	r3, [r3, #148]
 2583 0506 03F00403 		and	r3, r3, #4
 2584 050a 0293     		str	r3, [sp, #8]
 891:Drivers/STM32U5xx_HAL_Driver/Src/stm32u5xx_hal_rcc.c ****       pwrclkchanged = SET;
 2585              		.loc 1 891 7 view .LVU845
 2586 050c 029B     		ldr	r3, [sp, #8]
 2587              	.LBE14:
 891:Drivers/STM32U5xx_HAL_Driver/Src/stm32u5xx_hal_rcc.c ****       pwrclkchanged = SET;
 2588              		.loc 1 891 7 view .LVU846
 892:Drivers/STM32U5xx_HAL_Driver/Src/stm32u5xx_hal_rcc.c ****     }
 2589              		.loc 1 892 7 view .LVU847
 2590              	.LVL186:
 892:Drivers/STM32U5xx_HAL_Driver/Src/stm32u5xx_hal_rcc.c ****     }
 2591              		.loc 1 892 21 is_stmt 0 view .LVU848
 2592 050e 0125     		movs	r5, #1
 2593              	.LVL187:
 2594              	.L197:
 895:Drivers/STM32U5xx_HAL_Driver/Src/stm32u5xx_hal_rcc.c ****     {
 2595              		.loc 1 895 5 is_stmt 1 view .LVU849
 895:Drivers/STM32U5xx_HAL_Driver/Src/stm32u5xx_hal_rcc.c ****     {
ARM GAS  /var/folders/j8/bx6g0dyx2gg_pdn7l_y1sb9c0000gn/T//cc64Wppv.s 			page 101


 2596              		.loc 1 895 9 is_stmt 0 view .LVU850
 2597 0510 124B     		ldr	r3, .L333+4
 2598 0512 9B6A     		ldr	r3, [r3, #40]
 895:Drivers/STM32U5xx_HAL_Driver/Src/stm32u5xx_hal_rcc.c ****     {
 2599              		.loc 1 895 8 view .LVU851
 2600 0514 13F0010F 		tst	r3, #1
 2601 0518 22D0     		beq	.L319
 2602              	.L198:
 913:Drivers/STM32U5xx_HAL_Driver/Src/stm32u5xx_hal_rcc.c ****     {
 2603              		.loc 1 913 5 is_stmt 1 view .LVU852
 913:Drivers/STM32U5xx_HAL_Driver/Src/stm32u5xx_hal_rcc.c ****     {
 2604              		.loc 1 913 28 is_stmt 0 view .LVU853
 2605 051a A368     		ldr	r3, [r4, #8]
 913:Drivers/STM32U5xx_HAL_Driver/Src/stm32u5xx_hal_rcc.c ****     {
 2606              		.loc 1 913 8 view .LVU854
 2607 051c 13F0010F 		tst	r3, #1
 2608 0520 3AD0     		beq	.L201
 915:Drivers/STM32U5xx_HAL_Driver/Src/stm32u5xx_hal_rcc.c ****       {
 2609              		.loc 1 915 7 is_stmt 1 view .LVU855
 915:Drivers/STM32U5xx_HAL_Driver/Src/stm32u5xx_hal_rcc.c ****       {
 2610              		.loc 1 915 10 is_stmt 0 view .LVU856
 2611 0522 13F0040F 		tst	r3, #4
 2612 0526 2FD0     		beq	.L202
 918:Drivers/STM32U5xx_HAL_Driver/Src/stm32u5xx_hal_rcc.c ****         SET_BIT(RCC->BDCR, RCC_BDCR_LSEON);
 2613              		.loc 1 918 9 is_stmt 1 view .LVU857
 2614 0528 0B4B     		ldr	r3, .L333
 2615 052a D3F8F020 		ldr	r2, [r3, #240]
 2616 052e 42F00402 		orr	r2, r2, #4
 2617 0532 C3F8F020 		str	r2, [r3, #240]
 919:Drivers/STM32U5xx_HAL_Driver/Src/stm32u5xx_hal_rcc.c ****       }
 2618              		.loc 1 919 9 view .LVU858
 2619 0536 D3F8F020 		ldr	r2, [r3, #240]
 2620 053a 42F00102 		orr	r2, r2, #1
 2621 053e C3F8F020 		str	r2, [r3, #240]
 2622 0542 36E0     		b	.L203
 2623              	.LVL188:
 2624              	.L318:
 919:Drivers/STM32U5xx_HAL_Driver/Src/stm32u5xx_hal_rcc.c ****       }
 2625              		.loc 1 919 9 is_stmt 0 view .LVU859
 2626              	.LBE13:
 2627              	.LBB15:
 876:Drivers/STM32U5xx_HAL_Driver/Src/stm32u5xx_hal_rcc.c ****     }
 2628              		.loc 1 876 7 is_stmt 1 view .LVU860
 2629 0544 044A     		ldr	r2, .L333
 2630 0546 D2F89430 		ldr	r3, [r2, #148]
 2631 054a 23F00403 		bic	r3, r3, #4
 2632 054e C2F89430 		str	r3, [r2, #148]
 2633 0552 C4E7     		b	.L181
 2634              	.LVL189:
 2635              	.L270:
 876:Drivers/STM32U5xx_HAL_Driver/Src/stm32u5xx_hal_rcc.c ****     }
 2636              		.loc 1 876 7 is_stmt 0 view .LVU861
 2637              	.LBE15:
 2638              	.LBB16:
 882:Drivers/STM32U5xx_HAL_Driver/Src/stm32u5xx_hal_rcc.c **** 
 2639              		.loc 1 882 16 view .LVU862
 2640 0554 0025     		movs	r5, #0
ARM GAS  /var/folders/j8/bx6g0dyx2gg_pdn7l_y1sb9c0000gn/T//cc64Wppv.s 			page 102


 2641 0556 DBE7     		b	.L197
 2642              	.L334:
 2643              		.align	2
 2644              	.L333:
 2645 0558 000C0246 		.word	1174539264
 2646 055c 00080246 		.word	1174538240
 2647              	.LVL190:
 2648              	.L319:
 898:Drivers/STM32U5xx_HAL_Driver/Src/stm32u5xx_hal_rcc.c **** 
 2649              		.loc 1 898 7 is_stmt 1 view .LVU863
 2650 0560 A84A     		ldr	r2, .L335
 2651 0562 936A     		ldr	r3, [r2, #40]
 2652 0564 43F00103 		orr	r3, r3, #1
 2653 0568 9362     		str	r3, [r2, #40]
 901:Drivers/STM32U5xx_HAL_Driver/Src/stm32u5xx_hal_rcc.c **** 
 2654              		.loc 1 901 7 view .LVU864
 901:Drivers/STM32U5xx_HAL_Driver/Src/stm32u5xx_hal_rcc.c **** 
 2655              		.loc 1 901 19 is_stmt 0 view .LVU865
 2656 056a FFF7FEFF 		bl	HAL_GetTick
 2657              	.LVL191:
 2658 056e 0646     		mov	r6, r0
 2659              	.LVL192:
 903:Drivers/STM32U5xx_HAL_Driver/Src/stm32u5xx_hal_rcc.c ****       {
 2660              		.loc 1 903 7 is_stmt 1 view .LVU866
 2661              	.L199:
 903:Drivers/STM32U5xx_HAL_Driver/Src/stm32u5xx_hal_rcc.c ****       {
 2662              		.loc 1 903 13 view .LVU867
 903:Drivers/STM32U5xx_HAL_Driver/Src/stm32u5xx_hal_rcc.c ****       {
 2663              		.loc 1 903 14 is_stmt 0 view .LVU868
 2664 0570 A44B     		ldr	r3, .L335
 2665 0572 9B6A     		ldr	r3, [r3, #40]
 903:Drivers/STM32U5xx_HAL_Driver/Src/stm32u5xx_hal_rcc.c ****       {
 2666              		.loc 1 903 13 view .LVU869
 2667 0574 13F0010F 		tst	r3, #1
 2668 0578 CFD1     		bne	.L198
 905:Drivers/STM32U5xx_HAL_Driver/Src/stm32u5xx_hal_rcc.c ****         {
 2669              		.loc 1 905 9 is_stmt 1 view .LVU870
 905:Drivers/STM32U5xx_HAL_Driver/Src/stm32u5xx_hal_rcc.c ****         {
 2670              		.loc 1 905 14 is_stmt 0 view .LVU871
 2671 057a FFF7FEFF 		bl	HAL_GetTick
 2672              	.LVL193:
 905:Drivers/STM32U5xx_HAL_Driver/Src/stm32u5xx_hal_rcc.c ****         {
 2673              		.loc 1 905 28 view .LVU872
 2674 057e 801B     		subs	r0, r0, r6
 905:Drivers/STM32U5xx_HAL_Driver/Src/stm32u5xx_hal_rcc.c ****         {
 2675              		.loc 1 905 12 view .LVU873
 2676 0580 0228     		cmp	r0, #2
 2677 0582 F5D9     		bls	.L199
 907:Drivers/STM32U5xx_HAL_Driver/Src/stm32u5xx_hal_rcc.c ****         }
 2678              		.loc 1 907 18 view .LVU874
 2679 0584 0320     		movs	r0, #3
 2680 0586 6BE2     		b	.L137
 2681              	.LVL194:
 2682              	.L202:
 924:Drivers/STM32U5xx_HAL_Driver/Src/stm32u5xx_hal_rcc.c ****       }
 2683              		.loc 1 924 9 is_stmt 1 view .LVU875
 2684 0588 9F4A     		ldr	r2, .L335+4
ARM GAS  /var/folders/j8/bx6g0dyx2gg_pdn7l_y1sb9c0000gn/T//cc64Wppv.s 			page 103


 2685 058a D2F8F030 		ldr	r3, [r2, #240]
 2686 058e 43F00103 		orr	r3, r3, #1
 2687 0592 C2F8F030 		str	r3, [r2, #240]
 2688 0596 0CE0     		b	.L203
 2689              	.L201:
 929:Drivers/STM32U5xx_HAL_Driver/Src/stm32u5xx_hal_rcc.c ****       CLEAR_BIT(RCC->BDCR, RCC_BDCR_LSEBYP);
 2690              		.loc 1 929 7 view .LVU876
 2691 0598 9B4B     		ldr	r3, .L335+4
 2692 059a D3F8F020 		ldr	r2, [r3, #240]
 2693 059e 22F00102 		bic	r2, r2, #1
 2694 05a2 C3F8F020 		str	r2, [r3, #240]
 930:Drivers/STM32U5xx_HAL_Driver/Src/stm32u5xx_hal_rcc.c ****     }
 2695              		.loc 1 930 7 view .LVU877
 2696 05a6 D3F8F020 		ldr	r2, [r3, #240]
 2697 05aa 22F00402 		bic	r2, r2, #4
 2698 05ae C3F8F020 		str	r2, [r3, #240]
 2699              	.L203:
 934:Drivers/STM32U5xx_HAL_Driver/Src/stm32u5xx_hal_rcc.c ****     {
 2700              		.loc 1 934 5 view .LVU878
 934:Drivers/STM32U5xx_HAL_Driver/Src/stm32u5xx_hal_rcc.c ****     {
 2701              		.loc 1 934 27 is_stmt 0 view .LVU879
 2702 05b2 A368     		ldr	r3, [r4, #8]
 934:Drivers/STM32U5xx_HAL_Driver/Src/stm32u5xx_hal_rcc.c ****     {
 2703              		.loc 1 934 8 view .LVU880
 2704 05b4 002B     		cmp	r3, #0
 2705 05b6 41D0     		beq	.L204
 936:Drivers/STM32U5xx_HAL_Driver/Src/stm32u5xx_hal_rcc.c **** 
 2706              		.loc 1 936 7 is_stmt 1 view .LVU881
 936:Drivers/STM32U5xx_HAL_Driver/Src/stm32u5xx_hal_rcc.c **** 
 2707              		.loc 1 936 19 is_stmt 0 view .LVU882
 2708 05b8 FFF7FEFF 		bl	HAL_GetTick
 2709              	.LVL195:
 2710 05bc 0646     		mov	r6, r0
 2711              	.LVL196:
 939:Drivers/STM32U5xx_HAL_Driver/Src/stm32u5xx_hal_rcc.c ****       {
 2712              		.loc 1 939 7 is_stmt 1 view .LVU883
 2713              	.L205:
 939:Drivers/STM32U5xx_HAL_Driver/Src/stm32u5xx_hal_rcc.c ****       {
 2714              		.loc 1 939 13 view .LVU884
 939:Drivers/STM32U5xx_HAL_Driver/Src/stm32u5xx_hal_rcc.c ****       {
 2715              		.loc 1 939 14 is_stmt 0 view .LVU885
 2716 05be 924B     		ldr	r3, .L335+4
 2717 05c0 D3F8F030 		ldr	r3, [r3, #240]
 939:Drivers/STM32U5xx_HAL_Driver/Src/stm32u5xx_hal_rcc.c ****       {
 2718              		.loc 1 939 13 view .LVU886
 2719 05c4 13F0020F 		tst	r3, #2
 2720 05c8 08D1     		bne	.L320
 941:Drivers/STM32U5xx_HAL_Driver/Src/stm32u5xx_hal_rcc.c ****         {
 2721              		.loc 1 941 9 is_stmt 1 view .LVU887
 941:Drivers/STM32U5xx_HAL_Driver/Src/stm32u5xx_hal_rcc.c ****         {
 2722              		.loc 1 941 14 is_stmt 0 view .LVU888
 2723 05ca FFF7FEFF 		bl	HAL_GetTick
 2724              	.LVL197:
 941:Drivers/STM32U5xx_HAL_Driver/Src/stm32u5xx_hal_rcc.c ****         {
 2725              		.loc 1 941 28 view .LVU889
 2726 05ce 801B     		subs	r0, r0, r6
 941:Drivers/STM32U5xx_HAL_Driver/Src/stm32u5xx_hal_rcc.c ****         {
ARM GAS  /var/folders/j8/bx6g0dyx2gg_pdn7l_y1sb9c0000gn/T//cc64Wppv.s 			page 104


 2727              		.loc 1 941 12 view .LVU890
 2728 05d0 41F28833 		movw	r3, #5000
 2729 05d4 9842     		cmp	r0, r3
 2730 05d6 F2D9     		bls	.L205
 943:Drivers/STM32U5xx_HAL_Driver/Src/stm32u5xx_hal_rcc.c ****         }
 2731              		.loc 1 943 18 view .LVU891
 2732 05d8 0320     		movs	r0, #3
 2733 05da 41E2     		b	.L137
 2734              	.L320:
 948:Drivers/STM32U5xx_HAL_Driver/Src/stm32u5xx_hal_rcc.c ****       {
 2735              		.loc 1 948 7 is_stmt 1 view .LVU892
 948:Drivers/STM32U5xx_HAL_Driver/Src/stm32u5xx_hal_rcc.c ****       {
 2736              		.loc 1 948 30 is_stmt 0 view .LVU893
 2737 05dc A368     		ldr	r3, [r4, #8]
 948:Drivers/STM32U5xx_HAL_Driver/Src/stm32u5xx_hal_rcc.c ****       {
 2738              		.loc 1 948 10 view .LVU894
 2739 05de 13F0800F 		tst	r3, #128
 2740 05e2 15D0     		beq	.L207
 950:Drivers/STM32U5xx_HAL_Driver/Src/stm32u5xx_hal_rcc.c **** 
 2741              		.loc 1 950 9 is_stmt 1 view .LVU895
 2742 05e4 884A     		ldr	r2, .L335+4
 2743 05e6 D2F8F030 		ldr	r3, [r2, #240]
 2744 05ea 43F08003 		orr	r3, r3, #128
 2745 05ee C2F8F030 		str	r3, [r2, #240]
 953:Drivers/STM32U5xx_HAL_Driver/Src/stm32u5xx_hal_rcc.c ****         {
 2746              		.loc 1 953 9 view .LVU896
 2747              	.L208:
 953:Drivers/STM32U5xx_HAL_Driver/Src/stm32u5xx_hal_rcc.c ****         {
 2748              		.loc 1 953 15 view .LVU897
 953:Drivers/STM32U5xx_HAL_Driver/Src/stm32u5xx_hal_rcc.c ****         {
 2749              		.loc 1 953 16 is_stmt 0 view .LVU898
 2750 05f2 854B     		ldr	r3, .L335+4
 2751 05f4 D3F8F030 		ldr	r3, [r3, #240]
 953:Drivers/STM32U5xx_HAL_Driver/Src/stm32u5xx_hal_rcc.c ****         {
 2752              		.loc 1 953 15 view .LVU899
 2753 05f8 13F4006F 		tst	r3, #2048
 2754 05fc 4CD1     		bne	.L210
 955:Drivers/STM32U5xx_HAL_Driver/Src/stm32u5xx_hal_rcc.c ****           {
 2755              		.loc 1 955 11 is_stmt 1 view .LVU900
 955:Drivers/STM32U5xx_HAL_Driver/Src/stm32u5xx_hal_rcc.c ****           {
 2756              		.loc 1 955 16 is_stmt 0 view .LVU901
 2757 05fe FFF7FEFF 		bl	HAL_GetTick
 2758              	.LVL198:
 955:Drivers/STM32U5xx_HAL_Driver/Src/stm32u5xx_hal_rcc.c ****           {
 2759              		.loc 1 955 30 view .LVU902
 2760 0602 801B     		subs	r0, r0, r6
 955:Drivers/STM32U5xx_HAL_Driver/Src/stm32u5xx_hal_rcc.c ****           {
 2761              		.loc 1 955 14 view .LVU903
 2762 0604 41F28833 		movw	r3, #5000
 2763 0608 9842     		cmp	r0, r3
 2764 060a F2D9     		bls	.L208
 957:Drivers/STM32U5xx_HAL_Driver/Src/stm32u5xx_hal_rcc.c ****           }
 2765              		.loc 1 957 20 view .LVU904
 2766 060c 0320     		movs	r0, #3
 2767 060e 27E2     		b	.L137
 2768              	.L207:
 964:Drivers/STM32U5xx_HAL_Driver/Src/stm32u5xx_hal_rcc.c **** 
ARM GAS  /var/folders/j8/bx6g0dyx2gg_pdn7l_y1sb9c0000gn/T//cc64Wppv.s 			page 105


 2769              		.loc 1 964 9 is_stmt 1 view .LVU905
 2770 0610 7D4A     		ldr	r2, .L335+4
 2771 0612 D2F8F030 		ldr	r3, [r2, #240]
 2772 0616 23F08003 		bic	r3, r3, #128
 2773 061a C2F8F030 		str	r3, [r2, #240]
 967:Drivers/STM32U5xx_HAL_Driver/Src/stm32u5xx_hal_rcc.c ****         {
 2774              		.loc 1 967 9 view .LVU906
 2775              	.L211:
 967:Drivers/STM32U5xx_HAL_Driver/Src/stm32u5xx_hal_rcc.c ****         {
 2776              		.loc 1 967 15 view .LVU907
 967:Drivers/STM32U5xx_HAL_Driver/Src/stm32u5xx_hal_rcc.c ****         {
 2777              		.loc 1 967 16 is_stmt 0 view .LVU908
 2778 061e 7A4B     		ldr	r3, .L335+4
 2779 0620 D3F8F030 		ldr	r3, [r3, #240]
 967:Drivers/STM32U5xx_HAL_Driver/Src/stm32u5xx_hal_rcc.c ****         {
 2780              		.loc 1 967 15 view .LVU909
 2781 0624 13F4006F 		tst	r3, #2048
 2782 0628 36D0     		beq	.L210
 969:Drivers/STM32U5xx_HAL_Driver/Src/stm32u5xx_hal_rcc.c ****           {
 2783              		.loc 1 969 11 is_stmt 1 view .LVU910
 969:Drivers/STM32U5xx_HAL_Driver/Src/stm32u5xx_hal_rcc.c ****           {
 2784              		.loc 1 969 16 is_stmt 0 view .LVU911
 2785 062a FFF7FEFF 		bl	HAL_GetTick
 2786              	.LVL199:
 969:Drivers/STM32U5xx_HAL_Driver/Src/stm32u5xx_hal_rcc.c ****           {
 2787              		.loc 1 969 30 view .LVU912
 2788 062e 801B     		subs	r0, r0, r6
 969:Drivers/STM32U5xx_HAL_Driver/Src/stm32u5xx_hal_rcc.c ****           {
 2789              		.loc 1 969 14 view .LVU913
 2790 0630 41F28833 		movw	r3, #5000
 2791 0634 9842     		cmp	r0, r3
 2792 0636 F2D9     		bls	.L211
 971:Drivers/STM32U5xx_HAL_Driver/Src/stm32u5xx_hal_rcc.c ****           }
 2793              		.loc 1 971 20 view .LVU914
 2794 0638 0320     		movs	r0, #3
 2795 063a 11E2     		b	.L137
 2796              	.LVL200:
 2797              	.L204:
 978:Drivers/STM32U5xx_HAL_Driver/Src/stm32u5xx_hal_rcc.c **** 
 2798              		.loc 1 978 7 is_stmt 1 view .LVU915
 978:Drivers/STM32U5xx_HAL_Driver/Src/stm32u5xx_hal_rcc.c **** 
 2799              		.loc 1 978 19 is_stmt 0 view .LVU916
 2800 063c FFF7FEFF 		bl	HAL_GetTick
 2801              	.LVL201:
 2802 0640 0646     		mov	r6, r0
 2803              	.LVL202:
 981:Drivers/STM32U5xx_HAL_Driver/Src/stm32u5xx_hal_rcc.c ****       {
 2804              		.loc 1 981 7 is_stmt 1 view .LVU917
 2805              	.L213:
 981:Drivers/STM32U5xx_HAL_Driver/Src/stm32u5xx_hal_rcc.c ****       {
 2806              		.loc 1 981 13 view .LVU918
 981:Drivers/STM32U5xx_HAL_Driver/Src/stm32u5xx_hal_rcc.c ****       {
 2807              		.loc 1 981 14 is_stmt 0 view .LVU919
 2808 0642 714B     		ldr	r3, .L335+4
 2809 0644 D3F8F030 		ldr	r3, [r3, #240]
 981:Drivers/STM32U5xx_HAL_Driver/Src/stm32u5xx_hal_rcc.c ****       {
 2810              		.loc 1 981 13 view .LVU920
ARM GAS  /var/folders/j8/bx6g0dyx2gg_pdn7l_y1sb9c0000gn/T//cc64Wppv.s 			page 106


 2811 0648 13F0020F 		tst	r3, #2
 2812 064c 08D0     		beq	.L321
 983:Drivers/STM32U5xx_HAL_Driver/Src/stm32u5xx_hal_rcc.c ****         {
 2813              		.loc 1 983 9 is_stmt 1 view .LVU921
 983:Drivers/STM32U5xx_HAL_Driver/Src/stm32u5xx_hal_rcc.c ****         {
 2814              		.loc 1 983 14 is_stmt 0 view .LVU922
 2815 064e FFF7FEFF 		bl	HAL_GetTick
 2816              	.LVL203:
 983:Drivers/STM32U5xx_HAL_Driver/Src/stm32u5xx_hal_rcc.c ****         {
 2817              		.loc 1 983 28 view .LVU923
 2818 0652 801B     		subs	r0, r0, r6
 983:Drivers/STM32U5xx_HAL_Driver/Src/stm32u5xx_hal_rcc.c ****         {
 2819              		.loc 1 983 12 view .LVU924
 2820 0654 41F28833 		movw	r3, #5000
 2821 0658 9842     		cmp	r0, r3
 2822 065a F2D9     		bls	.L213
 985:Drivers/STM32U5xx_HAL_Driver/Src/stm32u5xx_hal_rcc.c ****         }
 2823              		.loc 1 985 18 view .LVU925
 2824 065c 0320     		movs	r0, #3
 2825 065e FFE1     		b	.L137
 2826              	.L321:
 989:Drivers/STM32U5xx_HAL_Driver/Src/stm32u5xx_hal_rcc.c ****       {
 2827              		.loc 1 989 7 is_stmt 1 view .LVU926
 989:Drivers/STM32U5xx_HAL_Driver/Src/stm32u5xx_hal_rcc.c ****       {
 2828              		.loc 1 989 11 is_stmt 0 view .LVU927
 2829 0660 694B     		ldr	r3, .L335+4
 2830 0662 D3F8F030 		ldr	r3, [r3, #240]
 989:Drivers/STM32U5xx_HAL_Driver/Src/stm32u5xx_hal_rcc.c ****       {
 2831              		.loc 1 989 10 view .LVU928
 2832 0666 13F0800F 		tst	r3, #128
 2833 066a 15D0     		beq	.L210
 992:Drivers/STM32U5xx_HAL_Driver/Src/stm32u5xx_hal_rcc.c **** 
 2834              		.loc 1 992 9 is_stmt 1 view .LVU929
 2835 066c 664A     		ldr	r2, .L335+4
 2836 066e D2F8F030 		ldr	r3, [r2, #240]
 2837 0672 23F08003 		bic	r3, r3, #128
 2838 0676 C2F8F030 		str	r3, [r2, #240]
 995:Drivers/STM32U5xx_HAL_Driver/Src/stm32u5xx_hal_rcc.c ****         {
 2839              		.loc 1 995 9 view .LVU930
 2840              	.L215:
 995:Drivers/STM32U5xx_HAL_Driver/Src/stm32u5xx_hal_rcc.c ****         {
 2841              		.loc 1 995 15 view .LVU931
 995:Drivers/STM32U5xx_HAL_Driver/Src/stm32u5xx_hal_rcc.c ****         {
 2842              		.loc 1 995 16 is_stmt 0 view .LVU932
 2843 067a 634B     		ldr	r3, .L335+4
 2844 067c D3F8F030 		ldr	r3, [r3, #240]
 995:Drivers/STM32U5xx_HAL_Driver/Src/stm32u5xx_hal_rcc.c ****         {
 2845              		.loc 1 995 15 view .LVU933
 2846 0680 13F4006F 		tst	r3, #2048
 2847 0684 08D0     		beq	.L210
 997:Drivers/STM32U5xx_HAL_Driver/Src/stm32u5xx_hal_rcc.c ****           {
 2848              		.loc 1 997 11 is_stmt 1 view .LVU934
 997:Drivers/STM32U5xx_HAL_Driver/Src/stm32u5xx_hal_rcc.c ****           {
 2849              		.loc 1 997 16 is_stmt 0 view .LVU935
 2850 0686 FFF7FEFF 		bl	HAL_GetTick
 2851              	.LVL204:
 997:Drivers/STM32U5xx_HAL_Driver/Src/stm32u5xx_hal_rcc.c ****           {
ARM GAS  /var/folders/j8/bx6g0dyx2gg_pdn7l_y1sb9c0000gn/T//cc64Wppv.s 			page 107


 2852              		.loc 1 997 30 view .LVU936
 2853 068a 801B     		subs	r0, r0, r6
 997:Drivers/STM32U5xx_HAL_Driver/Src/stm32u5xx_hal_rcc.c ****           {
 2854              		.loc 1 997 14 view .LVU937
 2855 068c 41F28833 		movw	r3, #5000
 2856 0690 9842     		cmp	r0, r3
 2857 0692 F2D9     		bls	.L215
 999:Drivers/STM32U5xx_HAL_Driver/Src/stm32u5xx_hal_rcc.c ****           }
 2858              		.loc 1 999 20 view .LVU938
 2859 0694 0320     		movs	r0, #3
 2860 0696 E3E1     		b	.L137
 2861              	.L210:
1006:Drivers/STM32U5xx_HAL_Driver/Src/stm32u5xx_hal_rcc.c ****     {
 2862              		.loc 1 1006 5 is_stmt 1 view .LVU939
1006:Drivers/STM32U5xx_HAL_Driver/Src/stm32u5xx_hal_rcc.c ****     {
 2863              		.loc 1 1006 8 is_stmt 0 view .LVU940
 2864 0698 CDB9     		cbnz	r5, .L322
 2865              	.LVL205:
 2866              	.L196:
1006:Drivers/STM32U5xx_HAL_Driver/Src/stm32u5xx_hal_rcc.c ****     {
 2867              		.loc 1 1006 8 view .LVU941
 2868              	.LBE16:
1012:Drivers/STM32U5xx_HAL_Driver/Src/stm32u5xx_hal_rcc.c ****   {
 2869              		.loc 1 1012 3 is_stmt 1 view .LVU942
1012:Drivers/STM32U5xx_HAL_Driver/Src/stm32u5xx_hal_rcc.c ****   {
 2870              		.loc 1 1012 27 is_stmt 0 view .LVU943
 2871 069a 2368     		ldr	r3, [r4]
1012:Drivers/STM32U5xx_HAL_Driver/Src/stm32u5xx_hal_rcc.c ****   {
 2872              		.loc 1 1012 6 view .LVU944
 2873 069c 13F0200F 		tst	r3, #32
 2874 06a0 31D0     		beq	.L217
1015:Drivers/STM32U5xx_HAL_Driver/Src/stm32u5xx_hal_rcc.c **** 
 2875              		.loc 1 1015 5 is_stmt 1 view .LVU945
1018:Drivers/STM32U5xx_HAL_Driver/Src/stm32u5xx_hal_rcc.c ****     {
 2876              		.loc 1 1018 5 view .LVU946
1018:Drivers/STM32U5xx_HAL_Driver/Src/stm32u5xx_hal_rcc.c ****     {
 2877              		.loc 1 1018 27 is_stmt 0 view .LVU947
 2878 06a2 E36A     		ldr	r3, [r4, #44]
1018:Drivers/STM32U5xx_HAL_Driver/Src/stm32u5xx_hal_rcc.c ****     {
 2879              		.loc 1 1018 8 view .LVU948
 2880 06a4 DBB1     		cbz	r3, .L218
1021:Drivers/STM32U5xx_HAL_Driver/Src/stm32u5xx_hal_rcc.c **** 
 2881              		.loc 1 1021 7 is_stmt 1 view .LVU949
 2882 06a6 584A     		ldr	r2, .L335+4
 2883 06a8 1368     		ldr	r3, [r2]
 2884 06aa 43F48053 		orr	r3, r3, #4096
 2885 06ae 1360     		str	r3, [r2]
1023:Drivers/STM32U5xx_HAL_Driver/Src/stm32u5xx_hal_rcc.c **** 
 2886              		.loc 1 1023 7 view .LVU950
1023:Drivers/STM32U5xx_HAL_Driver/Src/stm32u5xx_hal_rcc.c **** 
 2887              		.loc 1 1023 19 is_stmt 0 view .LVU951
 2888 06b0 FFF7FEFF 		bl	HAL_GetTick
 2889              	.LVL206:
 2890 06b4 0546     		mov	r5, r0
 2891              	.LVL207:
1026:Drivers/STM32U5xx_HAL_Driver/Src/stm32u5xx_hal_rcc.c ****       {
 2892              		.loc 1 1026 7 is_stmt 1 view .LVU952
ARM GAS  /var/folders/j8/bx6g0dyx2gg_pdn7l_y1sb9c0000gn/T//cc64Wppv.s 			page 108


 2893              	.L219:
1026:Drivers/STM32U5xx_HAL_Driver/Src/stm32u5xx_hal_rcc.c ****       {
 2894              		.loc 1 1026 13 view .LVU953
1026:Drivers/STM32U5xx_HAL_Driver/Src/stm32u5xx_hal_rcc.c ****       {
 2895              		.loc 1 1026 14 is_stmt 0 view .LVU954
 2896 06b6 544B     		ldr	r3, .L335+4
 2897 06b8 1B68     		ldr	r3, [r3]
1026:Drivers/STM32U5xx_HAL_Driver/Src/stm32u5xx_hal_rcc.c ****       {
 2898              		.loc 1 1026 13 view .LVU955
 2899 06ba 13F4005F 		tst	r3, #8192
 2900 06be 22D1     		bne	.L217
1028:Drivers/STM32U5xx_HAL_Driver/Src/stm32u5xx_hal_rcc.c ****         {
 2901              		.loc 1 1028 9 is_stmt 1 view .LVU956
1028:Drivers/STM32U5xx_HAL_Driver/Src/stm32u5xx_hal_rcc.c ****         {
 2902              		.loc 1 1028 14 is_stmt 0 view .LVU957
 2903 06c0 FFF7FEFF 		bl	HAL_GetTick
 2904              	.LVL208:
1028:Drivers/STM32U5xx_HAL_Driver/Src/stm32u5xx_hal_rcc.c ****         {
 2905              		.loc 1 1028 28 view .LVU958
 2906 06c4 401B     		subs	r0, r0, r5
1028:Drivers/STM32U5xx_HAL_Driver/Src/stm32u5xx_hal_rcc.c ****         {
 2907              		.loc 1 1028 12 view .LVU959
 2908 06c6 0228     		cmp	r0, #2
 2909 06c8 F5D9     		bls	.L219
1030:Drivers/STM32U5xx_HAL_Driver/Src/stm32u5xx_hal_rcc.c ****         }
 2910              		.loc 1 1030 18 view .LVU960
 2911 06ca 0320     		movs	r0, #3
 2912 06cc C8E1     		b	.L137
 2913              	.LVL209:
 2914              	.L322:
 2915              	.LBB17:
1008:Drivers/STM32U5xx_HAL_Driver/Src/stm32u5xx_hal_rcc.c ****     }
 2916              		.loc 1 1008 7 is_stmt 1 view .LVU961
 2917 06ce 4E4A     		ldr	r2, .L335+4
 2918 06d0 D2F89430 		ldr	r3, [r2, #148]
 2919 06d4 23F00403 		bic	r3, r3, #4
 2920 06d8 C2F89430 		str	r3, [r2, #148]
 2921 06dc DDE7     		b	.L196
 2922              	.LVL210:
 2923              	.L218:
1008:Drivers/STM32U5xx_HAL_Driver/Src/stm32u5xx_hal_rcc.c ****     }
 2924              		.loc 1 1008 7 is_stmt 0 view .LVU962
 2925              	.LBE17:
1037:Drivers/STM32U5xx_HAL_Driver/Src/stm32u5xx_hal_rcc.c **** 
 2926              		.loc 1 1037 7 is_stmt 1 view .LVU963
 2927 06de 4A4A     		ldr	r2, .L335+4
 2928 06e0 1368     		ldr	r3, [r2]
 2929 06e2 23F48053 		bic	r3, r3, #4096
 2930 06e6 1360     		str	r3, [r2]
1039:Drivers/STM32U5xx_HAL_Driver/Src/stm32u5xx_hal_rcc.c **** 
 2931              		.loc 1 1039 7 view .LVU964
1039:Drivers/STM32U5xx_HAL_Driver/Src/stm32u5xx_hal_rcc.c **** 
 2932              		.loc 1 1039 19 is_stmt 0 view .LVU965
 2933 06e8 FFF7FEFF 		bl	HAL_GetTick
 2934              	.LVL211:
 2935 06ec 0546     		mov	r5, r0
 2936              	.LVL212:
ARM GAS  /var/folders/j8/bx6g0dyx2gg_pdn7l_y1sb9c0000gn/T//cc64Wppv.s 			page 109


1042:Drivers/STM32U5xx_HAL_Driver/Src/stm32u5xx_hal_rcc.c ****       {
 2937              		.loc 1 1042 7 is_stmt 1 view .LVU966
 2938              	.L221:
1042:Drivers/STM32U5xx_HAL_Driver/Src/stm32u5xx_hal_rcc.c ****       {
 2939              		.loc 1 1042 13 view .LVU967
1042:Drivers/STM32U5xx_HAL_Driver/Src/stm32u5xx_hal_rcc.c ****       {
 2940              		.loc 1 1042 14 is_stmt 0 view .LVU968
 2941 06ee 464B     		ldr	r3, .L335+4
 2942 06f0 1B68     		ldr	r3, [r3]
1042:Drivers/STM32U5xx_HAL_Driver/Src/stm32u5xx_hal_rcc.c ****       {
 2943              		.loc 1 1042 13 view .LVU969
 2944 06f2 13F4005F 		tst	r3, #8192
 2945 06f6 06D0     		beq	.L217
1044:Drivers/STM32U5xx_HAL_Driver/Src/stm32u5xx_hal_rcc.c ****         {
 2946              		.loc 1 1044 9 is_stmt 1 view .LVU970
1044:Drivers/STM32U5xx_HAL_Driver/Src/stm32u5xx_hal_rcc.c ****         {
 2947              		.loc 1 1044 14 is_stmt 0 view .LVU971
 2948 06f8 FFF7FEFF 		bl	HAL_GetTick
 2949              	.LVL213:
1044:Drivers/STM32U5xx_HAL_Driver/Src/stm32u5xx_hal_rcc.c ****         {
 2950              		.loc 1 1044 28 view .LVU972
 2951 06fc 401B     		subs	r0, r0, r5
1044:Drivers/STM32U5xx_HAL_Driver/Src/stm32u5xx_hal_rcc.c ****         {
 2952              		.loc 1 1044 12 view .LVU973
 2953 06fe 0228     		cmp	r0, #2
 2954 0700 F5D9     		bls	.L221
1046:Drivers/STM32U5xx_HAL_Driver/Src/stm32u5xx_hal_rcc.c ****         }
 2955              		.loc 1 1046 18 view .LVU974
 2956 0702 0320     		movs	r0, #3
 2957 0704 ACE1     		b	.L137
 2958              	.LVL214:
 2959              	.L217:
1053:Drivers/STM32U5xx_HAL_Driver/Src/stm32u5xx_hal_rcc.c ****   {
 2960              		.loc 1 1053 3 is_stmt 1 view .LVU975
1053:Drivers/STM32U5xx_HAL_Driver/Src/stm32u5xx_hal_rcc.c ****   {
 2961              		.loc 1 1053 27 is_stmt 0 view .LVU976
 2962 0706 2368     		ldr	r3, [r4]
1053:Drivers/STM32U5xx_HAL_Driver/Src/stm32u5xx_hal_rcc.c ****   {
 2963              		.loc 1 1053 6 view .LVU977
 2964 0708 13F0800F 		tst	r3, #128
 2965 070c 29D0     		beq	.L223
1056:Drivers/STM32U5xx_HAL_Driver/Src/stm32u5xx_hal_rcc.c **** 
 2966              		.loc 1 1056 5 is_stmt 1 view .LVU978
1059:Drivers/STM32U5xx_HAL_Driver/Src/stm32u5xx_hal_rcc.c ****     {
 2967              		.loc 1 1059 5 view .LVU979
1059:Drivers/STM32U5xx_HAL_Driver/Src/stm32u5xx_hal_rcc.c ****     {
 2968              		.loc 1 1059 27 is_stmt 0 view .LVU980
 2969 070e 236B     		ldr	r3, [r4, #48]
1059:Drivers/STM32U5xx_HAL_Driver/Src/stm32u5xx_hal_rcc.c ****     {
 2970              		.loc 1 1059 8 view .LVU981
 2971 0710 9BB1     		cbz	r3, .L224
1062:Drivers/STM32U5xx_HAL_Driver/Src/stm32u5xx_hal_rcc.c **** 
 2972              		.loc 1 1062 7 is_stmt 1 view .LVU982
 2973 0712 3D4A     		ldr	r2, .L335+4
 2974 0714 1368     		ldr	r3, [r2]
 2975 0716 43F48043 		orr	r3, r3, #16384
 2976 071a 1360     		str	r3, [r2]
ARM GAS  /var/folders/j8/bx6g0dyx2gg_pdn7l_y1sb9c0000gn/T//cc64Wppv.s 			page 110


1064:Drivers/STM32U5xx_HAL_Driver/Src/stm32u5xx_hal_rcc.c **** 
 2977              		.loc 1 1064 7 view .LVU983
1064:Drivers/STM32U5xx_HAL_Driver/Src/stm32u5xx_hal_rcc.c **** 
 2978              		.loc 1 1064 19 is_stmt 0 view .LVU984
 2979 071c FFF7FEFF 		bl	HAL_GetTick
 2980              	.LVL215:
 2981 0720 0546     		mov	r5, r0
 2982              	.LVL216:
1067:Drivers/STM32U5xx_HAL_Driver/Src/stm32u5xx_hal_rcc.c ****       {
 2983              		.loc 1 1067 7 is_stmt 1 view .LVU985
 2984              	.L225:
1067:Drivers/STM32U5xx_HAL_Driver/Src/stm32u5xx_hal_rcc.c ****       {
 2985              		.loc 1 1067 13 view .LVU986
1067:Drivers/STM32U5xx_HAL_Driver/Src/stm32u5xx_hal_rcc.c ****       {
 2986              		.loc 1 1067 14 is_stmt 0 view .LVU987
 2987 0722 394B     		ldr	r3, .L335+4
 2988 0724 1B68     		ldr	r3, [r3]
1067:Drivers/STM32U5xx_HAL_Driver/Src/stm32u5xx_hal_rcc.c ****       {
 2989              		.loc 1 1067 13 view .LVU988
 2990 0726 13F4004F 		tst	r3, #32768
 2991 072a 1AD1     		bne	.L223
1069:Drivers/STM32U5xx_HAL_Driver/Src/stm32u5xx_hal_rcc.c ****         {
 2992              		.loc 1 1069 9 is_stmt 1 view .LVU989
1069:Drivers/STM32U5xx_HAL_Driver/Src/stm32u5xx_hal_rcc.c ****         {
 2993              		.loc 1 1069 14 is_stmt 0 view .LVU990
 2994 072c FFF7FEFF 		bl	HAL_GetTick
 2995              	.LVL217:
1069:Drivers/STM32U5xx_HAL_Driver/Src/stm32u5xx_hal_rcc.c ****         {
 2996              		.loc 1 1069 28 view .LVU991
 2997 0730 401B     		subs	r0, r0, r5
1069:Drivers/STM32U5xx_HAL_Driver/Src/stm32u5xx_hal_rcc.c ****         {
 2998              		.loc 1 1069 12 view .LVU992
 2999 0732 0228     		cmp	r0, #2
 3000 0734 F5D9     		bls	.L225
1071:Drivers/STM32U5xx_HAL_Driver/Src/stm32u5xx_hal_rcc.c ****         }
 3001              		.loc 1 1071 18 view .LVU993
 3002 0736 0320     		movs	r0, #3
 3003 0738 92E1     		b	.L137
 3004              	.LVL218:
 3005              	.L224:
1078:Drivers/STM32U5xx_HAL_Driver/Src/stm32u5xx_hal_rcc.c **** 
 3006              		.loc 1 1078 7 is_stmt 1 view .LVU994
 3007 073a 334A     		ldr	r2, .L335+4
 3008 073c 1368     		ldr	r3, [r2]
 3009 073e 23F48043 		bic	r3, r3, #16384
 3010 0742 1360     		str	r3, [r2]
1080:Drivers/STM32U5xx_HAL_Driver/Src/stm32u5xx_hal_rcc.c **** 
 3011              		.loc 1 1080 7 view .LVU995
1080:Drivers/STM32U5xx_HAL_Driver/Src/stm32u5xx_hal_rcc.c **** 
 3012              		.loc 1 1080 19 is_stmt 0 view .LVU996
 3013 0744 FFF7FEFF 		bl	HAL_GetTick
 3014              	.LVL219:
 3015 0748 0546     		mov	r5, r0
 3016              	.LVL220:
1083:Drivers/STM32U5xx_HAL_Driver/Src/stm32u5xx_hal_rcc.c ****       {
 3017              		.loc 1 1083 7 is_stmt 1 view .LVU997
 3018              	.L227:
ARM GAS  /var/folders/j8/bx6g0dyx2gg_pdn7l_y1sb9c0000gn/T//cc64Wppv.s 			page 111


1083:Drivers/STM32U5xx_HAL_Driver/Src/stm32u5xx_hal_rcc.c ****       {
 3019              		.loc 1 1083 13 view .LVU998
1083:Drivers/STM32U5xx_HAL_Driver/Src/stm32u5xx_hal_rcc.c ****       {
 3020              		.loc 1 1083 14 is_stmt 0 view .LVU999
 3021 074a 2F4B     		ldr	r3, .L335+4
 3022 074c 1B68     		ldr	r3, [r3]
1083:Drivers/STM32U5xx_HAL_Driver/Src/stm32u5xx_hal_rcc.c ****       {
 3023              		.loc 1 1083 13 view .LVU1000
 3024 074e 13F4004F 		tst	r3, #32768
 3025 0752 06D0     		beq	.L223
1085:Drivers/STM32U5xx_HAL_Driver/Src/stm32u5xx_hal_rcc.c ****         {
 3026              		.loc 1 1085 9 is_stmt 1 view .LVU1001
1085:Drivers/STM32U5xx_HAL_Driver/Src/stm32u5xx_hal_rcc.c ****         {
 3027              		.loc 1 1085 14 is_stmt 0 view .LVU1002
 3028 0754 FFF7FEFF 		bl	HAL_GetTick
 3029              	.LVL221:
1085:Drivers/STM32U5xx_HAL_Driver/Src/stm32u5xx_hal_rcc.c ****         {
 3030              		.loc 1 1085 28 view .LVU1003
 3031 0758 401B     		subs	r0, r0, r5
1085:Drivers/STM32U5xx_HAL_Driver/Src/stm32u5xx_hal_rcc.c ****         {
 3032              		.loc 1 1085 12 view .LVU1004
 3033 075a 0228     		cmp	r0, #2
 3034 075c F5D9     		bls	.L227
1087:Drivers/STM32U5xx_HAL_Driver/Src/stm32u5xx_hal_rcc.c ****         }
 3035              		.loc 1 1087 18 view .LVU1005
 3036 075e 0320     		movs	r0, #3
 3037 0760 7EE1     		b	.L137
 3038              	.LVL222:
 3039              	.L223:
1093:Drivers/STM32U5xx_HAL_Driver/Src/stm32u5xx_hal_rcc.c ****   {
 3040              		.loc 1 1093 3 is_stmt 1 view .LVU1006
1093:Drivers/STM32U5xx_HAL_Driver/Src/stm32u5xx_hal_rcc.c ****   {
 3041              		.loc 1 1093 27 is_stmt 0 view .LVU1007
 3042 0762 2368     		ldr	r3, [r4]
1093:Drivers/STM32U5xx_HAL_Driver/Src/stm32u5xx_hal_rcc.c ****   {
 3043              		.loc 1 1093 6 view .LVU1008
 3044 0764 13F0400F 		tst	r3, #64
 3045 0768 64D0     		beq	.L229
1096:Drivers/STM32U5xx_HAL_Driver/Src/stm32u5xx_hal_rcc.c ****     assert_param(IS_RCC_MSIK_CLOCK_RANGE(pRCC_OscInitStruct->MSIKClockRange));
 3046              		.loc 1 1096 5 is_stmt 1 view .LVU1009
1097:Drivers/STM32U5xx_HAL_Driver/Src/stm32u5xx_hal_rcc.c ****     assert_param(IS_RCC_MSICALIBRATION_VALUE(pRCC_OscInitStruct->MSICalibrationValue));
 3047              		.loc 1 1097 5 view .LVU1010
1098:Drivers/STM32U5xx_HAL_Driver/Src/stm32u5xx_hal_rcc.c **** 
 3048              		.loc 1 1098 5 view .LVU1011
1101:Drivers/STM32U5xx_HAL_Driver/Src/stm32u5xx_hal_rcc.c ****     {
 3049              		.loc 1 1101 5 view .LVU1012
1101:Drivers/STM32U5xx_HAL_Driver/Src/stm32u5xx_hal_rcc.c ****     {
 3050              		.loc 1 1101 27 is_stmt 0 view .LVU1013
 3051 076a 636B     		ldr	r3, [r4, #52]
1101:Drivers/STM32U5xx_HAL_Driver/Src/stm32u5xx_hal_rcc.c ****     {
 3052              		.loc 1 1101 8 view .LVU1014
 3053 076c 002B     		cmp	r3, #0
 3054 076e 4DD0     		beq	.L230
1105:Drivers/STM32U5xx_HAL_Driver/Src/stm32u5xx_hal_rcc.c ****       /* Adjusts the Multiple Speed of kernel high speed oscillator (MSIK) calibration value.*/
 3055              		.loc 1 1105 7 is_stmt 1 view .LVU1015
1105:Drivers/STM32U5xx_HAL_Driver/Src/stm32u5xx_hal_rcc.c ****       /* Adjusts the Multiple Speed of kernel high speed oscillator (MSIK) calibration value.*/
 3056              		.loc 1 1105 7 view .LVU1016
ARM GAS  /var/folders/j8/bx6g0dyx2gg_pdn7l_y1sb9c0000gn/T//cc64Wppv.s 			page 112


 3057 0770 254A     		ldr	r2, .L335+4
 3058 0772 9368     		ldr	r3, [r2, #8]
 3059 0774 43F40003 		orr	r3, r3, #8388608
 3060 0778 9360     		str	r3, [r2, #8]
1105:Drivers/STM32U5xx_HAL_Driver/Src/stm32u5xx_hal_rcc.c ****       /* Adjusts the Multiple Speed of kernel high speed oscillator (MSIK) calibration value.*/
 3061              		.loc 1 1105 7 view .LVU1017
 3062 077a 9368     		ldr	r3, [r2, #8]
 3063 077c 23F07063 		bic	r3, r3, #251658240
 3064 0780 A16A     		ldr	r1, [r4, #40]
 3065 0782 0B43     		orrs	r3, r3, r1
 3066 0784 9360     		str	r3, [r2, #8]
1105:Drivers/STM32U5xx_HAL_Driver/Src/stm32u5xx_hal_rcc.c ****       /* Adjusts the Multiple Speed of kernel high speed oscillator (MSIK) calibration value.*/
 3067              		.loc 1 1105 7 view .LVU1018
1107:Drivers/STM32U5xx_HAL_Driver/Src/stm32u5xx_hal_rcc.c ****                                             (pRCC_OscInitStruct->MSIClockRange));
 3068              		.loc 1 1107 7 view .LVU1019
1107:Drivers/STM32U5xx_HAL_Driver/Src/stm32u5xx_hal_rcc.c ****                                             (pRCC_OscInitStruct->MSIClockRange));
 3069              		.loc 1 1107 7 view .LVU1020
 3070 0786 636A     		ldr	r3, [r4, #36]
 3071 0788 B3F1404F 		cmp	r3, #-1073741824
 3072 078c 19D3     		bcc	.L231
1107:Drivers/STM32U5xx_HAL_Driver/Src/stm32u5xx_hal_rcc.c ****                                             (pRCC_OscInitStruct->MSIClockRange));
 3073              		.loc 1 1107 7 discriminator 1 view .LVU1021
 3074 078e D368     		ldr	r3, [r2, #12]
 3075 0790 23F01F03 		bic	r3, r3, #31
 3076 0794 216A     		ldr	r1, [r4, #32]
 3077 0796 0B43     		orrs	r3, r3, r1
 3078 0798 D360     		str	r3, [r2, #12]
 3079              	.L232:
1107:Drivers/STM32U5xx_HAL_Driver/Src/stm32u5xx_hal_rcc.c ****                                             (pRCC_OscInitStruct->MSIClockRange));
 3080              		.loc 1 1107 7 discriminator 10 view .LVU1022
1111:Drivers/STM32U5xx_HAL_Driver/Src/stm32u5xx_hal_rcc.c **** 
 3081              		.loc 1 1111 7 discriminator 10 view .LVU1023
 3082 079a 1B4A     		ldr	r2, .L335+4
 3083 079c 1368     		ldr	r3, [r2]
 3084 079e 43F01003 		orr	r3, r3, #16
 3085 07a2 1360     		str	r3, [r2]
1113:Drivers/STM32U5xx_HAL_Driver/Src/stm32u5xx_hal_rcc.c **** 
 3086              		.loc 1 1113 7 discriminator 10 view .LVU1024
1113:Drivers/STM32U5xx_HAL_Driver/Src/stm32u5xx_hal_rcc.c **** 
 3087              		.loc 1 1113 19 is_stmt 0 discriminator 10 view .LVU1025
 3088 07a4 FFF7FEFF 		bl	HAL_GetTick
 3089              	.LVL223:
 3090 07a8 0546     		mov	r5, r0
 3091              	.LVL224:
1116:Drivers/STM32U5xx_HAL_Driver/Src/stm32u5xx_hal_rcc.c ****       {
 3092              		.loc 1 1116 7 is_stmt 1 discriminator 10 view .LVU1026
 3093              	.L235:
1116:Drivers/STM32U5xx_HAL_Driver/Src/stm32u5xx_hal_rcc.c ****       {
 3094              		.loc 1 1116 13 view .LVU1027
1116:Drivers/STM32U5xx_HAL_Driver/Src/stm32u5xx_hal_rcc.c ****       {
 3095              		.loc 1 1116 14 is_stmt 0 view .LVU1028
 3096 07aa 174B     		ldr	r3, .L335+4
 3097 07ac 1B68     		ldr	r3, [r3]
1116:Drivers/STM32U5xx_HAL_Driver/Src/stm32u5xx_hal_rcc.c ****       {
 3098              		.loc 1 1116 13 view .LVU1029
 3099 07ae 13F0200F 		tst	r3, #32
 3100 07b2 3FD1     		bne	.L229
ARM GAS  /var/folders/j8/bx6g0dyx2gg_pdn7l_y1sb9c0000gn/T//cc64Wppv.s 			page 113


1118:Drivers/STM32U5xx_HAL_Driver/Src/stm32u5xx_hal_rcc.c ****         {
 3101              		.loc 1 1118 9 is_stmt 1 view .LVU1030
1118:Drivers/STM32U5xx_HAL_Driver/Src/stm32u5xx_hal_rcc.c ****         {
 3102              		.loc 1 1118 14 is_stmt 0 view .LVU1031
 3103 07b4 FFF7FEFF 		bl	HAL_GetTick
 3104              	.LVL225:
1118:Drivers/STM32U5xx_HAL_Driver/Src/stm32u5xx_hal_rcc.c ****         {
 3105              		.loc 1 1118 28 view .LVU1032
 3106 07b8 401B     		subs	r0, r0, r5
1118:Drivers/STM32U5xx_HAL_Driver/Src/stm32u5xx_hal_rcc.c ****         {
 3107              		.loc 1 1118 12 view .LVU1033
 3108 07ba 0228     		cmp	r0, #2
 3109 07bc F5D9     		bls	.L235
1120:Drivers/STM32U5xx_HAL_Driver/Src/stm32u5xx_hal_rcc.c ****         }
 3110              		.loc 1 1120 18 view .LVU1034
 3111 07be 0320     		movs	r0, #3
 3112 07c0 4EE1     		b	.L137
 3113              	.LVL226:
 3114              	.L231:
1107:Drivers/STM32U5xx_HAL_Driver/Src/stm32u5xx_hal_rcc.c ****                                             (pRCC_OscInitStruct->MSIClockRange));
 3115              		.loc 1 1107 7 is_stmt 1 discriminator 2 view .LVU1035
 3116 07c2 002B     		cmp	r3, #0
 3117 07c4 0BDB     		blt	.L323
1107:Drivers/STM32U5xx_HAL_Driver/Src/stm32u5xx_hal_rcc.c ****                                             (pRCC_OscInitStruct->MSIClockRange));
 3118              		.loc 1 1107 7 discriminator 5 view .LVU1036
 3119 07c6 B3F1804F 		cmp	r3, #1073741824
 3120 07ca 11D3     		bcc	.L234
1107:Drivers/STM32U5xx_HAL_Driver/Src/stm32u5xx_hal_rcc.c ****                                             (pRCC_OscInitStruct->MSIClockRange));
 3121              		.loc 1 1107 7 discriminator 7 view .LVU1037
 3122 07cc 0E4A     		ldr	r2, .L335+4
 3123 07ce D368     		ldr	r3, [r2, #12]
 3124 07d0 23F4F843 		bic	r3, r3, #31744
 3125 07d4 216A     		ldr	r1, [r4, #32]
 3126 07d6 43EA8123 		orr	r3, r3, r1, lsl #10
 3127 07da D360     		str	r3, [r2, #12]
 3128 07dc DDE7     		b	.L232
 3129              	.L323:
1107:Drivers/STM32U5xx_HAL_Driver/Src/stm32u5xx_hal_rcc.c ****                                             (pRCC_OscInitStruct->MSIClockRange));
 3130              		.loc 1 1107 7 discriminator 4 view .LVU1038
 3131 07de 0A4A     		ldr	r2, .L335+4
 3132 07e0 D368     		ldr	r3, [r2, #12]
 3133 07e2 23F47873 		bic	r3, r3, #992
 3134 07e6 216A     		ldr	r1, [r4, #32]
 3135 07e8 43EA4113 		orr	r3, r3, r1, lsl #5
 3136 07ec D360     		str	r3, [r2, #12]
 3137 07ee D4E7     		b	.L232
 3138              	.L234:
1107:Drivers/STM32U5xx_HAL_Driver/Src/stm32u5xx_hal_rcc.c ****                                             (pRCC_OscInitStruct->MSIClockRange));
 3139              		.loc 1 1107 7 discriminator 8 view .LVU1039
 3140 07f0 054A     		ldr	r2, .L335+4
 3141 07f2 D368     		ldr	r3, [r2, #12]
 3142 07f4 23F47823 		bic	r3, r3, #1015808
 3143 07f8 216A     		ldr	r1, [r4, #32]
 3144 07fa 43EAC133 		orr	r3, r3, r1, lsl #15
 3145 07fe D360     		str	r3, [r2, #12]
 3146 0800 CBE7     		b	.L232
 3147              	.L336:
ARM GAS  /var/folders/j8/bx6g0dyx2gg_pdn7l_y1sb9c0000gn/T//cc64Wppv.s 			page 114


 3148 0802 00BF     		.align	2
 3149              	.L335:
 3150 0804 00080246 		.word	1174538240
 3151 0808 000C0246 		.word	1174539264
 3152              	.L230:
1127:Drivers/STM32U5xx_HAL_Driver/Src/stm32u5xx_hal_rcc.c **** 
 3153              		.loc 1 1127 7 view .LVU1040
 3154 080c A14A     		ldr	r2, .L337
 3155 080e 1368     		ldr	r3, [r2]
 3156 0810 23F01003 		bic	r3, r3, #16
 3157 0814 1360     		str	r3, [r2]
1129:Drivers/STM32U5xx_HAL_Driver/Src/stm32u5xx_hal_rcc.c **** 
 3158              		.loc 1 1129 7 view .LVU1041
1129:Drivers/STM32U5xx_HAL_Driver/Src/stm32u5xx_hal_rcc.c **** 
 3159              		.loc 1 1129 19 is_stmt 0 view .LVU1042
 3160 0816 FFF7FEFF 		bl	HAL_GetTick
 3161              	.LVL227:
 3162 081a 0546     		mov	r5, r0
 3163              	.LVL228:
1132:Drivers/STM32U5xx_HAL_Driver/Src/stm32u5xx_hal_rcc.c ****       {
 3164              		.loc 1 1132 7 is_stmt 1 view .LVU1043
 3165              	.L237:
1132:Drivers/STM32U5xx_HAL_Driver/Src/stm32u5xx_hal_rcc.c ****       {
 3166              		.loc 1 1132 13 view .LVU1044
1132:Drivers/STM32U5xx_HAL_Driver/Src/stm32u5xx_hal_rcc.c ****       {
 3167              		.loc 1 1132 14 is_stmt 0 view .LVU1045
 3168 081c 9D4B     		ldr	r3, .L337
 3169 081e 1B68     		ldr	r3, [r3]
1132:Drivers/STM32U5xx_HAL_Driver/Src/stm32u5xx_hal_rcc.c ****       {
 3170              		.loc 1 1132 13 view .LVU1046
 3171 0820 13F0200F 		tst	r3, #32
 3172 0824 06D0     		beq	.L229
1134:Drivers/STM32U5xx_HAL_Driver/Src/stm32u5xx_hal_rcc.c ****         {
 3173              		.loc 1 1134 9 is_stmt 1 view .LVU1047
1134:Drivers/STM32U5xx_HAL_Driver/Src/stm32u5xx_hal_rcc.c ****         {
 3174              		.loc 1 1134 14 is_stmt 0 view .LVU1048
 3175 0826 FFF7FEFF 		bl	HAL_GetTick
 3176              	.LVL229:
1134:Drivers/STM32U5xx_HAL_Driver/Src/stm32u5xx_hal_rcc.c ****         {
 3177              		.loc 1 1134 28 view .LVU1049
 3178 082a 401B     		subs	r0, r0, r5
1134:Drivers/STM32U5xx_HAL_Driver/Src/stm32u5xx_hal_rcc.c ****         {
 3179              		.loc 1 1134 12 view .LVU1050
 3180 082c 0228     		cmp	r0, #2
 3181 082e F5D9     		bls	.L237
1136:Drivers/STM32U5xx_HAL_Driver/Src/stm32u5xx_hal_rcc.c ****         }
 3182              		.loc 1 1136 18 view .LVU1051
 3183 0830 0320     		movs	r0, #3
 3184 0832 15E1     		b	.L137
 3185              	.LVL230:
 3186              	.L229:
1143:Drivers/STM32U5xx_HAL_Driver/Src/stm32u5xx_hal_rcc.c **** 
 3187              		.loc 1 1143 3 is_stmt 1 view .LVU1052
1145:Drivers/STM32U5xx_HAL_Driver/Src/stm32u5xx_hal_rcc.c ****   {
 3188              		.loc 1 1145 3 view .LVU1053
1145:Drivers/STM32U5xx_HAL_Driver/Src/stm32u5xx_hal_rcc.c ****   {
 3189              		.loc 1 1145 31 is_stmt 0 view .LVU1054
ARM GAS  /var/folders/j8/bx6g0dyx2gg_pdn7l_y1sb9c0000gn/T//cc64Wppv.s 			page 115


 3190 0834 A36B     		ldr	r3, [r4, #56]
1145:Drivers/STM32U5xx_HAL_Driver/Src/stm32u5xx_hal_rcc.c ****   {
 3191              		.loc 1 1145 6 view .LVU1055
 3192 0836 002B     		cmp	r3, #0
 3193 0838 00F01A81 		beq	.L283
 3194              	.LBB18:
1147:Drivers/STM32U5xx_HAL_Driver/Src/stm32u5xx_hal_rcc.c **** 
 3195              		.loc 1 1147 5 is_stmt 1 view .LVU1056
 3196              	.LVL231:
1150:Drivers/STM32U5xx_HAL_Driver/Src/stm32u5xx_hal_rcc.c ****     {
 3197              		.loc 1 1150 5 view .LVU1057
1150:Drivers/STM32U5xx_HAL_Driver/Src/stm32u5xx_hal_rcc.c ****     {
 3198              		.loc 1 1150 9 is_stmt 0 view .LVU1058
 3199 083c 954A     		ldr	r2, .L337
 3200 083e D269     		ldr	r2, [r2, #28]
 3201 0840 02F00C02 		and	r2, r2, #12
1150:Drivers/STM32U5xx_HAL_Driver/Src/stm32u5xx_hal_rcc.c ****     {
 3202              		.loc 1 1150 8 view .LVU1059
 3203 0844 0C2A     		cmp	r2, #12
 3204 0846 00F0BC80 		beq	.L239
1152:Drivers/STM32U5xx_HAL_Driver/Src/stm32u5xx_hal_rcc.c ****       {
 3205              		.loc 1 1152 7 is_stmt 1 view .LVU1060
1152:Drivers/STM32U5xx_HAL_Driver/Src/stm32u5xx_hal_rcc.c ****       {
 3206              		.loc 1 1152 10 is_stmt 0 view .LVU1061
 3207 084a 022B     		cmp	r3, #2
 3208 084c 14D0     		beq	.L324
1249:Drivers/STM32U5xx_HAL_Driver/Src/stm32u5xx_hal_rcc.c **** 
 3209              		.loc 1 1249 9 is_stmt 1 view .LVU1062
 3210 084e 914A     		ldr	r2, .L337
 3211 0850 1368     		ldr	r3, [r2]
 3212 0852 23F08073 		bic	r3, r3, #16777216
 3213 0856 1360     		str	r3, [r2]
1251:Drivers/STM32U5xx_HAL_Driver/Src/stm32u5xx_hal_rcc.c **** 
 3214              		.loc 1 1251 9 view .LVU1063
1251:Drivers/STM32U5xx_HAL_Driver/Src/stm32u5xx_hal_rcc.c **** 
 3215              		.loc 1 1251 21 is_stmt 0 view .LVU1064
 3216 0858 FFF7FEFF 		bl	HAL_GetTick
 3217              	.LVL232:
 3218 085c 0446     		mov	r4, r0
 3219              	.LVL233:
1254:Drivers/STM32U5xx_HAL_Driver/Src/stm32u5xx_hal_rcc.c ****         {
 3220              		.loc 1 1254 9 is_stmt 1 view .LVU1065
 3221              	.L249:
1254:Drivers/STM32U5xx_HAL_Driver/Src/stm32u5xx_hal_rcc.c ****         {
 3222              		.loc 1 1254 15 view .LVU1066
1254:Drivers/STM32U5xx_HAL_Driver/Src/stm32u5xx_hal_rcc.c ****         {
 3223              		.loc 1 1254 16 is_stmt 0 view .LVU1067
 3224 085e 8D4B     		ldr	r3, .L337
 3225 0860 1B68     		ldr	r3, [r3]
1254:Drivers/STM32U5xx_HAL_Driver/Src/stm32u5xx_hal_rcc.c ****         {
 3226              		.loc 1 1254 15 view .LVU1068
 3227 0862 13F0007F 		tst	r3, #33554432
 3228 0866 00F0A380 		beq	.L325
1256:Drivers/STM32U5xx_HAL_Driver/Src/stm32u5xx_hal_rcc.c ****           {
 3229              		.loc 1 1256 11 is_stmt 1 view .LVU1069
1256:Drivers/STM32U5xx_HAL_Driver/Src/stm32u5xx_hal_rcc.c ****           {
 3230              		.loc 1 1256 16 is_stmt 0 view .LVU1070
ARM GAS  /var/folders/j8/bx6g0dyx2gg_pdn7l_y1sb9c0000gn/T//cc64Wppv.s 			page 116


 3231 086a FFF7FEFF 		bl	HAL_GetTick
 3232              	.LVL234:
1256:Drivers/STM32U5xx_HAL_Driver/Src/stm32u5xx_hal_rcc.c ****           {
 3233              		.loc 1 1256 30 view .LVU1071
 3234 086e 001B     		subs	r0, r0, r4
1256:Drivers/STM32U5xx_HAL_Driver/Src/stm32u5xx_hal_rcc.c ****           {
 3235              		.loc 1 1256 14 view .LVU1072
 3236 0870 0228     		cmp	r0, #2
 3237 0872 F4D9     		bls	.L249
1258:Drivers/STM32U5xx_HAL_Driver/Src/stm32u5xx_hal_rcc.c ****           }
 3238              		.loc 1 1258 20 view .LVU1073
 3239 0874 0320     		movs	r0, #3
 3240 0876 F3E0     		b	.L137
 3241              	.LVL235:
 3242              	.L324:
1155:Drivers/STM32U5xx_HAL_Driver/Src/stm32u5xx_hal_rcc.c ****         assert_param(IS_RCC_PLLSOURCE(pRCC_OscInitStruct->PLL.PLLSource));
 3243              		.loc 1 1155 9 is_stmt 1 view .LVU1074
1156:Drivers/STM32U5xx_HAL_Driver/Src/stm32u5xx_hal_rcc.c ****         assert_param(IS_RCC_PLLM_VALUE(pRCC_OscInitStruct->PLL.PLLM));
 3244              		.loc 1 1156 9 view .LVU1075
1157:Drivers/STM32U5xx_HAL_Driver/Src/stm32u5xx_hal_rcc.c ****         assert_param(IS_RCC_PLLN_VALUE(pRCC_OscInitStruct->PLL.PLLN));
 3245              		.loc 1 1157 9 view .LVU1076
1158:Drivers/STM32U5xx_HAL_Driver/Src/stm32u5xx_hal_rcc.c ****         assert_param(IS_RCC_PLLP_VALUE(pRCC_OscInitStruct->PLL.PLLP));
 3246              		.loc 1 1158 9 view .LVU1077
1159:Drivers/STM32U5xx_HAL_Driver/Src/stm32u5xx_hal_rcc.c ****         assert_param(IS_RCC_PLLQ_VALUE(pRCC_OscInitStruct->PLL.PLLQ));
 3247              		.loc 1 1159 9 view .LVU1078
1160:Drivers/STM32U5xx_HAL_Driver/Src/stm32u5xx_hal_rcc.c ****         assert_param(IS_RCC_PLLR_VALUE(pRCC_OscInitStruct->PLL.PLLR));
 3248              		.loc 1 1160 9 view .LVU1079
1161:Drivers/STM32U5xx_HAL_Driver/Src/stm32u5xx_hal_rcc.c **** 
 3249              		.loc 1 1161 9 view .LVU1080
1164:Drivers/STM32U5xx_HAL_Driver/Src/stm32u5xx_hal_rcc.c **** 
 3250              		.loc 1 1164 9 view .LVU1081
 3251 0878 864A     		ldr	r2, .L337
 3252 087a 1368     		ldr	r3, [r2]
 3253 087c 23F08073 		bic	r3, r3, #16777216
 3254 0880 1360     		str	r3, [r2]
1166:Drivers/STM32U5xx_HAL_Driver/Src/stm32u5xx_hal_rcc.c **** 
 3255              		.loc 1 1166 9 view .LVU1082
1166:Drivers/STM32U5xx_HAL_Driver/Src/stm32u5xx_hal_rcc.c **** 
 3256              		.loc 1 1166 21 is_stmt 0 view .LVU1083
 3257 0882 FFF7FEFF 		bl	HAL_GetTick
 3258              	.LVL236:
 3259 0886 0546     		mov	r5, r0
 3260              	.LVL237:
1169:Drivers/STM32U5xx_HAL_Driver/Src/stm32u5xx_hal_rcc.c ****         {
 3261              		.loc 1 1169 9 is_stmt 1 view .LVU1084
 3262              	.L241:
1169:Drivers/STM32U5xx_HAL_Driver/Src/stm32u5xx_hal_rcc.c ****         {
 3263              		.loc 1 1169 15 view .LVU1085
1169:Drivers/STM32U5xx_HAL_Driver/Src/stm32u5xx_hal_rcc.c ****         {
 3264              		.loc 1 1169 16 is_stmt 0 view .LVU1086
 3265 0888 824B     		ldr	r3, .L337
 3266 088a 1B68     		ldr	r3, [r3]
1169:Drivers/STM32U5xx_HAL_Driver/Src/stm32u5xx_hal_rcc.c ****         {
 3267              		.loc 1 1169 15 view .LVU1087
 3268 088c 13F0007F 		tst	r3, #33554432
 3269 0890 06D0     		beq	.L326
1171:Drivers/STM32U5xx_HAL_Driver/Src/stm32u5xx_hal_rcc.c ****           {
ARM GAS  /var/folders/j8/bx6g0dyx2gg_pdn7l_y1sb9c0000gn/T//cc64Wppv.s 			page 117


 3270              		.loc 1 1171 11 is_stmt 1 view .LVU1088
1171:Drivers/STM32U5xx_HAL_Driver/Src/stm32u5xx_hal_rcc.c ****           {
 3271              		.loc 1 1171 16 is_stmt 0 view .LVU1089
 3272 0892 FFF7FEFF 		bl	HAL_GetTick
 3273              	.LVL238:
1171:Drivers/STM32U5xx_HAL_Driver/Src/stm32u5xx_hal_rcc.c ****           {
 3274              		.loc 1 1171 30 view .LVU1090
 3275 0896 401B     		subs	r0, r0, r5
1171:Drivers/STM32U5xx_HAL_Driver/Src/stm32u5xx_hal_rcc.c ****           {
 3276              		.loc 1 1171 14 view .LVU1091
 3277 0898 0228     		cmp	r0, #2
 3278 089a F5D9     		bls	.L241
1173:Drivers/STM32U5xx_HAL_Driver/Src/stm32u5xx_hal_rcc.c ****           }
 3279              		.loc 1 1173 20 view .LVU1092
 3280 089c 0320     		movs	r0, #3
 3281 089e DFE0     		b	.L137
 3282              	.L326:
1178:Drivers/STM32U5xx_HAL_Driver/Src/stm32u5xx_hal_rcc.c ****         {
 3283              		.loc 1 1178 9 is_stmt 1 view .LVU1093
1178:Drivers/STM32U5xx_HAL_Driver/Src/stm32u5xx_hal_rcc.c ****         {
 3284              		.loc 1 1178 13 is_stmt 0 view .LVU1094
 3285 08a0 7C4B     		ldr	r3, .L337
 3286 08a2 D3F89430 		ldr	r3, [r3, #148]
1178:Drivers/STM32U5xx_HAL_Driver/Src/stm32u5xx_hal_rcc.c ****         {
 3287              		.loc 1 1178 12 view .LVU1095
 3288 08a6 13F0040F 		tst	r3, #4
 3289 08aa 68D1     		bne	.L285
1180:Drivers/STM32U5xx_HAL_Driver/Src/stm32u5xx_hal_rcc.c ****           pwrclkchanged = SET;
 3290              		.loc 1 1180 11 is_stmt 1 view .LVU1096
 3291              	.LBB19:
1180:Drivers/STM32U5xx_HAL_Driver/Src/stm32u5xx_hal_rcc.c ****           pwrclkchanged = SET;
 3292              		.loc 1 1180 11 view .LVU1097
1180:Drivers/STM32U5xx_HAL_Driver/Src/stm32u5xx_hal_rcc.c ****           pwrclkchanged = SET;
 3293              		.loc 1 1180 11 view .LVU1098
 3294 08ac 794B     		ldr	r3, .L337
 3295 08ae D3F89420 		ldr	r2, [r3, #148]
 3296 08b2 42F00402 		orr	r2, r2, #4
 3297 08b6 C3F89420 		str	r2, [r3, #148]
1180:Drivers/STM32U5xx_HAL_Driver/Src/stm32u5xx_hal_rcc.c ****           pwrclkchanged = SET;
 3298              		.loc 1 1180 11 view .LVU1099
 3299 08ba D3F89430 		ldr	r3, [r3, #148]
 3300 08be 03F00403 		and	r3, r3, #4
 3301 08c2 0393     		str	r3, [sp, #12]
1180:Drivers/STM32U5xx_HAL_Driver/Src/stm32u5xx_hal_rcc.c ****           pwrclkchanged = SET;
 3302              		.loc 1 1180 11 view .LVU1100
 3303 08c4 039B     		ldr	r3, [sp, #12]
 3304              	.LBE19:
1180:Drivers/STM32U5xx_HAL_Driver/Src/stm32u5xx_hal_rcc.c ****           pwrclkchanged = SET;
 3305              		.loc 1 1180 11 view .LVU1101
1181:Drivers/STM32U5xx_HAL_Driver/Src/stm32u5xx_hal_rcc.c ****         }
 3306              		.loc 1 1181 11 view .LVU1102
 3307              	.LVL239:
1181:Drivers/STM32U5xx_HAL_Driver/Src/stm32u5xx_hal_rcc.c ****         }
 3308              		.loc 1 1181 25 is_stmt 0 view .LVU1103
 3309 08c6 0125     		movs	r5, #1
 3310              	.LVL240:
 3311              	.L243:
ARM GAS  /var/folders/j8/bx6g0dyx2gg_pdn7l_y1sb9c0000gn/T//cc64Wppv.s 			page 118


1185:Drivers/STM32U5xx_HAL_Driver/Src/stm32u5xx_hal_rcc.c ****         {
 3312              		.loc 1 1185 9 is_stmt 1 view .LVU1104
1185:Drivers/STM32U5xx_HAL_Driver/Src/stm32u5xx_hal_rcc.c ****         {
 3313              		.loc 1 1185 13 is_stmt 0 view .LVU1105
 3314 08c8 734B     		ldr	r3, .L337+4
 3315 08ca DB68     		ldr	r3, [r3, #12]
1185:Drivers/STM32U5xx_HAL_Driver/Src/stm32u5xx_hal_rcc.c ****         {
 3316              		.loc 1 1185 12 view .LVU1106
 3317 08cc 13F4802F 		tst	r3, #262144
 3318 08d0 57D1     		bne	.L286
 3319              	.LBE18:
 531:Drivers/STM32U5xx_HAL_Driver/Src/stm32u5xx_hal_rcc.c ****   uint32_t temp1_pllckcfg;
 3320              		.loc 1 531 14 view .LVU1107
 3321 08d2 0026     		movs	r6, #0
 3322              	.L244:
 3323              	.LVL241:
 3324              	.LBB20:
1189:Drivers/STM32U5xx_HAL_Driver/Src/stm32u5xx_hal_rcc.c **** 
 3325              		.loc 1 1189 9 is_stmt 1 view .LVU1108
 3326 08d4 704A     		ldr	r2, .L337+4
 3327 08d6 D368     		ldr	r3, [r2, #12]
 3328 08d8 23F48023 		bic	r3, r3, #262144
 3329 08dc D360     		str	r3, [r2, #12]
1192:Drivers/STM32U5xx_HAL_Driver/Src/stm32u5xx_hal_rcc.c ****                              pRCC_OscInitStruct->PLL.PLLMBOOST,
 3330              		.loc 1 1192 9 view .LVU1109
1192:Drivers/STM32U5xx_HAL_Driver/Src/stm32u5xx_hal_rcc.c ****                              pRCC_OscInitStruct->PLL.PLLMBOOST,
 3331              		.loc 1 1192 9 view .LVU1110
 3332 08de 6D4B     		ldr	r3, .L337
 3333 08e0 9A6A     		ldr	r2, [r3, #40]
 3334 08e2 22F47F42 		bic	r2, r2, #65280
 3335 08e6 22F00302 		bic	r2, r2, #3
 3336 08ea E16B     		ldr	r1, [r4, #60]
 3337 08ec 206C     		ldr	r0, [r4, #64]
 3338 08ee 0138     		subs	r0, r0, #1
 3339 08f0 41EA0021 		orr	r1, r1, r0, lsl #8
 3340 08f4 606C     		ldr	r0, [r4, #68]
 3341 08f6 0143     		orrs	r1, r1, r0
 3342 08f8 0A43     		orrs	r2, r2, r1
 3343 08fa 9A62     		str	r2, [r3, #40]
1192:Drivers/STM32U5xx_HAL_Driver/Src/stm32u5xx_hal_rcc.c ****                              pRCC_OscInitStruct->PLL.PLLMBOOST,
 3344              		.loc 1 1192 9 view .LVU1111
 3345 08fc 5A6B     		ldr	r2, [r3, #52]
 3346 08fe 6748     		ldr	r0, .L337+8
 3347 0900 1040     		ands	r0, r0, r2
 3348 0902 A26C     		ldr	r2, [r4, #72]
 3349 0904 013A     		subs	r2, r2, #1
 3350 0906 C2F30802 		ubfx	r2, r2, #0, #9
 3351 090a E16C     		ldr	r1, [r4, #76]
 3352 090c 0139     		subs	r1, r1, #1
 3353 090e 4902     		lsls	r1, r1, #9
 3354 0910 89B2     		uxth	r1, r1
 3355 0912 0A43     		orrs	r2, r2, r1
 3356 0914 216D     		ldr	r1, [r4, #80]
 3357 0916 0139     		subs	r1, r1, #1
 3358 0918 0904     		lsls	r1, r1, #16
 3359 091a 01F4FE01 		and	r1, r1, #8323072
 3360 091e 0A43     		orrs	r2, r2, r1
ARM GAS  /var/folders/j8/bx6g0dyx2gg_pdn7l_y1sb9c0000gn/T//cc64Wppv.s 			page 119


 3361 0920 616D     		ldr	r1, [r4, #84]
 3362 0922 0139     		subs	r1, r1, #1
 3363 0924 0906     		lsls	r1, r1, #24
 3364 0926 01F0FE41 		and	r1, r1, #2130706432
 3365 092a 0A43     		orrs	r2, r2, r1
 3366 092c 0243     		orrs	r2, r2, r0
 3367 092e 5A63     		str	r2, [r3, #52]
1192:Drivers/STM32U5xx_HAL_Driver/Src/stm32u5xx_hal_rcc.c ****                              pRCC_OscInitStruct->PLL.PLLMBOOST,
 3368              		.loc 1 1192 9 view .LVU1112
1200:Drivers/STM32U5xx_HAL_Driver/Src/stm32u5xx_hal_rcc.c **** 
 3369              		.loc 1 1200 9 view .LVU1113
1203:Drivers/STM32U5xx_HAL_Driver/Src/stm32u5xx_hal_rcc.c **** 
 3370              		.loc 1 1203 9 view .LVU1114
 3371 0930 9A6A     		ldr	r2, [r3, #40]
 3372 0932 22F01002 		bic	r2, r2, #16
 3373 0936 9A62     		str	r2, [r3, #40]
1206:Drivers/STM32U5xx_HAL_Driver/Src/stm32u5xx_hal_rcc.c **** 
 3374              		.loc 1 1206 9 view .LVU1115
 3375 0938 E26D     		ldr	r2, [r4, #92]
 3376 093a D200     		lsls	r2, r2, #3
 3377 093c 9A63     		str	r2, [r3, #56]
1209:Drivers/STM32U5xx_HAL_Driver/Src/stm32u5xx_hal_rcc.c **** 
 3378              		.loc 1 1209 9 view .LVU1116
 3379 093e 9A6A     		ldr	r2, [r3, #40]
 3380 0940 42F01002 		orr	r2, r2, #16
 3381 0944 9A62     		str	r2, [r3, #40]
1211:Drivers/STM32U5xx_HAL_Driver/Src/stm32u5xx_hal_rcc.c **** 
 3382              		.loc 1 1211 9 view .LVU1117
1214:Drivers/STM32U5xx_HAL_Driver/Src/stm32u5xx_hal_rcc.c **** 
 3383              		.loc 1 1214 9 view .LVU1118
 3384 0946 9A6A     		ldr	r2, [r3, #40]
 3385 0948 22F00C02 		bic	r2, r2, #12
 3386 094c A16D     		ldr	r1, [r4, #88]
 3387 094e 0A43     		orrs	r2, r2, r1
 3388 0950 9A62     		str	r2, [r3, #40]
1216:Drivers/STM32U5xx_HAL_Driver/Src/stm32u5xx_hal_rcc.c ****         {
 3389              		.loc 1 1216 9 view .LVU1119
1216:Drivers/STM32U5xx_HAL_Driver/Src/stm32u5xx_hal_rcc.c ****         {
 3390              		.loc 1 1216 12 is_stmt 0 view .LVU1120
 3391 0952 C6B9     		cbnz	r6, .L327
 3392              	.L245:
1223:Drivers/STM32U5xx_HAL_Driver/Src/stm32u5xx_hal_rcc.c ****         {
 3393              		.loc 1 1223 9 is_stmt 1 view .LVU1121
1223:Drivers/STM32U5xx_HAL_Driver/Src/stm32u5xx_hal_rcc.c ****         {
 3394              		.loc 1 1223 12 is_stmt 0 view .LVU1122
 3395 0954 EDB9     		cbnz	r5, .L328
 3396              	.L246:
1229:Drivers/STM32U5xx_HAL_Driver/Src/stm32u5xx_hal_rcc.c **** 
 3397              		.loc 1 1229 9 is_stmt 1 view .LVU1123
 3398 0956 4F4A     		ldr	r2, .L337
 3399 0958 1368     		ldr	r3, [r2]
 3400 095a 43F08073 		orr	r3, r3, #16777216
 3401 095e 1360     		str	r3, [r2]
1231:Drivers/STM32U5xx_HAL_Driver/Src/stm32u5xx_hal_rcc.c **** 
 3402              		.loc 1 1231 9 view .LVU1124
1231:Drivers/STM32U5xx_HAL_Driver/Src/stm32u5xx_hal_rcc.c **** 
 3403              		.loc 1 1231 21 is_stmt 0 view .LVU1125
ARM GAS  /var/folders/j8/bx6g0dyx2gg_pdn7l_y1sb9c0000gn/T//cc64Wppv.s 			page 120


 3404 0960 FFF7FEFF 		bl	HAL_GetTick
 3405              	.LVL242:
 3406 0964 0446     		mov	r4, r0
 3407              	.LVL243:
1234:Drivers/STM32U5xx_HAL_Driver/Src/stm32u5xx_hal_rcc.c ****         {
 3408              		.loc 1 1234 9 is_stmt 1 view .LVU1126
 3409              	.L247:
1234:Drivers/STM32U5xx_HAL_Driver/Src/stm32u5xx_hal_rcc.c ****         {
 3410              		.loc 1 1234 15 view .LVU1127
1234:Drivers/STM32U5xx_HAL_Driver/Src/stm32u5xx_hal_rcc.c ****         {
 3411              		.loc 1 1234 16 is_stmt 0 view .LVU1128
 3412 0966 4B4B     		ldr	r3, .L337
 3413 0968 1B68     		ldr	r3, [r3]
1234:Drivers/STM32U5xx_HAL_Driver/Src/stm32u5xx_hal_rcc.c ****         {
 3414              		.loc 1 1234 15 view .LVU1129
 3415 096a 13F0007F 		tst	r3, #33554432
 3416 096e 18D1     		bne	.L329
1236:Drivers/STM32U5xx_HAL_Driver/Src/stm32u5xx_hal_rcc.c ****           {
 3417              		.loc 1 1236 11 is_stmt 1 view .LVU1130
1236:Drivers/STM32U5xx_HAL_Driver/Src/stm32u5xx_hal_rcc.c ****           {
 3418              		.loc 1 1236 16 is_stmt 0 view .LVU1131
 3419 0970 FFF7FEFF 		bl	HAL_GetTick
 3420              	.LVL244:
1236:Drivers/STM32U5xx_HAL_Driver/Src/stm32u5xx_hal_rcc.c ****           {
 3421              		.loc 1 1236 30 view .LVU1132
 3422 0974 001B     		subs	r0, r0, r4
1236:Drivers/STM32U5xx_HAL_Driver/Src/stm32u5xx_hal_rcc.c ****           {
 3423              		.loc 1 1236 14 view .LVU1133
 3424 0976 0228     		cmp	r0, #2
 3425 0978 F5D9     		bls	.L247
1238:Drivers/STM32U5xx_HAL_Driver/Src/stm32u5xx_hal_rcc.c ****           }
 3426              		.loc 1 1238 20 view .LVU1134
 3427 097a 0320     		movs	r0, #3
 3428 097c 70E0     		b	.L137
 3429              	.LVL245:
 3430              	.L285:
1147:Drivers/STM32U5xx_HAL_Driver/Src/stm32u5xx_hal_rcc.c **** 
 3431              		.loc 1 1147 17 view .LVU1135
 3432 097e 0025     		movs	r5, #0
 3433              	.LVL246:
1147:Drivers/STM32U5xx_HAL_Driver/Src/stm32u5xx_hal_rcc.c **** 
 3434              		.loc 1 1147 17 view .LVU1136
 3435 0980 A2E7     		b	.L243
 3436              	.LVL247:
 3437              	.L286:
1187:Drivers/STM32U5xx_HAL_Driver/Src/stm32u5xx_hal_rcc.c ****         }
 3438              		.loc 1 1187 22 view .LVU1137
 3439 0982 0126     		movs	r6, #1
 3440 0984 A6E7     		b	.L244
 3441              	.LVL248:
 3442              	.L327:
1219:Drivers/STM32U5xx_HAL_Driver/Src/stm32u5xx_hal_rcc.c ****         }
 3443              		.loc 1 1219 11 is_stmt 1 view .LVU1138
 3444 0986 444A     		ldr	r2, .L337+4
 3445 0988 D368     		ldr	r3, [r2, #12]
 3446 098a 43F48023 		orr	r3, r3, #262144
 3447 098e D360     		str	r3, [r2, #12]
ARM GAS  /var/folders/j8/bx6g0dyx2gg_pdn7l_y1sb9c0000gn/T//cc64Wppv.s 			page 121


 3448 0990 E0E7     		b	.L245
 3449              	.L328:
1225:Drivers/STM32U5xx_HAL_Driver/Src/stm32u5xx_hal_rcc.c ****         }
 3450              		.loc 1 1225 11 view .LVU1139
 3451 0992 404A     		ldr	r2, .L337
 3452 0994 D2F89430 		ldr	r3, [r2, #148]
 3453 0998 23F00403 		bic	r3, r3, #4
 3454 099c C2F89430 		str	r3, [r2, #148]
 3455 09a0 D9E7     		b	.L246
 3456              	.LVL249:
 3457              	.L329:
1243:Drivers/STM32U5xx_HAL_Driver/Src/stm32u5xx_hal_rcc.c **** 
 3458              		.loc 1 1243 9 view .LVU1140
 3459 09a2 3C4A     		ldr	r2, .L337
 3460 09a4 936A     		ldr	r3, [r2, #40]
 3461 09a6 43F48023 		orr	r3, r3, #262144
 3462 09aa 9362     		str	r3, [r2, #40]
 3463              	.LBE20:
1314:Drivers/STM32U5xx_HAL_Driver/Src/stm32u5xx_hal_rcc.c **** }
 3464              		.loc 1 1314 10 is_stmt 0 view .LVU1141
 3465 09ac 0020     		movs	r0, #0
 3466              	.LBB21:
 3467 09ae 57E0     		b	.L137
 3468              	.LVL250:
 3469              	.L325:
1263:Drivers/STM32U5xx_HAL_Driver/Src/stm32u5xx_hal_rcc.c **** 
 3470              		.loc 1 1263 9 is_stmt 1 view .LVU1142
1263:Drivers/STM32U5xx_HAL_Driver/Src/stm32u5xx_hal_rcc.c **** 
 3471              		.loc 1 1263 23 is_stmt 0 view .LVU1143
 3472 09b0 384A     		ldr	r2, .L337
 3473 09b2 936A     		ldr	r3, [r2, #40]
 3474 09b4 23F4E023 		bic	r3, r3, #458752
 3475 09b8 23F00303 		bic	r3, r3, #3
 3476 09bc 9362     		str	r3, [r2, #40]
 3477              	.LBE21:
1314:Drivers/STM32U5xx_HAL_Driver/Src/stm32u5xx_hal_rcc.c **** }
 3478              		.loc 1 1314 10 view .LVU1144
 3479 09be 0020     		movs	r0, #0
 3480 09c0 4EE0     		b	.L137
 3481              	.LVL251:
 3482              	.L239:
 3483              	.LBB22:
1270:Drivers/STM32U5xx_HAL_Driver/Src/stm32u5xx_hal_rcc.c ****       temp2_pllckcfg = RCC->PLL1DIVR;
 3484              		.loc 1 1270 7 is_stmt 1 view .LVU1145
1270:Drivers/STM32U5xx_HAL_Driver/Src/stm32u5xx_hal_rcc.c ****       temp2_pllckcfg = RCC->PLL1DIVR;
 3485              		.loc 1 1270 22 is_stmt 0 view .LVU1146
 3486 09c2 344A     		ldr	r2, .L337
 3487 09c4 916A     		ldr	r1, [r2, #40]
 3488              	.LVL252:
1271:Drivers/STM32U5xx_HAL_Driver/Src/stm32u5xx_hal_rcc.c ****       if (((pRCC_OscInitStruct->PLL.PLLState) == RCC_PLL_OFF) ||
 3489              		.loc 1 1271 7 is_stmt 1 view .LVU1147
1271:Drivers/STM32U5xx_HAL_Driver/Src/stm32u5xx_hal_rcc.c ****       if (((pRCC_OscInitStruct->PLL.PLLState) == RCC_PLL_OFF) ||
 3490              		.loc 1 1271 22 is_stmt 0 view .LVU1148
 3491 09c6 506B     		ldr	r0, [r2, #52]
 3492              	.LVL253:
1272:Drivers/STM32U5xx_HAL_Driver/Src/stm32u5xx_hal_rcc.c ****           (READ_BIT(temp1_pllckcfg, RCC_PLL1CFGR_PLL1SRC) != pRCC_OscInitStruct->PLL.PLLSource) ||
 3493              		.loc 1 1272 7 is_stmt 1 view .LVU1149
ARM GAS  /var/folders/j8/bx6g0dyx2gg_pdn7l_y1sb9c0000gn/T//cc64Wppv.s 			page 122


1272:Drivers/STM32U5xx_HAL_Driver/Src/stm32u5xx_hal_rcc.c ****           (READ_BIT(temp1_pllckcfg, RCC_PLL1CFGR_PLL1SRC) != pRCC_OscInitStruct->PLL.PLLSource) ||
 3494              		.loc 1 1272 10 is_stmt 0 view .LVU1150
 3495 09c8 012B     		cmp	r3, #1
 3496 09ca 53D0     		beq	.L289
1273:Drivers/STM32U5xx_HAL_Driver/Src/stm32u5xx_hal_rcc.c ****           ((READ_BIT(temp1_pllckcfg, RCC_PLL1CFGR_PLL1M) >> \
 3497              		.loc 1 1273 12 discriminator 1 view .LVU1151
 3498 09cc 01F00303 		and	r3, r1, #3
1273:Drivers/STM32U5xx_HAL_Driver/Src/stm32u5xx_hal_rcc.c ****           ((READ_BIT(temp1_pllckcfg, RCC_PLL1CFGR_PLL1M) >> \
 3499              		.loc 1 1273 85 discriminator 1 view .LVU1152
 3500 09d0 E26B     		ldr	r2, [r4, #60]
1272:Drivers/STM32U5xx_HAL_Driver/Src/stm32u5xx_hal_rcc.c ****           (READ_BIT(temp1_pllckcfg, RCC_PLL1CFGR_PLL1SRC) != pRCC_OscInitStruct->PLL.PLLSource) ||
 3501              		.loc 1 1272 63 discriminator 1 view .LVU1153
 3502 09d2 9342     		cmp	r3, r2
 3503 09d4 50D1     		bne	.L290
1274:Drivers/STM32U5xx_HAL_Driver/Src/stm32u5xx_hal_rcc.c ****             RCC_PLL1CFGR_PLL1M_Pos) != (pRCC_OscInitStruct->PLL.PLLM - 1U)) ||
 3504              		.loc 1 1274 58 view .LVU1154
 3505 09d6 C1F30322 		ubfx	r2, r1, #8, #4
1275:Drivers/STM32U5xx_HAL_Driver/Src/stm32u5xx_hal_rcc.c ****           (READ_BIT(temp1_pllckcfg, RCC_PLL1CFGR_PLL1MBOOST) != pRCC_OscInitStruct->PLL.PLLMBOOST) 
 3506              		.loc 1 1275 64 view .LVU1155
 3507 09da 236C     		ldr	r3, [r4, #64]
1275:Drivers/STM32U5xx_HAL_Driver/Src/stm32u5xx_hal_rcc.c ****           (READ_BIT(temp1_pllckcfg, RCC_PLL1CFGR_PLL1MBOOST) != pRCC_OscInitStruct->PLL.PLLMBOOST) 
 3508              		.loc 1 1275 70 view .LVU1156
 3509 09dc 013B     		subs	r3, r3, #1
1273:Drivers/STM32U5xx_HAL_Driver/Src/stm32u5xx_hal_rcc.c ****           ((READ_BIT(temp1_pllckcfg, RCC_PLL1CFGR_PLL1M) >> \
 3510              		.loc 1 1273 97 view .LVU1157
 3511 09de 9A42     		cmp	r2, r3
 3512 09e0 4CD1     		bne	.L291
1276:Drivers/STM32U5xx_HAL_Driver/Src/stm32u5xx_hal_rcc.c ****           (READ_BIT(temp2_pllckcfg, RCC_PLL1DIVR_PLL1N) != (pRCC_OscInitStruct->PLL.PLLN - 1U)) ||
 3513              		.loc 1 1276 12 view .LVU1158
 3514 09e2 01F47041 		and	r1, r1, #61440
 3515              	.LVL254:
1276:Drivers/STM32U5xx_HAL_Driver/Src/stm32u5xx_hal_rcc.c ****           (READ_BIT(temp2_pllckcfg, RCC_PLL1DIVR_PLL1N) != (pRCC_OscInitStruct->PLL.PLLN - 1U)) ||
 3516              		.loc 1 1276 88 view .LVU1159
 3517 09e6 636C     		ldr	r3, [r4, #68]
1275:Drivers/STM32U5xx_HAL_Driver/Src/stm32u5xx_hal_rcc.c ****           (READ_BIT(temp1_pllckcfg, RCC_PLL1CFGR_PLL1MBOOST) != pRCC_OscInitStruct->PLL.PLLMBOOST) 
 3518              		.loc 1 1275 77 view .LVU1160
 3519 09e8 9942     		cmp	r1, r3
 3520 09ea 49D1     		bne	.L292
1277:Drivers/STM32U5xx_HAL_Driver/Src/stm32u5xx_hal_rcc.c ****           ((READ_BIT(temp2_pllckcfg, RCC_PLL1DIVR_PLL1P) >> \
 3521              		.loc 1 1277 12 view .LVU1161
 3522 09ec C0F30802 		ubfx	r2, r0, #0, #9
1277:Drivers/STM32U5xx_HAL_Driver/Src/stm32u5xx_hal_rcc.c ****           ((READ_BIT(temp2_pllckcfg, RCC_PLL1DIVR_PLL1P) >> \
 3523              		.loc 1 1277 84 view .LVU1162
 3524 09f0 A36C     		ldr	r3, [r4, #72]
1277:Drivers/STM32U5xx_HAL_Driver/Src/stm32u5xx_hal_rcc.c ****           ((READ_BIT(temp2_pllckcfg, RCC_PLL1DIVR_PLL1P) >> \
 3525              		.loc 1 1277 90 view .LVU1163
 3526 09f2 013B     		subs	r3, r3, #1
1276:Drivers/STM32U5xx_HAL_Driver/Src/stm32u5xx_hal_rcc.c ****           (READ_BIT(temp2_pllckcfg, RCC_PLL1DIVR_PLL1N) != (pRCC_OscInitStruct->PLL.PLLN - 1U)) ||
 3527              		.loc 1 1276 100 view .LVU1164
 3528 09f4 9A42     		cmp	r2, r3
 3529 09f6 45D1     		bne	.L293
1278:Drivers/STM32U5xx_HAL_Driver/Src/stm32u5xx_hal_rcc.c ****             RCC_PLL1DIVR_PLL1P_Pos) != (pRCC_OscInitStruct->PLL.PLLP - 1U)) ||
 3530              		.loc 1 1278 58 view .LVU1165
 3531 09f8 C0F34622 		ubfx	r2, r0, #9, #7
1279:Drivers/STM32U5xx_HAL_Driver/Src/stm32u5xx_hal_rcc.c ****           ((READ_BIT(temp2_pllckcfg, RCC_PLL1DIVR_PLL1Q) >> \
 3532              		.loc 1 1279 64 view .LVU1166
 3533 09fc E36C     		ldr	r3, [r4, #76]
ARM GAS  /var/folders/j8/bx6g0dyx2gg_pdn7l_y1sb9c0000gn/T//cc64Wppv.s 			page 123


1279:Drivers/STM32U5xx_HAL_Driver/Src/stm32u5xx_hal_rcc.c ****           ((READ_BIT(temp2_pllckcfg, RCC_PLL1DIVR_PLL1Q) >> \
 3534              		.loc 1 1279 70 view .LVU1167
 3535 09fe 013B     		subs	r3, r3, #1
1277:Drivers/STM32U5xx_HAL_Driver/Src/stm32u5xx_hal_rcc.c ****           ((READ_BIT(temp2_pllckcfg, RCC_PLL1DIVR_PLL1P) >> \
 3536              		.loc 1 1277 97 view .LVU1168
 3537 0a00 9A42     		cmp	r2, r3
 3538 0a02 41D1     		bne	.L294
1280:Drivers/STM32U5xx_HAL_Driver/Src/stm32u5xx_hal_rcc.c ****             RCC_PLL1DIVR_PLL1Q_Pos) != (pRCC_OscInitStruct->PLL.PLLQ - 1U)) ||
 3539              		.loc 1 1280 58 view .LVU1169
 3540 0a04 C0F30642 		ubfx	r2, r0, #16, #7
1281:Drivers/STM32U5xx_HAL_Driver/Src/stm32u5xx_hal_rcc.c ****           ((READ_BIT(temp2_pllckcfg, RCC_PLL1DIVR_PLL1R) >> \
 3541              		.loc 1 1281 64 view .LVU1170
 3542 0a08 236D     		ldr	r3, [r4, #80]
1281:Drivers/STM32U5xx_HAL_Driver/Src/stm32u5xx_hal_rcc.c ****           ((READ_BIT(temp2_pllckcfg, RCC_PLL1DIVR_PLL1R) >> \
 3543              		.loc 1 1281 70 view .LVU1171
 3544 0a0a 013B     		subs	r3, r3, #1
1279:Drivers/STM32U5xx_HAL_Driver/Src/stm32u5xx_hal_rcc.c ****           ((READ_BIT(temp2_pllckcfg, RCC_PLL1DIVR_PLL1Q) >> \
 3545              		.loc 1 1279 77 view .LVU1172
 3546 0a0c 9A42     		cmp	r2, r3
 3547 0a0e 3DD1     		bne	.L295
1282:Drivers/STM32U5xx_HAL_Driver/Src/stm32u5xx_hal_rcc.c ****             RCC_PLL1DIVR_PLL1R_Pos) != (pRCC_OscInitStruct->PLL.PLLR - 1U)))
 3548              		.loc 1 1282 58 view .LVU1173
 3549 0a10 C0F30660 		ubfx	r0, r0, #24, #7
 3550              	.LVL255:
1283:Drivers/STM32U5xx_HAL_Driver/Src/stm32u5xx_hal_rcc.c ****       {
 3551              		.loc 1 1283 64 view .LVU1174
 3552 0a14 636D     		ldr	r3, [r4, #84]
1283:Drivers/STM32U5xx_HAL_Driver/Src/stm32u5xx_hal_rcc.c ****       {
 3553              		.loc 1 1283 70 view .LVU1175
 3554 0a16 013B     		subs	r3, r3, #1
1281:Drivers/STM32U5xx_HAL_Driver/Src/stm32u5xx_hal_rcc.c ****           ((READ_BIT(temp2_pllckcfg, RCC_PLL1DIVR_PLL1R) >> \
 3555              		.loc 1 1281 77 view .LVU1176
 3556 0a18 9842     		cmp	r0, r3
 3557 0a1a 39D1     		bne	.L296
1289:Drivers/STM32U5xx_HAL_Driver/Src/stm32u5xx_hal_rcc.c ****            RCC_PLL1FRACR_PLL1FRACN_Pos) != (pRCC_OscInitStruct->PLL.PLLFRACN))
 3558              		.loc 1 1289 7 is_stmt 1 view .LVU1177
1289:Drivers/STM32U5xx_HAL_Driver/Src/stm32u5xx_hal_rcc.c ****            RCC_PLL1FRACR_PLL1FRACN_Pos) != (pRCC_OscInitStruct->PLL.PLLFRACN))
 3559              		.loc 1 1289 12 is_stmt 0 view .LVU1178
 3560 0a1c 1D4B     		ldr	r3, .L337
 3561 0a1e 9B6B     		ldr	r3, [r3, #56]
1289:Drivers/STM32U5xx_HAL_Driver/Src/stm32u5xx_hal_rcc.c ****            RCC_PLL1FRACR_PLL1FRACN_Pos) != (pRCC_OscInitStruct->PLL.PLLFRACN))
 3562              		.loc 1 1289 62 view .LVU1179
 3563 0a20 C3F3CC03 		ubfx	r3, r3, #3, #13
1290:Drivers/STM32U5xx_HAL_Driver/Src/stm32u5xx_hal_rcc.c ****       {
 3564              		.loc 1 1290 68 view .LVU1180
 3565 0a24 E26D     		ldr	r2, [r4, #92]
1289:Drivers/STM32U5xx_HAL_Driver/Src/stm32u5xx_hal_rcc.c ****            RCC_PLL1FRACR_PLL1FRACN_Pos) != (pRCC_OscInitStruct->PLL.PLLFRACN))
 3566              		.loc 1 1289 10 view .LVU1181
 3567 0a26 9342     		cmp	r3, r2
 3568 0a28 01D1     		bne	.L330
 3569              	.LBE22:
1314:Drivers/STM32U5xx_HAL_Driver/Src/stm32u5xx_hal_rcc.c **** }
 3570              		.loc 1 1314 10 view .LVU1182
 3571 0a2a 0020     		movs	r0, #0
 3572 0a2c 18E0     		b	.L137
 3573              	.L330:
 3574              	.LBB23:
ARM GAS  /var/folders/j8/bx6g0dyx2gg_pdn7l_y1sb9c0000gn/T//cc64Wppv.s 			page 124


1292:Drivers/STM32U5xx_HAL_Driver/Src/stm32u5xx_hal_rcc.c **** 
 3575              		.loc 1 1292 9 is_stmt 1 view .LVU1183
1295:Drivers/STM32U5xx_HAL_Driver/Src/stm32u5xx_hal_rcc.c **** 
 3576              		.loc 1 1295 9 view .LVU1184
 3577 0a2e 194A     		ldr	r2, .L337
 3578 0a30 936A     		ldr	r3, [r2, #40]
 3579 0a32 23F01003 		bic	r3, r3, #16
 3580 0a36 9362     		str	r3, [r2, #40]
1298:Drivers/STM32U5xx_HAL_Driver/Src/stm32u5xx_hal_rcc.c **** 
 3581              		.loc 1 1298 9 view .LVU1185
1298:Drivers/STM32U5xx_HAL_Driver/Src/stm32u5xx_hal_rcc.c **** 
 3582              		.loc 1 1298 21 is_stmt 0 view .LVU1186
 3583 0a38 FFF7FEFF 		bl	HAL_GetTick
 3584              	.LVL256:
 3585 0a3c 0546     		mov	r5, r0
 3586              	.LVL257:
1302:Drivers/STM32U5xx_HAL_Driver/Src/stm32u5xx_hal_rcc.c ****         {
 3587              		.loc 1 1302 9 is_stmt 1 view .LVU1187
 3588              	.L251:
1304:Drivers/STM32U5xx_HAL_Driver/Src/stm32u5xx_hal_rcc.c **** 
 3589              		.loc 1 1304 9 discriminator 1 view .LVU1188
1302:Drivers/STM32U5xx_HAL_Driver/Src/stm32u5xx_hal_rcc.c ****         {
 3590              		.loc 1 1302 15 discriminator 1 view .LVU1189
1302:Drivers/STM32U5xx_HAL_Driver/Src/stm32u5xx_hal_rcc.c ****         {
 3591              		.loc 1 1302 17 is_stmt 0 discriminator 1 view .LVU1190
 3592 0a3e FFF7FEFF 		bl	HAL_GetTick
 3593              	.LVL258:
1302:Drivers/STM32U5xx_HAL_Driver/Src/stm32u5xx_hal_rcc.c ****         {
 3594              		.loc 1 1302 15 discriminator 1 view .LVU1191
 3595 0a42 A842     		cmp	r0, r5
 3596 0a44 FBD0     		beq	.L251
1307:Drivers/STM32U5xx_HAL_Driver/Src/stm32u5xx_hal_rcc.c **** 
 3597              		.loc 1 1307 9 is_stmt 1 view .LVU1192
 3598 0a46 E26D     		ldr	r2, [r4, #92]
 3599 0a48 D200     		lsls	r2, r2, #3
 3600 0a4a 124B     		ldr	r3, .L337
 3601 0a4c 9A63     		str	r2, [r3, #56]
1310:Drivers/STM32U5xx_HAL_Driver/Src/stm32u5xx_hal_rcc.c ****       }
 3602              		.loc 1 1310 9 view .LVU1193
 3603 0a4e 9A6A     		ldr	r2, [r3, #40]
 3604 0a50 42F01002 		orr	r2, r2, #16
 3605 0a54 9A62     		str	r2, [r3, #40]
 3606              	.LBE23:
1314:Drivers/STM32U5xx_HAL_Driver/Src/stm32u5xx_hal_rcc.c **** }
 3607              		.loc 1 1314 10 is_stmt 0 view .LVU1194
 3608 0a56 0020     		movs	r0, #0
 3609 0a58 02E0     		b	.L137
 3610              	.LVL259:
 3611              	.L252:
 3612              	.LCFI19:
 3613              		.cfi_def_cfa_offset 0
 3614              		.cfi_restore 4
 3615              		.cfi_restore 5
 3616              		.cfi_restore 6
 3617              		.cfi_restore 7
 3618              		.cfi_restore 14
 538:Drivers/STM32U5xx_HAL_Driver/Src/stm32u5xx_hal_rcc.c ****   }
ARM GAS  /var/folders/j8/bx6g0dyx2gg_pdn7l_y1sb9c0000gn/T//cc64Wppv.s 			page 125


 3619              		.loc 1 538 12 view .LVU1195
 3620 0a5a 0120     		movs	r0, #1
 3621              	.LVL260:
1315:Drivers/STM32U5xx_HAL_Driver/Src/stm32u5xx_hal_rcc.c **** 
 3622              		.loc 1 1315 1 view .LVU1196
 3623 0a5c 7047     		bx	lr
 3624              	.LVL261:
 3625              	.L253:
 3626              	.LCFI20:
 3627              		.cfi_def_cfa_offset 40
 3628              		.cfi_offset 4, -20
 3629              		.cfi_offset 5, -16
 3630              		.cfi_offset 6, -12
 3631              		.cfi_offset 7, -8
 3632              		.cfi_offset 14, -4
 562:Drivers/STM32U5xx_HAL_Driver/Src/stm32u5xx_hal_rcc.c ****       }
 3633              		.loc 1 562 16 view .LVU1197
 3634 0a5e 0120     		movs	r0, #1
 3635              	.LVL262:
 3636              	.L137:
1315:Drivers/STM32U5xx_HAL_Driver/Src/stm32u5xx_hal_rcc.c **** 
 3637              		.loc 1 1315 1 view .LVU1198
 3638 0a60 05B0     		add	sp, sp, #20
 3639              	.LCFI21:
 3640              		.cfi_remember_state
 3641              		.cfi_def_cfa_offset 20
 3642              		@ sp needed
 3643 0a62 F0BD     		pop	{r4, r5, r6, r7, pc}
 3644              	.LVL263:
 3645              	.L313:
 3646              	.LCFI22:
 3647              		.cfi_restore_state
 672:Drivers/STM32U5xx_HAL_Driver/Src/stm32u5xx_hal_rcc.c ****       }
 3648              		.loc 1 672 16 view .LVU1199
 3649 0a64 0120     		movs	r0, #1
 3650 0a66 FBE7     		b	.L137
 3651              	.L261:
 723:Drivers/STM32U5xx_HAL_Driver/Src/stm32u5xx_hal_rcc.c ****       }
 3652              		.loc 1 723 16 view .LVU1200
 3653 0a68 0120     		movs	r0, #1
 3654 0a6a F9E7     		b	.L137
 3655              	.LVL264:
 3656              	.L266:
 3657              	.LBB24:
 3658              	.LBB11:
 819:Drivers/STM32U5xx_HAL_Driver/Src/stm32u5xx_hal_rcc.c ****         }
 3659              		.loc 1 819 18 view .LVU1201
 3660 0a6c 0120     		movs	r0, #1
 3661 0a6e F7E7     		b	.L137
 3662              	.LVL265:
 3663              	.L283:
 819:Drivers/STM32U5xx_HAL_Driver/Src/stm32u5xx_hal_rcc.c ****         }
 3664              		.loc 1 819 18 view .LVU1202
 3665              	.LBE11:
 3666              	.LBE24:
1314:Drivers/STM32U5xx_HAL_Driver/Src/stm32u5xx_hal_rcc.c **** }
 3667              		.loc 1 1314 10 view .LVU1203
ARM GAS  /var/folders/j8/bx6g0dyx2gg_pdn7l_y1sb9c0000gn/T//cc64Wppv.s 			page 126


 3668 0a70 0020     		movs	r0, #0
 3669 0a72 F5E7     		b	.L137
 3670              	.LVL266:
 3671              	.L289:
 3672              	.LBB25:
1285:Drivers/STM32U5xx_HAL_Driver/Src/stm32u5xx_hal_rcc.c ****       }
 3673              		.loc 1 1285 16 view .LVU1204
 3674 0a74 0120     		movs	r0, #1
 3675              	.LVL267:
1285:Drivers/STM32U5xx_HAL_Driver/Src/stm32u5xx_hal_rcc.c ****       }
 3676              		.loc 1 1285 16 view .LVU1205
 3677 0a76 F3E7     		b	.L137
 3678              	.LVL268:
 3679              	.L290:
1285:Drivers/STM32U5xx_HAL_Driver/Src/stm32u5xx_hal_rcc.c ****       }
 3680              		.loc 1 1285 16 view .LVU1206
 3681 0a78 0120     		movs	r0, #1
 3682              	.LVL269:
1285:Drivers/STM32U5xx_HAL_Driver/Src/stm32u5xx_hal_rcc.c ****       }
 3683              		.loc 1 1285 16 view .LVU1207
 3684 0a7a F1E7     		b	.L137
 3685              	.LVL270:
 3686              	.L291:
1285:Drivers/STM32U5xx_HAL_Driver/Src/stm32u5xx_hal_rcc.c ****       }
 3687              		.loc 1 1285 16 view .LVU1208
 3688 0a7c 0120     		movs	r0, #1
 3689              	.LVL271:
1285:Drivers/STM32U5xx_HAL_Driver/Src/stm32u5xx_hal_rcc.c ****       }
 3690              		.loc 1 1285 16 view .LVU1209
 3691 0a7e EFE7     		b	.L137
 3692              	.LVL272:
 3693              	.L292:
1285:Drivers/STM32U5xx_HAL_Driver/Src/stm32u5xx_hal_rcc.c ****       }
 3694              		.loc 1 1285 16 view .LVU1210
 3695 0a80 0120     		movs	r0, #1
 3696              	.LVL273:
1285:Drivers/STM32U5xx_HAL_Driver/Src/stm32u5xx_hal_rcc.c ****       }
 3697              		.loc 1 1285 16 view .LVU1211
 3698 0a82 EDE7     		b	.L137
 3699              	.LVL274:
 3700              	.L293:
1285:Drivers/STM32U5xx_HAL_Driver/Src/stm32u5xx_hal_rcc.c ****       }
 3701              		.loc 1 1285 16 view .LVU1212
 3702 0a84 0120     		movs	r0, #1
 3703              	.LVL275:
1285:Drivers/STM32U5xx_HAL_Driver/Src/stm32u5xx_hal_rcc.c ****       }
 3704              		.loc 1 1285 16 view .LVU1213
 3705 0a86 EBE7     		b	.L137
 3706              	.LVL276:
 3707              	.L294:
1285:Drivers/STM32U5xx_HAL_Driver/Src/stm32u5xx_hal_rcc.c ****       }
 3708              		.loc 1 1285 16 view .LVU1214
 3709 0a88 0120     		movs	r0, #1
 3710              	.LVL277:
1285:Drivers/STM32U5xx_HAL_Driver/Src/stm32u5xx_hal_rcc.c ****       }
 3711              		.loc 1 1285 16 view .LVU1215
 3712 0a8a E9E7     		b	.L137
ARM GAS  /var/folders/j8/bx6g0dyx2gg_pdn7l_y1sb9c0000gn/T//cc64Wppv.s 			page 127


 3713              	.LVL278:
 3714              	.L295:
1285:Drivers/STM32U5xx_HAL_Driver/Src/stm32u5xx_hal_rcc.c ****       }
 3715              		.loc 1 1285 16 view .LVU1216
 3716 0a8c 0120     		movs	r0, #1
 3717              	.LVL279:
1285:Drivers/STM32U5xx_HAL_Driver/Src/stm32u5xx_hal_rcc.c ****       }
 3718              		.loc 1 1285 16 view .LVU1217
 3719 0a8e E7E7     		b	.L137
 3720              	.L296:
 3721 0a90 0120     		movs	r0, #1
 3722 0a92 E5E7     		b	.L137
 3723              	.L338:
 3724              		.align	2
 3725              	.L337:
 3726 0a94 000C0246 		.word	1174539264
 3727 0a98 00080246 		.word	1174538240
 3728 0a9c 00008080 		.word	-2139095040
 3729              	.LBE25:
 3730              		.cfi_endproc
 3731              	.LFE158:
 3733              		.section	.text.HAL_RCC_GetPCLK1Freq,"ax",%progbits
 3734              		.align	1
 3735              		.global	HAL_RCC_GetPCLK1Freq
 3736              		.syntax unified
 3737              		.thumb
 3738              		.thumb_func
 3740              	HAL_RCC_GetPCLK1Freq:
 3741              	.LFB163:
1825:Drivers/STM32U5xx_HAL_Driver/Src/stm32u5xx_hal_rcc.c ****   /* Get HCLK source and Compute PCLK1 frequency ---------------------------*/
 3742              		.loc 1 1825 1 is_stmt 1 view -0
 3743              		.cfi_startproc
 3744              		@ args = 0, pretend = 0, frame = 0
 3745              		@ frame_needed = 0, uses_anonymous_args = 0
 3746 0000 08B5     		push	{r3, lr}
 3747              	.LCFI23:
 3748              		.cfi_def_cfa_offset 8
 3749              		.cfi_offset 3, -8
 3750              		.cfi_offset 14, -4
1827:Drivers/STM32U5xx_HAL_Driver/Src/stm32u5xx_hal_rcc.c **** }
 3751              		.loc 1 1827 3 view .LVU1219
1827:Drivers/STM32U5xx_HAL_Driver/Src/stm32u5xx_hal_rcc.c **** }
 3752              		.loc 1 1827 11 is_stmt 0 view .LVU1220
 3753 0002 FFF7FEFF 		bl	HAL_RCC_GetHCLKFreq
 3754              	.LVL280:
1827:Drivers/STM32U5xx_HAL_Driver/Src/stm32u5xx_hal_rcc.c **** }
 3755              		.loc 1 1827 54 view .LVU1221
 3756 0006 044B     		ldr	r3, .L341
 3757 0008 1B6A     		ldr	r3, [r3, #32]
1827:Drivers/STM32U5xx_HAL_Driver/Src/stm32u5xx_hal_rcc.c **** }
 3758              		.loc 1 1827 81 view .LVU1222
 3759 000a C3F30213 		ubfx	r3, r3, #4, #3
1827:Drivers/STM32U5xx_HAL_Driver/Src/stm32u5xx_hal_rcc.c **** }
 3760              		.loc 1 1827 49 view .LVU1223
 3761 000e 034A     		ldr	r2, .L341+4
 3762 0010 D35C     		ldrb	r3, [r2, r3]	@ zero_extendqisi2
1828:Drivers/STM32U5xx_HAL_Driver/Src/stm32u5xx_hal_rcc.c **** 
ARM GAS  /var/folders/j8/bx6g0dyx2gg_pdn7l_y1sb9c0000gn/T//cc64Wppv.s 			page 128


 3763              		.loc 1 1828 1 view .LVU1224
 3764 0012 D840     		lsrs	r0, r0, r3
 3765 0014 08BD     		pop	{r3, pc}
 3766              	.L342:
 3767 0016 00BF     		.align	2
 3768              	.L341:
 3769 0018 000C0246 		.word	1174539264
 3770 001c 00000000 		.word	APBPrescTable
 3771              		.cfi_endproc
 3772              	.LFE163:
 3774              		.section	.text.HAL_RCC_GetPCLK2Freq,"ax",%progbits
 3775              		.align	1
 3776              		.global	HAL_RCC_GetPCLK2Freq
 3777              		.syntax unified
 3778              		.thumb
 3779              		.thumb_func
 3781              	HAL_RCC_GetPCLK2Freq:
 3782              	.LFB164:
1837:Drivers/STM32U5xx_HAL_Driver/Src/stm32u5xx_hal_rcc.c ****   /* Get HCLK source and Compute PCLK2 frequency ---------------------------*/
 3783              		.loc 1 1837 1 is_stmt 1 view -0
 3784              		.cfi_startproc
 3785              		@ args = 0, pretend = 0, frame = 0
 3786              		@ frame_needed = 0, uses_anonymous_args = 0
 3787 0000 08B5     		push	{r3, lr}
 3788              	.LCFI24:
 3789              		.cfi_def_cfa_offset 8
 3790              		.cfi_offset 3, -8
 3791              		.cfi_offset 14, -4
1839:Drivers/STM32U5xx_HAL_Driver/Src/stm32u5xx_hal_rcc.c **** }
 3792              		.loc 1 1839 3 view .LVU1226
1839:Drivers/STM32U5xx_HAL_Driver/Src/stm32u5xx_hal_rcc.c **** }
 3793              		.loc 1 1839 11 is_stmt 0 view .LVU1227
 3794 0002 FFF7FEFF 		bl	HAL_RCC_GetHCLKFreq
 3795              	.LVL281:
1839:Drivers/STM32U5xx_HAL_Driver/Src/stm32u5xx_hal_rcc.c **** }
 3796              		.loc 1 1839 54 view .LVU1228
 3797 0006 044B     		ldr	r3, .L345
 3798 0008 1B6A     		ldr	r3, [r3, #32]
1839:Drivers/STM32U5xx_HAL_Driver/Src/stm32u5xx_hal_rcc.c **** }
 3799              		.loc 1 1839 81 view .LVU1229
 3800 000a C3F30223 		ubfx	r3, r3, #8, #3
1839:Drivers/STM32U5xx_HAL_Driver/Src/stm32u5xx_hal_rcc.c **** }
 3801              		.loc 1 1839 49 view .LVU1230
 3802 000e 034A     		ldr	r2, .L345+4
 3803 0010 D35C     		ldrb	r3, [r2, r3]	@ zero_extendqisi2
1840:Drivers/STM32U5xx_HAL_Driver/Src/stm32u5xx_hal_rcc.c **** 
 3804              		.loc 1 1840 1 view .LVU1231
 3805 0012 D840     		lsrs	r0, r0, r3
 3806 0014 08BD     		pop	{r3, pc}
 3807              	.L346:
 3808 0016 00BF     		.align	2
 3809              	.L345:
 3810 0018 000C0246 		.word	1174539264
 3811 001c 00000000 		.word	APBPrescTable
 3812              		.cfi_endproc
 3813              	.LFE164:
 3815              		.section	.text.HAL_RCC_GetPCLK3Freq,"ax",%progbits
ARM GAS  /var/folders/j8/bx6g0dyx2gg_pdn7l_y1sb9c0000gn/T//cc64Wppv.s 			page 129


 3816              		.align	1
 3817              		.global	HAL_RCC_GetPCLK3Freq
 3818              		.syntax unified
 3819              		.thumb
 3820              		.thumb_func
 3822              	HAL_RCC_GetPCLK3Freq:
 3823              	.LFB165:
1849:Drivers/STM32U5xx_HAL_Driver/Src/stm32u5xx_hal_rcc.c ****   /* Get HCLK source and Compute PCLK2 frequency ---------------------------*/
 3824              		.loc 1 1849 1 is_stmt 1 view -0
 3825              		.cfi_startproc
 3826              		@ args = 0, pretend = 0, frame = 0
 3827              		@ frame_needed = 0, uses_anonymous_args = 0
 3828 0000 08B5     		push	{r3, lr}
 3829              	.LCFI25:
 3830              		.cfi_def_cfa_offset 8
 3831              		.cfi_offset 3, -8
 3832              		.cfi_offset 14, -4
1851:Drivers/STM32U5xx_HAL_Driver/Src/stm32u5xx_hal_rcc.c **** }
 3833              		.loc 1 1851 3 view .LVU1233
1851:Drivers/STM32U5xx_HAL_Driver/Src/stm32u5xx_hal_rcc.c **** }
 3834              		.loc 1 1851 11 is_stmt 0 view .LVU1234
 3835 0002 FFF7FEFF 		bl	HAL_RCC_GetHCLKFreq
 3836              	.LVL282:
1851:Drivers/STM32U5xx_HAL_Driver/Src/stm32u5xx_hal_rcc.c **** }
 3837              		.loc 1 1851 54 view .LVU1235
 3838 0006 044B     		ldr	r3, .L349
 3839 0008 5B6A     		ldr	r3, [r3, #36]
1851:Drivers/STM32U5xx_HAL_Driver/Src/stm32u5xx_hal_rcc.c **** }
 3840              		.loc 1 1851 81 view .LVU1236
 3841 000a C3F30213 		ubfx	r3, r3, #4, #3
1851:Drivers/STM32U5xx_HAL_Driver/Src/stm32u5xx_hal_rcc.c **** }
 3842              		.loc 1 1851 49 view .LVU1237
 3843 000e 034A     		ldr	r2, .L349+4
 3844 0010 D35C     		ldrb	r3, [r2, r3]	@ zero_extendqisi2
1852:Drivers/STM32U5xx_HAL_Driver/Src/stm32u5xx_hal_rcc.c **** /**
 3845              		.loc 1 1852 1 view .LVU1238
 3846 0012 D840     		lsrs	r0, r0, r3
 3847 0014 08BD     		pop	{r3, pc}
 3848              	.L350:
 3849 0016 00BF     		.align	2
 3850              	.L349:
 3851 0018 000C0246 		.word	1174539264
 3852 001c 00000000 		.word	APBPrescTable
 3853              		.cfi_endproc
 3854              	.LFE165:
 3856              		.section	.text.HAL_RCC_GetOscConfig,"ax",%progbits
 3857              		.align	1
 3858              		.global	HAL_RCC_GetOscConfig
 3859              		.syntax unified
 3860              		.thumb
 3861              		.thumb_func
 3863              	HAL_RCC_GetOscConfig:
 3864              	.LVL283:
 3865              	.LFB166:
1861:Drivers/STM32U5xx_HAL_Driver/Src/stm32u5xx_hal_rcc.c ****   uint32_t regval;
 3866              		.loc 1 1861 1 is_stmt 1 view -0
 3867              		.cfi_startproc
ARM GAS  /var/folders/j8/bx6g0dyx2gg_pdn7l_y1sb9c0000gn/T//cc64Wppv.s 			page 130


 3868              		@ args = 0, pretend = 0, frame = 0
 3869              		@ frame_needed = 0, uses_anonymous_args = 0
 3870              		@ link register save eliminated.
1861:Drivers/STM32U5xx_HAL_Driver/Src/stm32u5xx_hal_rcc.c ****   uint32_t regval;
 3871              		.loc 1 1861 1 is_stmt 0 view .LVU1240
 3872 0000 10B4     		push	{r4}
 3873              	.LCFI26:
 3874              		.cfi_def_cfa_offset 4
 3875              		.cfi_offset 4, -4
1862:Drivers/STM32U5xx_HAL_Driver/Src/stm32u5xx_hal_rcc.c ****   uint32_t reg1val;
 3876              		.loc 1 1862 3 is_stmt 1 view .LVU1241
1863:Drivers/STM32U5xx_HAL_Driver/Src/stm32u5xx_hal_rcc.c ****   uint32_t reg2val;
 3877              		.loc 1 1863 3 view .LVU1242
1864:Drivers/STM32U5xx_HAL_Driver/Src/stm32u5xx_hal_rcc.c **** 
 3878              		.loc 1 1864 3 view .LVU1243
1867:Drivers/STM32U5xx_HAL_Driver/Src/stm32u5xx_hal_rcc.c **** 
 3879              		.loc 1 1867 3 view .LVU1244
1870:Drivers/STM32U5xx_HAL_Driver/Src/stm32u5xx_hal_rcc.c ****                                        RCC_OSCILLATORTYPE_LSE | RCC_OSCILLATORTYPE_LSI | RCC_OSCILL
 3880              		.loc 1 1870 3 view .LVU1245
1870:Drivers/STM32U5xx_HAL_Driver/Src/stm32u5xx_hal_rcc.c ****                                        RCC_OSCILLATORTYPE_LSE | RCC_OSCILLATORTYPE_LSI | RCC_OSCILL
 3881              		.loc 1 1870 38 is_stmt 0 view .LVU1246
 3882 0002 3F23     		movs	r3, #63
 3883 0004 0360     		str	r3, [r0]
1874:Drivers/STM32U5xx_HAL_Driver/Src/stm32u5xx_hal_rcc.c **** 
 3884              		.loc 1 1874 3 is_stmt 1 view .LVU1247
1874:Drivers/STM32U5xx_HAL_Driver/Src/stm32u5xx_hal_rcc.c **** 
 3885              		.loc 1 1874 10 is_stmt 0 view .LVU1248
 3886 0006 3349     		ldr	r1, .L360
 3887 0008 0B68     		ldr	r3, [r1]
 3888              	.LVL284:
1877:Drivers/STM32U5xx_HAL_Driver/Src/stm32u5xx_hal_rcc.c **** 
 3889              		.loc 1 1877 3 is_stmt 1 view .LVU1249
1877:Drivers/STM32U5xx_HAL_Driver/Src/stm32u5xx_hal_rcc.c **** 
 3890              		.loc 1 1877 42 is_stmt 0 view .LVU1250
 3891 000a 03F4A812 		and	r2, r3, #1376256
1877:Drivers/STM32U5xx_HAL_Driver/Src/stm32u5xx_hal_rcc.c **** 
 3892              		.loc 1 1877 32 view .LVU1251
 3893 000e 4260     		str	r2, [r0, #4]
1880:Drivers/STM32U5xx_HAL_Driver/Src/stm32u5xx_hal_rcc.c **** 
 3894              		.loc 1 1880 3 is_stmt 1 view .LVU1252
1880:Drivers/STM32U5xx_HAL_Driver/Src/stm32u5xx_hal_rcc.c **** 
 3895              		.loc 1 1880 41 is_stmt 0 view .LVU1253
 3896 0010 03F00102 		and	r2, r3, #1
1880:Drivers/STM32U5xx_HAL_Driver/Src/stm32u5xx_hal_rcc.c **** 
 3897              		.loc 1 1880 32 view .LVU1254
 3898 0014 C261     		str	r2, [r0, #28]
1882:Drivers/STM32U5xx_HAL_Driver/Src/stm32u5xx_hal_rcc.c ****   reg2val = RCC->ICSCR2;
 3899              		.loc 1 1882 3 is_stmt 1 view .LVU1255
1882:Drivers/STM32U5xx_HAL_Driver/Src/stm32u5xx_hal_rcc.c ****   reg2val = RCC->ICSCR2;
 3900              		.loc 1 1882 11 is_stmt 0 view .LVU1256
 3901 0016 8A68     		ldr	r2, [r1, #8]
 3902              	.LVL285:
1883:Drivers/STM32U5xx_HAL_Driver/Src/stm32u5xx_hal_rcc.c **** 
 3903              		.loc 1 1883 3 is_stmt 1 view .LVU1257
1883:Drivers/STM32U5xx_HAL_Driver/Src/stm32u5xx_hal_rcc.c **** 
 3904              		.loc 1 1883 11 is_stmt 0 view .LVU1258
 3905 0018 C968     		ldr	r1, [r1, #12]
ARM GAS  /var/folders/j8/bx6g0dyx2gg_pdn7l_y1sb9c0000gn/T//cc64Wppv.s 			page 131


 3906              	.LVL286:
1885:Drivers/STM32U5xx_HAL_Driver/Src/stm32u5xx_hal_rcc.c ****   if (pRCC_OscInitStruct->MSIClockRange >= RCC_MSIRANGE_12)
 3907              		.loc 1 1885 3 is_stmt 1 view .LVU1259
1885:Drivers/STM32U5xx_HAL_Driver/Src/stm32u5xx_hal_rcc.c ****   if (pRCC_OscInitStruct->MSIClockRange >= RCC_MSIRANGE_12)
 3908              		.loc 1 1885 39 is_stmt 0 view .LVU1260
 3909 001a 02F07042 		and	r2, r2, #-268435456
 3910              	.LVL287:
1885:Drivers/STM32U5xx_HAL_Driver/Src/stm32u5xx_hal_rcc.c ****   if (pRCC_OscInitStruct->MSIClockRange >= RCC_MSIRANGE_12)
 3911              		.loc 1 1885 37 view .LVU1261
 3912 001e 4262     		str	r2, [r0, #36]
1886:Drivers/STM32U5xx_HAL_Driver/Src/stm32u5xx_hal_rcc.c ****   {
 3913              		.loc 1 1886 3 is_stmt 1 view .LVU1262
1886:Drivers/STM32U5xx_HAL_Driver/Src/stm32u5xx_hal_rcc.c ****   {
 3914              		.loc 1 1886 6 is_stmt 0 view .LVU1263
 3915 0020 B2F1404F 		cmp	r2, #-1073741824
 3916 0024 42D3     		bcc	.L352
1888:Drivers/STM32U5xx_HAL_Driver/Src/stm32u5xx_hal_rcc.c ****                                                          RCC_ICSCR2_MSITRIM3_Pos);
 3917              		.loc 1 1888 5 is_stmt 1 view .LVU1264
1888:Drivers/STM32U5xx_HAL_Driver/Src/stm32u5xx_hal_rcc.c ****                                                          RCC_ICSCR2_MSITRIM3_Pos);
 3918              		.loc 1 1888 47 is_stmt 0 view .LVU1265
 3919 0026 01F01F01 		and	r1, r1, #31
 3920              	.LVL288:
1888:Drivers/STM32U5xx_HAL_Driver/Src/stm32u5xx_hal_rcc.c ****                                                          RCC_ICSCR2_MSITRIM3_Pos);
 3921              		.loc 1 1888 45 view .LVU1266
 3922 002a 0162     		str	r1, [r0, #32]
 3923              	.L353:
1909:Drivers/STM32U5xx_HAL_Driver/Src/stm32u5xx_hal_rcc.c ****   pRCC_OscInitStruct->HSICalibrationValue = (uint32_t)((RCC->ICSCR3 & RCC_ICSCR3_HSITRIM) >> RCC_IC
 3924              		.loc 1 1909 3 is_stmt 1 view .LVU1267
1909:Drivers/STM32U5xx_HAL_Driver/Src/stm32u5xx_hal_rcc.c ****   pRCC_OscInitStruct->HSICalibrationValue = (uint32_t)((RCC->ICSCR3 & RCC_ICSCR3_HSITRIM) >> RCC_IC
 3925              		.loc 1 1909 41 is_stmt 0 view .LVU1268
 3926 002c 03F48073 		and	r3, r3, #256
 3927              	.LVL289:
1909:Drivers/STM32U5xx_HAL_Driver/Src/stm32u5xx_hal_rcc.c ****   pRCC_OscInitStruct->HSICalibrationValue = (uint32_t)((RCC->ICSCR3 & RCC_ICSCR3_HSITRIM) >> RCC_IC
 3928              		.loc 1 1909 32 view .LVU1269
 3929 0030 C360     		str	r3, [r0, #12]
1910:Drivers/STM32U5xx_HAL_Driver/Src/stm32u5xx_hal_rcc.c **** 
 3930              		.loc 1 1910 3 is_stmt 1 view .LVU1270
1910:Drivers/STM32U5xx_HAL_Driver/Src/stm32u5xx_hal_rcc.c **** 
 3931              		.loc 1 1910 60 is_stmt 0 view .LVU1271
 3932 0032 284A     		ldr	r2, .L360
 3933 0034 1369     		ldr	r3, [r2, #16]
1910:Drivers/STM32U5xx_HAL_Driver/Src/stm32u5xx_hal_rcc.c **** 
 3934              		.loc 1 1910 45 view .LVU1272
 3935 0036 C3F30443 		ubfx	r3, r3, #16, #5
1910:Drivers/STM32U5xx_HAL_Driver/Src/stm32u5xx_hal_rcc.c **** 
 3936              		.loc 1 1910 43 view .LVU1273
 3937 003a 0361     		str	r3, [r0, #16]
1913:Drivers/STM32U5xx_HAL_Driver/Src/stm32u5xx_hal_rcc.c **** 
 3938              		.loc 1 1913 3 is_stmt 1 view .LVU1274
1913:Drivers/STM32U5xx_HAL_Driver/Src/stm32u5xx_hal_rcc.c **** 
 3939              		.loc 1 1913 10 is_stmt 0 view .LVU1275
 3940 003c D2F8F030 		ldr	r3, [r2, #240]
 3941              	.LVL290:
1916:Drivers/STM32U5xx_HAL_Driver/Src/stm32u5xx_hal_rcc.c **** 
 3942              		.loc 1 1916 3 is_stmt 1 view .LVU1276
1916:Drivers/STM32U5xx_HAL_Driver/Src/stm32u5xx_hal_rcc.c **** 
 3943              		.loc 1 1916 42 is_stmt 0 view .LVU1277
ARM GAS  /var/folders/j8/bx6g0dyx2gg_pdn7l_y1sb9c0000gn/T//cc64Wppv.s 			page 132


 3944 0040 03F08501 		and	r1, r3, #133
1916:Drivers/STM32U5xx_HAL_Driver/Src/stm32u5xx_hal_rcc.c **** 
 3945              		.loc 1 1916 32 view .LVU1278
 3946 0044 8160     		str	r1, [r0, #8]
1919:Drivers/STM32U5xx_HAL_Driver/Src/stm32u5xx_hal_rcc.c **** 
 3947              		.loc 1 1919 3 is_stmt 1 view .LVU1279
1919:Drivers/STM32U5xx_HAL_Driver/Src/stm32u5xx_hal_rcc.c **** 
 3948              		.loc 1 1919 41 is_stmt 0 view .LVU1280
 3949 0046 03F08063 		and	r3, r3, #67108864
 3950              	.LVL291:
1919:Drivers/STM32U5xx_HAL_Driver/Src/stm32u5xx_hal_rcc.c **** 
 3951              		.loc 1 1919 32 view .LVU1281
 3952 004a 4361     		str	r3, [r0, #20]
1922:Drivers/STM32U5xx_HAL_Driver/Src/stm32u5xx_hal_rcc.c **** 
 3953              		.loc 1 1922 3 is_stmt 1 view .LVU1282
1922:Drivers/STM32U5xx_HAL_Driver/Src/stm32u5xx_hal_rcc.c **** 
 3954              		.loc 1 1922 10 is_stmt 0 view .LVU1283
 3955 004c 1368     		ldr	r3, [r2]
 3956              	.LVL292:
1925:Drivers/STM32U5xx_HAL_Driver/Src/stm32u5xx_hal_rcc.c **** 
 3957              		.loc 1 1925 3 is_stmt 1 view .LVU1284
1925:Drivers/STM32U5xx_HAL_Driver/Src/stm32u5xx_hal_rcc.c **** 
 3958              		.loc 1 1925 43 is_stmt 0 view .LVU1285
 3959 004e 03F48052 		and	r2, r3, #4096
1925:Drivers/STM32U5xx_HAL_Driver/Src/stm32u5xx_hal_rcc.c **** 
 3960              		.loc 1 1925 34 view .LVU1286
 3961 0052 C262     		str	r2, [r0, #44]
1928:Drivers/STM32U5xx_HAL_Driver/Src/stm32u5xx_hal_rcc.c ****   {
 3962              		.loc 1 1928 3 is_stmt 1 view .LVU1287
1928:Drivers/STM32U5xx_HAL_Driver/Src/stm32u5xx_hal_rcc.c ****   {
 3963              		.loc 1 1928 6 is_stmt 0 view .LVU1288
 3964 0054 13F0807F 		tst	r3, #16777216
 3965 0058 39D0     		beq	.L356
1930:Drivers/STM32U5xx_HAL_Driver/Src/stm32u5xx_hal_rcc.c ****   }
 3966              		.loc 1 1930 5 is_stmt 1 view .LVU1289
1930:Drivers/STM32U5xx_HAL_Driver/Src/stm32u5xx_hal_rcc.c ****   }
 3967              		.loc 1 1930 38 is_stmt 0 view .LVU1290
 3968 005a 0223     		movs	r3, #2
 3969              	.LVL293:
1930:Drivers/STM32U5xx_HAL_Driver/Src/stm32u5xx_hal_rcc.c ****   }
 3970              		.loc 1 1930 38 view .LVU1291
 3971 005c 8363     		str	r3, [r0, #56]
 3972              	.L357:
1937:Drivers/STM32U5xx_HAL_Driver/Src/stm32u5xx_hal_rcc.c ****   reg2val = RCC->PLL1DIVR;
 3973              		.loc 1 1937 3 is_stmt 1 view .LVU1292
1937:Drivers/STM32U5xx_HAL_Driver/Src/stm32u5xx_hal_rcc.c ****   reg2val = RCC->PLL1DIVR;
 3974              		.loc 1 1937 11 is_stmt 0 view .LVU1293
 3975 005e 1D49     		ldr	r1, .L360
 3976 0060 8A6A     		ldr	r2, [r1, #40]
 3977              	.LVL294:
1938:Drivers/STM32U5xx_HAL_Driver/Src/stm32u5xx_hal_rcc.c **** 
 3978              		.loc 1 1938 3 is_stmt 1 view .LVU1294
1938:Drivers/STM32U5xx_HAL_Driver/Src/stm32u5xx_hal_rcc.c **** 
 3979              		.loc 1 1938 11 is_stmt 0 view .LVU1295
 3980 0062 4B6B     		ldr	r3, [r1, #52]
 3981              	.LVL295:
1940:Drivers/STM32U5xx_HAL_Driver/Src/stm32u5xx_hal_rcc.c ****   pRCC_OscInitStruct->PLL.PLLM = (uint32_t)(((reg1val & RCC_PLL1CFGR_PLL1M) >> RCC_PLL1CFGR_PLL1M_P
ARM GAS  /var/folders/j8/bx6g0dyx2gg_pdn7l_y1sb9c0000gn/T//cc64Wppv.s 			page 133


 3982              		.loc 1 1940 3 is_stmt 1 view .LVU1296
1940:Drivers/STM32U5xx_HAL_Driver/Src/stm32u5xx_hal_rcc.c ****   pRCC_OscInitStruct->PLL.PLLM = (uint32_t)(((reg1val & RCC_PLL1CFGR_PLL1M) >> RCC_PLL1CFGR_PLL1M_P
 3983              		.loc 1 1940 39 is_stmt 0 view .LVU1297
 3984 0064 02F00304 		and	r4, r2, #3
1940:Drivers/STM32U5xx_HAL_Driver/Src/stm32u5xx_hal_rcc.c ****   pRCC_OscInitStruct->PLL.PLLM = (uint32_t)(((reg1val & RCC_PLL1CFGR_PLL1M) >> RCC_PLL1CFGR_PLL1M_P
 3985              		.loc 1 1940 37 view .LVU1298
 3986 0068 C463     		str	r4, [r0, #60]
1941:Drivers/STM32U5xx_HAL_Driver/Src/stm32u5xx_hal_rcc.c ****   pRCC_OscInitStruct->PLL.PLLN = (uint32_t)(((reg2val & RCC_PLL1DIVR_PLL1N) >> RCC_PLL1DIVR_PLL1N_P
 3987              		.loc 1 1941 3 is_stmt 1 view .LVU1299
1941:Drivers/STM32U5xx_HAL_Driver/Src/stm32u5xx_hal_rcc.c ****   pRCC_OscInitStruct->PLL.PLLN = (uint32_t)(((reg2val & RCC_PLL1DIVR_PLL1N) >> RCC_PLL1DIVR_PLL1N_P
 3988              		.loc 1 1941 77 is_stmt 0 view .LVU1300
 3989 006a C2F30324 		ubfx	r4, r2, #8, #4
1941:Drivers/STM32U5xx_HAL_Driver/Src/stm32u5xx_hal_rcc.c ****   pRCC_OscInitStruct->PLL.PLLN = (uint32_t)(((reg2val & RCC_PLL1DIVR_PLL1N) >> RCC_PLL1DIVR_PLL1N_P
 3990              		.loc 1 1941 34 view .LVU1301
 3991 006e 0134     		adds	r4, r4, #1
1941:Drivers/STM32U5xx_HAL_Driver/Src/stm32u5xx_hal_rcc.c ****   pRCC_OscInitStruct->PLL.PLLN = (uint32_t)(((reg2val & RCC_PLL1DIVR_PLL1N) >> RCC_PLL1DIVR_PLL1N_P
 3992              		.loc 1 1941 32 view .LVU1302
 3993 0070 0464     		str	r4, [r0, #64]
1942:Drivers/STM32U5xx_HAL_Driver/Src/stm32u5xx_hal_rcc.c ****   pRCC_OscInitStruct->PLL.PLLQ = (uint32_t)(((reg2val & RCC_PLL1DIVR_PLL1Q) >> RCC_PLL1DIVR_PLL1Q_P
 3994              		.loc 1 1942 3 is_stmt 1 view .LVU1303
1942:Drivers/STM32U5xx_HAL_Driver/Src/stm32u5xx_hal_rcc.c ****   pRCC_OscInitStruct->PLL.PLLQ = (uint32_t)(((reg2val & RCC_PLL1DIVR_PLL1Q) >> RCC_PLL1DIVR_PLL1Q_P
 3995              		.loc 1 1942 77 is_stmt 0 view .LVU1304
 3996 0072 C3F30804 		ubfx	r4, r3, #0, #9
1942:Drivers/STM32U5xx_HAL_Driver/Src/stm32u5xx_hal_rcc.c ****   pRCC_OscInitStruct->PLL.PLLQ = (uint32_t)(((reg2val & RCC_PLL1DIVR_PLL1Q) >> RCC_PLL1DIVR_PLL1Q_P
 3997              		.loc 1 1942 34 view .LVU1305
 3998 0076 0134     		adds	r4, r4, #1
1942:Drivers/STM32U5xx_HAL_Driver/Src/stm32u5xx_hal_rcc.c ****   pRCC_OscInitStruct->PLL.PLLQ = (uint32_t)(((reg2val & RCC_PLL1DIVR_PLL1Q) >> RCC_PLL1DIVR_PLL1Q_P
 3999              		.loc 1 1942 32 view .LVU1306
 4000 0078 8464     		str	r4, [r0, #72]
1943:Drivers/STM32U5xx_HAL_Driver/Src/stm32u5xx_hal_rcc.c ****   pRCC_OscInitStruct->PLL.PLLR = (uint32_t)(((reg2val & RCC_PLL1DIVR_PLL1R) >> RCC_PLL1DIVR_PLL1R_P
 4001              		.loc 1 1943 3 is_stmt 1 view .LVU1307
1943:Drivers/STM32U5xx_HAL_Driver/Src/stm32u5xx_hal_rcc.c ****   pRCC_OscInitStruct->PLL.PLLR = (uint32_t)(((reg2val & RCC_PLL1DIVR_PLL1R) >> RCC_PLL1DIVR_PLL1R_P
 4002              		.loc 1 1943 77 is_stmt 0 view .LVU1308
 4003 007a C3F30644 		ubfx	r4, r3, #16, #7
1943:Drivers/STM32U5xx_HAL_Driver/Src/stm32u5xx_hal_rcc.c ****   pRCC_OscInitStruct->PLL.PLLR = (uint32_t)(((reg2val & RCC_PLL1DIVR_PLL1R) >> RCC_PLL1DIVR_PLL1R_P
 4004              		.loc 1 1943 34 view .LVU1309
 4005 007e 0134     		adds	r4, r4, #1
1943:Drivers/STM32U5xx_HAL_Driver/Src/stm32u5xx_hal_rcc.c ****   pRCC_OscInitStruct->PLL.PLLR = (uint32_t)(((reg2val & RCC_PLL1DIVR_PLL1R) >> RCC_PLL1DIVR_PLL1R_P
 4006              		.loc 1 1943 32 view .LVU1310
 4007 0080 0465     		str	r4, [r0, #80]
1944:Drivers/STM32U5xx_HAL_Driver/Src/stm32u5xx_hal_rcc.c ****   pRCC_OscInitStruct->PLL.PLLP = (uint32_t)(((reg2val & RCC_PLL1DIVR_PLL1P) >> RCC_PLL1DIVR_PLL1P_P
 4008              		.loc 1 1944 3 is_stmt 1 view .LVU1311
1944:Drivers/STM32U5xx_HAL_Driver/Src/stm32u5xx_hal_rcc.c ****   pRCC_OscInitStruct->PLL.PLLP = (uint32_t)(((reg2val & RCC_PLL1DIVR_PLL1P) >> RCC_PLL1DIVR_PLL1P_P
 4009              		.loc 1 1944 77 is_stmt 0 view .LVU1312
 4010 0082 C3F30664 		ubfx	r4, r3, #24, #7
1944:Drivers/STM32U5xx_HAL_Driver/Src/stm32u5xx_hal_rcc.c ****   pRCC_OscInitStruct->PLL.PLLP = (uint32_t)(((reg2val & RCC_PLL1DIVR_PLL1P) >> RCC_PLL1DIVR_PLL1P_P
 4011              		.loc 1 1944 34 view .LVU1313
 4012 0086 0134     		adds	r4, r4, #1
1944:Drivers/STM32U5xx_HAL_Driver/Src/stm32u5xx_hal_rcc.c ****   pRCC_OscInitStruct->PLL.PLLP = (uint32_t)(((reg2val & RCC_PLL1DIVR_PLL1P) >> RCC_PLL1DIVR_PLL1P_P
 4013              		.loc 1 1944 32 view .LVU1314
 4014 0088 4465     		str	r4, [r0, #84]
1945:Drivers/STM32U5xx_HAL_Driver/Src/stm32u5xx_hal_rcc.c ****   pRCC_OscInitStruct->PLL.PLLRGE = (uint32_t)((reg1val & RCC_PLL1CFGR_PLL1RGE));
 4015              		.loc 1 1945 3 is_stmt 1 view .LVU1315
1945:Drivers/STM32U5xx_HAL_Driver/Src/stm32u5xx_hal_rcc.c ****   pRCC_OscInitStruct->PLL.PLLRGE = (uint32_t)((reg1val & RCC_PLL1CFGR_PLL1RGE));
 4016              		.loc 1 1945 77 is_stmt 0 view .LVU1316
 4017 008a C3F34623 		ubfx	r3, r3, #9, #7
 4018              	.LVL296:
ARM GAS  /var/folders/j8/bx6g0dyx2gg_pdn7l_y1sb9c0000gn/T//cc64Wppv.s 			page 134


1945:Drivers/STM32U5xx_HAL_Driver/Src/stm32u5xx_hal_rcc.c ****   pRCC_OscInitStruct->PLL.PLLRGE = (uint32_t)((reg1val & RCC_PLL1CFGR_PLL1RGE));
 4019              		.loc 1 1945 34 view .LVU1317
 4020 008e 0133     		adds	r3, r3, #1
1945:Drivers/STM32U5xx_HAL_Driver/Src/stm32u5xx_hal_rcc.c ****   pRCC_OscInitStruct->PLL.PLLRGE = (uint32_t)((reg1val & RCC_PLL1CFGR_PLL1RGE));
 4021              		.loc 1 1945 32 view .LVU1318
 4022 0090 C364     		str	r3, [r0, #76]
1946:Drivers/STM32U5xx_HAL_Driver/Src/stm32u5xx_hal_rcc.c ****   pRCC_OscInitStruct->PLL.PLLFRACN = (uint32_t)(((RCC->PLL1FRACR & RCC_PLL1FRACR_PLL1FRACN) >> \
 4023              		.loc 1 1946 3 is_stmt 1 view .LVU1319
1946:Drivers/STM32U5xx_HAL_Driver/Src/stm32u5xx_hal_rcc.c ****   pRCC_OscInitStruct->PLL.PLLFRACN = (uint32_t)(((RCC->PLL1FRACR & RCC_PLL1FRACR_PLL1FRACN) >> \
 4024              		.loc 1 1946 36 is_stmt 0 view .LVU1320
 4025 0092 02F00C03 		and	r3, r2, #12
1946:Drivers/STM32U5xx_HAL_Driver/Src/stm32u5xx_hal_rcc.c ****   pRCC_OscInitStruct->PLL.PLLFRACN = (uint32_t)(((RCC->PLL1FRACR & RCC_PLL1FRACR_PLL1FRACN) >> \
 4026              		.loc 1 1946 34 view .LVU1321
 4027 0096 8365     		str	r3, [r0, #88]
1947:Drivers/STM32U5xx_HAL_Driver/Src/stm32u5xx_hal_rcc.c ****                                                  RCC_PLL1FRACR_PLL1FRACN_Pos));
 4028              		.loc 1 1947 3 is_stmt 1 view .LVU1322
1947:Drivers/STM32U5xx_HAL_Driver/Src/stm32u5xx_hal_rcc.c ****                                                  RCC_PLL1FRACR_PLL1FRACN_Pos));
 4029              		.loc 1 1947 54 is_stmt 0 view .LVU1323
 4030 0098 8B6B     		ldr	r3, [r1, #56]
1947:Drivers/STM32U5xx_HAL_Driver/Src/stm32u5xx_hal_rcc.c ****                                                  RCC_PLL1FRACR_PLL1FRACN_Pos));
 4031              		.loc 1 1947 38 view .LVU1324
 4032 009a C3F3CC03 		ubfx	r3, r3, #3, #13
1947:Drivers/STM32U5xx_HAL_Driver/Src/stm32u5xx_hal_rcc.c ****                                                  RCC_PLL1FRACR_PLL1FRACN_Pos));
 4033              		.loc 1 1947 36 view .LVU1325
 4034 009e C365     		str	r3, [r0, #92]
1949:Drivers/STM32U5xx_HAL_Driver/Src/stm32u5xx_hal_rcc.c ****                                                   RCC_PLL1CFGR_PLL1MBOOST_Pos));
 4035              		.loc 1 1949 3 is_stmt 1 view .LVU1326
1949:Drivers/STM32U5xx_HAL_Driver/Src/stm32u5xx_hal_rcc.c ****                                                   RCC_PLL1CFGR_PLL1MBOOST_Pos));
 4036              		.loc 1 1949 39 is_stmt 0 view .LVU1327
 4037 00a0 C2F30332 		ubfx	r2, r2, #12, #4
 4038              	.LVL297:
1949:Drivers/STM32U5xx_HAL_Driver/Src/stm32u5xx_hal_rcc.c ****                                                   RCC_PLL1CFGR_PLL1MBOOST_Pos));
 4039              		.loc 1 1949 37 view .LVU1328
 4040 00a4 4264     		str	r2, [r0, #68]
1951:Drivers/STM32U5xx_HAL_Driver/Src/stm32u5xx_hal_rcc.c **** 
 4041              		.loc 1 1951 1 view .LVU1329
 4042 00a6 5DF8044B 		ldr	r4, [sp], #4
 4043              	.LCFI27:
 4044              		.cfi_remember_state
 4045              		.cfi_restore 4
 4046              		.cfi_def_cfa_offset 0
 4047 00aa 7047     		bx	lr
 4048              	.LVL298:
 4049              	.L352:
 4050              	.LCFI28:
 4051              		.cfi_restore_state
1891:Drivers/STM32U5xx_HAL_Driver/Src/stm32u5xx_hal_rcc.c ****   {
 4052              		.loc 1 1891 8 is_stmt 1 view .LVU1330
1891:Drivers/STM32U5xx_HAL_Driver/Src/stm32u5xx_hal_rcc.c ****   {
 4053              		.loc 1 1891 11 is_stmt 0 view .LVU1331
 4054 00ac 002A     		cmp	r2, #0
 4055 00ae 06DB     		blt	.L359
1896:Drivers/STM32U5xx_HAL_Driver/Src/stm32u5xx_hal_rcc.c ****   {
 4056              		.loc 1 1896 8 is_stmt 1 view .LVU1332
1896:Drivers/STM32U5xx_HAL_Driver/Src/stm32u5xx_hal_rcc.c ****   {
 4057              		.loc 1 1896 11 is_stmt 0 view .LVU1333
 4058 00b0 B2F1804F 		cmp	r2, #1073741824
ARM GAS  /var/folders/j8/bx6g0dyx2gg_pdn7l_y1sb9c0000gn/T//cc64Wppv.s 			page 135


 4059 00b4 07D3     		bcc	.L355
1898:Drivers/STM32U5xx_HAL_Driver/Src/stm32u5xx_hal_rcc.c ****                                                          RCC_ICSCR2_MSITRIM1_Pos);
 4060              		.loc 1 1898 5 is_stmt 1 view .LVU1334
1898:Drivers/STM32U5xx_HAL_Driver/Src/stm32u5xx_hal_rcc.c ****                                                          RCC_ICSCR2_MSITRIM1_Pos);
 4061              		.loc 1 1898 47 is_stmt 0 view .LVU1335
 4062 00b6 C1F38421 		ubfx	r1, r1, #10, #5
 4063              	.LVL299:
1898:Drivers/STM32U5xx_HAL_Driver/Src/stm32u5xx_hal_rcc.c ****                                                          RCC_ICSCR2_MSITRIM1_Pos);
 4064              		.loc 1 1898 45 view .LVU1336
 4065 00ba 0162     		str	r1, [r0, #32]
 4066 00bc B6E7     		b	.L353
 4067              	.LVL300:
 4068              	.L359:
1893:Drivers/STM32U5xx_HAL_Driver/Src/stm32u5xx_hal_rcc.c ****                                                          RCC_ICSCR2_MSITRIM2_Pos);
 4069              		.loc 1 1893 5 is_stmt 1 view .LVU1337
1893:Drivers/STM32U5xx_HAL_Driver/Src/stm32u5xx_hal_rcc.c ****                                                          RCC_ICSCR2_MSITRIM2_Pos);
 4070              		.loc 1 1893 47 is_stmt 0 view .LVU1338
 4071 00be C1F34411 		ubfx	r1, r1, #5, #5
 4072              	.LVL301:
1893:Drivers/STM32U5xx_HAL_Driver/Src/stm32u5xx_hal_rcc.c ****                                                          RCC_ICSCR2_MSITRIM2_Pos);
 4073              		.loc 1 1893 45 view .LVU1339
 4074 00c2 0162     		str	r1, [r0, #32]
 4075 00c4 B2E7     		b	.L353
 4076              	.LVL302:
 4077              	.L355:
1903:Drivers/STM32U5xx_HAL_Driver/Src/stm32u5xx_hal_rcc.c ****                                                          RCC_ICSCR2_MSITRIM0_Pos);
 4078              		.loc 1 1903 5 is_stmt 1 view .LVU1340
1903:Drivers/STM32U5xx_HAL_Driver/Src/stm32u5xx_hal_rcc.c ****                                                          RCC_ICSCR2_MSITRIM0_Pos);
 4079              		.loc 1 1903 47 is_stmt 0 view .LVU1341
 4080 00c6 C1F3C431 		ubfx	r1, r1, #15, #5
 4081              	.LVL303:
1903:Drivers/STM32U5xx_HAL_Driver/Src/stm32u5xx_hal_rcc.c ****                                                          RCC_ICSCR2_MSITRIM0_Pos);
 4082              		.loc 1 1903 45 view .LVU1342
 4083 00ca 0162     		str	r1, [r0, #32]
 4084 00cc AEE7     		b	.L353
 4085              	.L356:
1934:Drivers/STM32U5xx_HAL_Driver/Src/stm32u5xx_hal_rcc.c ****   }
 4086              		.loc 1 1934 5 is_stmt 1 view .LVU1343
1934:Drivers/STM32U5xx_HAL_Driver/Src/stm32u5xx_hal_rcc.c ****   }
 4087              		.loc 1 1934 38 is_stmt 0 view .LVU1344
 4088 00ce 0123     		movs	r3, #1
 4089              	.LVL304:
1934:Drivers/STM32U5xx_HAL_Driver/Src/stm32u5xx_hal_rcc.c ****   }
 4090              		.loc 1 1934 38 view .LVU1345
 4091 00d0 8363     		str	r3, [r0, #56]
 4092 00d2 C4E7     		b	.L357
 4093              	.L361:
 4094              		.align	2
 4095              	.L360:
 4096 00d4 000C0246 		.word	1174539264
 4097              		.cfi_endproc
 4098              	.LFE166:
 4100              		.section	.text.HAL_RCC_GetClockConfig,"ax",%progbits
 4101              		.align	1
 4102              		.global	HAL_RCC_GetClockConfig
 4103              		.syntax unified
 4104              		.thumb
ARM GAS  /var/folders/j8/bx6g0dyx2gg_pdn7l_y1sb9c0000gn/T//cc64Wppv.s 			page 136


 4105              		.thumb_func
 4107              	HAL_RCC_GetClockConfig:
 4108              	.LVL305:
 4109              	.LFB167:
1962:Drivers/STM32U5xx_HAL_Driver/Src/stm32u5xx_hal_rcc.c ****   /* Check the parameters */
 4110              		.loc 1 1962 1 is_stmt 1 view -0
 4111              		.cfi_startproc
 4112              		@ args = 0, pretend = 0, frame = 0
 4113              		@ frame_needed = 0, uses_anonymous_args = 0
 4114              		@ link register save eliminated.
1964:Drivers/STM32U5xx_HAL_Driver/Src/stm32u5xx_hal_rcc.c ****   assert_param(pFLatency != (void *)NULL);
 4115              		.loc 1 1964 3 view .LVU1347
1965:Drivers/STM32U5xx_HAL_Driver/Src/stm32u5xx_hal_rcc.c **** 
 4116              		.loc 1 1965 3 view .LVU1348
1968:Drivers/STM32U5xx_HAL_Driver/Src/stm32u5xx_hal_rcc.c ****                                   RCC_CLOCKTYPE_PCLK2 | RCC_CLOCKTYPE_PCLK3;
 4117              		.loc 1 1968 3 view .LVU1349
1968:Drivers/STM32U5xx_HAL_Driver/Src/stm32u5xx_hal_rcc.c ****                                   RCC_CLOCKTYPE_PCLK2 | RCC_CLOCKTYPE_PCLK3;
 4118              		.loc 1 1968 33 is_stmt 0 view .LVU1350
 4119 0000 1F23     		movs	r3, #31
 4120 0002 0360     		str	r3, [r0]
1972:Drivers/STM32U5xx_HAL_Driver/Src/stm32u5xx_hal_rcc.c **** 
 4121              		.loc 1 1972 3 is_stmt 1 view .LVU1351
1972:Drivers/STM32U5xx_HAL_Driver/Src/stm32u5xx_hal_rcc.c **** 
 4122              		.loc 1 1972 52 is_stmt 0 view .LVU1352
 4123 0004 0D4B     		ldr	r3, .L363
 4124 0006 DA69     		ldr	r2, [r3, #28]
1972:Drivers/STM32U5xx_HAL_Driver/Src/stm32u5xx_hal_rcc.c **** 
 4125              		.loc 1 1972 38 view .LVU1353
 4126 0008 02F00302 		and	r2, r2, #3
1972:Drivers/STM32U5xx_HAL_Driver/Src/stm32u5xx_hal_rcc.c **** 
 4127              		.loc 1 1972 36 view .LVU1354
 4128 000c 4260     		str	r2, [r0, #4]
1975:Drivers/STM32U5xx_HAL_Driver/Src/stm32u5xx_hal_rcc.c **** 
 4129              		.loc 1 1975 3 is_stmt 1 view .LVU1355
1975:Drivers/STM32U5xx_HAL_Driver/Src/stm32u5xx_hal_rcc.c **** 
 4130              		.loc 1 1975 53 is_stmt 0 view .LVU1356
 4131 000e 1A6A     		ldr	r2, [r3, #32]
1975:Drivers/STM32U5xx_HAL_Driver/Src/stm32u5xx_hal_rcc.c **** 
 4132              		.loc 1 1975 39 view .LVU1357
 4133 0010 02F00F02 		and	r2, r2, #15
1975:Drivers/STM32U5xx_HAL_Driver/Src/stm32u5xx_hal_rcc.c **** 
 4134              		.loc 1 1975 37 view .LVU1358
 4135 0014 8260     		str	r2, [r0, #8]
1978:Drivers/STM32U5xx_HAL_Driver/Src/stm32u5xx_hal_rcc.c **** 
 4136              		.loc 1 1978 3 is_stmt 1 view .LVU1359
1978:Drivers/STM32U5xx_HAL_Driver/Src/stm32u5xx_hal_rcc.c **** 
 4137              		.loc 1 1978 54 is_stmt 0 view .LVU1360
 4138 0016 1A6A     		ldr	r2, [r3, #32]
1978:Drivers/STM32U5xx_HAL_Driver/Src/stm32u5xx_hal_rcc.c **** 
 4139              		.loc 1 1978 40 view .LVU1361
 4140 0018 02F07002 		and	r2, r2, #112
1978:Drivers/STM32U5xx_HAL_Driver/Src/stm32u5xx_hal_rcc.c **** 
 4141              		.loc 1 1978 38 view .LVU1362
 4142 001c C260     		str	r2, [r0, #12]
1981:Drivers/STM32U5xx_HAL_Driver/Src/stm32u5xx_hal_rcc.c **** 
 4143              		.loc 1 1981 3 is_stmt 1 view .LVU1363
1981:Drivers/STM32U5xx_HAL_Driver/Src/stm32u5xx_hal_rcc.c **** 
ARM GAS  /var/folders/j8/bx6g0dyx2gg_pdn7l_y1sb9c0000gn/T//cc64Wppv.s 			page 137


 4144              		.loc 1 1981 55 is_stmt 0 view .LVU1364
 4145 001e 1A6A     		ldr	r2, [r3, #32]
1981:Drivers/STM32U5xx_HAL_Driver/Src/stm32u5xx_hal_rcc.c **** 
 4146              		.loc 1 1981 40 view .LVU1365
 4147 0020 1209     		lsrs	r2, r2, #4
 4148 0022 02F07002 		and	r2, r2, #112
1981:Drivers/STM32U5xx_HAL_Driver/Src/stm32u5xx_hal_rcc.c **** 
 4149              		.loc 1 1981 38 view .LVU1366
 4150 0026 0261     		str	r2, [r0, #16]
1984:Drivers/STM32U5xx_HAL_Driver/Src/stm32u5xx_hal_rcc.c **** 
 4151              		.loc 1 1984 3 is_stmt 1 view .LVU1367
1984:Drivers/STM32U5xx_HAL_Driver/Src/stm32u5xx_hal_rcc.c **** 
 4152              		.loc 1 1984 54 is_stmt 0 view .LVU1368
 4153 0028 5B6A     		ldr	r3, [r3, #36]
1984:Drivers/STM32U5xx_HAL_Driver/Src/stm32u5xx_hal_rcc.c **** 
 4154              		.loc 1 1984 40 view .LVU1369
 4155 002a 03F07003 		and	r3, r3, #112
1984:Drivers/STM32U5xx_HAL_Driver/Src/stm32u5xx_hal_rcc.c **** 
 4156              		.loc 1 1984 38 view .LVU1370
 4157 002e 4361     		str	r3, [r0, #20]
1987:Drivers/STM32U5xx_HAL_Driver/Src/stm32u5xx_hal_rcc.c **** }
 4158              		.loc 1 1987 3 is_stmt 1 view .LVU1371
1987:Drivers/STM32U5xx_HAL_Driver/Src/stm32u5xx_hal_rcc.c **** }
 4159              		.loc 1 1987 32 is_stmt 0 view .LVU1372
 4160 0030 034B     		ldr	r3, .L363+4
 4161 0032 1B68     		ldr	r3, [r3]
1987:Drivers/STM32U5xx_HAL_Driver/Src/stm32u5xx_hal_rcc.c **** }
 4162              		.loc 1 1987 16 view .LVU1373
 4163 0034 03F00F03 		and	r3, r3, #15
1987:Drivers/STM32U5xx_HAL_Driver/Src/stm32u5xx_hal_rcc.c **** }
 4164              		.loc 1 1987 14 view .LVU1374
 4165 0038 0B60     		str	r3, [r1]
1988:Drivers/STM32U5xx_HAL_Driver/Src/stm32u5xx_hal_rcc.c **** 
 4166              		.loc 1 1988 1 view .LVU1375
 4167 003a 7047     		bx	lr
 4168              	.L364:
 4169              		.align	2
 4170              	.L363:
 4171 003c 000C0246 		.word	1174539264
 4172 0040 00200240 		.word	1073881088
 4173              		.cfi_endproc
 4174              	.LFE167:
 4176              		.section	.text.HAL_RCC_GetResetSource,"ax",%progbits
 4177              		.align	1
 4178              		.global	HAL_RCC_GetResetSource
 4179              		.syntax unified
 4180              		.thumb
 4181              		.thumb_func
 4183              	HAL_RCC_GetResetSource:
 4184              	.LFB168:
1997:Drivers/STM32U5xx_HAL_Driver/Src/stm32u5xx_hal_rcc.c ****   uint32_t reset;
 4185              		.loc 1 1997 1 is_stmt 1 view -0
 4186              		.cfi_startproc
 4187              		@ args = 0, pretend = 0, frame = 0
 4188              		@ frame_needed = 0, uses_anonymous_args = 0
 4189              		@ link register save eliminated.
1998:Drivers/STM32U5xx_HAL_Driver/Src/stm32u5xx_hal_rcc.c **** 
ARM GAS  /var/folders/j8/bx6g0dyx2gg_pdn7l_y1sb9c0000gn/T//cc64Wppv.s 			page 138


 4190              		.loc 1 1998 3 view .LVU1377
2001:Drivers/STM32U5xx_HAL_Driver/Src/stm32u5xx_hal_rcc.c **** 
 4191              		.loc 1 2001 3 view .LVU1378
2001:Drivers/STM32U5xx_HAL_Driver/Src/stm32u5xx_hal_rcc.c **** 
 4192              		.loc 1 2001 14 is_stmt 0 view .LVU1379
 4193 0000 054B     		ldr	r3, .L366
 4194 0002 D3F8F400 		ldr	r0, [r3, #244]
 4195              	.LVL306:
2004:Drivers/STM32U5xx_HAL_Driver/Src/stm32u5xx_hal_rcc.c **** 
 4196              		.loc 1 2004 3 is_stmt 1 view .LVU1380
2004:Drivers/STM32U5xx_HAL_Driver/Src/stm32u5xx_hal_rcc.c **** 
 4197              		.loc 1 2004 12 is_stmt 0 view .LVU1381
 4198 0006 D3F8F420 		ldr	r2, [r3, #244]
 4199 000a 42F40002 		orr	r2, r2, #8388608
 4200 000e C3F8F420 		str	r2, [r3, #244]
2006:Drivers/STM32U5xx_HAL_Driver/Src/stm32u5xx_hal_rcc.c **** }
 4201              		.loc 1 2006 3 is_stmt 1 view .LVU1382
2007:Drivers/STM32U5xx_HAL_Driver/Src/stm32u5xx_hal_rcc.c **** 
 4202              		.loc 1 2007 1 is_stmt 0 view .LVU1383
 4203 0012 00F07E40 		and	r0, r0, #-33554432
 4204              	.LVL307:
2007:Drivers/STM32U5xx_HAL_Driver/Src/stm32u5xx_hal_rcc.c **** 
 4205              		.loc 1 2007 1 view .LVU1384
 4206 0016 7047     		bx	lr
 4207              	.L367:
 4208              		.align	2
 4209              	.L366:
 4210 0018 000C0246 		.word	1174539264
 4211              		.cfi_endproc
 4212              	.LFE168:
 4214              		.section	.text.HAL_RCC_EnableCSS,"ax",%progbits
 4215              		.align	1
 4216              		.global	HAL_RCC_EnableCSS
 4217              		.syntax unified
 4218              		.thumb
 4219              		.thumb_func
 4221              	HAL_RCC_EnableCSS:
 4222              	.LFB169:
2020:Drivers/STM32U5xx_HAL_Driver/Src/stm32u5xx_hal_rcc.c ****   SET_BIT(RCC->CR, RCC_CR_CSSON);
 4223              		.loc 1 2020 1 is_stmt 1 view -0
 4224              		.cfi_startproc
 4225              		@ args = 0, pretend = 0, frame = 0
 4226              		@ frame_needed = 0, uses_anonymous_args = 0
 4227              		@ link register save eliminated.
2021:Drivers/STM32U5xx_HAL_Driver/Src/stm32u5xx_hal_rcc.c **** }
 4228              		.loc 1 2021 3 view .LVU1386
 4229 0000 024A     		ldr	r2, .L369
 4230 0002 1368     		ldr	r3, [r2]
 4231 0004 43F40023 		orr	r3, r3, #524288
 4232 0008 1360     		str	r3, [r2]
2022:Drivers/STM32U5xx_HAL_Driver/Src/stm32u5xx_hal_rcc.c **** 
 4233              		.loc 1 2022 1 is_stmt 0 view .LVU1387
 4234 000a 7047     		bx	lr
 4235              	.L370:
 4236              		.align	2
 4237              	.L369:
 4238 000c 000C0246 		.word	1174539264
ARM GAS  /var/folders/j8/bx6g0dyx2gg_pdn7l_y1sb9c0000gn/T//cc64Wppv.s 			page 139


 4239              		.cfi_endproc
 4240              	.LFE169:
 4242              		.section	.text.HAL_RCC_CSSCallback,"ax",%progbits
 4243              		.align	1
 4244              		.weak	HAL_RCC_CSSCallback
 4245              		.syntax unified
 4246              		.thumb
 4247              		.thumb_func
 4249              	HAL_RCC_CSSCallback:
 4250              	.LFB171:
2047:Drivers/STM32U5xx_HAL_Driver/Src/stm32u5xx_hal_rcc.c ****   /* NOTE : This function should not be modified, when the callback is needed,
 4251              		.loc 1 2047 1 is_stmt 1 view -0
 4252              		.cfi_startproc
 4253              		@ args = 0, pretend = 0, frame = 0
 4254              		@ frame_needed = 0, uses_anonymous_args = 0
 4255              		@ link register save eliminated.
2051:Drivers/STM32U5xx_HAL_Driver/Src/stm32u5xx_hal_rcc.c **** 
 4256              		.loc 1 2051 1 view .LVU1389
 4257 0000 7047     		bx	lr
 4258              		.cfi_endproc
 4259              	.LFE171:
 4261              		.section	.text.HAL_RCC_NMI_IRQHandler,"ax",%progbits
 4262              		.align	1
 4263              		.global	HAL_RCC_NMI_IRQHandler
 4264              		.syntax unified
 4265              		.thumb
 4266              		.thumb_func
 4268              	HAL_RCC_NMI_IRQHandler:
 4269              	.LFB170:
2030:Drivers/STM32U5xx_HAL_Driver/Src/stm32u5xx_hal_rcc.c ****   /* Check RCC CSSF interrupt flag  */
 4270              		.loc 1 2030 1 view -0
 4271              		.cfi_startproc
 4272              		@ args = 0, pretend = 0, frame = 0
 4273              		@ frame_needed = 0, uses_anonymous_args = 0
 4274 0000 08B5     		push	{r3, lr}
 4275              	.LCFI29:
 4276              		.cfi_def_cfa_offset 8
 4277              		.cfi_offset 3, -8
 4278              		.cfi_offset 14, -4
2032:Drivers/STM32U5xx_HAL_Driver/Src/stm32u5xx_hal_rcc.c ****   {
 4279              		.loc 1 2032 3 view .LVU1391
2032:Drivers/STM32U5xx_HAL_Driver/Src/stm32u5xx_hal_rcc.c ****   {
 4280              		.loc 1 2032 7 is_stmt 0 view .LVU1392
 4281 0002 064B     		ldr	r3, .L376
 4282 0004 5B6D     		ldr	r3, [r3, #84]
2032:Drivers/STM32U5xx_HAL_Driver/Src/stm32u5xx_hal_rcc.c ****   {
 4283              		.loc 1 2032 6 view .LVU1393
 4284 0006 13F4806F 		tst	r3, #1024
 4285 000a 00D1     		bne	.L375
 4286              	.L372:
2040:Drivers/STM32U5xx_HAL_Driver/Src/stm32u5xx_hal_rcc.c **** 
 4287              		.loc 1 2040 1 view .LVU1394
 4288 000c 08BD     		pop	{r3, pc}
 4289              	.L375:
2035:Drivers/STM32U5xx_HAL_Driver/Src/stm32u5xx_hal_rcc.c **** 
 4290              		.loc 1 2035 5 is_stmt 1 view .LVU1395
 4291 000e 034B     		ldr	r3, .L376
ARM GAS  /var/folders/j8/bx6g0dyx2gg_pdn7l_y1sb9c0000gn/T//cc64Wppv.s 			page 140


 4292 0010 4FF48062 		mov	r2, #1024
 4293 0014 9A65     		str	r2, [r3, #88]
2038:Drivers/STM32U5xx_HAL_Driver/Src/stm32u5xx_hal_rcc.c ****   }
 4294              		.loc 1 2038 5 view .LVU1396
 4295 0016 FFF7FEFF 		bl	HAL_RCC_CSSCallback
 4296              	.LVL308:
2040:Drivers/STM32U5xx_HAL_Driver/Src/stm32u5xx_hal_rcc.c **** 
 4297              		.loc 1 2040 1 is_stmt 0 view .LVU1397
 4298 001a F7E7     		b	.L372
 4299              	.L377:
 4300              		.align	2
 4301              	.L376:
 4302 001c 000C0246 		.word	1174539264
 4303              		.cfi_endproc
 4304              	.LFE170:
 4306              		.section	.text.HAL_RCC_ConfigAttributes,"ax",%progbits
 4307              		.align	1
 4308              		.global	HAL_RCC_ConfigAttributes
 4309              		.syntax unified
 4310              		.thumb
 4311              		.thumb_func
 4313              	HAL_RCC_ConfigAttributes:
 4314              	.LVL309:
 4315              	.LFB172:
2084:Drivers/STM32U5xx_HAL_Driver/Src/stm32u5xx_hal_rcc.c ****   /* Check the parameters */
 4316              		.loc 1 2084 1 is_stmt 1 view -0
 4317              		.cfi_startproc
 4318              		@ args = 0, pretend = 0, frame = 0
 4319              		@ frame_needed = 0, uses_anonymous_args = 0
 4320              		@ link register save eliminated.
2086:Drivers/STM32U5xx_HAL_Driver/Src/stm32u5xx_hal_rcc.c ****   assert_param(IS_RCC_ATTRIBUTES(Attributes));
 4321              		.loc 1 2086 3 view .LVU1399
2087:Drivers/STM32U5xx_HAL_Driver/Src/stm32u5xx_hal_rcc.c **** 
 4322              		.loc 1 2087 3 view .LVU1400
2089:Drivers/STM32U5xx_HAL_Driver/Src/stm32u5xx_hal_rcc.c ****   {
 4323              		.loc 1 2089 3 view .LVU1401
 4324 0000 0129     		cmp	r1, #1
 4325 0002 02D0     		beq	.L379
 4326 0004 0229     		cmp	r1, #2
 4327 0006 08D0     		beq	.L380
 4328 0008 7047     		bx	lr
 4329              	.L379:
2115:Drivers/STM32U5xx_HAL_Driver/Src/stm32u5xx_hal_rcc.c ****       /* Prevent unused argument(s) compilation warning */
 4330              		.loc 1 2115 7 view .LVU1402
 4331 000a 084A     		ldr	r2, .L382
 4332 000c D2F81431 		ldr	r3, [r2, #276]
 4333 0010 43F00203 		orr	r3, r3, #2
 4334 0014 C2F81431 		str	r3, [r2, #276]
2117:Drivers/STM32U5xx_HAL_Driver/Src/stm32u5xx_hal_rcc.c ****       break;
 4335              		.loc 1 2117 7 view .LVU1403
2118:Drivers/STM32U5xx_HAL_Driver/Src/stm32u5xx_hal_rcc.c ****     /* Non-secure Non-Privilege attribute */
 4336              		.loc 1 2118 7 view .LVU1404
 4337 0018 7047     		bx	lr
 4338              	.L380:
2121:Drivers/STM32U5xx_HAL_Driver/Src/stm32u5xx_hal_rcc.c ****       /* Prevent unused argument(s) compilation warning */
 4339              		.loc 1 2121 7 view .LVU1405
 4340 001a 044A     		ldr	r2, .L382
ARM GAS  /var/folders/j8/bx6g0dyx2gg_pdn7l_y1sb9c0000gn/T//cc64Wppv.s 			page 141


 4341 001c D2F81431 		ldr	r3, [r2, #276]
 4342 0020 23F00203 		bic	r3, r3, #2
 4343 0024 C2F81431 		str	r3, [r2, #276]
2123:Drivers/STM32U5xx_HAL_Driver/Src/stm32u5xx_hal_rcc.c ****       break;
 4344              		.loc 1 2123 7 view .LVU1406
2124:Drivers/STM32U5xx_HAL_Driver/Src/stm32u5xx_hal_rcc.c **** #endif /* __ARM_FEATURE_CMSE */
 4345              		.loc 1 2124 7 view .LVU1407
2130:Drivers/STM32U5xx_HAL_Driver/Src/stm32u5xx_hal_rcc.c **** /**
 4346              		.loc 1 2130 1 is_stmt 0 view .LVU1408
 4347 0028 7047     		bx	lr
 4348              	.L383:
 4349 002a 00BF     		.align	2
 4350              	.L382:
 4351 002c 000C0246 		.word	1174539264
 4352              		.cfi_endproc
 4353              	.LFE172:
 4355              		.section	.text.HAL_RCC_GetConfigAttributes,"ax",%progbits
 4356              		.align	1
 4357              		.global	HAL_RCC_GetConfigAttributes
 4358              		.syntax unified
 4359              		.thumb
 4360              		.thumb_func
 4362              	HAL_RCC_GetConfigAttributes:
 4363              	.LVL310:
 4364              	.LFB173:
2145:Drivers/STM32U5xx_HAL_Driver/Src/stm32u5xx_hal_rcc.c ****   uint32_t attributes;
 4365              		.loc 1 2145 1 is_stmt 1 view -0
 4366              		.cfi_startproc
 4367              		@ args = 0, pretend = 0, frame = 0
 4368              		@ frame_needed = 0, uses_anonymous_args = 0
 4369              		@ link register save eliminated.
2146:Drivers/STM32U5xx_HAL_Driver/Src/stm32u5xx_hal_rcc.c **** 
 4370              		.loc 1 2146 3 view .LVU1410
2149:Drivers/STM32U5xx_HAL_Driver/Src/stm32u5xx_hal_rcc.c ****   {
 4371              		.loc 1 2149 3 view .LVU1411
2149:Drivers/STM32U5xx_HAL_Driver/Src/stm32u5xx_hal_rcc.c ****   {
 4372              		.loc 1 2149 6 is_stmt 0 view .LVU1412
 4373 0000 0B46     		mov	r3, r1
 4374 0002 59B1     		cbz	r1, .L387
2155:Drivers/STM32U5xx_HAL_Driver/Src/stm32u5xx_hal_rcc.c **** 
 4375              		.loc 1 2155 3 is_stmt 1 view .LVU1413
2172:Drivers/STM32U5xx_HAL_Driver/Src/stm32u5xx_hal_rcc.c ****   /* Prevent unused argument(s) compilation warning */
 4376              		.loc 1 2172 3 view .LVU1414
2172:Drivers/STM32U5xx_HAL_Driver/Src/stm32u5xx_hal_rcc.c ****   /* Prevent unused argument(s) compilation warning */
 4377              		.loc 1 2172 21 is_stmt 0 view .LVU1415
 4378 0004 064A     		ldr	r2, .L389
 4379 0006 D2F81421 		ldr	r2, [r2, #276]
2172:Drivers/STM32U5xx_HAL_Driver/Src/stm32u5xx_hal_rcc.c ****   /* Prevent unused argument(s) compilation warning */
 4380              		.loc 1 2172 79 view .LVU1416
 4381 000a 12F0020F 		tst	r2, #2
 4382 000e 03D1     		bne	.L388
 4383 0010 0222     		movs	r2, #2
 4384              	.L386:
 4385              	.LVL311:
2174:Drivers/STM32U5xx_HAL_Driver/Src/stm32u5xx_hal_rcc.c **** 
 4386              		.loc 1 2174 3 is_stmt 1 discriminator 4 view .LVU1417
2179:Drivers/STM32U5xx_HAL_Driver/Src/stm32u5xx_hal_rcc.c **** 
ARM GAS  /var/folders/j8/bx6g0dyx2gg_pdn7l_y1sb9c0000gn/T//cc64Wppv.s 			page 142


 4387              		.loc 1 2179 3 discriminator 4 view .LVU1418
2179:Drivers/STM32U5xx_HAL_Driver/Src/stm32u5xx_hal_rcc.c **** 
 4388              		.loc 1 2179 16 is_stmt 0 discriminator 4 view .LVU1419
 4389 0012 1A60     		str	r2, [r3]
2181:Drivers/STM32U5xx_HAL_Driver/Src/stm32u5xx_hal_rcc.c **** }
 4390              		.loc 1 2181 3 is_stmt 1 discriminator 4 view .LVU1420
2181:Drivers/STM32U5xx_HAL_Driver/Src/stm32u5xx_hal_rcc.c **** }
 4391              		.loc 1 2181 10 is_stmt 0 discriminator 4 view .LVU1421
 4392 0014 0020     		movs	r0, #0
 4393              	.LVL312:
2181:Drivers/STM32U5xx_HAL_Driver/Src/stm32u5xx_hal_rcc.c **** }
 4394              		.loc 1 2181 10 discriminator 4 view .LVU1422
 4395 0016 7047     		bx	lr
 4396              	.LVL313:
 4397              	.L388:
2172:Drivers/STM32U5xx_HAL_Driver/Src/stm32u5xx_hal_rcc.c ****   /* Prevent unused argument(s) compilation warning */
 4398              		.loc 1 2172 79 view .LVU1423
 4399 0018 0122     		movs	r2, #1
 4400 001a FAE7     		b	.L386
 4401              	.L387:
2151:Drivers/STM32U5xx_HAL_Driver/Src/stm32u5xx_hal_rcc.c ****   }
 4402              		.loc 1 2151 12 view .LVU1424
 4403 001c 0120     		movs	r0, #1
 4404              	.LVL314:
2182:Drivers/STM32U5xx_HAL_Driver/Src/stm32u5xx_hal_rcc.c **** /**
 4405              		.loc 1 2182 1 view .LVU1425
 4406 001e 7047     		bx	lr
 4407              	.L390:
 4408              		.align	2
 4409              	.L389:
 4410 0020 000C0246 		.word	1174539264
 4411              		.cfi_endproc
 4412              	.LFE173:
 4414              		.text
 4415              	.Letext0:
 4416              		.file 2 "/opt/homebrew/Cellar/arm-none-eabi-gcc/10.3-2021.10/gcc/arm-none-eabi/include/machine/_de
 4417              		.file 3 "/opt/homebrew/Cellar/arm-none-eabi-gcc/10.3-2021.10/gcc/arm-none-eabi/include/sys/_stdint
 4418              		.file 4 "Drivers/CMSIS/Device/ST/STM32U5xx/Include/system_stm32u5xx.h"
 4419              		.file 5 "Drivers/CMSIS/Device/ST/STM32U5xx/Include/stm32u585xx.h"
 4420              		.file 6 "Drivers/CMSIS/Device/ST/STM32U5xx/Include/stm32u5xx.h"
 4421              		.file 7 "/opt/homebrew/Cellar/arm-none-eabi-gcc/10.3-2021.10/gcc/arm-none-eabi/include/math.h"
 4422              		.file 8 "Drivers/STM32U5xx_HAL_Driver/Inc/stm32u5xx_hal_def.h"
 4423              		.file 9 "Drivers/STM32U5xx_HAL_Driver/Inc/stm32u5xx_hal_rcc.h"
 4424              		.file 10 "Drivers/STM32U5xx_HAL_Driver/Inc/stm32u5xx_hal_gpio.h"
 4425              		.file 11 "Drivers/STM32U5xx_HAL_Driver/Inc/stm32u5xx_hal.h"
 4426              		.file 12 "Drivers/STM32U5xx_HAL_Driver/Inc/stm32u5xx_hal_pwr_ex.h"
ARM GAS  /var/folders/j8/bx6g0dyx2gg_pdn7l_y1sb9c0000gn/T//cc64Wppv.s 			page 143


DEFINED SYMBOLS
                            *ABS*:0000000000000000 stm32u5xx_hal_rcc.c
/var/folders/j8/bx6g0dyx2gg_pdn7l_y1sb9c0000gn/T//cc64Wppv.s:21     .text.RCC_SetFlashLatencyFromMSIRange:0000000000000000 $t
/var/folders/j8/bx6g0dyx2gg_pdn7l_y1sb9c0000gn/T//cc64Wppv.s:26     .text.RCC_SetFlashLatencyFromMSIRange:0000000000000000 RCC_SetFlashLatencyFromMSIRange
/var/folders/j8/bx6g0dyx2gg_pdn7l_y1sb9c0000gn/T//cc64Wppv.s:220    .text.RCC_SetFlashLatencyFromMSIRange:00000000000000bc $d
/var/folders/j8/bx6g0dyx2gg_pdn7l_y1sb9c0000gn/T//cc64Wppv.s:226    .text.HAL_RCC_DeInit:0000000000000000 $t
/var/folders/j8/bx6g0dyx2gg_pdn7l_y1sb9c0000gn/T//cc64Wppv.s:232    .text.HAL_RCC_DeInit:0000000000000000 HAL_RCC_DeInit
/var/folders/j8/bx6g0dyx2gg_pdn7l_y1sb9c0000gn/T//cc64Wppv.s:506    .text.HAL_RCC_DeInit:0000000000000150 $d
/var/folders/j8/bx6g0dyx2gg_pdn7l_y1sb9c0000gn/T//cc64Wppv.s:517    .text.HAL_RCC_MCOConfig:0000000000000000 $t
/var/folders/j8/bx6g0dyx2gg_pdn7l_y1sb9c0000gn/T//cc64Wppv.s:523    .text.HAL_RCC_MCOConfig:0000000000000000 HAL_RCC_MCOConfig
/var/folders/j8/bx6g0dyx2gg_pdn7l_y1sb9c0000gn/T//cc64Wppv.s:608    .text.HAL_RCC_MCOConfig:0000000000000050 $d
/var/folders/j8/bx6g0dyx2gg_pdn7l_y1sb9c0000gn/T//cc64Wppv.s:614    .text.HAL_RCC_GetSysClockFreq:0000000000000000 $t
/var/folders/j8/bx6g0dyx2gg_pdn7l_y1sb9c0000gn/T//cc64Wppv.s:620    .text.HAL_RCC_GetSysClockFreq:0000000000000000 HAL_RCC_GetSysClockFreq
/var/folders/j8/bx6g0dyx2gg_pdn7l_y1sb9c0000gn/T//cc64Wppv.s:925    .text.HAL_RCC_GetSysClockFreq:0000000000000168 $d
/var/folders/j8/bx6g0dyx2gg_pdn7l_y1sb9c0000gn/T//cc64Wppv.s:934    .text.HAL_RCC_ClockConfig:0000000000000000 $t
/var/folders/j8/bx6g0dyx2gg_pdn7l_y1sb9c0000gn/T//cc64Wppv.s:940    .text.HAL_RCC_ClockConfig:0000000000000000 HAL_RCC_ClockConfig
/var/folders/j8/bx6g0dyx2gg_pdn7l_y1sb9c0000gn/T//cc64Wppv.s:1370   .text.HAL_RCC_ClockConfig:000000000000020c $d
/var/folders/j8/bx6g0dyx2gg_pdn7l_y1sb9c0000gn/T//cc64Wppv.s:1379   .text.HAL_RCC_ClockConfig:0000000000000218 $t
/var/folders/j8/bx6g0dyx2gg_pdn7l_y1sb9c0000gn/T//cc64Wppv.s:1575   .text.HAL_RCC_ClockConfig:00000000000002f8 $d
/var/folders/j8/bx6g0dyx2gg_pdn7l_y1sb9c0000gn/T//cc64Wppv.s:1584   .text.HAL_RCC_GetHCLKFreq:0000000000000000 $t
/var/folders/j8/bx6g0dyx2gg_pdn7l_y1sb9c0000gn/T//cc64Wppv.s:1590   .text.HAL_RCC_GetHCLKFreq:0000000000000000 HAL_RCC_GetHCLKFreq
/var/folders/j8/bx6g0dyx2gg_pdn7l_y1sb9c0000gn/T//cc64Wppv.s:1624   .text.HAL_RCC_GetHCLKFreq:000000000000001c $d
/var/folders/j8/bx6g0dyx2gg_pdn7l_y1sb9c0000gn/T//cc64Wppv.s:1631   .text.HAL_RCC_OscConfig:0000000000000000 $t
/var/folders/j8/bx6g0dyx2gg_pdn7l_y1sb9c0000gn/T//cc64Wppv.s:1637   .text.HAL_RCC_OscConfig:0000000000000000 HAL_RCC_OscConfig
/var/folders/j8/bx6g0dyx2gg_pdn7l_y1sb9c0000gn/T//cc64Wppv.s:2077   .text.HAL_RCC_OscConfig:0000000000000280 $d
/var/folders/j8/bx6g0dyx2gg_pdn7l_y1sb9c0000gn/T//cc64Wppv.s:2082   .text.HAL_RCC_OscConfig:0000000000000288 $t
/var/folders/j8/bx6g0dyx2gg_pdn7l_y1sb9c0000gn/T//cc64Wppv.s:2645   .text.HAL_RCC_OscConfig:0000000000000558 $d
/var/folders/j8/bx6g0dyx2gg_pdn7l_y1sb9c0000gn/T//cc64Wppv.s:2650   .text.HAL_RCC_OscConfig:0000000000000560 $t
/var/folders/j8/bx6g0dyx2gg_pdn7l_y1sb9c0000gn/T//cc64Wppv.s:3150   .text.HAL_RCC_OscConfig:0000000000000804 $d
/var/folders/j8/bx6g0dyx2gg_pdn7l_y1sb9c0000gn/T//cc64Wppv.s:3154   .text.HAL_RCC_OscConfig:000000000000080c $t
/var/folders/j8/bx6g0dyx2gg_pdn7l_y1sb9c0000gn/T//cc64Wppv.s:3726   .text.HAL_RCC_OscConfig:0000000000000a94 $d
/var/folders/j8/bx6g0dyx2gg_pdn7l_y1sb9c0000gn/T//cc64Wppv.s:3734   .text.HAL_RCC_GetPCLK1Freq:0000000000000000 $t
/var/folders/j8/bx6g0dyx2gg_pdn7l_y1sb9c0000gn/T//cc64Wppv.s:3740   .text.HAL_RCC_GetPCLK1Freq:0000000000000000 HAL_RCC_GetPCLK1Freq
/var/folders/j8/bx6g0dyx2gg_pdn7l_y1sb9c0000gn/T//cc64Wppv.s:3769   .text.HAL_RCC_GetPCLK1Freq:0000000000000018 $d
/var/folders/j8/bx6g0dyx2gg_pdn7l_y1sb9c0000gn/T//cc64Wppv.s:3775   .text.HAL_RCC_GetPCLK2Freq:0000000000000000 $t
/var/folders/j8/bx6g0dyx2gg_pdn7l_y1sb9c0000gn/T//cc64Wppv.s:3781   .text.HAL_RCC_GetPCLK2Freq:0000000000000000 HAL_RCC_GetPCLK2Freq
/var/folders/j8/bx6g0dyx2gg_pdn7l_y1sb9c0000gn/T//cc64Wppv.s:3810   .text.HAL_RCC_GetPCLK2Freq:0000000000000018 $d
/var/folders/j8/bx6g0dyx2gg_pdn7l_y1sb9c0000gn/T//cc64Wppv.s:3816   .text.HAL_RCC_GetPCLK3Freq:0000000000000000 $t
/var/folders/j8/bx6g0dyx2gg_pdn7l_y1sb9c0000gn/T//cc64Wppv.s:3822   .text.HAL_RCC_GetPCLK3Freq:0000000000000000 HAL_RCC_GetPCLK3Freq
/var/folders/j8/bx6g0dyx2gg_pdn7l_y1sb9c0000gn/T//cc64Wppv.s:3851   .text.HAL_RCC_GetPCLK3Freq:0000000000000018 $d
/var/folders/j8/bx6g0dyx2gg_pdn7l_y1sb9c0000gn/T//cc64Wppv.s:3857   .text.HAL_RCC_GetOscConfig:0000000000000000 $t
/var/folders/j8/bx6g0dyx2gg_pdn7l_y1sb9c0000gn/T//cc64Wppv.s:3863   .text.HAL_RCC_GetOscConfig:0000000000000000 HAL_RCC_GetOscConfig
/var/folders/j8/bx6g0dyx2gg_pdn7l_y1sb9c0000gn/T//cc64Wppv.s:4096   .text.HAL_RCC_GetOscConfig:00000000000000d4 $d
/var/folders/j8/bx6g0dyx2gg_pdn7l_y1sb9c0000gn/T//cc64Wppv.s:4101   .text.HAL_RCC_GetClockConfig:0000000000000000 $t
/var/folders/j8/bx6g0dyx2gg_pdn7l_y1sb9c0000gn/T//cc64Wppv.s:4107   .text.HAL_RCC_GetClockConfig:0000000000000000 HAL_RCC_GetClockConfig
/var/folders/j8/bx6g0dyx2gg_pdn7l_y1sb9c0000gn/T//cc64Wppv.s:4171   .text.HAL_RCC_GetClockConfig:000000000000003c $d
/var/folders/j8/bx6g0dyx2gg_pdn7l_y1sb9c0000gn/T//cc64Wppv.s:4177   .text.HAL_RCC_GetResetSource:0000000000000000 $t
/var/folders/j8/bx6g0dyx2gg_pdn7l_y1sb9c0000gn/T//cc64Wppv.s:4183   .text.HAL_RCC_GetResetSource:0000000000000000 HAL_RCC_GetResetSource
/var/folders/j8/bx6g0dyx2gg_pdn7l_y1sb9c0000gn/T//cc64Wppv.s:4210   .text.HAL_RCC_GetResetSource:0000000000000018 $d
/var/folders/j8/bx6g0dyx2gg_pdn7l_y1sb9c0000gn/T//cc64Wppv.s:4215   .text.HAL_RCC_EnableCSS:0000000000000000 $t
/var/folders/j8/bx6g0dyx2gg_pdn7l_y1sb9c0000gn/T//cc64Wppv.s:4221   .text.HAL_RCC_EnableCSS:0000000000000000 HAL_RCC_EnableCSS
/var/folders/j8/bx6g0dyx2gg_pdn7l_y1sb9c0000gn/T//cc64Wppv.s:4238   .text.HAL_RCC_EnableCSS:000000000000000c $d
/var/folders/j8/bx6g0dyx2gg_pdn7l_y1sb9c0000gn/T//cc64Wppv.s:4243   .text.HAL_RCC_CSSCallback:0000000000000000 $t
/var/folders/j8/bx6g0dyx2gg_pdn7l_y1sb9c0000gn/T//cc64Wppv.s:4249   .text.HAL_RCC_CSSCallback:0000000000000000 HAL_RCC_CSSCallback
/var/folders/j8/bx6g0dyx2gg_pdn7l_y1sb9c0000gn/T//cc64Wppv.s:4262   .text.HAL_RCC_NMI_IRQHandler:0000000000000000 $t
/var/folders/j8/bx6g0dyx2gg_pdn7l_y1sb9c0000gn/T//cc64Wppv.s:4268   .text.HAL_RCC_NMI_IRQHandler:0000000000000000 HAL_RCC_NMI_IRQHandler
/var/folders/j8/bx6g0dyx2gg_pdn7l_y1sb9c0000gn/T//cc64Wppv.s:4302   .text.HAL_RCC_NMI_IRQHandler:000000000000001c $d
ARM GAS  /var/folders/j8/bx6g0dyx2gg_pdn7l_y1sb9c0000gn/T//cc64Wppv.s 			page 144


/var/folders/j8/bx6g0dyx2gg_pdn7l_y1sb9c0000gn/T//cc64Wppv.s:4307   .text.HAL_RCC_ConfigAttributes:0000000000000000 $t
/var/folders/j8/bx6g0dyx2gg_pdn7l_y1sb9c0000gn/T//cc64Wppv.s:4313   .text.HAL_RCC_ConfigAttributes:0000000000000000 HAL_RCC_ConfigAttributes
/var/folders/j8/bx6g0dyx2gg_pdn7l_y1sb9c0000gn/T//cc64Wppv.s:4351   .text.HAL_RCC_ConfigAttributes:000000000000002c $d
/var/folders/j8/bx6g0dyx2gg_pdn7l_y1sb9c0000gn/T//cc64Wppv.s:4356   .text.HAL_RCC_GetConfigAttributes:0000000000000000 $t
/var/folders/j8/bx6g0dyx2gg_pdn7l_y1sb9c0000gn/T//cc64Wppv.s:4362   .text.HAL_RCC_GetConfigAttributes:0000000000000000 HAL_RCC_GetConfigAttributes
/var/folders/j8/bx6g0dyx2gg_pdn7l_y1sb9c0000gn/T//cc64Wppv.s:4410   .text.HAL_RCC_GetConfigAttributes:0000000000000020 $d

UNDEFINED SYMBOLS
HAL_PWREx_GetVoltageRange
HAL_GetTick
HAL_InitTick
SystemCoreClock
HAL_GPIO_Init
MSIRangeTable
AHBPrescTable
uwTickPrio
APBPrescTable
