ARM GAS  /var/folders/j8/bx6g0dyx2gg_pdn7l_y1sb9c0000gn/T//cc9zwmjj.s 			page 1


   1              		.cpu cortex-m33
   2              		.arch armv8-m.main
   3              		.fpu fpv5-sp-d16
   4              		.arch_extension dsp
   5              		.eabi_attribute 27, 1
   6              		.eabi_attribute 28, 1
   7              		.eabi_attribute 20, 1
   8              		.eabi_attribute 21, 1
   9              		.eabi_attribute 23, 3
  10              		.eabi_attribute 24, 1
  11              		.eabi_attribute 25, 1
  12              		.eabi_attribute 26, 1
  13              		.eabi_attribute 30, 1
  14              		.eabi_attribute 34, 1
  15              		.eabi_attribute 18, 4
  16              		.file	"stm32u5xx_hal_pwr_ex.c"
  17              		.text
  18              	.Ltext0:
  19              		.cfi_sections	.debug_frame
  20              		.section	.text.HAL_PWREx_ControlVoltageScaling,"ax",%progbits
  21              		.align	1
  22              		.global	HAL_PWREx_ControlVoltageScaling
  23              		.syntax unified
  24              		.thumb
  25              		.thumb_func
  27              	HAL_PWREx_ControlVoltageScaling:
  28              	.LVL0:
  29              	.LFB157:
  30              		.file 1 "Drivers/STM32U5xx_HAL_Driver/Src/stm32u5xx_hal_pwr_ex.c"
   1:Drivers/STM32U5xx_HAL_Driver/Src/stm32u5xx_hal_pwr_ex.c **** /**
   2:Drivers/STM32U5xx_HAL_Driver/Src/stm32u5xx_hal_pwr_ex.c ****   ******************************************************************************
   3:Drivers/STM32U5xx_HAL_Driver/Src/stm32u5xx_hal_pwr_ex.c ****   * @file    stm32u5xx_hal_pwr_ex.c
   4:Drivers/STM32U5xx_HAL_Driver/Src/stm32u5xx_hal_pwr_ex.c ****   * @author  MCD Application Team
   5:Drivers/STM32U5xx_HAL_Driver/Src/stm32u5xx_hal_pwr_ex.c ****   * @brief   Extended PWR HAL module driver.
   6:Drivers/STM32U5xx_HAL_Driver/Src/stm32u5xx_hal_pwr_ex.c ****   *          This file provides firmware functions to manage the following
   7:Drivers/STM32U5xx_HAL_Driver/Src/stm32u5xx_hal_pwr_ex.c ****   *          functionalities of the Power Controller extension peripheral :
   8:Drivers/STM32U5xx_HAL_Driver/Src/stm32u5xx_hal_pwr_ex.c ****   *           + Power Supply Control Functions
   9:Drivers/STM32U5xx_HAL_Driver/Src/stm32u5xx_hal_pwr_ex.c ****   *           + Low Power Control Functions
  10:Drivers/STM32U5xx_HAL_Driver/Src/stm32u5xx_hal_pwr_ex.c ****   *           + Voltage Monitoring Functions
  11:Drivers/STM32U5xx_HAL_Driver/Src/stm32u5xx_hal_pwr_ex.c ****   *           + Memories Retention Functions
  12:Drivers/STM32U5xx_HAL_Driver/Src/stm32u5xx_hal_pwr_ex.c ****   *           + I/O Pull-Up Pull-Down Configuration Functions
  13:Drivers/STM32U5xx_HAL_Driver/Src/stm32u5xx_hal_pwr_ex.c ****   *
  14:Drivers/STM32U5xx_HAL_Driver/Src/stm32u5xx_hal_pwr_ex.c ****   ******************************************************************************
  15:Drivers/STM32U5xx_HAL_Driver/Src/stm32u5xx_hal_pwr_ex.c ****   * @attention
  16:Drivers/STM32U5xx_HAL_Driver/Src/stm32u5xx_hal_pwr_ex.c ****   *
  17:Drivers/STM32U5xx_HAL_Driver/Src/stm32u5xx_hal_pwr_ex.c ****   * Copyright (c) 2021 STMicroelectronics.
  18:Drivers/STM32U5xx_HAL_Driver/Src/stm32u5xx_hal_pwr_ex.c ****   * All rights reserved.
  19:Drivers/STM32U5xx_HAL_Driver/Src/stm32u5xx_hal_pwr_ex.c ****   *
  20:Drivers/STM32U5xx_HAL_Driver/Src/stm32u5xx_hal_pwr_ex.c ****   * This software is licensed under terms that can be found in the LICENSE file
  21:Drivers/STM32U5xx_HAL_Driver/Src/stm32u5xx_hal_pwr_ex.c ****   * in the root directory of this software component.
  22:Drivers/STM32U5xx_HAL_Driver/Src/stm32u5xx_hal_pwr_ex.c ****   * If no LICENSE file comes with this software, it is provided AS-IS.
  23:Drivers/STM32U5xx_HAL_Driver/Src/stm32u5xx_hal_pwr_ex.c ****   *
  24:Drivers/STM32U5xx_HAL_Driver/Src/stm32u5xx_hal_pwr_ex.c ****   ******************************************************************************
  25:Drivers/STM32U5xx_HAL_Driver/Src/stm32u5xx_hal_pwr_ex.c ****   @verbatim
  26:Drivers/STM32U5xx_HAL_Driver/Src/stm32u5xx_hal_pwr_ex.c ****   ==============================================================================
  27:Drivers/STM32U5xx_HAL_Driver/Src/stm32u5xx_hal_pwr_ex.c ****                         ##### How to use this driver #####
  28:Drivers/STM32U5xx_HAL_Driver/Src/stm32u5xx_hal_pwr_ex.c ****   ==============================================================================
ARM GAS  /var/folders/j8/bx6g0dyx2gg_pdn7l_y1sb9c0000gn/T//cc9zwmjj.s 			page 2


  29:Drivers/STM32U5xx_HAL_Driver/Src/stm32u5xx_hal_pwr_ex.c ****   [..]
  30:Drivers/STM32U5xx_HAL_Driver/Src/stm32u5xx_hal_pwr_ex.c ****    (#) Call HAL_PWREx_ControlVoltageScaling() and HAL_PWREx_GetVoltageRange() to
  31:Drivers/STM32U5xx_HAL_Driver/Src/stm32u5xx_hal_pwr_ex.c ****        set / get the voltage scaling range.
  32:Drivers/STM32U5xx_HAL_Driver/Src/stm32u5xx_hal_pwr_ex.c ****       (+) Voltage scaling can be one of the following values :
  33:Drivers/STM32U5xx_HAL_Driver/Src/stm32u5xx_hal_pwr_ex.c ****              (++) voltage output scale 1 : 1V2
  34:Drivers/STM32U5xx_HAL_Driver/Src/stm32u5xx_hal_pwr_ex.c ****                   => Used when system clock frequency is up to 160 MHz
  35:Drivers/STM32U5xx_HAL_Driver/Src/stm32u5xx_hal_pwr_ex.c ****              (++) voltage output scale 2 : 1V1
  36:Drivers/STM32U5xx_HAL_Driver/Src/stm32u5xx_hal_pwr_ex.c ****                   => Used when system clock frequency is up to 100 MHz
  37:Drivers/STM32U5xx_HAL_Driver/Src/stm32u5xx_hal_pwr_ex.c ****              (++) voltage output scale 3 : 1V0
  38:Drivers/STM32U5xx_HAL_Driver/Src/stm32u5xx_hal_pwr_ex.c ****                   => Used when system clock frequency is up to 50 MHz
  39:Drivers/STM32U5xx_HAL_Driver/Src/stm32u5xx_hal_pwr_ex.c ****              (++) voltage output scale 4 : 0V9
  40:Drivers/STM32U5xx_HAL_Driver/Src/stm32u5xx_hal_pwr_ex.c ****                   => Used when system clock frequency is up to 24 MHz
  41:Drivers/STM32U5xx_HAL_Driver/Src/stm32u5xx_hal_pwr_ex.c **** 
  42:Drivers/STM32U5xx_HAL_Driver/Src/stm32u5xx_hal_pwr_ex.c ****    (#) Call HAL_PWREx_EnableFastSoftStart() and HAL_PWREx_DisableFastSoftStart()
  43:Drivers/STM32U5xx_HAL_Driver/Src/stm32u5xx_hal_pwr_ex.c ****        to enable / disable the fast software startup for the current regulator.
  44:Drivers/STM32U5xx_HAL_Driver/Src/stm32u5xx_hal_pwr_ex.c **** 
  45:Drivers/STM32U5xx_HAL_Driver/Src/stm32u5xx_hal_pwr_ex.c ****    (#) Call HAL_PWREx_EnterSTOP1Mode() function to enter the whole system to
  46:Drivers/STM32U5xx_HAL_Driver/Src/stm32u5xx_hal_pwr_ex.c ****        Stop 1 mode. Wake-up from Stop 1 mode could be following to an event or
  47:Drivers/STM32U5xx_HAL_Driver/Src/stm32u5xx_hal_pwr_ex.c ****        an interrupt according to low power mode intrinsic request called
  48:Drivers/STM32U5xx_HAL_Driver/Src/stm32u5xx_hal_pwr_ex.c ****        (__WFI() or __WFE()). (Regulator state on U5 devices is managed
  49:Drivers/STM32U5xx_HAL_Driver/Src/stm32u5xx_hal_pwr_ex.c ****        internally but regulator parameter is kept for product compatibility).
  50:Drivers/STM32U5xx_HAL_Driver/Src/stm32u5xx_hal_pwr_ex.c **** 
  51:Drivers/STM32U5xx_HAL_Driver/Src/stm32u5xx_hal_pwr_ex.c ****    (#) Call HAL_PWREx_EnterSTOP2Mode() function to enter the whole system to
  52:Drivers/STM32U5xx_HAL_Driver/Src/stm32u5xx_hal_pwr_ex.c ****        Stop 2 mode. Wake-up from Stop 2 mode could be following to an event or
  53:Drivers/STM32U5xx_HAL_Driver/Src/stm32u5xx_hal_pwr_ex.c ****        an interrupt according to low power mode intrinsic request called
  54:Drivers/STM32U5xx_HAL_Driver/Src/stm32u5xx_hal_pwr_ex.c ****        (__WFI() or __WFE()). (Regulator state on U5 devices is managed
  55:Drivers/STM32U5xx_HAL_Driver/Src/stm32u5xx_hal_pwr_ex.c ****        internally but regulator parameter is kept for product compatibility).
  56:Drivers/STM32U5xx_HAL_Driver/Src/stm32u5xx_hal_pwr_ex.c **** 
  57:Drivers/STM32U5xx_HAL_Driver/Src/stm32u5xx_hal_pwr_ex.c ****    (#) Call HAL_PWREx_EnterSTOP3Mode() function to enter the whole system to
  58:Drivers/STM32U5xx_HAL_Driver/Src/stm32u5xx_hal_pwr_ex.c ****        Stop 3 mode. Wake-up from Stop 3 mode could be following to an event or
  59:Drivers/STM32U5xx_HAL_Driver/Src/stm32u5xx_hal_pwr_ex.c ****        an interrupt according to low power mode intrinsic request called
  60:Drivers/STM32U5xx_HAL_Driver/Src/stm32u5xx_hal_pwr_ex.c ****        (__WFI() or __WFE()). (Regulator state on U5 devices is managed
  61:Drivers/STM32U5xx_HAL_Driver/Src/stm32u5xx_hal_pwr_ex.c ****        internally but regulator parameter is kept for product compatibility).
  62:Drivers/STM32U5xx_HAL_Driver/Src/stm32u5xx_hal_pwr_ex.c **** 
  63:Drivers/STM32U5xx_HAL_Driver/Src/stm32u5xx_hal_pwr_ex.c ****    (#) Call HAL_PWREx_EnterSHUTDOWNMode() function to enter the whole system in
  64:Drivers/STM32U5xx_HAL_Driver/Src/stm32u5xx_hal_pwr_ex.c ****        Shutdown mode. Wake-up from Shutdown mode can be following to an external
  65:Drivers/STM32U5xx_HAL_Driver/Src/stm32u5xx_hal_pwr_ex.c ****        reset (NRST pin), a WKUP pin event (configurable rising or falling edge),
  66:Drivers/STM32U5xx_HAL_Driver/Src/stm32u5xx_hal_pwr_ex.c ****        or an RTC event occurs (alarm, periodic wakeup, timestamp), or a tamper
  67:Drivers/STM32U5xx_HAL_Driver/Src/stm32u5xx_hal_pwr_ex.c ****        detection.
  68:Drivers/STM32U5xx_HAL_Driver/Src/stm32u5xx_hal_pwr_ex.c **** 
  69:Drivers/STM32U5xx_HAL_Driver/Src/stm32u5xx_hal_pwr_ex.c ****    (#) Call HAL_PWREx_ConfigSRDDomain() to force in Run mode or to enter in Stop
  70:Drivers/STM32U5xx_HAL_Driver/Src/stm32u5xx_hal_pwr_ex.c ****        mode Smart Run Domain when the system enters Stop mode (Stop 0/1/2).
  71:Drivers/STM32U5xx_HAL_Driver/Src/stm32u5xx_hal_pwr_ex.c **** 
  72:Drivers/STM32U5xx_HAL_Driver/Src/stm32u5xx_hal_pwr_ex.c ****    (#) Call HAL_PWREx_EnableUltraLowPowerMode() and
  73:Drivers/STM32U5xx_HAL_Driver/Src/stm32u5xx_hal_pwr_ex.c ****        HAL_PWREx_DisableUltraLowPowerMode() to enable / disable the BOR ultra
  74:Drivers/STM32U5xx_HAL_Driver/Src/stm32u5xx_hal_pwr_ex.c ****        low power mode.
  75:Drivers/STM32U5xx_HAL_Driver/Src/stm32u5xx_hal_pwr_ex.c **** 
  76:Drivers/STM32U5xx_HAL_Driver/Src/stm32u5xx_hal_pwr_ex.c ****    (#) Call HAL_PWREx_S3WU_IRQHandler() function to handle the PWR Stop 3 wake
  77:Drivers/STM32U5xx_HAL_Driver/Src/stm32u5xx_hal_pwr_ex.c ****        up interrupt request.
  78:Drivers/STM32U5xx_HAL_Driver/Src/stm32u5xx_hal_pwr_ex.c **** 
  79:Drivers/STM32U5xx_HAL_Driver/Src/stm32u5xx_hal_pwr_ex.c ****    (#) Call HAL_PWREx_EnableBatteryCharging() and
  80:Drivers/STM32U5xx_HAL_Driver/Src/stm32u5xx_hal_pwr_ex.c ****        HAL_PWREx_DisableBatteryCharging() to enable / disable the battery
  81:Drivers/STM32U5xx_HAL_Driver/Src/stm32u5xx_hal_pwr_ex.c ****        charging capability when VDD alimentation is available.
  82:Drivers/STM32U5xx_HAL_Driver/Src/stm32u5xx_hal_pwr_ex.c **** 
  83:Drivers/STM32U5xx_HAL_Driver/Src/stm32u5xx_hal_pwr_ex.c ****    (#) Call HAL_PWREx_EnableVddUSB(), HAL_PWREx_EnableVddIO2() and
  84:Drivers/STM32U5xx_HAL_Driver/Src/stm32u5xx_hal_pwr_ex.c ****        HAL_PWREx_EnableVddA() to enable respectively VDDUSB, VDDIO2 and VDDA
  85:Drivers/STM32U5xx_HAL_Driver/Src/stm32u5xx_hal_pwr_ex.c ****        electrical and logical isolation.
ARM GAS  /var/folders/j8/bx6g0dyx2gg_pdn7l_y1sb9c0000gn/T//cc9zwmjj.s 			page 3


  86:Drivers/STM32U5xx_HAL_Driver/Src/stm32u5xx_hal_pwr_ex.c ****        It is recommended to disable VDDUSB, VDDIO2 and VDDA electrical and
  87:Drivers/STM32U5xx_HAL_Driver/Src/stm32u5xx_hal_pwr_ex.c ****        logical isolation through HAL_PWREx_DisableVddUSB(),
  88:Drivers/STM32U5xx_HAL_Driver/Src/stm32u5xx_hal_pwr_ex.c ****        HAL_PWREx_DisableVddIO2() and HAL_PWREx_DisableVddA().
  89:Drivers/STM32U5xx_HAL_Driver/Src/stm32u5xx_hal_pwr_ex.c **** 
  90:Drivers/STM32U5xx_HAL_Driver/Src/stm32u5xx_hal_pwr_ex.c ****    (#) Call HAL_PWREx_ConfigPVM() after setting parameters to be configured
  91:Drivers/STM32U5xx_HAL_Driver/Src/stm32u5xx_hal_pwr_ex.c ****        (event mode and PVD type) in order to set up the Peripheral Voltage
  92:Drivers/STM32U5xx_HAL_Driver/Src/stm32u5xx_hal_pwr_ex.c ****        Monitor, then use HAL_PWREx_EnableUVM(), HAL_PWREx_EnableIO2VM(),
  93:Drivers/STM32U5xx_HAL_Driver/Src/stm32u5xx_hal_pwr_ex.c ****        HAL_PWREx_EnableAVM1() and HAL_PWREx_EnableAVM2() functions to start the
  94:Drivers/STM32U5xx_HAL_Driver/Src/stm32u5xx_hal_pwr_ex.c ****        PVM VDDx monitoring and use HAL_PWREx_DisableUVM(),
  95:Drivers/STM32U5xx_HAL_Driver/Src/stm32u5xx_hal_pwr_ex.c ****        HAL_PWREx_DisableIO2VM(), HAL_PWREx_DisableAVM1() and
  96:Drivers/STM32U5xx_HAL_Driver/Src/stm32u5xx_hal_pwr_ex.c ****        HAL_PWREx_DisableAVM2() to stop the PVM VDDx monitoring.
  97:Drivers/STM32U5xx_HAL_Driver/Src/stm32u5xx_hal_pwr_ex.c ****        (+) PVM monitored voltages are :
  98:Drivers/STM32U5xx_HAL_Driver/Src/stm32u5xx_hal_pwr_ex.c ****              (++) VDDUSB versus 1V2
  99:Drivers/STM32U5xx_HAL_Driver/Src/stm32u5xx_hal_pwr_ex.c ****              (++) VDDIO2 versus 0V9
 100:Drivers/STM32U5xx_HAL_Driver/Src/stm32u5xx_hal_pwr_ex.c ****              (++) VDDA versus 1V6
 101:Drivers/STM32U5xx_HAL_Driver/Src/stm32u5xx_hal_pwr_ex.c ****              (++) VDDA versus 1V8
 102:Drivers/STM32U5xx_HAL_Driver/Src/stm32u5xx_hal_pwr_ex.c **** 
 103:Drivers/STM32U5xx_HAL_Driver/Src/stm32u5xx_hal_pwr_ex.c ****    (#) Call HAL_PWREx_EnableUSBHSTranceiverSupply() and
 104:Drivers/STM32U5xx_HAL_Driver/Src/stm32u5xx_hal_pwr_ex.c ****        HAL_PWREx_DisableUSBHSTranceiverSupply() to enable / disable the internal
 105:Drivers/STM32U5xx_HAL_Driver/Src/stm32u5xx_hal_pwr_ex.c ****        USB HS transceiver supply.
 106:Drivers/STM32U5xx_HAL_Driver/Src/stm32u5xx_hal_pwr_ex.c ****        (+) This feature is available only for STM32U59xxx, STM32U5Axxx, STM32U5Fxxx
 107:Drivers/STM32U5xx_HAL_Driver/Src/stm32u5xx_hal_pwr_ex.c ****            and STM32U5Gxxx devices
 108:Drivers/STM32U5xx_HAL_Driver/Src/stm32u5xx_hal_pwr_ex.c **** 
 109:Drivers/STM32U5xx_HAL_Driver/Src/stm32u5xx_hal_pwr_ex.c ****    (#) Call HAL_PWREx_EnableOTGHSPHYLowPowerRetention() and
 110:Drivers/STM32U5xx_HAL_Driver/Src/stm32u5xx_hal_pwr_ex.c ****        HAL_PWREx_DisableOTGHSPHYLowPowerRetention() to enable / disable OTG_HS PHY power during
 111:Drivers/STM32U5xx_HAL_Driver/Src/stm32u5xx_hal_pwr_ex.c ****        low power modes (Stop2, Stop3 and Standby).
 112:Drivers/STM32U5xx_HAL_Driver/Src/stm32u5xx_hal_pwr_ex.c ****        (+) This feature is available only for STM32U59xxx, STM32U5Axxx, STM32U5Fxxx
 113:Drivers/STM32U5xx_HAL_Driver/Src/stm32u5xx_hal_pwr_ex.c ****            and STM32U5Gxxx devices
 114:Drivers/STM32U5xx_HAL_Driver/Src/stm32u5xx_hal_pwr_ex.c **** 
 115:Drivers/STM32U5xx_HAL_Driver/Src/stm32u5xx_hal_pwr_ex.c ****    (#) Call HAL_PWREx_EnableVDD11USB() and
 116:Drivers/STM32U5xx_HAL_Driver/Src/stm32u5xx_hal_pwr_ex.c ****        HAL_PWREx_DisableVDD11USB() to enable/ disable the VDD11USB.
 117:Drivers/STM32U5xx_HAL_Driver/Src/stm32u5xx_hal_pwr_ex.c ****        (+) This feature is available only for STM32U59xxx, STM32U5Axxx, STM32U5Fxxx
 118:Drivers/STM32U5xx_HAL_Driver/Src/stm32u5xx_hal_pwr_ex.c ****            and STM32U5Gxxx devices
 119:Drivers/STM32U5xx_HAL_Driver/Src/stm32u5xx_hal_pwr_ex.c **** 
 120:Drivers/STM32U5xx_HAL_Driver/Src/stm32u5xx_hal_pwr_ex.c ****    (#) Call HAL_PWREx_EnableMonitoring() and HAL_PWREx_DisableMonitoring() to
 121:Drivers/STM32U5xx_HAL_Driver/Src/stm32u5xx_hal_pwr_ex.c ****        enable / disable the VBAT and temperature monitoring.
 122:Drivers/STM32U5xx_HAL_Driver/Src/stm32u5xx_hal_pwr_ex.c **** 
 123:Drivers/STM32U5xx_HAL_Driver/Src/stm32u5xx_hal_pwr_ex.c ****    (#) Call HAL_PWREx_EnableUCPDStandbyMode() and
 124:Drivers/STM32U5xx_HAL_Driver/Src/stm32u5xx_hal_pwr_ex.c ****        HAL_PWREx_DisableUCPDStandbyMode() to enable / disable the UCPD
 125:Drivers/STM32U5xx_HAL_Driver/Src/stm32u5xx_hal_pwr_ex.c ****        configuration memorization in Standby mode.
 126:Drivers/STM32U5xx_HAL_Driver/Src/stm32u5xx_hal_pwr_ex.c **** 
 127:Drivers/STM32U5xx_HAL_Driver/Src/stm32u5xx_hal_pwr_ex.c ****    (#) Call HAL_PWREx_EnableUCPDDeadBattery() and
 128:Drivers/STM32U5xx_HAL_Driver/Src/stm32u5xx_hal_pwr_ex.c ****        HAL_PWREx_DisableUCPDDeadBattery() to enable / disable the dead battery
 129:Drivers/STM32U5xx_HAL_Driver/Src/stm32u5xx_hal_pwr_ex.c ****        behavior.
 130:Drivers/STM32U5xx_HAL_Driver/Src/stm32u5xx_hal_pwr_ex.c **** 
 131:Drivers/STM32U5xx_HAL_Driver/Src/stm32u5xx_hal_pwr_ex.c ****    (#) Call HAL_PWREx_PVD_PVM_IRQHandler() function to handle the PWR PVD and
 132:Drivers/STM32U5xx_HAL_Driver/Src/stm32u5xx_hal_pwr_ex.c ****        PVM interrupt request.
 133:Drivers/STM32U5xx_HAL_Driver/Src/stm32u5xx_hal_pwr_ex.c **** 
 134:Drivers/STM32U5xx_HAL_Driver/Src/stm32u5xx_hal_pwr_ex.c ****    (#) Call HAL_PWREx_EnableSRAM2ContentStandbyRetention() and
 135:Drivers/STM32U5xx_HAL_Driver/Src/stm32u5xx_hal_pwr_ex.c ****        HAL_PWREx_DisableSRAM2ContentStandbyRetention() to
 136:Drivers/STM32U5xx_HAL_Driver/Src/stm32u5xx_hal_pwr_ex.c ****        enable / disable the SRAM2 content retention in Stop 3 and Standby low
 137:Drivers/STM32U5xx_HAL_Driver/Src/stm32u5xx_hal_pwr_ex.c ****        power modes.
 138:Drivers/STM32U5xx_HAL_Driver/Src/stm32u5xx_hal_pwr_ex.c **** 
 139:Drivers/STM32U5xx_HAL_Driver/Src/stm32u5xx_hal_pwr_ex.c ****    (#) Call HAL_PWREx_EnableRAMsContentStopRetention() and
 140:Drivers/STM32U5xx_HAL_Driver/Src/stm32u5xx_hal_pwr_ex.c ****        HAL_PWREx_DisableRAMsContentStopRetention() to
 141:Drivers/STM32U5xx_HAL_Driver/Src/stm32u5xx_hal_pwr_ex.c ****        enable / disable the RAMs content retention in Stop mode (Stop 0/1/2/3).
 142:Drivers/STM32U5xx_HAL_Driver/Src/stm32u5xx_hal_pwr_ex.c ****        (+) Retained RAM can be one of the following RAMs :
ARM GAS  /var/folders/j8/bx6g0dyx2gg_pdn7l_y1sb9c0000gn/T//cc9zwmjj.s 			page 4


 143:Drivers/STM32U5xx_HAL_Driver/Src/stm32u5xx_hal_pwr_ex.c ****              (++) SRAM1
 144:Drivers/STM32U5xx_HAL_Driver/Src/stm32u5xx_hal_pwr_ex.c ****              (++) SRAM2
 145:Drivers/STM32U5xx_HAL_Driver/Src/stm32u5xx_hal_pwr_ex.c ****              (++) SRAM3 (available only for STM32U575xx, STM32U585xx, STM32U59xxx,
 146:Drivers/STM32U5xx_HAL_Driver/Src/stm32u5xx_hal_pwr_ex.c ****                   STM32U5Axxx, STM32U5Fxxx and STM32U5Gxxx devices)
 147:Drivers/STM32U5xx_HAL_Driver/Src/stm32u5xx_hal_pwr_ex.c ****              (++) SRAM4
 148:Drivers/STM32U5xx_HAL_Driver/Src/stm32u5xx_hal_pwr_ex.c ****              (++) SRAM5 (available only for STM32U59xxx, STM32U5Axxx,
 149:Drivers/STM32U5xx_HAL_Driver/Src/stm32u5xx_hal_pwr_ex.c ****                   STM32U5Fxxx and STM32U5Gxxx devices)
 150:Drivers/STM32U5xx_HAL_Driver/Src/stm32u5xx_hal_pwr_ex.c ****              (++) SRAM6 (available only for STM32U5Fxxx and STM32U5Gxxx devices)
 151:Drivers/STM32U5xx_HAL_Driver/Src/stm32u5xx_hal_pwr_ex.c ****              (++) ICACHE
 152:Drivers/STM32U5xx_HAL_Driver/Src/stm32u5xx_hal_pwr_ex.c ****              (++) DMA2DRAM (available only for STM32U575xx, STM32U585xx, STM32U59xxx,
 153:Drivers/STM32U5xx_HAL_Driver/Src/stm32u5xx_hal_pwr_ex.c ****                   STM32U5Axxx, STM32U5Fxxx and STM32U5Gxxx devices)
 154:Drivers/STM32U5xx_HAL_Driver/Src/stm32u5xx_hal_pwr_ex.c ****              (++) PKA32RAM
 155:Drivers/STM32U5xx_HAL_Driver/Src/stm32u5xx_hal_pwr_ex.c ****              (++) DCACHE1
 156:Drivers/STM32U5xx_HAL_Driver/Src/stm32u5xx_hal_pwr_ex.c ****              (++) FMAC
 157:Drivers/STM32U5xx_HAL_Driver/Src/stm32u5xx_hal_pwr_ex.c ****              (++) FDCAN
 158:Drivers/STM32U5xx_HAL_Driver/Src/stm32u5xx_hal_pwr_ex.c ****              (++) USB
 159:Drivers/STM32U5xx_HAL_Driver/Src/stm32u5xx_hal_pwr_ex.c ****              (++) DCACHE2 (available only for STM32U59xxx, STM32U5Axxx,
 160:Drivers/STM32U5xx_HAL_Driver/Src/stm32u5xx_hal_pwr_ex.c ****                   STM32U5Fxxx and STM32U5Gxxx devices)
 161:Drivers/STM32U5xx_HAL_Driver/Src/stm32u5xx_hal_pwr_ex.c ****              (++) LTDC (available only for STM32U59xxx, STM32U5Axxx,
 162:Drivers/STM32U5xx_HAL_Driver/Src/stm32u5xx_hal_pwr_ex.c ****                   STM32U5Fxxx and STM32U5Gxxx devices)
 163:Drivers/STM32U5xx_HAL_Driver/Src/stm32u5xx_hal_pwr_ex.c ****              (++) GFXMMU (available only for STM32U59xxx, STM32U5Axxx,
 164:Drivers/STM32U5xx_HAL_Driver/Src/stm32u5xx_hal_pwr_ex.c ****                   STM32U5Fxxx and STM32U5Gxxx devices)
 165:Drivers/STM32U5xx_HAL_Driver/Src/stm32u5xx_hal_pwr_ex.c ****              (++) DSI (available only for STM32U59xxx, STM32U5Axxx,
 166:Drivers/STM32U5xx_HAL_Driver/Src/stm32u5xx_hal_pwr_ex.c ****                   STM32U5Fxxx and STM32U5Gxxx devices)
 167:Drivers/STM32U5xx_HAL_Driver/Src/stm32u5xx_hal_pwr_ex.c ****              (++) JPEG (available only for STM32U5Fxxx and STM32U5Gxxx devices)
 168:Drivers/STM32U5xx_HAL_Driver/Src/stm32u5xx_hal_pwr_ex.c **** 
 169:Drivers/STM32U5xx_HAL_Driver/Src/stm32u5xx_hal_pwr_ex.c ****    (#) Call HAL_PWREx_EnableRAMsContentRunRetention() and
 170:Drivers/STM32U5xx_HAL_Driver/Src/stm32u5xx_hal_pwr_ex.c ****        HAL_PWREx_DisableRAMsContentRunRetention() to
 171:Drivers/STM32U5xx_HAL_Driver/Src/stm32u5xx_hal_pwr_ex.c ****        enable / disable the RAMs content retention in Run mode.
 172:Drivers/STM32U5xx_HAL_Driver/Src/stm32u5xx_hal_pwr_ex.c ****        (+) Retained RAM can be one of the following RAMs :
 173:Drivers/STM32U5xx_HAL_Driver/Src/stm32u5xx_hal_pwr_ex.c ****              (++) SRAM1
 174:Drivers/STM32U5xx_HAL_Driver/Src/stm32u5xx_hal_pwr_ex.c ****              (++) SRAM2
 175:Drivers/STM32U5xx_HAL_Driver/Src/stm32u5xx_hal_pwr_ex.c ****              (++) SRAM3 (available only for STM32U575xx, STM32U585xx, STM32U59xxx,
 176:Drivers/STM32U5xx_HAL_Driver/Src/stm32u5xx_hal_pwr_ex.c ****                   STM32U5Axxx, STM32U5Fxxx and STM32U5Gxxx devices)
 177:Drivers/STM32U5xx_HAL_Driver/Src/stm32u5xx_hal_pwr_ex.c ****              (++) SRAM4
 178:Drivers/STM32U5xx_HAL_Driver/Src/stm32u5xx_hal_pwr_ex.c ****              (++) SRAM5 (available only for STM32U59xxx, STM32U5Axxx,
 179:Drivers/STM32U5xx_HAL_Driver/Src/stm32u5xx_hal_pwr_ex.c ****                   STM32U5Fxxx and STM32U5Gxxx devices)
 180:Drivers/STM32U5xx_HAL_Driver/Src/stm32u5xx_hal_pwr_ex.c ****              (++) SRAM6 (available only for STM32U5Fxxx and STM32U5Gxxx devices)
 181:Drivers/STM32U5xx_HAL_Driver/Src/stm32u5xx_hal_pwr_ex.c **** 
 182:Drivers/STM32U5xx_HAL_Driver/Src/stm32u5xx_hal_pwr_ex.c ****    (#) Call HAL_PWREx_EnableFlashFastWakeUp() and
 183:Drivers/STM32U5xx_HAL_Driver/Src/stm32u5xx_hal_pwr_ex.c ****        HAL_PWREx_DisableFlashFastWakeUp() to enable / disable the flash memory
 184:Drivers/STM32U5xx_HAL_Driver/Src/stm32u5xx_hal_pwr_ex.c ****        fast wakeup from Stop mode (Stop 0/1).
 185:Drivers/STM32U5xx_HAL_Driver/Src/stm32u5xx_hal_pwr_ex.c **** 
 186:Drivers/STM32U5xx_HAL_Driver/Src/stm32u5xx_hal_pwr_ex.c ****    (#) Call HAL_PWREx_EnableSRAM4FastWakeUp() and
 187:Drivers/STM32U5xx_HAL_Driver/Src/stm32u5xx_hal_pwr_ex.c ****        HAL_PWREx_DisableSRAM4FastWakeUp() to enable / disable the SRAM4 memory
 188:Drivers/STM32U5xx_HAL_Driver/Src/stm32u5xx_hal_pwr_ex.c ****        fast wakeup from Stop mode (Stop 0/1/2).
 189:Drivers/STM32U5xx_HAL_Driver/Src/stm32u5xx_hal_pwr_ex.c **** 
 190:Drivers/STM32U5xx_HAL_Driver/Src/stm32u5xx_hal_pwr_ex.c ****    (#) Call HAL_PWREx_EnableBkupRAMRetention() and
 191:Drivers/STM32U5xx_HAL_Driver/Src/stm32u5xx_hal_pwr_ex.c ****        HAL_PWREx_DisableBkupRAMRetention() to enable / disable the Backup RAM
 192:Drivers/STM32U5xx_HAL_Driver/Src/stm32u5xx_hal_pwr_ex.c ****        content retention in Standby, Shutdown and VBAT modes.
 193:Drivers/STM32U5xx_HAL_Driver/Src/stm32u5xx_hal_pwr_ex.c **** 
 194:Drivers/STM32U5xx_HAL_Driver/Src/stm32u5xx_hal_pwr_ex.c ****    (#) Call HAL_PWREx_EnablePullUpPullDownConfig() and
 195:Drivers/STM32U5xx_HAL_Driver/Src/stm32u5xx_hal_pwr_ex.c ****        HAL_PWREx_DisablePullUpPullDownConfig() to I/O enable / disable pull-up
 196:Drivers/STM32U5xx_HAL_Driver/Src/stm32u5xx_hal_pwr_ex.c ****        and pull-down configuration.
 197:Drivers/STM32U5xx_HAL_Driver/Src/stm32u5xx_hal_pwr_ex.c **** 
 198:Drivers/STM32U5xx_HAL_Driver/Src/stm32u5xx_hal_pwr_ex.c ****    (#) Call HAL_PWREx_EnableGPIOPullUp() and HAL_PWREx_EnableGPIOPullDown() to
 199:Drivers/STM32U5xx_HAL_Driver/Src/stm32u5xx_hal_pwr_ex.c ****        apply respectively pull-up and pull-down to selected I/O.
ARM GAS  /var/folders/j8/bx6g0dyx2gg_pdn7l_y1sb9c0000gn/T//cc9zwmjj.s 			page 5


 200:Drivers/STM32U5xx_HAL_Driver/Src/stm32u5xx_hal_pwr_ex.c ****        Call HAL_PWREx_DisableGPIOPullUp() and HAL_PWREx_DisableGPIOPullDown() to
 201:Drivers/STM32U5xx_HAL_Driver/Src/stm32u5xx_hal_pwr_ex.c ****        disable applied respectively pull-up and pull-down to selected I/O.
 202:Drivers/STM32U5xx_HAL_Driver/Src/stm32u5xx_hal_pwr_ex.c **** 
 203:Drivers/STM32U5xx_HAL_Driver/Src/stm32u5xx_hal_pwr_ex.c ****   @endverbatim
 204:Drivers/STM32U5xx_HAL_Driver/Src/stm32u5xx_hal_pwr_ex.c ****   ******************************************************************************
 205:Drivers/STM32U5xx_HAL_Driver/Src/stm32u5xx_hal_pwr_ex.c ****   */
 206:Drivers/STM32U5xx_HAL_Driver/Src/stm32u5xx_hal_pwr_ex.c **** 
 207:Drivers/STM32U5xx_HAL_Driver/Src/stm32u5xx_hal_pwr_ex.c **** /* Includes ------------------------------------------------------------------*/
 208:Drivers/STM32U5xx_HAL_Driver/Src/stm32u5xx_hal_pwr_ex.c **** #include "stm32u5xx_hal.h"
 209:Drivers/STM32U5xx_HAL_Driver/Src/stm32u5xx_hal_pwr_ex.c **** 
 210:Drivers/STM32U5xx_HAL_Driver/Src/stm32u5xx_hal_pwr_ex.c **** /** @addtogroup STM32U5xx_HAL_Driver
 211:Drivers/STM32U5xx_HAL_Driver/Src/stm32u5xx_hal_pwr_ex.c ****   * @{
 212:Drivers/STM32U5xx_HAL_Driver/Src/stm32u5xx_hal_pwr_ex.c ****   */
 213:Drivers/STM32U5xx_HAL_Driver/Src/stm32u5xx_hal_pwr_ex.c **** 
 214:Drivers/STM32U5xx_HAL_Driver/Src/stm32u5xx_hal_pwr_ex.c **** /** @defgroup PWREx PWREx
 215:Drivers/STM32U5xx_HAL_Driver/Src/stm32u5xx_hal_pwr_ex.c ****   * @brief    PWR Extended HAL module driver
 216:Drivers/STM32U5xx_HAL_Driver/Src/stm32u5xx_hal_pwr_ex.c ****   * @{
 217:Drivers/STM32U5xx_HAL_Driver/Src/stm32u5xx_hal_pwr_ex.c ****   */
 218:Drivers/STM32U5xx_HAL_Driver/Src/stm32u5xx_hal_pwr_ex.c **** 
 219:Drivers/STM32U5xx_HAL_Driver/Src/stm32u5xx_hal_pwr_ex.c **** #if defined (HAL_PWR_MODULE_ENABLED)
 220:Drivers/STM32U5xx_HAL_Driver/Src/stm32u5xx_hal_pwr_ex.c **** 
 221:Drivers/STM32U5xx_HAL_Driver/Src/stm32u5xx_hal_pwr_ex.c **** /* Private typedef -----------------------------------------------------------*/
 222:Drivers/STM32U5xx_HAL_Driver/Src/stm32u5xx_hal_pwr_ex.c **** /* Private define ------------------------------------------------------------*/
 223:Drivers/STM32U5xx_HAL_Driver/Src/stm32u5xx_hal_pwr_ex.c **** 
 224:Drivers/STM32U5xx_HAL_Driver/Src/stm32u5xx_hal_pwr_ex.c **** /** @defgroup PWR_Extended_Private_Defines PWR Extended Private Defines
 225:Drivers/STM32U5xx_HAL_Driver/Src/stm32u5xx_hal_pwr_ex.c ****   * @{
 226:Drivers/STM32U5xx_HAL_Driver/Src/stm32u5xx_hal_pwr_ex.c ****   */
 227:Drivers/STM32U5xx_HAL_Driver/Src/stm32u5xx_hal_pwr_ex.c **** #if defined (PWR_PUCRJ_PU0)
 228:Drivers/STM32U5xx_HAL_Driver/Src/stm32u5xx_hal_pwr_ex.c **** /* PORTI pins mask */
 229:Drivers/STM32U5xx_HAL_Driver/Src/stm32u5xx_hal_pwr_ex.c **** #define PWR_PORTI_AVAILABLE_PINS  (0xFFFFU)
 230:Drivers/STM32U5xx_HAL_Driver/Src/stm32u5xx_hal_pwr_ex.c **** /* PORTJ pins mask */
 231:Drivers/STM32U5xx_HAL_Driver/Src/stm32u5xx_hal_pwr_ex.c **** #define PWR_PORTJ_AVAILABLE_PINS  (0x0FFFU)
 232:Drivers/STM32U5xx_HAL_Driver/Src/stm32u5xx_hal_pwr_ex.c **** #else
 233:Drivers/STM32U5xx_HAL_Driver/Src/stm32u5xx_hal_pwr_ex.c **** /* PORTI pins mask */
 234:Drivers/STM32U5xx_HAL_Driver/Src/stm32u5xx_hal_pwr_ex.c **** #define PWR_PORTI_AVAILABLE_PINS  (0x00FFU)
 235:Drivers/STM32U5xx_HAL_Driver/Src/stm32u5xx_hal_pwr_ex.c **** #endif /* defined (PWR_PUCRJ_PU0) */
 236:Drivers/STM32U5xx_HAL_Driver/Src/stm32u5xx_hal_pwr_ex.c **** 
 237:Drivers/STM32U5xx_HAL_Driver/Src/stm32u5xx_hal_pwr_ex.c **** /* Time out value of flags setting */
 238:Drivers/STM32U5xx_HAL_Driver/Src/stm32u5xx_hal_pwr_ex.c **** #define PWR_FLAG_SETTING_DELAY    (0x32U)
 239:Drivers/STM32U5xx_HAL_Driver/Src/stm32u5xx_hal_pwr_ex.c **** 
 240:Drivers/STM32U5xx_HAL_Driver/Src/stm32u5xx_hal_pwr_ex.c **** /** @defgroup PWR_PVM_Mode_Mask PWR PVM Mode Mask
 241:Drivers/STM32U5xx_HAL_Driver/Src/stm32u5xx_hal_pwr_ex.c ****   * @{
 242:Drivers/STM32U5xx_HAL_Driver/Src/stm32u5xx_hal_pwr_ex.c ****   */
 243:Drivers/STM32U5xx_HAL_Driver/Src/stm32u5xx_hal_pwr_ex.c **** #define PVM_RISING_EDGE  (0x01U)  /*!< Mask for rising edge set as PVM trigger                 */
 244:Drivers/STM32U5xx_HAL_Driver/Src/stm32u5xx_hal_pwr_ex.c **** #define PVM_FALLING_EDGE (0x02U)  /*!< Mask for falling edge set as PVM trigger                */
 245:Drivers/STM32U5xx_HAL_Driver/Src/stm32u5xx_hal_pwr_ex.c **** #define PVM_MODE_IT      (0x04U)  /*!< Mask for interruption yielded by PVM threshold crossing */
 246:Drivers/STM32U5xx_HAL_Driver/Src/stm32u5xx_hal_pwr_ex.c **** #define PVM_MODE_EVT     (0x08U)  /*!< Mask for event yielded by PVM threshold crossing        */
 247:Drivers/STM32U5xx_HAL_Driver/Src/stm32u5xx_hal_pwr_ex.c **** /**
 248:Drivers/STM32U5xx_HAL_Driver/Src/stm32u5xx_hal_pwr_ex.c ****   * @}
 249:Drivers/STM32U5xx_HAL_Driver/Src/stm32u5xx_hal_pwr_ex.c ****   */
 250:Drivers/STM32U5xx_HAL_Driver/Src/stm32u5xx_hal_pwr_ex.c **** 
 251:Drivers/STM32U5xx_HAL_Driver/Src/stm32u5xx_hal_pwr_ex.c **** /**
 252:Drivers/STM32U5xx_HAL_Driver/Src/stm32u5xx_hal_pwr_ex.c ****   * @}
 253:Drivers/STM32U5xx_HAL_Driver/Src/stm32u5xx_hal_pwr_ex.c ****   */
 254:Drivers/STM32U5xx_HAL_Driver/Src/stm32u5xx_hal_pwr_ex.c **** 
 255:Drivers/STM32U5xx_HAL_Driver/Src/stm32u5xx_hal_pwr_ex.c **** /* Private macro -------------------------------------------------------------*/
 256:Drivers/STM32U5xx_HAL_Driver/Src/stm32u5xx_hal_pwr_ex.c **** /* Private variables ---------------------------------------------------------*/
ARM GAS  /var/folders/j8/bx6g0dyx2gg_pdn7l_y1sb9c0000gn/T//cc9zwmjj.s 			page 6


 257:Drivers/STM32U5xx_HAL_Driver/Src/stm32u5xx_hal_pwr_ex.c **** /* Private function prototypes -----------------------------------------------*/
 258:Drivers/STM32U5xx_HAL_Driver/Src/stm32u5xx_hal_pwr_ex.c **** /* Exported functions --------------------------------------------------------*/
 259:Drivers/STM32U5xx_HAL_Driver/Src/stm32u5xx_hal_pwr_ex.c **** 
 260:Drivers/STM32U5xx_HAL_Driver/Src/stm32u5xx_hal_pwr_ex.c **** /** @defgroup PWREx_Exported_Functions PWR Extended Exported Functions
 261:Drivers/STM32U5xx_HAL_Driver/Src/stm32u5xx_hal_pwr_ex.c ****   * @{
 262:Drivers/STM32U5xx_HAL_Driver/Src/stm32u5xx_hal_pwr_ex.c ****   */
 263:Drivers/STM32U5xx_HAL_Driver/Src/stm32u5xx_hal_pwr_ex.c **** 
 264:Drivers/STM32U5xx_HAL_Driver/Src/stm32u5xx_hal_pwr_ex.c **** /** @defgroup PWREx_Exported_Functions_Group1 Power Supply Control Functions
 265:Drivers/STM32U5xx_HAL_Driver/Src/stm32u5xx_hal_pwr_ex.c ****   * @brief    Power supply control functions
 266:Drivers/STM32U5xx_HAL_Driver/Src/stm32u5xx_hal_pwr_ex.c ****   *
 267:Drivers/STM32U5xx_HAL_Driver/Src/stm32u5xx_hal_pwr_ex.c **** @verbatim
 268:Drivers/STM32U5xx_HAL_Driver/Src/stm32u5xx_hal_pwr_ex.c ****  ===============================================================================
 269:Drivers/STM32U5xx_HAL_Driver/Src/stm32u5xx_hal_pwr_ex.c ****                   ##### Power supply control functions #####
 270:Drivers/STM32U5xx_HAL_Driver/Src/stm32u5xx_hal_pwr_ex.c ****  ===============================================================================
 271:Drivers/STM32U5xx_HAL_Driver/Src/stm32u5xx_hal_pwr_ex.c ****     [..]
 272:Drivers/STM32U5xx_HAL_Driver/Src/stm32u5xx_hal_pwr_ex.c ****       This section provides functions allowing to control power supply.
 273:Drivers/STM32U5xx_HAL_Driver/Src/stm32u5xx_hal_pwr_ex.c **** 
 274:Drivers/STM32U5xx_HAL_Driver/Src/stm32u5xx_hal_pwr_ex.c ****     [..]
 275:Drivers/STM32U5xx_HAL_Driver/Src/stm32u5xx_hal_pwr_ex.c ****       (+) The STM32U5 Series devices embed two regulators : one LDO (linear
 276:Drivers/STM32U5xx_HAL_Driver/Src/stm32u5xx_hal_pwr_ex.c ****           voltage regulator) and one SMPS (step down converter) in parallel to
 277:Drivers/STM32U5xx_HAL_Driver/Src/stm32u5xx_hal_pwr_ex.c ****           provide the VCORE supply for digital peripherals, SRAM1, SRAM2, SRAM3
 278:Drivers/STM32U5xx_HAL_Driver/Src/stm32u5xx_hal_pwr_ex.c ****           and SRAM4 and embedded Flash memory.
 279:Drivers/STM32U5xx_HAL_Driver/Src/stm32u5xx_hal_pwr_ex.c **** 
 280:Drivers/STM32U5xx_HAL_Driver/Src/stm32u5xx_hal_pwr_ex.c ****       (+) The SMPS allows the power consumption to be reduced but some
 281:Drivers/STM32U5xx_HAL_Driver/Src/stm32u5xx_hal_pwr_ex.c ****           peripherals can be perturbed by the noise generated by the SMPS,
 282:Drivers/STM32U5xx_HAL_Driver/Src/stm32u5xx_hal_pwr_ex.c ****           requiring the application to switch to LDO when running this
 283:Drivers/STM32U5xx_HAL_Driver/Src/stm32u5xx_hal_pwr_ex.c ****           peripheral in order to reach the best performances.
 284:Drivers/STM32U5xx_HAL_Driver/Src/stm32u5xx_hal_pwr_ex.c **** 
 285:Drivers/STM32U5xx_HAL_Driver/Src/stm32u5xx_hal_pwr_ex.c ****       (+) The LDO and the SMPS regulators have two modes: Main regulator mode
 286:Drivers/STM32U5xx_HAL_Driver/Src/stm32u5xx_hal_pwr_ex.c ****           (used when performance is needed), and Low-power regulator mode. LDO
 287:Drivers/STM32U5xx_HAL_Driver/Src/stm32u5xx_hal_pwr_ex.c ****           or SMPS can be used in all voltage scaling ranges, and in all Stop
 288:Drivers/STM32U5xx_HAL_Driver/Src/stm32u5xx_hal_pwr_ex.c ****           modes.
 289:Drivers/STM32U5xx_HAL_Driver/Src/stm32u5xx_hal_pwr_ex.c **** 
 290:Drivers/STM32U5xx_HAL_Driver/Src/stm32u5xx_hal_pwr_ex.c ****       (+) After reset, the regulator is the LDO, in Range 4. Switching to SMPS
 291:Drivers/STM32U5xx_HAL_Driver/Src/stm32u5xx_hal_pwr_ex.c ****           provides lower consumption in particular at high VDD voltage. It is
 292:Drivers/STM32U5xx_HAL_Driver/Src/stm32u5xx_hal_pwr_ex.c ****           possible to switch from LDO to SMPS, or from SMPS to LDO on the fly in
 293:Drivers/STM32U5xx_HAL_Driver/Src/stm32u5xx_hal_pwr_ex.c ****           any range, by configuring the REGSEL bit. It is recommended to switch
 294:Drivers/STM32U5xx_HAL_Driver/Src/stm32u5xx_hal_pwr_ex.c ****           first to SMPS before changing the voltage range.
 295:Drivers/STM32U5xx_HAL_Driver/Src/stm32u5xx_hal_pwr_ex.c **** 
 296:Drivers/STM32U5xx_HAL_Driver/Src/stm32u5xx_hal_pwr_ex.c ****       (+) When exiting the Stop or Standby modes, the regulator is the same than
 297:Drivers/STM32U5xx_HAL_Driver/Src/stm32u5xx_hal_pwr_ex.c ****           when entering low power modes. The voltage range is the Range 4.
 298:Drivers/STM32U5xx_HAL_Driver/Src/stm32u5xx_hal_pwr_ex.c **** 
 299:Drivers/STM32U5xx_HAL_Driver/Src/stm32u5xx_hal_pwr_ex.c ****       (+) Both regulators can provide four different voltages (voltage scaling)
 300:Drivers/STM32U5xx_HAL_Driver/Src/stm32u5xx_hal_pwr_ex.c ****           and can operate in Stop modes.
 301:Drivers/STM32U5xx_HAL_Driver/Src/stm32u5xx_hal_pwr_ex.c ****           Voltage scaling ranges can be one of the following values :
 302:Drivers/STM32U5xx_HAL_Driver/Src/stm32u5xx_hal_pwr_ex.c ****              (++) voltage output scale 1 : 1V2
 303:Drivers/STM32U5xx_HAL_Driver/Src/stm32u5xx_hal_pwr_ex.c ****                   => Used when system clock frequency is up to 160 MHz
 304:Drivers/STM32U5xx_HAL_Driver/Src/stm32u5xx_hal_pwr_ex.c ****              (++) voltage output scale 2 : 1V1
 305:Drivers/STM32U5xx_HAL_Driver/Src/stm32u5xx_hal_pwr_ex.c ****                   => Used when system clock frequency is up to 100 MHz
 306:Drivers/STM32U5xx_HAL_Driver/Src/stm32u5xx_hal_pwr_ex.c ****              (++) voltage output scale 3 : 1V0
 307:Drivers/STM32U5xx_HAL_Driver/Src/stm32u5xx_hal_pwr_ex.c ****                   => Used when system clock frequency is up to 50 MHz
 308:Drivers/STM32U5xx_HAL_Driver/Src/stm32u5xx_hal_pwr_ex.c ****              (++) voltage output scale 4 : 0V9
 309:Drivers/STM32U5xx_HAL_Driver/Src/stm32u5xx_hal_pwr_ex.c ****                   => Used when system clock frequency is up to 24 MHz
 310:Drivers/STM32U5xx_HAL_Driver/Src/stm32u5xx_hal_pwr_ex.c **** 
 311:Drivers/STM32U5xx_HAL_Driver/Src/stm32u5xx_hal_pwr_ex.c **** @endverbatim
 312:Drivers/STM32U5xx_HAL_Driver/Src/stm32u5xx_hal_pwr_ex.c ****   * @{
 313:Drivers/STM32U5xx_HAL_Driver/Src/stm32u5xx_hal_pwr_ex.c ****   */
ARM GAS  /var/folders/j8/bx6g0dyx2gg_pdn7l_y1sb9c0000gn/T//cc9zwmjj.s 			page 7


 314:Drivers/STM32U5xx_HAL_Driver/Src/stm32u5xx_hal_pwr_ex.c **** 
 315:Drivers/STM32U5xx_HAL_Driver/Src/stm32u5xx_hal_pwr_ex.c **** /**
 316:Drivers/STM32U5xx_HAL_Driver/Src/stm32u5xx_hal_pwr_ex.c ****   * @brief  Configure the main internal regulator output voltage to achieve
 317:Drivers/STM32U5xx_HAL_Driver/Src/stm32u5xx_hal_pwr_ex.c ****   *         a tradeoff between performance and power consumption.
 318:Drivers/STM32U5xx_HAL_Driver/Src/stm32u5xx_hal_pwr_ex.c ****   * @param  VoltageScaling : Specifies the regulator output voltage scale.
 319:Drivers/STM32U5xx_HAL_Driver/Src/stm32u5xx_hal_pwr_ex.c ****   *                          This parameter can be one of the following values :
 320:Drivers/STM32U5xx_HAL_Driver/Src/stm32u5xx_hal_pwr_ex.c ****   *                          @arg @ref PWR_REGULATOR_VOLTAGE_SCALE1 : Regulator voltage output scal
 321:Drivers/STM32U5xx_HAL_Driver/Src/stm32u5xx_hal_pwr_ex.c ****   *                                                                   Provides a typical output vol
 322:Drivers/STM32U5xx_HAL_Driver/Src/stm32u5xx_hal_pwr_ex.c ****   *                                                                   Used when system clock freque
 323:Drivers/STM32U5xx_HAL_Driver/Src/stm32u5xx_hal_pwr_ex.c ****   *                          @arg @ref PWR_REGULATOR_VOLTAGE_SCALE2 : Regulator voltage output scal
 324:Drivers/STM32U5xx_HAL_Driver/Src/stm32u5xx_hal_pwr_ex.c ****   *                                                                   Provides a typical output vol
 325:Drivers/STM32U5xx_HAL_Driver/Src/stm32u5xx_hal_pwr_ex.c ****   *                                                                   Used when system clock freque
 326:Drivers/STM32U5xx_HAL_Driver/Src/stm32u5xx_hal_pwr_ex.c ****   *                          @arg @ref PWR_REGULATOR_VOLTAGE_SCALE3 : Regulator voltage output scal
 327:Drivers/STM32U5xx_HAL_Driver/Src/stm32u5xx_hal_pwr_ex.c ****   *                                                                   Provides a typical output vol
 328:Drivers/STM32U5xx_HAL_Driver/Src/stm32u5xx_hal_pwr_ex.c ****   *                                                                   Used when system clock freque
 329:Drivers/STM32U5xx_HAL_Driver/Src/stm32u5xx_hal_pwr_ex.c ****   *                          @arg @ref PWR_REGULATOR_VOLTAGE_SCALE4 : Regulator voltage output scal
 330:Drivers/STM32U5xx_HAL_Driver/Src/stm32u5xx_hal_pwr_ex.c ****   *                                                                   Provides a typical output vol
 331:Drivers/STM32U5xx_HAL_Driver/Src/stm32u5xx_hal_pwr_ex.c ****   *                                                                   Used when system clock freque
 332:Drivers/STM32U5xx_HAL_Driver/Src/stm32u5xx_hal_pwr_ex.c ****   * @note  Before moving to voltage scaling 2, it is mandatory to ensure that
 333:Drivers/STM32U5xx_HAL_Driver/Src/stm32u5xx_hal_pwr_ex.c ****   *        the system frequency is between 50 MHz and 100 MHz.
 334:Drivers/STM32U5xx_HAL_Driver/Src/stm32u5xx_hal_pwr_ex.c ****   * @note  Before moving to voltage scaling 3, it is mandatory to ensure that
 335:Drivers/STM32U5xx_HAL_Driver/Src/stm32u5xx_hal_pwr_ex.c ****   *        the system frequency is between 24 MHz and 50 MHz.
 336:Drivers/STM32U5xx_HAL_Driver/Src/stm32u5xx_hal_pwr_ex.c ****   * @note  Before moving to voltage scaling 4, it is mandatory to ensure that
 337:Drivers/STM32U5xx_HAL_Driver/Src/stm32u5xx_hal_pwr_ex.c ****   *        the system frequency is below 24 MHz.
 338:Drivers/STM32U5xx_HAL_Driver/Src/stm32u5xx_hal_pwr_ex.c ****   * @retval HAL Status.
 339:Drivers/STM32U5xx_HAL_Driver/Src/stm32u5xx_hal_pwr_ex.c ****   */
 340:Drivers/STM32U5xx_HAL_Driver/Src/stm32u5xx_hal_pwr_ex.c **** HAL_StatusTypeDef HAL_PWREx_ControlVoltageScaling(uint32_t VoltageScaling)
 341:Drivers/STM32U5xx_HAL_Driver/Src/stm32u5xx_hal_pwr_ex.c **** {
  31              		.loc 1 341 1 view -0
  32              		.cfi_startproc
  33              		@ args = 0, pretend = 0, frame = 0
  34              		@ frame_needed = 0, uses_anonymous_args = 0
  35              		@ link register save eliminated.
 342:Drivers/STM32U5xx_HAL_Driver/Src/stm32u5xx_hal_pwr_ex.c ****   uint32_t timeout;
  36              		.loc 1 342 3 view .LVU1
 343:Drivers/STM32U5xx_HAL_Driver/Src/stm32u5xx_hal_pwr_ex.c ****   uint32_t vos_old;
  37              		.loc 1 343 3 view .LVU2
 344:Drivers/STM32U5xx_HAL_Driver/Src/stm32u5xx_hal_pwr_ex.c **** 
 345:Drivers/STM32U5xx_HAL_Driver/Src/stm32u5xx_hal_pwr_ex.c ****   /* Check the parameter */
 346:Drivers/STM32U5xx_HAL_Driver/Src/stm32u5xx_hal_pwr_ex.c ****   assert_param(IS_PWR_VOLTAGE_SCALING_RANGE(VoltageScaling));
  38              		.loc 1 346 3 view .LVU3
 347:Drivers/STM32U5xx_HAL_Driver/Src/stm32u5xx_hal_pwr_ex.c **** 
 348:Drivers/STM32U5xx_HAL_Driver/Src/stm32u5xx_hal_pwr_ex.c ****   /* Get the current voltage scale applied */
 349:Drivers/STM32U5xx_HAL_Driver/Src/stm32u5xx_hal_pwr_ex.c ****   vos_old = READ_BIT(PWR->SVMSR, PWR_SVMSR_ACTVOS);
  39              		.loc 1 349 3 view .LVU4
  40              		.loc 1 349 13 is_stmt 0 view .LVU5
  41 0000 244B     		ldr	r3, .L15
  42 0002 DB6B     		ldr	r3, [r3, #60]
  43              		.loc 1 349 11 view .LVU6
  44 0004 03F44033 		and	r3, r3, #196608
  45              	.LVL1:
 350:Drivers/STM32U5xx_HAL_Driver/Src/stm32u5xx_hal_pwr_ex.c **** 
 351:Drivers/STM32U5xx_HAL_Driver/Src/stm32u5xx_hal_pwr_ex.c ****   /* No change, nothing to do */
 352:Drivers/STM32U5xx_HAL_Driver/Src/stm32u5xx_hal_pwr_ex.c ****   if (vos_old == VoltageScaling)
  46              		.loc 1 352 3 is_stmt 1 view .LVU7
  47              		.loc 1 352 6 is_stmt 0 view .LVU8
  48 0008 8342     		cmp	r3, r0
ARM GAS  /var/folders/j8/bx6g0dyx2gg_pdn7l_y1sb9c0000gn/T//cc9zwmjj.s 			page 8


  49 000a 19D0     		beq	.L14
 353:Drivers/STM32U5xx_HAL_Driver/Src/stm32u5xx_hal_pwr_ex.c ****   {
 354:Drivers/STM32U5xx_HAL_Driver/Src/stm32u5xx_hal_pwr_ex.c ****     /* Enable USB BOOST after wake up from Stop mode */
 355:Drivers/STM32U5xx_HAL_Driver/Src/stm32u5xx_hal_pwr_ex.c ****     if (VoltageScaling > PWR_REGULATOR_VOLTAGE_SCALE3)
 356:Drivers/STM32U5xx_HAL_Driver/Src/stm32u5xx_hal_pwr_ex.c ****     {
 357:Drivers/STM32U5xx_HAL_Driver/Src/stm32u5xx_hal_pwr_ex.c ****       /* Enable USB BOOST */
 358:Drivers/STM32U5xx_HAL_Driver/Src/stm32u5xx_hal_pwr_ex.c ****       SET_BIT(PWR->VOSR, PWR_VOSR_BOOSTEN);
 359:Drivers/STM32U5xx_HAL_Driver/Src/stm32u5xx_hal_pwr_ex.c ****     }
 360:Drivers/STM32U5xx_HAL_Driver/Src/stm32u5xx_hal_pwr_ex.c **** 
 361:Drivers/STM32U5xx_HAL_Driver/Src/stm32u5xx_hal_pwr_ex.c ****     return HAL_OK;
 362:Drivers/STM32U5xx_HAL_Driver/Src/stm32u5xx_hal_pwr_ex.c ****   }
 363:Drivers/STM32U5xx_HAL_Driver/Src/stm32u5xx_hal_pwr_ex.c **** 
 364:Drivers/STM32U5xx_HAL_Driver/Src/stm32u5xx_hal_pwr_ex.c ****   /* Check voltage scaling level */
 365:Drivers/STM32U5xx_HAL_Driver/Src/stm32u5xx_hal_pwr_ex.c ****   /*
 366:Drivers/STM32U5xx_HAL_Driver/Src/stm32u5xx_hal_pwr_ex.c ****    *  The Embedded power distribution (EPOD) must be enabled before switching to
 367:Drivers/STM32U5xx_HAL_Driver/Src/stm32u5xx_hal_pwr_ex.c ****    *  voltage scale 1 / 2 from voltage scale lower.
 368:Drivers/STM32U5xx_HAL_Driver/Src/stm32u5xx_hal_pwr_ex.c ****    */
 369:Drivers/STM32U5xx_HAL_Driver/Src/stm32u5xx_hal_pwr_ex.c ****   if (VoltageScaling > PWR_REGULATOR_VOLTAGE_SCALE3)
  50              		.loc 1 369 3 is_stmt 1 view .LVU9
  51              		.loc 1 369 6 is_stmt 0 view .LVU10
  52 000c B0F5803F 		cmp	r0, #65536
  53 0010 20D9     		bls	.L5
 370:Drivers/STM32U5xx_HAL_Driver/Src/stm32u5xx_hal_pwr_ex.c ****   {
 371:Drivers/STM32U5xx_HAL_Driver/Src/stm32u5xx_hal_pwr_ex.c ****     MODIFY_REG(PWR->VOSR, (PWR_VOSR_VOS | PWR_VOSR_BOOSTEN), (VoltageScaling | PWR_VOSR_BOOSTEN));
  54              		.loc 1 371 5 is_stmt 1 view .LVU11
  55 0012 204A     		ldr	r2, .L15
  56 0014 D368     		ldr	r3, [r2, #12]
  57              	.LVL2:
  58              		.loc 1 371 5 is_stmt 0 view .LVU12
  59 0016 23F4E023 		bic	r3, r3, #458752
  60 001a 1843     		orrs	r0, r0, r3
  61              	.LVL3:
  62              		.loc 1 371 5 view .LVU13
  63 001c 40F48020 		orr	r0, r0, #262144
  64 0020 D060     		str	r0, [r2, #12]
  65              	.L6:
 372:Drivers/STM32U5xx_HAL_Driver/Src/stm32u5xx_hal_pwr_ex.c ****   }
 373:Drivers/STM32U5xx_HAL_Driver/Src/stm32u5xx_hal_pwr_ex.c ****   else
 374:Drivers/STM32U5xx_HAL_Driver/Src/stm32u5xx_hal_pwr_ex.c ****   {
 375:Drivers/STM32U5xx_HAL_Driver/Src/stm32u5xx_hal_pwr_ex.c ****     MODIFY_REG(PWR->VOSR, (PWR_VOSR_VOS | PWR_VOSR_BOOSTEN), VoltageScaling);
 376:Drivers/STM32U5xx_HAL_Driver/Src/stm32u5xx_hal_pwr_ex.c ****   }
 377:Drivers/STM32U5xx_HAL_Driver/Src/stm32u5xx_hal_pwr_ex.c **** 
 378:Drivers/STM32U5xx_HAL_Driver/Src/stm32u5xx_hal_pwr_ex.c ****   /* Wait until VOSRDY is raised */
 379:Drivers/STM32U5xx_HAL_Driver/Src/stm32u5xx_hal_pwr_ex.c ****   timeout = ((PWR_FLAG_SETTING_DELAY * (SystemCoreClock / 1000U)) / 1000U) + 1U;
  66              		.loc 1 379 3 is_stmt 1 view .LVU14
  67              		.loc 1 379 57 is_stmt 0 view .LVU15
  68 0022 1D4B     		ldr	r3, .L15+4
  69 0024 1B68     		ldr	r3, [r3]
  70 0026 1D4A     		ldr	r2, .L15+8
  71 0028 A2FB0313 		umull	r1, r3, r2, r3
  72 002c 9B09     		lsrs	r3, r3, #6
  73              		.loc 1 379 38 view .LVU16
  74 002e 3221     		movs	r1, #50
  75 0030 01FB03F3 		mul	r3, r1, r3
  76              		.loc 1 379 67 view .LVU17
  77 0034 A2FB0323 		umull	r2, r3, r2, r3
  78 0038 9B09     		lsrs	r3, r3, #6
ARM GAS  /var/folders/j8/bx6g0dyx2gg_pdn7l_y1sb9c0000gn/T//cc9zwmjj.s 			page 9


  79              		.loc 1 379 11 view .LVU18
  80 003a 0133     		adds	r3, r3, #1
  81              	.LVL4:
 380:Drivers/STM32U5xx_HAL_Driver/Src/stm32u5xx_hal_pwr_ex.c ****   while (HAL_IS_BIT_CLR(PWR->VOSR, PWR_VOSR_VOSRDY) && (timeout != 0U))
  82              		.loc 1 380 3 is_stmt 1 view .LVU19
 379:Drivers/STM32U5xx_HAL_Driver/Src/stm32u5xx_hal_pwr_ex.c ****   while (HAL_IS_BIT_CLR(PWR->VOSR, PWR_VOSR_VOSRDY) && (timeout != 0U))
  83              		.loc 1 379 11 is_stmt 0 view .LVU20
  84 003c 1A46     		mov	r2, r3
  85              		.loc 1 380 9 view .LVU21
  86 003e 11E0     		b	.L7
  87              	.LVL5:
  88              	.L14:
 355:Drivers/STM32U5xx_HAL_Driver/Src/stm32u5xx_hal_pwr_ex.c ****     {
  89              		.loc 1 355 5 is_stmt 1 view .LVU22
 355:Drivers/STM32U5xx_HAL_Driver/Src/stm32u5xx_hal_pwr_ex.c ****     {
  90              		.loc 1 355 8 is_stmt 0 view .LVU23
  91 0040 B0F5803F 		cmp	r0, #65536
  92 0044 04D9     		bls	.L3
 358:Drivers/STM32U5xx_HAL_Driver/Src/stm32u5xx_hal_pwr_ex.c ****     }
  93              		.loc 1 358 7 is_stmt 1 view .LVU24
  94 0046 134A     		ldr	r2, .L15
  95 0048 D368     		ldr	r3, [r2, #12]
  96              	.LVL6:
 358:Drivers/STM32U5xx_HAL_Driver/Src/stm32u5xx_hal_pwr_ex.c ****     }
  97              		.loc 1 358 7 is_stmt 0 view .LVU25
  98 004a 43F48023 		orr	r3, r3, #262144
  99 004e D360     		str	r3, [r2, #12]
 100              	.L3:
 361:Drivers/STM32U5xx_HAL_Driver/Src/stm32u5xx_hal_pwr_ex.c ****   }
 101              		.loc 1 361 5 is_stmt 1 view .LVU26
 361:Drivers/STM32U5xx_HAL_Driver/Src/stm32u5xx_hal_pwr_ex.c ****   }
 102              		.loc 1 361 12 is_stmt 0 view .LVU27
 103 0050 0020     		movs	r0, #0
 104              	.LVL7:
 361:Drivers/STM32U5xx_HAL_Driver/Src/stm32u5xx_hal_pwr_ex.c ****   }
 105              		.loc 1 361 12 view .LVU28
 106 0052 7047     		bx	lr
 107              	.LVL8:
 108              	.L5:
 375:Drivers/STM32U5xx_HAL_Driver/Src/stm32u5xx_hal_pwr_ex.c ****   }
 109              		.loc 1 375 5 is_stmt 1 view .LVU29
 110 0054 0F4A     		ldr	r2, .L15
 111 0056 D368     		ldr	r3, [r2, #12]
 112              	.LVL9:
 375:Drivers/STM32U5xx_HAL_Driver/Src/stm32u5xx_hal_pwr_ex.c ****   }
 113              		.loc 1 375 5 is_stmt 0 view .LVU30
 114 0058 23F4E023 		bic	r3, r3, #458752
 115 005c 1843     		orrs	r0, r0, r3
 116              	.LVL10:
 375:Drivers/STM32U5xx_HAL_Driver/Src/stm32u5xx_hal_pwr_ex.c ****   }
 117              		.loc 1 375 5 view .LVU31
 118 005e D060     		str	r0, [r2, #12]
 119 0060 DFE7     		b	.L6
 120              	.LVL11:
 121              	.L9:
 381:Drivers/STM32U5xx_HAL_Driver/Src/stm32u5xx_hal_pwr_ex.c ****   {
 382:Drivers/STM32U5xx_HAL_Driver/Src/stm32u5xx_hal_pwr_ex.c ****     timeout--;
ARM GAS  /var/folders/j8/bx6g0dyx2gg_pdn7l_y1sb9c0000gn/T//cc9zwmjj.s 			page 10


 122              		.loc 1 382 5 is_stmt 1 view .LVU32
 123              		.loc 1 382 12 is_stmt 0 view .LVU33
 124 0062 013A     		subs	r2, r2, #1
 125              	.LVL12:
 126              	.L7:
 380:Drivers/STM32U5xx_HAL_Driver/Src/stm32u5xx_hal_pwr_ex.c ****   {
 127              		.loc 1 380 9 is_stmt 1 view .LVU34
 380:Drivers/STM32U5xx_HAL_Driver/Src/stm32u5xx_hal_pwr_ex.c ****   {
 128              		.loc 1 380 10 is_stmt 0 view .LVU35
 129 0064 0B49     		ldr	r1, .L15
 130 0066 C968     		ldr	r1, [r1, #12]
 380:Drivers/STM32U5xx_HAL_Driver/Src/stm32u5xx_hal_pwr_ex.c ****   {
 131              		.loc 1 380 9 view .LVU36
 132 0068 11F4004F 		tst	r1, #32768
 133 006c 01D1     		bne	.L8
 380:Drivers/STM32U5xx_HAL_Driver/Src/stm32u5xx_hal_pwr_ex.c ****   {
 134              		.loc 1 380 53 discriminator 1 view .LVU37
 135 006e 002A     		cmp	r2, #0
 136 0070 F7D1     		bne	.L9
 137              	.L8:
 383:Drivers/STM32U5xx_HAL_Driver/Src/stm32u5xx_hal_pwr_ex.c ****   }
 384:Drivers/STM32U5xx_HAL_Driver/Src/stm32u5xx_hal_pwr_ex.c **** 
 385:Drivers/STM32U5xx_HAL_Driver/Src/stm32u5xx_hal_pwr_ex.c ****   /* Check time out */
 386:Drivers/STM32U5xx_HAL_Driver/Src/stm32u5xx_hal_pwr_ex.c ****   if (timeout != 0U)
 138              		.loc 1 386 3 is_stmt 1 view .LVU38
 139              		.loc 1 386 6 is_stmt 0 view .LVU39
 140 0072 1AB9     		cbnz	r2, .L10
 141 0074 1346     		mov	r3, r2
 142              	.LVL13:
 143              	.L11:
 387:Drivers/STM32U5xx_HAL_Driver/Src/stm32u5xx_hal_pwr_ex.c ****   {
 388:Drivers/STM32U5xx_HAL_Driver/Src/stm32u5xx_hal_pwr_ex.c ****     /* Wait until ACTVOSRDY is raised */
 389:Drivers/STM32U5xx_HAL_Driver/Src/stm32u5xx_hal_pwr_ex.c ****     timeout = ((PWR_FLAG_SETTING_DELAY * (SystemCoreClock / 1000U)) / 1000U) + 1U;
 390:Drivers/STM32U5xx_HAL_Driver/Src/stm32u5xx_hal_pwr_ex.c ****     while ((HAL_IS_BIT_CLR(PWR->SVMSR, PWR_SVMSR_ACTVOSRDY)) && (timeout != 0U))
 391:Drivers/STM32U5xx_HAL_Driver/Src/stm32u5xx_hal_pwr_ex.c ****     {
 392:Drivers/STM32U5xx_HAL_Driver/Src/stm32u5xx_hal_pwr_ex.c ****       timeout--;
 393:Drivers/STM32U5xx_HAL_Driver/Src/stm32u5xx_hal_pwr_ex.c ****     }
 394:Drivers/STM32U5xx_HAL_Driver/Src/stm32u5xx_hal_pwr_ex.c ****   }
 395:Drivers/STM32U5xx_HAL_Driver/Src/stm32u5xx_hal_pwr_ex.c **** 
 396:Drivers/STM32U5xx_HAL_Driver/Src/stm32u5xx_hal_pwr_ex.c ****   /* Check time out */
 397:Drivers/STM32U5xx_HAL_Driver/Src/stm32u5xx_hal_pwr_ex.c ****   if (timeout == 0U)
 144              		.loc 1 397 3 is_stmt 1 view .LVU40
 145              		.loc 1 397 6 is_stmt 0 view .LVU41
 146 0076 53B1     		cbz	r3, .L13
 398:Drivers/STM32U5xx_HAL_Driver/Src/stm32u5xx_hal_pwr_ex.c ****   {
 399:Drivers/STM32U5xx_HAL_Driver/Src/stm32u5xx_hal_pwr_ex.c ****     return HAL_TIMEOUT;
 400:Drivers/STM32U5xx_HAL_Driver/Src/stm32u5xx_hal_pwr_ex.c ****   }
 401:Drivers/STM32U5xx_HAL_Driver/Src/stm32u5xx_hal_pwr_ex.c **** 
 402:Drivers/STM32U5xx_HAL_Driver/Src/stm32u5xx_hal_pwr_ex.c ****   return HAL_OK;
 147              		.loc 1 402 10 view .LVU42
 148 0078 0020     		movs	r0, #0
 149 007a 7047     		bx	lr
 150              	.LVL14:
 151              	.L10:
 390:Drivers/STM32U5xx_HAL_Driver/Src/stm32u5xx_hal_pwr_ex.c ****     {
 152              		.loc 1 390 11 is_stmt 1 view .LVU43
 390:Drivers/STM32U5xx_HAL_Driver/Src/stm32u5xx_hal_pwr_ex.c ****     {
ARM GAS  /var/folders/j8/bx6g0dyx2gg_pdn7l_y1sb9c0000gn/T//cc9zwmjj.s 			page 11


 153              		.loc 1 390 13 is_stmt 0 view .LVU44
 154 007c 054A     		ldr	r2, .L15
 155 007e D26B     		ldr	r2, [r2, #60]
 390:Drivers/STM32U5xx_HAL_Driver/Src/stm32u5xx_hal_pwr_ex.c ****     {
 156              		.loc 1 390 11 view .LVU45
 157 0080 12F4004F 		tst	r2, #32768
 158 0084 F7D1     		bne	.L11
 390:Drivers/STM32U5xx_HAL_Driver/Src/stm32u5xx_hal_pwr_ex.c ****     {
 159              		.loc 1 390 62 discriminator 1 view .LVU46
 160 0086 002B     		cmp	r3, #0
 161 0088 F5D0     		beq	.L11
 392:Drivers/STM32U5xx_HAL_Driver/Src/stm32u5xx_hal_pwr_ex.c ****     }
 162              		.loc 1 392 7 is_stmt 1 view .LVU47
 392:Drivers/STM32U5xx_HAL_Driver/Src/stm32u5xx_hal_pwr_ex.c ****     }
 163              		.loc 1 392 14 is_stmt 0 view .LVU48
 164 008a 013B     		subs	r3, r3, #1
 165              	.LVL15:
 392:Drivers/STM32U5xx_HAL_Driver/Src/stm32u5xx_hal_pwr_ex.c ****     }
 166              		.loc 1 392 14 view .LVU49
 167 008c F6E7     		b	.L10
 168              	.L13:
 399:Drivers/STM32U5xx_HAL_Driver/Src/stm32u5xx_hal_pwr_ex.c ****   }
 169              		.loc 1 399 12 view .LVU50
 170 008e 0320     		movs	r0, #3
 403:Drivers/STM32U5xx_HAL_Driver/Src/stm32u5xx_hal_pwr_ex.c **** }
 171              		.loc 1 403 1 view .LVU51
 172 0090 7047     		bx	lr
 173              	.L16:
 174 0092 00BF     		.align	2
 175              	.L15:
 176 0094 00080246 		.word	1174538240
 177 0098 00000000 		.word	SystemCoreClock
 178 009c D34D6210 		.word	274877907
 179              		.cfi_endproc
 180              	.LFE157:
 182              		.section	.text.HAL_PWREx_GetVoltageRange,"ax",%progbits
 183              		.align	1
 184              		.global	HAL_PWREx_GetVoltageRange
 185              		.syntax unified
 186              		.thumb
 187              		.thumb_func
 189              	HAL_PWREx_GetVoltageRange:
 190              	.LFB158:
 404:Drivers/STM32U5xx_HAL_Driver/Src/stm32u5xx_hal_pwr_ex.c **** 
 405:Drivers/STM32U5xx_HAL_Driver/Src/stm32u5xx_hal_pwr_ex.c **** /**
 406:Drivers/STM32U5xx_HAL_Driver/Src/stm32u5xx_hal_pwr_ex.c ****   * @brief  Return Voltage Scaling Range.
 407:Drivers/STM32U5xx_HAL_Driver/Src/stm32u5xx_hal_pwr_ex.c ****   * @retval Applied voltage scaling value.
 408:Drivers/STM32U5xx_HAL_Driver/Src/stm32u5xx_hal_pwr_ex.c ****   */
 409:Drivers/STM32U5xx_HAL_Driver/Src/stm32u5xx_hal_pwr_ex.c **** uint32_t HAL_PWREx_GetVoltageRange(void)
 410:Drivers/STM32U5xx_HAL_Driver/Src/stm32u5xx_hal_pwr_ex.c **** {
 191              		.loc 1 410 1 is_stmt 1 view -0
 192              		.cfi_startproc
 193              		@ args = 0, pretend = 0, frame = 0
 194              		@ frame_needed = 0, uses_anonymous_args = 0
 195              		@ link register save eliminated.
 411:Drivers/STM32U5xx_HAL_Driver/Src/stm32u5xx_hal_pwr_ex.c ****   return (PWR->SVMSR & PWR_SVMSR_ACTVOS);
 196              		.loc 1 411 3 view .LVU53
ARM GAS  /var/folders/j8/bx6g0dyx2gg_pdn7l_y1sb9c0000gn/T//cc9zwmjj.s 			page 12


 197              		.loc 1 411 14 is_stmt 0 view .LVU54
 198 0000 024B     		ldr	r3, .L18
 199 0002 D86B     		ldr	r0, [r3, #60]
 412:Drivers/STM32U5xx_HAL_Driver/Src/stm32u5xx_hal_pwr_ex.c **** }
 200              		.loc 1 412 1 view .LVU55
 201 0004 00F44030 		and	r0, r0, #196608
 202 0008 7047     		bx	lr
 203              	.L19:
 204 000a 00BF     		.align	2
 205              	.L18:
 206 000c 00080246 		.word	1174538240
 207              		.cfi_endproc
 208              	.LFE158:
 210              		.section	.text.HAL_PWREx_ConfigSupply,"ax",%progbits
 211              		.align	1
 212              		.global	HAL_PWREx_ConfigSupply
 213              		.syntax unified
 214              		.thumb
 215              		.thumb_func
 217              	HAL_PWREx_ConfigSupply:
 218              	.LVL16:
 219              	.LFB159:
 413:Drivers/STM32U5xx_HAL_Driver/Src/stm32u5xx_hal_pwr_ex.c **** 
 414:Drivers/STM32U5xx_HAL_Driver/Src/stm32u5xx_hal_pwr_ex.c **** /**
 415:Drivers/STM32U5xx_HAL_Driver/Src/stm32u5xx_hal_pwr_ex.c ****   * @brief  Configure the system Power Supply.
 416:Drivers/STM32U5xx_HAL_Driver/Src/stm32u5xx_hal_pwr_ex.c ****   * @param  SupplySource : Specifies the Power Supply source to set after a
 417:Drivers/STM32U5xx_HAL_Driver/Src/stm32u5xx_hal_pwr_ex.c ****   *                        system startup.
 418:Drivers/STM32U5xx_HAL_Driver/Src/stm32u5xx_hal_pwr_ex.c ****   *                        This parameter can be one of the following values :
 419:Drivers/STM32U5xx_HAL_Driver/Src/stm32u5xx_hal_pwr_ex.c ****   *                        @arg PWR_LDO_SUPPLY  : The LDO regulator supplies the Vcore Power Domain
 420:Drivers/STM32U5xx_HAL_Driver/Src/stm32u5xx_hal_pwr_ex.c ****   *                        @arg PWR_SMPS_SUPPLY : The SMPS regulator supplies the Vcore Power Domai
 421:Drivers/STM32U5xx_HAL_Driver/Src/stm32u5xx_hal_pwr_ex.c ****   * @retval HAL Status.
 422:Drivers/STM32U5xx_HAL_Driver/Src/stm32u5xx_hal_pwr_ex.c ****   */
 423:Drivers/STM32U5xx_HAL_Driver/Src/stm32u5xx_hal_pwr_ex.c **** HAL_StatusTypeDef HAL_PWREx_ConfigSupply(uint32_t SupplySource)
 424:Drivers/STM32U5xx_HAL_Driver/Src/stm32u5xx_hal_pwr_ex.c **** {
 220              		.loc 1 424 1 is_stmt 1 view -0
 221              		.cfi_startproc
 222              		@ args = 0, pretend = 0, frame = 0
 223              		@ frame_needed = 0, uses_anonymous_args = 0
 224              		@ link register save eliminated.
 425:Drivers/STM32U5xx_HAL_Driver/Src/stm32u5xx_hal_pwr_ex.c ****   uint32_t timeout;
 225              		.loc 1 425 3 view .LVU57
 426:Drivers/STM32U5xx_HAL_Driver/Src/stm32u5xx_hal_pwr_ex.c **** 
 427:Drivers/STM32U5xx_HAL_Driver/Src/stm32u5xx_hal_pwr_ex.c ****   /* Check the parameter */
 428:Drivers/STM32U5xx_HAL_Driver/Src/stm32u5xx_hal_pwr_ex.c ****   assert_param(IS_PWR_SUPPLY(SupplySource));
 226              		.loc 1 428 3 view .LVU58
 429:Drivers/STM32U5xx_HAL_Driver/Src/stm32u5xx_hal_pwr_ex.c **** 
 430:Drivers/STM32U5xx_HAL_Driver/Src/stm32u5xx_hal_pwr_ex.c ****   /* Set maximum time out */
 431:Drivers/STM32U5xx_HAL_Driver/Src/stm32u5xx_hal_pwr_ex.c ****   timeout = ((PWR_FLAG_SETTING_DELAY * (SystemCoreClock / 1000U)) / 1000U) + 1U;
 227              		.loc 1 431 3 view .LVU59
 228              		.loc 1 431 57 is_stmt 0 view .LVU60
 229 0000 174B     		ldr	r3, .L29
 230 0002 1B68     		ldr	r3, [r3]
 231 0004 174A     		ldr	r2, .L29+4
 232 0006 A2FB0313 		umull	r1, r3, r2, r3
 233 000a 9B09     		lsrs	r3, r3, #6
 234              		.loc 1 431 38 view .LVU61
 235 000c 3221     		movs	r1, #50
ARM GAS  /var/folders/j8/bx6g0dyx2gg_pdn7l_y1sb9c0000gn/T//cc9zwmjj.s 			page 13


 236 000e 01FB03F3 		mul	r3, r1, r3
 237              		.loc 1 431 67 view .LVU62
 238 0012 A2FB0323 		umull	r2, r3, r2, r3
 239 0016 9B09     		lsrs	r3, r3, #6
 240              		.loc 1 431 11 view .LVU63
 241 0018 0133     		adds	r3, r3, #1
 242              	.LVL17:
 432:Drivers/STM32U5xx_HAL_Driver/Src/stm32u5xx_hal_pwr_ex.c **** 
 433:Drivers/STM32U5xx_HAL_Driver/Src/stm32u5xx_hal_pwr_ex.c ****   /* Configure the LDO as system regulator supply */
 434:Drivers/STM32U5xx_HAL_Driver/Src/stm32u5xx_hal_pwr_ex.c ****   if (SupplySource == PWR_LDO_SUPPLY)
 243              		.loc 1 434 3 is_stmt 1 view .LVU64
 244              		.loc 1 434 6 is_stmt 0 view .LVU65
 245 001a 80B9     		cbnz	r0, .L21
 435:Drivers/STM32U5xx_HAL_Driver/Src/stm32u5xx_hal_pwr_ex.c ****   {
 436:Drivers/STM32U5xx_HAL_Driver/Src/stm32u5xx_hal_pwr_ex.c ****     /* Set the power supply configuration */
 437:Drivers/STM32U5xx_HAL_Driver/Src/stm32u5xx_hal_pwr_ex.c ****     CLEAR_BIT(PWR->CR3, PWR_CR3_REGSEL);
 246              		.loc 1 437 5 is_stmt 1 view .LVU66
 247 001c 1249     		ldr	r1, .L29+8
 248 001e 8A68     		ldr	r2, [r1, #8]
 249 0020 22F00202 		bic	r2, r2, #2
 250 0024 8A60     		str	r2, [r1, #8]
 438:Drivers/STM32U5xx_HAL_Driver/Src/stm32u5xx_hal_pwr_ex.c **** 
 439:Drivers/STM32U5xx_HAL_Driver/Src/stm32u5xx_hal_pwr_ex.c ****     /* Wait until system switch on new regulator */
 440:Drivers/STM32U5xx_HAL_Driver/Src/stm32u5xx_hal_pwr_ex.c ****     while (HAL_IS_BIT_SET(PWR->SVMSR, PWR_SVMSR_REGS) && (timeout != 0U))
 251              		.loc 1 440 5 view .LVU67
 252              		.loc 1 440 11 is_stmt 0 view .LVU68
 253 0026 00E0     		b	.L22
 254              	.L24:
 441:Drivers/STM32U5xx_HAL_Driver/Src/stm32u5xx_hal_pwr_ex.c ****     {
 442:Drivers/STM32U5xx_HAL_Driver/Src/stm32u5xx_hal_pwr_ex.c ****       timeout--;
 255              		.loc 1 442 7 is_stmt 1 view .LVU69
 256              		.loc 1 442 14 is_stmt 0 view .LVU70
 257 0028 013B     		subs	r3, r3, #1
 258              	.LVL18:
 259              	.L22:
 440:Drivers/STM32U5xx_HAL_Driver/Src/stm32u5xx_hal_pwr_ex.c ****     {
 260              		.loc 1 440 11 is_stmt 1 view .LVU71
 440:Drivers/STM32U5xx_HAL_Driver/Src/stm32u5xx_hal_pwr_ex.c ****     {
 261              		.loc 1 440 12 is_stmt 0 view .LVU72
 262 002a 0F4A     		ldr	r2, .L29+8
 263 002c D26B     		ldr	r2, [r2, #60]
 440:Drivers/STM32U5xx_HAL_Driver/Src/stm32u5xx_hal_pwr_ex.c ****     {
 264              		.loc 1 440 11 view .LVU73
 265 002e 12F0020F 		tst	r2, #2
 266 0032 01D0     		beq	.L23
 440:Drivers/STM32U5xx_HAL_Driver/Src/stm32u5xx_hal_pwr_ex.c ****     {
 267              		.loc 1 440 55 discriminator 1 view .LVU74
 268 0034 002B     		cmp	r3, #0
 269 0036 F7D1     		bne	.L24
 270              	.L23:
 443:Drivers/STM32U5xx_HAL_Driver/Src/stm32u5xx_hal_pwr_ex.c ****     }
 444:Drivers/STM32U5xx_HAL_Driver/Src/stm32u5xx_hal_pwr_ex.c ****   }
 445:Drivers/STM32U5xx_HAL_Driver/Src/stm32u5xx_hal_pwr_ex.c ****   /* Configure the SMPS as system regulator supply */
 446:Drivers/STM32U5xx_HAL_Driver/Src/stm32u5xx_hal_pwr_ex.c ****   else
 447:Drivers/STM32U5xx_HAL_Driver/Src/stm32u5xx_hal_pwr_ex.c ****   {
 448:Drivers/STM32U5xx_HAL_Driver/Src/stm32u5xx_hal_pwr_ex.c ****     /* Set the power supply configuration */
 449:Drivers/STM32U5xx_HAL_Driver/Src/stm32u5xx_hal_pwr_ex.c ****     SET_BIT(PWR->CR3, PWR_CR3_REGSEL);
ARM GAS  /var/folders/j8/bx6g0dyx2gg_pdn7l_y1sb9c0000gn/T//cc9zwmjj.s 			page 14


 450:Drivers/STM32U5xx_HAL_Driver/Src/stm32u5xx_hal_pwr_ex.c **** 
 451:Drivers/STM32U5xx_HAL_Driver/Src/stm32u5xx_hal_pwr_ex.c ****     /* Wait until system switch on new regulator */
 452:Drivers/STM32U5xx_HAL_Driver/Src/stm32u5xx_hal_pwr_ex.c ****     while (HAL_IS_BIT_CLR(PWR->SVMSR, PWR_SVMSR_REGS) && (timeout != 0U))
 453:Drivers/STM32U5xx_HAL_Driver/Src/stm32u5xx_hal_pwr_ex.c ****     {
 454:Drivers/STM32U5xx_HAL_Driver/Src/stm32u5xx_hal_pwr_ex.c ****       timeout--;
 455:Drivers/STM32U5xx_HAL_Driver/Src/stm32u5xx_hal_pwr_ex.c ****     }
 456:Drivers/STM32U5xx_HAL_Driver/Src/stm32u5xx_hal_pwr_ex.c ****   }
 457:Drivers/STM32U5xx_HAL_Driver/Src/stm32u5xx_hal_pwr_ex.c **** 
 458:Drivers/STM32U5xx_HAL_Driver/Src/stm32u5xx_hal_pwr_ex.c ****   /* Check time out */
 459:Drivers/STM32U5xx_HAL_Driver/Src/stm32u5xx_hal_pwr_ex.c ****   if (timeout == 0U)
 271              		.loc 1 459 3 is_stmt 1 view .LVU75
 272              		.loc 1 459 6 is_stmt 0 view .LVU76
 273 0038 83B1     		cbz	r3, .L28
 460:Drivers/STM32U5xx_HAL_Driver/Src/stm32u5xx_hal_pwr_ex.c ****   {
 461:Drivers/STM32U5xx_HAL_Driver/Src/stm32u5xx_hal_pwr_ex.c ****     return HAL_TIMEOUT;
 462:Drivers/STM32U5xx_HAL_Driver/Src/stm32u5xx_hal_pwr_ex.c ****   }
 463:Drivers/STM32U5xx_HAL_Driver/Src/stm32u5xx_hal_pwr_ex.c **** 
 464:Drivers/STM32U5xx_HAL_Driver/Src/stm32u5xx_hal_pwr_ex.c ****   return HAL_OK;
 274              		.loc 1 464 10 view .LVU77
 275 003a 0020     		movs	r0, #0
 276              	.LVL19:
 277              		.loc 1 464 10 view .LVU78
 278 003c 7047     		bx	lr
 279              	.LVL20:
 280              	.L21:
 449:Drivers/STM32U5xx_HAL_Driver/Src/stm32u5xx_hal_pwr_ex.c **** 
 281              		.loc 1 449 5 is_stmt 1 view .LVU79
 282 003e 0A49     		ldr	r1, .L29+8
 283 0040 8A68     		ldr	r2, [r1, #8]
 284 0042 42F00202 		orr	r2, r2, #2
 285 0046 8A60     		str	r2, [r1, #8]
 452:Drivers/STM32U5xx_HAL_Driver/Src/stm32u5xx_hal_pwr_ex.c ****     {
 286              		.loc 1 452 5 view .LVU80
 452:Drivers/STM32U5xx_HAL_Driver/Src/stm32u5xx_hal_pwr_ex.c ****     {
 287              		.loc 1 452 11 is_stmt 0 view .LVU81
 288 0048 00E0     		b	.L25
 289              	.L26:
 454:Drivers/STM32U5xx_HAL_Driver/Src/stm32u5xx_hal_pwr_ex.c ****     }
 290              		.loc 1 454 7 is_stmt 1 view .LVU82
 454:Drivers/STM32U5xx_HAL_Driver/Src/stm32u5xx_hal_pwr_ex.c ****     }
 291              		.loc 1 454 14 is_stmt 0 view .LVU83
 292 004a 013B     		subs	r3, r3, #1
 293              	.LVL21:
 294              	.L25:
 452:Drivers/STM32U5xx_HAL_Driver/Src/stm32u5xx_hal_pwr_ex.c ****     {
 295              		.loc 1 452 11 is_stmt 1 view .LVU84
 452:Drivers/STM32U5xx_HAL_Driver/Src/stm32u5xx_hal_pwr_ex.c ****     {
 296              		.loc 1 452 12 is_stmt 0 view .LVU85
 297 004c 064A     		ldr	r2, .L29+8
 298 004e D26B     		ldr	r2, [r2, #60]
 452:Drivers/STM32U5xx_HAL_Driver/Src/stm32u5xx_hal_pwr_ex.c ****     {
 299              		.loc 1 452 11 view .LVU86
 300 0050 12F0020F 		tst	r2, #2
 301 0054 F0D1     		bne	.L23
 452:Drivers/STM32U5xx_HAL_Driver/Src/stm32u5xx_hal_pwr_ex.c ****     {
 302              		.loc 1 452 55 discriminator 1 view .LVU87
 303 0056 002B     		cmp	r3, #0
ARM GAS  /var/folders/j8/bx6g0dyx2gg_pdn7l_y1sb9c0000gn/T//cc9zwmjj.s 			page 15


 304 0058 F7D1     		bne	.L26
 305 005a EDE7     		b	.L23
 306              	.L28:
 461:Drivers/STM32U5xx_HAL_Driver/Src/stm32u5xx_hal_pwr_ex.c ****   }
 307              		.loc 1 461 12 view .LVU88
 308 005c 0320     		movs	r0, #3
 309              	.LVL22:
 465:Drivers/STM32U5xx_HAL_Driver/Src/stm32u5xx_hal_pwr_ex.c **** }
 310              		.loc 1 465 1 view .LVU89
 311 005e 7047     		bx	lr
 312              	.L30:
 313              		.align	2
 314              	.L29:
 315 0060 00000000 		.word	SystemCoreClock
 316 0064 D34D6210 		.word	274877907
 317 0068 00080246 		.word	1174538240
 318              		.cfi_endproc
 319              	.LFE159:
 321              		.section	.text.HAL_PWREx_GetSupplyConfig,"ax",%progbits
 322              		.align	1
 323              		.global	HAL_PWREx_GetSupplyConfig
 324              		.syntax unified
 325              		.thumb
 326              		.thumb_func
 328              	HAL_PWREx_GetSupplyConfig:
 329              	.LFB160:
 466:Drivers/STM32U5xx_HAL_Driver/Src/stm32u5xx_hal_pwr_ex.c **** 
 467:Drivers/STM32U5xx_HAL_Driver/Src/stm32u5xx_hal_pwr_ex.c **** /**
 468:Drivers/STM32U5xx_HAL_Driver/Src/stm32u5xx_hal_pwr_ex.c ****   * @brief  Get the power supply configuration.
 469:Drivers/STM32U5xx_HAL_Driver/Src/stm32u5xx_hal_pwr_ex.c ****   * @retval The supply configured.
 470:Drivers/STM32U5xx_HAL_Driver/Src/stm32u5xx_hal_pwr_ex.c ****   */
 471:Drivers/STM32U5xx_HAL_Driver/Src/stm32u5xx_hal_pwr_ex.c **** uint32_t  HAL_PWREx_GetSupplyConfig(void)
 472:Drivers/STM32U5xx_HAL_Driver/Src/stm32u5xx_hal_pwr_ex.c **** {
 330              		.loc 1 472 1 is_stmt 1 view -0
 331              		.cfi_startproc
 332              		@ args = 0, pretend = 0, frame = 0
 333              		@ frame_needed = 0, uses_anonymous_args = 0
 334              		@ link register save eliminated.
 473:Drivers/STM32U5xx_HAL_Driver/Src/stm32u5xx_hal_pwr_ex.c ****   return (PWR->SVMSR & PWR_SVMSR_REGS);
 335              		.loc 1 473 3 view .LVU91
 336              		.loc 1 473 14 is_stmt 0 view .LVU92
 337 0000 024B     		ldr	r3, .L32
 338 0002 D86B     		ldr	r0, [r3, #60]
 474:Drivers/STM32U5xx_HAL_Driver/Src/stm32u5xx_hal_pwr_ex.c **** }
 339              		.loc 1 474 1 view .LVU93
 340 0004 00F00200 		and	r0, r0, #2
 341 0008 7047     		bx	lr
 342              	.L33:
 343 000a 00BF     		.align	2
 344              	.L32:
 345 000c 00080246 		.word	1174538240
 346              		.cfi_endproc
 347              	.LFE160:
 349              		.section	.text.HAL_PWREx_EnableFastSoftStart,"ax",%progbits
 350              		.align	1
 351              		.global	HAL_PWREx_EnableFastSoftStart
 352              		.syntax unified
ARM GAS  /var/folders/j8/bx6g0dyx2gg_pdn7l_y1sb9c0000gn/T//cc9zwmjj.s 			page 16


 353              		.thumb
 354              		.thumb_func
 356              	HAL_PWREx_EnableFastSoftStart:
 357              	.LFB161:
 475:Drivers/STM32U5xx_HAL_Driver/Src/stm32u5xx_hal_pwr_ex.c **** 
 476:Drivers/STM32U5xx_HAL_Driver/Src/stm32u5xx_hal_pwr_ex.c **** /**
 477:Drivers/STM32U5xx_HAL_Driver/Src/stm32u5xx_hal_pwr_ex.c ****   * @brief  Enable fast soft start for the current regulator.
 478:Drivers/STM32U5xx_HAL_Driver/Src/stm32u5xx_hal_pwr_ex.c ****   * @retval None.
 479:Drivers/STM32U5xx_HAL_Driver/Src/stm32u5xx_hal_pwr_ex.c ****   */
 480:Drivers/STM32U5xx_HAL_Driver/Src/stm32u5xx_hal_pwr_ex.c **** void HAL_PWREx_EnableFastSoftStart(void)
 481:Drivers/STM32U5xx_HAL_Driver/Src/stm32u5xx_hal_pwr_ex.c **** {
 358              		.loc 1 481 1 is_stmt 1 view -0
 359              		.cfi_startproc
 360              		@ args = 0, pretend = 0, frame = 0
 361              		@ frame_needed = 0, uses_anonymous_args = 0
 362              		@ link register save eliminated.
 482:Drivers/STM32U5xx_HAL_Driver/Src/stm32u5xx_hal_pwr_ex.c ****   SET_BIT(PWR->CR3, PWR_CR3_FSTEN);
 363              		.loc 1 482 3 view .LVU95
 364 0000 024A     		ldr	r2, .L35
 365 0002 9368     		ldr	r3, [r2, #8]
 366 0004 43F00403 		orr	r3, r3, #4
 367 0008 9360     		str	r3, [r2, #8]
 483:Drivers/STM32U5xx_HAL_Driver/Src/stm32u5xx_hal_pwr_ex.c **** }
 368              		.loc 1 483 1 is_stmt 0 view .LVU96
 369 000a 7047     		bx	lr
 370              	.L36:
 371              		.align	2
 372              	.L35:
 373 000c 00080246 		.word	1174538240
 374              		.cfi_endproc
 375              	.LFE161:
 377              		.section	.text.HAL_PWREx_DisableFastSoftStart,"ax",%progbits
 378              		.align	1
 379              		.global	HAL_PWREx_DisableFastSoftStart
 380              		.syntax unified
 381              		.thumb
 382              		.thumb_func
 384              	HAL_PWREx_DisableFastSoftStart:
 385              	.LFB162:
 484:Drivers/STM32U5xx_HAL_Driver/Src/stm32u5xx_hal_pwr_ex.c **** 
 485:Drivers/STM32U5xx_HAL_Driver/Src/stm32u5xx_hal_pwr_ex.c **** /**
 486:Drivers/STM32U5xx_HAL_Driver/Src/stm32u5xx_hal_pwr_ex.c ****   * @brief  Disable fast soft start for the current regulator.
 487:Drivers/STM32U5xx_HAL_Driver/Src/stm32u5xx_hal_pwr_ex.c ****   * @retval None.
 488:Drivers/STM32U5xx_HAL_Driver/Src/stm32u5xx_hal_pwr_ex.c ****   */
 489:Drivers/STM32U5xx_HAL_Driver/Src/stm32u5xx_hal_pwr_ex.c **** void HAL_PWREx_DisableFastSoftStart(void)
 490:Drivers/STM32U5xx_HAL_Driver/Src/stm32u5xx_hal_pwr_ex.c **** {
 386              		.loc 1 490 1 is_stmt 1 view -0
 387              		.cfi_startproc
 388              		@ args = 0, pretend = 0, frame = 0
 389              		@ frame_needed = 0, uses_anonymous_args = 0
 390              		@ link register save eliminated.
 491:Drivers/STM32U5xx_HAL_Driver/Src/stm32u5xx_hal_pwr_ex.c ****   CLEAR_BIT(PWR->CR3, PWR_CR3_FSTEN);
 391              		.loc 1 491 3 view .LVU98
 392 0000 024A     		ldr	r2, .L38
 393 0002 9368     		ldr	r3, [r2, #8]
 394 0004 23F00403 		bic	r3, r3, #4
 395 0008 9360     		str	r3, [r2, #8]
ARM GAS  /var/folders/j8/bx6g0dyx2gg_pdn7l_y1sb9c0000gn/T//cc9zwmjj.s 			page 17


 492:Drivers/STM32U5xx_HAL_Driver/Src/stm32u5xx_hal_pwr_ex.c **** }
 396              		.loc 1 492 1 is_stmt 0 view .LVU99
 397 000a 7047     		bx	lr
 398              	.L39:
 399              		.align	2
 400              	.L38:
 401 000c 00080246 		.word	1174538240
 402              		.cfi_endproc
 403              	.LFE162:
 405              		.section	.text.HAL_PWREx_EnterSTOP1Mode,"ax",%progbits
 406              		.align	1
 407              		.global	HAL_PWREx_EnterSTOP1Mode
 408              		.syntax unified
 409              		.thumb
 410              		.thumb_func
 412              	HAL_PWREx_EnterSTOP1Mode:
 413              	.LVL23:
 414              	.LFB163:
 493:Drivers/STM32U5xx_HAL_Driver/Src/stm32u5xx_hal_pwr_ex.c **** /**
 494:Drivers/STM32U5xx_HAL_Driver/Src/stm32u5xx_hal_pwr_ex.c ****   * @}
 495:Drivers/STM32U5xx_HAL_Driver/Src/stm32u5xx_hal_pwr_ex.c ****   */
 496:Drivers/STM32U5xx_HAL_Driver/Src/stm32u5xx_hal_pwr_ex.c **** 
 497:Drivers/STM32U5xx_HAL_Driver/Src/stm32u5xx_hal_pwr_ex.c **** 
 498:Drivers/STM32U5xx_HAL_Driver/Src/stm32u5xx_hal_pwr_ex.c **** /** @defgroup PWREx_Exported_Functions_Group2 Low Power Control Functions
 499:Drivers/STM32U5xx_HAL_Driver/Src/stm32u5xx_hal_pwr_ex.c ****   * @brief    Low power control functions
 500:Drivers/STM32U5xx_HAL_Driver/Src/stm32u5xx_hal_pwr_ex.c ****   *
 501:Drivers/STM32U5xx_HAL_Driver/Src/stm32u5xx_hal_pwr_ex.c **** @verbatim
 502:Drivers/STM32U5xx_HAL_Driver/Src/stm32u5xx_hal_pwr_ex.c ****  ===============================================================================
 503:Drivers/STM32U5xx_HAL_Driver/Src/stm32u5xx_hal_pwr_ex.c ****                      ##### Low power control functions #####
 504:Drivers/STM32U5xx_HAL_Driver/Src/stm32u5xx_hal_pwr_ex.c ****  ===============================================================================
 505:Drivers/STM32U5xx_HAL_Driver/Src/stm32u5xx_hal_pwr_ex.c ****     [..]
 506:Drivers/STM32U5xx_HAL_Driver/Src/stm32u5xx_hal_pwr_ex.c ****       This section provides functions allowing to control low power modes.
 507:Drivers/STM32U5xx_HAL_Driver/Src/stm32u5xx_hal_pwr_ex.c **** 
 508:Drivers/STM32U5xx_HAL_Driver/Src/stm32u5xx_hal_pwr_ex.c ****     *** Low Power modes configuration ***
 509:Drivers/STM32U5xx_HAL_Driver/Src/stm32u5xx_hal_pwr_ex.c ****     =====================================
 510:Drivers/STM32U5xx_HAL_Driver/Src/stm32u5xx_hal_pwr_ex.c ****     [..]
 511:Drivers/STM32U5xx_HAL_Driver/Src/stm32u5xx_hal_pwr_ex.c ****       This section presents 4 principles low power modes :
 512:Drivers/STM32U5xx_HAL_Driver/Src/stm32u5xx_hal_pwr_ex.c ****       (+) Stop 1 mode   : Cortex-M33 is stopped, clocks are stopped and the
 513:Drivers/STM32U5xx_HAL_Driver/Src/stm32u5xx_hal_pwr_ex.c ****                           regulator is in low power mode. Several peripheral can
 514:Drivers/STM32U5xx_HAL_Driver/Src/stm32u5xx_hal_pwr_ex.c ****                           operate in this mode.
 515:Drivers/STM32U5xx_HAL_Driver/Src/stm32u5xx_hal_pwr_ex.c **** 
 516:Drivers/STM32U5xx_HAL_Driver/Src/stm32u5xx_hal_pwr_ex.c ****       (+) Stop 2 mode   : Cortex-M33 is stopped, clocks are stopped and the
 517:Drivers/STM32U5xx_HAL_Driver/Src/stm32u5xx_hal_pwr_ex.c ****                           regulator is in low power mode. Only autonomous
 518:Drivers/STM32U5xx_HAL_Driver/Src/stm32u5xx_hal_pwr_ex.c ****                           peripherals can operate in this mode.
 519:Drivers/STM32U5xx_HAL_Driver/Src/stm32u5xx_hal_pwr_ex.c **** 
 520:Drivers/STM32U5xx_HAL_Driver/Src/stm32u5xx_hal_pwr_ex.c ****       (+) Stop 3 mode   : Cortex-M33 is stopped, clocks are stopped and the
 521:Drivers/STM32U5xx_HAL_Driver/Src/stm32u5xx_hal_pwr_ex.c ****                           regulator is in low power mode. No peripheral can
 522:Drivers/STM32U5xx_HAL_Driver/Src/stm32u5xx_hal_pwr_ex.c ****                           operate in this mode. Only RAMs content is preserved.
 523:Drivers/STM32U5xx_HAL_Driver/Src/stm32u5xx_hal_pwr_ex.c **** 
 524:Drivers/STM32U5xx_HAL_Driver/Src/stm32u5xx_hal_pwr_ex.c ****       (+) Shutdown mode : All PWR domains enter Shutdown mode and the VCORE
 525:Drivers/STM32U5xx_HAL_Driver/Src/stm32u5xx_hal_pwr_ex.c ****                           supply regulator is powered off. The SRAMs and
 526:Drivers/STM32U5xx_HAL_Driver/Src/stm32u5xx_hal_pwr_ex.c ****                           register contents are lost except for registers in the
 527:Drivers/STM32U5xx_HAL_Driver/Src/stm32u5xx_hal_pwr_ex.c ****                           Backup domain.
 528:Drivers/STM32U5xx_HAL_Driver/Src/stm32u5xx_hal_pwr_ex.c **** 
 529:Drivers/STM32U5xx_HAL_Driver/Src/stm32u5xx_hal_pwr_ex.c ****    *** Stop 1 mode ***
 530:Drivers/STM32U5xx_HAL_Driver/Src/stm32u5xx_hal_pwr_ex.c ****    ===================
 531:Drivers/STM32U5xx_HAL_Driver/Src/stm32u5xx_hal_pwr_ex.c ****     [..]
ARM GAS  /var/folders/j8/bx6g0dyx2gg_pdn7l_y1sb9c0000gn/T//cc9zwmjj.s 			page 18


 532:Drivers/STM32U5xx_HAL_Driver/Src/stm32u5xx_hal_pwr_ex.c ****       The Stop 1 mode is based on the Cortex-M33 Deepsleep mode combined with
 533:Drivers/STM32U5xx_HAL_Driver/Src/stm32u5xx_hal_pwr_ex.c ****       the peripheral clock gating. The voltage regulator is configured in low
 534:Drivers/STM32U5xx_HAL_Driver/Src/stm32u5xx_hal_pwr_ex.c ****       power mode. In Stop 1 mode, all clocks in the VCORE domain are stopped.
 535:Drivers/STM32U5xx_HAL_Driver/Src/stm32u5xx_hal_pwr_ex.c ****       The PLL, MSIS, MSIK, HSI16 and HSE oscillators are disabled.
 536:Drivers/STM32U5xx_HAL_Driver/Src/stm32u5xx_hal_pwr_ex.c ****       Some peripherals with the LPBAM capability can switch on HSI16 or MSIS or
 537:Drivers/STM32U5xx_HAL_Driver/Src/stm32u5xx_hal_pwr_ex.c ****       MSIK for transferring data. All SRAMs and register contents are preserved,
 538:Drivers/STM32U5xx_HAL_Driver/Src/stm32u5xx_hal_pwr_ex.c ****       but the SRAMs can be totally or partially switched off to further reduced
 539:Drivers/STM32U5xx_HAL_Driver/Src/stm32u5xx_hal_pwr_ex.c ****       consumption.
 540:Drivers/STM32U5xx_HAL_Driver/Src/stm32u5xx_hal_pwr_ex.c ****       The BOR is always available in Stop 1 mode.
 541:Drivers/STM32U5xx_HAL_Driver/Src/stm32u5xx_hal_pwr_ex.c **** 
 542:Drivers/STM32U5xx_HAL_Driver/Src/stm32u5xx_hal_pwr_ex.c ****       (+) Entry:
 543:Drivers/STM32U5xx_HAL_Driver/Src/stm32u5xx_hal_pwr_ex.c ****           The Stop 1 mode is entered by using the HAL_PWREx_EnterSTOP1Mode()
 544:Drivers/STM32U5xx_HAL_Driver/Src/stm32u5xx_hal_pwr_ex.c ****           function.
 545:Drivers/STM32U5xx_HAL_Driver/Src/stm32u5xx_hal_pwr_ex.c **** 
 546:Drivers/STM32U5xx_HAL_Driver/Src/stm32u5xx_hal_pwr_ex.c ****           (++) PWR_STOPENTRY_WFI: enter Stop 1 mode with WFI instruction.
 547:Drivers/STM32U5xx_HAL_Driver/Src/stm32u5xx_hal_pwr_ex.c ****           (++) PWR_STOPENTRY_WFE: enter Stop 1 mode with WFE instruction.
 548:Drivers/STM32U5xx_HAL_Driver/Src/stm32u5xx_hal_pwr_ex.c **** 
 549:Drivers/STM32U5xx_HAL_Driver/Src/stm32u5xx_hal_pwr_ex.c ****       (+) Exit:
 550:Drivers/STM32U5xx_HAL_Driver/Src/stm32u5xx_hal_pwr_ex.c ****           Any EXTI line configured in interrupt mode (the corresponding EXTI
 551:Drivers/STM32U5xx_HAL_Driver/Src/stm32u5xx_hal_pwr_ex.c ****           interrupt vector must be enabled in the NVIC). The interrupt source
 552:Drivers/STM32U5xx_HAL_Driver/Src/stm32u5xx_hal_pwr_ex.c ****           can be external interrupts or peripherals with wakeup capability.
 553:Drivers/STM32U5xx_HAL_Driver/Src/stm32u5xx_hal_pwr_ex.c ****           Any peripheral interrupt occurring when the AHB/APB clocks are present
 554:Drivers/STM32U5xx_HAL_Driver/Src/stm32u5xx_hal_pwr_ex.c ****           due to an autonomous peripheral clock request (the peripheral vector
 555:Drivers/STM32U5xx_HAL_Driver/Src/stm32u5xx_hal_pwr_ex.c ****           must be enabled in the NVIC)
 556:Drivers/STM32U5xx_HAL_Driver/Src/stm32u5xx_hal_pwr_ex.c ****           Any EXTI line configured in event mode.
 557:Drivers/STM32U5xx_HAL_Driver/Src/stm32u5xx_hal_pwr_ex.c **** 
 558:Drivers/STM32U5xx_HAL_Driver/Src/stm32u5xx_hal_pwr_ex.c ****    *** Stop 2 mode ***
 559:Drivers/STM32U5xx_HAL_Driver/Src/stm32u5xx_hal_pwr_ex.c ****    ===================
 560:Drivers/STM32U5xx_HAL_Driver/Src/stm32u5xx_hal_pwr_ex.c ****     [..]
 561:Drivers/STM32U5xx_HAL_Driver/Src/stm32u5xx_hal_pwr_ex.c ****       The Stop 2 mode is based on the Cortex-M33 Deepsleep mode combined with
 562:Drivers/STM32U5xx_HAL_Driver/Src/stm32u5xx_hal_pwr_ex.c ****       peripheral clock gating. In Stop 2 mode, all clocks in the VCORE domain
 563:Drivers/STM32U5xx_HAL_Driver/Src/stm32u5xx_hal_pwr_ex.c ****       are stopped.
 564:Drivers/STM32U5xx_HAL_Driver/Src/stm32u5xx_hal_pwr_ex.c ****       The PLL, MSIS, MSIK, HSI16 and HSE oscillators are disabled.
 565:Drivers/STM32U5xx_HAL_Driver/Src/stm32u5xx_hal_pwr_ex.c ****       Some peripherals with the LPBAM capability can switch on HSI16 or MSIS or
 566:Drivers/STM32U5xx_HAL_Driver/Src/stm32u5xx_hal_pwr_ex.c ****       MSIK for transferring data. All SRAMs and register contents are preserved,
 567:Drivers/STM32U5xx_HAL_Driver/Src/stm32u5xx_hal_pwr_ex.c ****       but the SRAMs can be totally or partially switched off to further reduce
 568:Drivers/STM32U5xx_HAL_Driver/Src/stm32u5xx_hal_pwr_ex.c ****       consumption.
 569:Drivers/STM32U5xx_HAL_Driver/Src/stm32u5xx_hal_pwr_ex.c ****       The BOR is always available in Stop 2 mode.
 570:Drivers/STM32U5xx_HAL_Driver/Src/stm32u5xx_hal_pwr_ex.c **** 
 571:Drivers/STM32U5xx_HAL_Driver/Src/stm32u5xx_hal_pwr_ex.c ****       (+) Entry:
 572:Drivers/STM32U5xx_HAL_Driver/Src/stm32u5xx_hal_pwr_ex.c ****           The Stop 2 mode is entered by using the HAL_PWREx_EnterSTOP2Mode()
 573:Drivers/STM32U5xx_HAL_Driver/Src/stm32u5xx_hal_pwr_ex.c ****           function.
 574:Drivers/STM32U5xx_HAL_Driver/Src/stm32u5xx_hal_pwr_ex.c **** 
 575:Drivers/STM32U5xx_HAL_Driver/Src/stm32u5xx_hal_pwr_ex.c ****           (++) PWR_STOPENTRY_WFI: enter Stop 2 mode with WFI instruction.
 576:Drivers/STM32U5xx_HAL_Driver/Src/stm32u5xx_hal_pwr_ex.c ****           (++) PWR_STOPENTRY_WFE: enter Stop 2 mode with WFE instruction.
 577:Drivers/STM32U5xx_HAL_Driver/Src/stm32u5xx_hal_pwr_ex.c **** 
 578:Drivers/STM32U5xx_HAL_Driver/Src/stm32u5xx_hal_pwr_ex.c ****       (+) Exit:
 579:Drivers/STM32U5xx_HAL_Driver/Src/stm32u5xx_hal_pwr_ex.c ****           Any EXTI line configured in interrupt mode (the corresponding EXTI
 580:Drivers/STM32U5xx_HAL_Driver/Src/stm32u5xx_hal_pwr_ex.c ****           interrupt vector must be enabled in the NVIC). The interrupt source
 581:Drivers/STM32U5xx_HAL_Driver/Src/stm32u5xx_hal_pwr_ex.c ****           can be external interrupts or peripherals with wakeup capability.
 582:Drivers/STM32U5xx_HAL_Driver/Src/stm32u5xx_hal_pwr_ex.c ****           Any peripheral interrupt occurring when the AHB/APB clocks are present
 583:Drivers/STM32U5xx_HAL_Driver/Src/stm32u5xx_hal_pwr_ex.c ****           due to an autonomous peripheral clock request (the peripheral vector
 584:Drivers/STM32U5xx_HAL_Driver/Src/stm32u5xx_hal_pwr_ex.c ****           must be enabled in the NVIC)
 585:Drivers/STM32U5xx_HAL_Driver/Src/stm32u5xx_hal_pwr_ex.c ****           Any EXTI line configured in event mode.
 586:Drivers/STM32U5xx_HAL_Driver/Src/stm32u5xx_hal_pwr_ex.c **** 
 587:Drivers/STM32U5xx_HAL_Driver/Src/stm32u5xx_hal_pwr_ex.c ****    *** Stop 3 mode ***
 588:Drivers/STM32U5xx_HAL_Driver/Src/stm32u5xx_hal_pwr_ex.c ****    ===================
ARM GAS  /var/folders/j8/bx6g0dyx2gg_pdn7l_y1sb9c0000gn/T//cc9zwmjj.s 			page 19


 589:Drivers/STM32U5xx_HAL_Driver/Src/stm32u5xx_hal_pwr_ex.c ****     [..]
 590:Drivers/STM32U5xx_HAL_Driver/Src/stm32u5xx_hal_pwr_ex.c ****       The Stop 3 mode is based on the Cortex-M33 Deepsleep mode combined with
 591:Drivers/STM32U5xx_HAL_Driver/Src/stm32u5xx_hal_pwr_ex.c ****       peripheral clock gating. In Stop 3 mode, all clocks in the VCORE domain
 592:Drivers/STM32U5xx_HAL_Driver/Src/stm32u5xx_hal_pwr_ex.c ****       are stopped.
 593:Drivers/STM32U5xx_HAL_Driver/Src/stm32u5xx_hal_pwr_ex.c ****       The PLL, MSIS, MSIK, HSI16 and HSE oscillators are disabled.
 594:Drivers/STM32U5xx_HAL_Driver/Src/stm32u5xx_hal_pwr_ex.c ****       All SRAMs and register contents are preserved, but the SRAMs can be
 595:Drivers/STM32U5xx_HAL_Driver/Src/stm32u5xx_hal_pwr_ex.c ****       totally or partially switched off to further reduce consumption.
 596:Drivers/STM32U5xx_HAL_Driver/Src/stm32u5xx_hal_pwr_ex.c ****       The BOR is always available in Stop 3 mode.
 597:Drivers/STM32U5xx_HAL_Driver/Src/stm32u5xx_hal_pwr_ex.c **** 
 598:Drivers/STM32U5xx_HAL_Driver/Src/stm32u5xx_hal_pwr_ex.c ****       (+) Entry:
 599:Drivers/STM32U5xx_HAL_Driver/Src/stm32u5xx_hal_pwr_ex.c ****           The Stop 3 mode is entered by using the HAL_PWREx_EnterSTOP3Mode()
 600:Drivers/STM32U5xx_HAL_Driver/Src/stm32u5xx_hal_pwr_ex.c ****           function.
 601:Drivers/STM32U5xx_HAL_Driver/Src/stm32u5xx_hal_pwr_ex.c **** 
 602:Drivers/STM32U5xx_HAL_Driver/Src/stm32u5xx_hal_pwr_ex.c ****           (++) PWR_STOPENTRY_WFI: enter Stop 3 mode with WFI instruction.
 603:Drivers/STM32U5xx_HAL_Driver/Src/stm32u5xx_hal_pwr_ex.c ****           (++) PWR_STOPENTRY_WFE: enter Stop 3 mode with WFE instruction.
 604:Drivers/STM32U5xx_HAL_Driver/Src/stm32u5xx_hal_pwr_ex.c **** 
 605:Drivers/STM32U5xx_HAL_Driver/Src/stm32u5xx_hal_pwr_ex.c ****       (+) Exit:
 606:Drivers/STM32U5xx_HAL_Driver/Src/stm32u5xx_hal_pwr_ex.c ****           WKUPx pin edge, RTC or TAMP event, external Reset in NRST pin, IWDG
 607:Drivers/STM32U5xx_HAL_Driver/Src/stm32u5xx_hal_pwr_ex.c ****           Reset, BOR reset.
 608:Drivers/STM32U5xx_HAL_Driver/Src/stm32u5xx_hal_pwr_ex.c **** 
 609:Drivers/STM32U5xx_HAL_Driver/Src/stm32u5xx_hal_pwr_ex.c ****   *** Shutdown mode ***
 610:Drivers/STM32U5xx_HAL_Driver/Src/stm32u5xx_hal_pwr_ex.c ****    ====================
 611:Drivers/STM32U5xx_HAL_Driver/Src/stm32u5xx_hal_pwr_ex.c ****     [..]
 612:Drivers/STM32U5xx_HAL_Driver/Src/stm32u5xx_hal_pwr_ex.c ****       The lowest power consumption is reached in Shutdown mode. It is based on
 613:Drivers/STM32U5xx_HAL_Driver/Src/stm32u5xx_hal_pwr_ex.c ****       the Deepsleep mode with the voltage regulator disabled. The VCORE domain
 614:Drivers/STM32U5xx_HAL_Driver/Src/stm32u5xx_hal_pwr_ex.c ****       is consequently powered off.
 615:Drivers/STM32U5xx_HAL_Driver/Src/stm32u5xx_hal_pwr_ex.c ****       The PLL, HSI16, MSIS, MSIK and HSE oscillators are also switched off.
 616:Drivers/STM32U5xx_HAL_Driver/Src/stm32u5xx_hal_pwr_ex.c ****       The SRAMs and register contents are lost except for registers in the
 617:Drivers/STM32U5xx_HAL_Driver/Src/stm32u5xx_hal_pwr_ex.c ****       Backup domain.
 618:Drivers/STM32U5xx_HAL_Driver/Src/stm32u5xx_hal_pwr_ex.c ****       The BOR is not available in Shutdown mode.
 619:Drivers/STM32U5xx_HAL_Driver/Src/stm32u5xx_hal_pwr_ex.c ****       No power voltage monitoring is possible in this mode, therefore the switch
 620:Drivers/STM32U5xx_HAL_Driver/Src/stm32u5xx_hal_pwr_ex.c ****       to Backup domain is not supported.
 621:Drivers/STM32U5xx_HAL_Driver/Src/stm32u5xx_hal_pwr_ex.c **** 
 622:Drivers/STM32U5xx_HAL_Driver/Src/stm32u5xx_hal_pwr_ex.c ****       (+) Entry:
 623:Drivers/STM32U5xx_HAL_Driver/Src/stm32u5xx_hal_pwr_ex.c ****           The Shutdown mode is entered by using the HAL_PWREx_EnterSHUTDOWNMode()
 624:Drivers/STM32U5xx_HAL_Driver/Src/stm32u5xx_hal_pwr_ex.c ****           function.
 625:Drivers/STM32U5xx_HAL_Driver/Src/stm32u5xx_hal_pwr_ex.c **** 
 626:Drivers/STM32U5xx_HAL_Driver/Src/stm32u5xx_hal_pwr_ex.c ****       (+) Exit:
 627:Drivers/STM32U5xx_HAL_Driver/Src/stm32u5xx_hal_pwr_ex.c ****           WKUPx pin edge, RTC/TAMP event, external Reset in NRST pin.
 628:Drivers/STM32U5xx_HAL_Driver/Src/stm32u5xx_hal_pwr_ex.c **** 
 629:Drivers/STM32U5xx_HAL_Driver/Src/stm32u5xx_hal_pwr_ex.c **** @endverbatim
 630:Drivers/STM32U5xx_HAL_Driver/Src/stm32u5xx_hal_pwr_ex.c ****   * @{
 631:Drivers/STM32U5xx_HAL_Driver/Src/stm32u5xx_hal_pwr_ex.c ****   */
 632:Drivers/STM32U5xx_HAL_Driver/Src/stm32u5xx_hal_pwr_ex.c **** 
 633:Drivers/STM32U5xx_HAL_Driver/Src/stm32u5xx_hal_pwr_ex.c **** /**
 634:Drivers/STM32U5xx_HAL_Driver/Src/stm32u5xx_hal_pwr_ex.c ****   * @brief  Enter the whole system to Stop 1 mode.
 635:Drivers/STM32U5xx_HAL_Driver/Src/stm32u5xx_hal_pwr_ex.c ****   * @note   Stop 1 offers the largest number of active peripherals and wakeup
 636:Drivers/STM32U5xx_HAL_Driver/Src/stm32u5xx_hal_pwr_ex.c ****   *         sources, a smaller wakeup time but a higher consumption.
 637:Drivers/STM32U5xx_HAL_Driver/Src/stm32u5xx_hal_pwr_ex.c ****   * @note   Stop mode achieves the lowest power consumption while retaining
 638:Drivers/STM32U5xx_HAL_Driver/Src/stm32u5xx_hal_pwr_ex.c ****   *         the content of SRAM and registers. All clocks in the VCORE domain
 639:Drivers/STM32U5xx_HAL_Driver/Src/stm32u5xx_hal_pwr_ex.c ****   *         are stopped. The PLL, the MSI (MSIS and MSIK) RC, the HSI16 RC and
 640:Drivers/STM32U5xx_HAL_Driver/Src/stm32u5xx_hal_pwr_ex.c ****   *         the HSE crystal oscillators are disabled. The LSE or LSI is still
 641:Drivers/STM32U5xx_HAL_Driver/Src/stm32u5xx_hal_pwr_ex.c ****   *         running.
 642:Drivers/STM32U5xx_HAL_Driver/Src/stm32u5xx_hal_pwr_ex.c ****   * @note   The system clock when exiting from Stop mode can be either MSIS up
 643:Drivers/STM32U5xx_HAL_Driver/Src/stm32u5xx_hal_pwr_ex.c ****   *         to 24 MHz or HSI16, depending on software configuration.
 644:Drivers/STM32U5xx_HAL_Driver/Src/stm32u5xx_hal_pwr_ex.c ****   * @param  STOPEntry : Specifies if Stop mode is entered with WFI or WFE
 645:Drivers/STM32U5xx_HAL_Driver/Src/stm32u5xx_hal_pwr_ex.c ****   *                     instruction.
ARM GAS  /var/folders/j8/bx6g0dyx2gg_pdn7l_y1sb9c0000gn/T//cc9zwmjj.s 			page 20


 646:Drivers/STM32U5xx_HAL_Driver/Src/stm32u5xx_hal_pwr_ex.c ****   *                     This parameter can be one of the following values :
 647:Drivers/STM32U5xx_HAL_Driver/Src/stm32u5xx_hal_pwr_ex.c ****   *                     @arg @ref PWR_STOPENTRY_WFI enter Stop mode with Wait
 648:Drivers/STM32U5xx_HAL_Driver/Src/stm32u5xx_hal_pwr_ex.c ****   *                               For Interrupt request.
 649:Drivers/STM32U5xx_HAL_Driver/Src/stm32u5xx_hal_pwr_ex.c ****   *                     @arg @ref PWR_STOPENTRY_WFE enter Stop mode with Wait
 650:Drivers/STM32U5xx_HAL_Driver/Src/stm32u5xx_hal_pwr_ex.c ****   *                               For Event request.
 651:Drivers/STM32U5xx_HAL_Driver/Src/stm32u5xx_hal_pwr_ex.c ****   * @retval None.
 652:Drivers/STM32U5xx_HAL_Driver/Src/stm32u5xx_hal_pwr_ex.c ****   */
 653:Drivers/STM32U5xx_HAL_Driver/Src/stm32u5xx_hal_pwr_ex.c **** void HAL_PWREx_EnterSTOP1Mode(uint8_t STOPEntry)
 654:Drivers/STM32U5xx_HAL_Driver/Src/stm32u5xx_hal_pwr_ex.c **** {
 415              		.loc 1 654 1 is_stmt 1 view -0
 416              		.cfi_startproc
 417              		@ args = 0, pretend = 0, frame = 0
 418              		@ frame_needed = 0, uses_anonymous_args = 0
 419              		@ link register save eliminated.
 655:Drivers/STM32U5xx_HAL_Driver/Src/stm32u5xx_hal_pwr_ex.c ****   /* Check the parameters */
 656:Drivers/STM32U5xx_HAL_Driver/Src/stm32u5xx_hal_pwr_ex.c ****   assert_param(IS_PWR_STOP_ENTRY(STOPEntry));
 420              		.loc 1 656 3 view .LVU101
 657:Drivers/STM32U5xx_HAL_Driver/Src/stm32u5xx_hal_pwr_ex.c **** 
 658:Drivers/STM32U5xx_HAL_Driver/Src/stm32u5xx_hal_pwr_ex.c ****   /* Stop 1 mode */
 659:Drivers/STM32U5xx_HAL_Driver/Src/stm32u5xx_hal_pwr_ex.c ****   MODIFY_REG(PWR->CR1, PWR_CR1_LPMS, PWR_CR1_LPMS_0);
 421              		.loc 1 659 3 view .LVU102
 422 0000 0C4A     		ldr	r2, .L44
 423 0002 1368     		ldr	r3, [r2]
 424 0004 23F00703 		bic	r3, r3, #7
 425 0008 43F00103 		orr	r3, r3, #1
 426 000c 1360     		str	r3, [r2]
 660:Drivers/STM32U5xx_HAL_Driver/Src/stm32u5xx_hal_pwr_ex.c **** 
 661:Drivers/STM32U5xx_HAL_Driver/Src/stm32u5xx_hal_pwr_ex.c ****   /* Set SLEEPDEEP bit of Cortex System Control Register */
 662:Drivers/STM32U5xx_HAL_Driver/Src/stm32u5xx_hal_pwr_ex.c ****   SET_BIT(SCB->SCR, ((uint32_t)SCB_SCR_SLEEPDEEP_Msk));
 427              		.loc 1 662 3 view .LVU103
 428 000e 0A4A     		ldr	r2, .L44+4
 429 0010 1369     		ldr	r3, [r2, #16]
 430 0012 43F00403 		orr	r3, r3, #4
 431 0016 1361     		str	r3, [r2, #16]
 663:Drivers/STM32U5xx_HAL_Driver/Src/stm32u5xx_hal_pwr_ex.c **** 
 664:Drivers/STM32U5xx_HAL_Driver/Src/stm32u5xx_hal_pwr_ex.c ****   /* Select Stop mode entry */
 665:Drivers/STM32U5xx_HAL_Driver/Src/stm32u5xx_hal_pwr_ex.c ****   if (STOPEntry == PWR_STOPENTRY_WFI)
 432              		.loc 1 665 3 view .LVU104
 433              		.loc 1 665 6 is_stmt 0 view .LVU105
 434 0018 0128     		cmp	r0, #1
 435 001a 08D0     		beq	.L43
 666:Drivers/STM32U5xx_HAL_Driver/Src/stm32u5xx_hal_pwr_ex.c ****   {
 667:Drivers/STM32U5xx_HAL_Driver/Src/stm32u5xx_hal_pwr_ex.c ****     /* Request Wait For Interrupt */
 668:Drivers/STM32U5xx_HAL_Driver/Src/stm32u5xx_hal_pwr_ex.c ****     __WFI();
 669:Drivers/STM32U5xx_HAL_Driver/Src/stm32u5xx_hal_pwr_ex.c ****   }
 670:Drivers/STM32U5xx_HAL_Driver/Src/stm32u5xx_hal_pwr_ex.c ****   else
 671:Drivers/STM32U5xx_HAL_Driver/Src/stm32u5xx_hal_pwr_ex.c ****   {
 672:Drivers/STM32U5xx_HAL_Driver/Src/stm32u5xx_hal_pwr_ex.c ****     /* Request Wait For Event */
 673:Drivers/STM32U5xx_HAL_Driver/Src/stm32u5xx_hal_pwr_ex.c ****     __SEV();
 436              		.loc 1 673 5 is_stmt 1 view .LVU106
 437              		.syntax unified
 438              	@ 673 "Drivers/STM32U5xx_HAL_Driver/Src/stm32u5xx_hal_pwr_ex.c" 1
 439 001c 40BF     		sev
 440              	@ 0 "" 2
 674:Drivers/STM32U5xx_HAL_Driver/Src/stm32u5xx_hal_pwr_ex.c ****     __WFE();
 441              		.loc 1 674 5 view .LVU107
 442              	@ 674 "Drivers/STM32U5xx_HAL_Driver/Src/stm32u5xx_hal_pwr_ex.c" 1
ARM GAS  /var/folders/j8/bx6g0dyx2gg_pdn7l_y1sb9c0000gn/T//cc9zwmjj.s 			page 21


 443 001e 20BF     		wfe
 444              	@ 0 "" 2
 675:Drivers/STM32U5xx_HAL_Driver/Src/stm32u5xx_hal_pwr_ex.c ****     __WFE();
 445              		.loc 1 675 5 view .LVU108
 446              	@ 675 "Drivers/STM32U5xx_HAL_Driver/Src/stm32u5xx_hal_pwr_ex.c" 1
 447 0020 20BF     		wfe
 448              	@ 0 "" 2
 449              		.thumb
 450              		.syntax unified
 451              	.L42:
 676:Drivers/STM32U5xx_HAL_Driver/Src/stm32u5xx_hal_pwr_ex.c ****   }
 677:Drivers/STM32U5xx_HAL_Driver/Src/stm32u5xx_hal_pwr_ex.c **** 
 678:Drivers/STM32U5xx_HAL_Driver/Src/stm32u5xx_hal_pwr_ex.c ****   /* Reset SLEEPDEEP bit of Cortex System Control Register */
 679:Drivers/STM32U5xx_HAL_Driver/Src/stm32u5xx_hal_pwr_ex.c ****   CLEAR_BIT(SCB->SCR, ((uint32_t)SCB_SCR_SLEEPDEEP_Msk));
 452              		.loc 1 679 3 view .LVU109
 453 0022 054A     		ldr	r2, .L44+4
 454 0024 1369     		ldr	r3, [r2, #16]
 455 0026 23F00403 		bic	r3, r3, #4
 456 002a 1361     		str	r3, [r2, #16]
 680:Drivers/STM32U5xx_HAL_Driver/Src/stm32u5xx_hal_pwr_ex.c **** }
 457              		.loc 1 680 1 is_stmt 0 view .LVU110
 458 002c 7047     		bx	lr
 459              	.L43:
 668:Drivers/STM32U5xx_HAL_Driver/Src/stm32u5xx_hal_pwr_ex.c ****   }
 460              		.loc 1 668 5 is_stmt 1 view .LVU111
 461              		.syntax unified
 462              	@ 668 "Drivers/STM32U5xx_HAL_Driver/Src/stm32u5xx_hal_pwr_ex.c" 1
 463 002e 30BF     		wfi
 464              	@ 0 "" 2
 465              		.thumb
 466              		.syntax unified
 467 0030 F7E7     		b	.L42
 468              	.L45:
 469 0032 00BF     		.align	2
 470              	.L44:
 471 0034 00080246 		.word	1174538240
 472 0038 00ED00E0 		.word	-536810240
 473              		.cfi_endproc
 474              	.LFE163:
 476              		.section	.text.HAL_PWREx_EnterSTOP2Mode,"ax",%progbits
 477              		.align	1
 478              		.global	HAL_PWREx_EnterSTOP2Mode
 479              		.syntax unified
 480              		.thumb
 481              		.thumb_func
 483              	HAL_PWREx_EnterSTOP2Mode:
 484              	.LVL24:
 485              	.LFB164:
 681:Drivers/STM32U5xx_HAL_Driver/Src/stm32u5xx_hal_pwr_ex.c **** 
 682:Drivers/STM32U5xx_HAL_Driver/Src/stm32u5xx_hal_pwr_ex.c **** /**
 683:Drivers/STM32U5xx_HAL_Driver/Src/stm32u5xx_hal_pwr_ex.c ****   * @brief  Enter the whole system to Stop 2 mode.
 684:Drivers/STM32U5xx_HAL_Driver/Src/stm32u5xx_hal_pwr_ex.c ****   * @note   In Stop 2 mode, all clocks in the VCORE domain are stopped. The PLL,
 685:Drivers/STM32U5xx_HAL_Driver/Src/stm32u5xx_hal_pwr_ex.c ****   *         MSIS, MSIK, HSI16 and HSE oscillators are disabled.
 686:Drivers/STM32U5xx_HAL_Driver/Src/stm32u5xx_hal_pwr_ex.c ****   * @note   Stop mode achieves the lowest power consumption while retaining
 687:Drivers/STM32U5xx_HAL_Driver/Src/stm32u5xx_hal_pwr_ex.c ****   *         the content of SRAM and registers. All clocks in the VCORE domain
 688:Drivers/STM32U5xx_HAL_Driver/Src/stm32u5xx_hal_pwr_ex.c ****   *         are stopped. The PLL, the MSI (MSIS and MSIK) RC, the HSI16 RC and
 689:Drivers/STM32U5xx_HAL_Driver/Src/stm32u5xx_hal_pwr_ex.c ****   *         the HSE crystal oscillators are disabled. The LSE or LSI is still
ARM GAS  /var/folders/j8/bx6g0dyx2gg_pdn7l_y1sb9c0000gn/T//cc9zwmjj.s 			page 22


 690:Drivers/STM32U5xx_HAL_Driver/Src/stm32u5xx_hal_pwr_ex.c ****   *         running.
 691:Drivers/STM32U5xx_HAL_Driver/Src/stm32u5xx_hal_pwr_ex.c ****   * @note   The system clock when exiting from Stop mode can be either MSIS up
 692:Drivers/STM32U5xx_HAL_Driver/Src/stm32u5xx_hal_pwr_ex.c ****   *         to 24 MHz or HSI16, depending on software configuration.
 693:Drivers/STM32U5xx_HAL_Driver/Src/stm32u5xx_hal_pwr_ex.c ****   * @param  STOPEntry : Specifies if Stop mode is entered with WFI or WFE
 694:Drivers/STM32U5xx_HAL_Driver/Src/stm32u5xx_hal_pwr_ex.c ****   *                     instruction.
 695:Drivers/STM32U5xx_HAL_Driver/Src/stm32u5xx_hal_pwr_ex.c ****   *                     This parameter can be one of the following values :
 696:Drivers/STM32U5xx_HAL_Driver/Src/stm32u5xx_hal_pwr_ex.c ****   *                     @arg @ref PWR_STOPENTRY_WFI enter Stop mode with Wait
 697:Drivers/STM32U5xx_HAL_Driver/Src/stm32u5xx_hal_pwr_ex.c ****   *                               For Interrupt request.
 698:Drivers/STM32U5xx_HAL_Driver/Src/stm32u5xx_hal_pwr_ex.c ****   *                     @arg @ref PWR_STOPENTRY_WFE enter Stop mode with Wait
 699:Drivers/STM32U5xx_HAL_Driver/Src/stm32u5xx_hal_pwr_ex.c ****   *                               For Event request.
 700:Drivers/STM32U5xx_HAL_Driver/Src/stm32u5xx_hal_pwr_ex.c ****   * @retval None.
 701:Drivers/STM32U5xx_HAL_Driver/Src/stm32u5xx_hal_pwr_ex.c ****   */
 702:Drivers/STM32U5xx_HAL_Driver/Src/stm32u5xx_hal_pwr_ex.c **** void HAL_PWREx_EnterSTOP2Mode(uint8_t STOPEntry)
 703:Drivers/STM32U5xx_HAL_Driver/Src/stm32u5xx_hal_pwr_ex.c **** {
 486              		.loc 1 703 1 view -0
 487              		.cfi_startproc
 488              		@ args = 0, pretend = 0, frame = 0
 489              		@ frame_needed = 0, uses_anonymous_args = 0
 490              		@ link register save eliminated.
 704:Drivers/STM32U5xx_HAL_Driver/Src/stm32u5xx_hal_pwr_ex.c ****   /* Check the parameters */
 705:Drivers/STM32U5xx_HAL_Driver/Src/stm32u5xx_hal_pwr_ex.c ****   assert_param(IS_PWR_STOP_ENTRY(STOPEntry));
 491              		.loc 1 705 3 view .LVU113
 706:Drivers/STM32U5xx_HAL_Driver/Src/stm32u5xx_hal_pwr_ex.c **** 
 707:Drivers/STM32U5xx_HAL_Driver/Src/stm32u5xx_hal_pwr_ex.c ****   /* Stop 2 mode */
 708:Drivers/STM32U5xx_HAL_Driver/Src/stm32u5xx_hal_pwr_ex.c ****   MODIFY_REG(PWR->CR1, PWR_CR1_LPMS, PWR_CR1_LPMS_1);
 492              		.loc 1 708 3 view .LVU114
 493 0000 0C4A     		ldr	r2, .L50
 494 0002 1368     		ldr	r3, [r2]
 495 0004 23F00703 		bic	r3, r3, #7
 496 0008 43F00203 		orr	r3, r3, #2
 497 000c 1360     		str	r3, [r2]
 709:Drivers/STM32U5xx_HAL_Driver/Src/stm32u5xx_hal_pwr_ex.c **** 
 710:Drivers/STM32U5xx_HAL_Driver/Src/stm32u5xx_hal_pwr_ex.c ****   /* Set SLEEPDEEP bit of Cortex System Control Register */
 711:Drivers/STM32U5xx_HAL_Driver/Src/stm32u5xx_hal_pwr_ex.c ****   SET_BIT(SCB->SCR, ((uint32_t)SCB_SCR_SLEEPDEEP_Msk));
 498              		.loc 1 711 3 view .LVU115
 499 000e 0A4A     		ldr	r2, .L50+4
 500 0010 1369     		ldr	r3, [r2, #16]
 501 0012 43F00403 		orr	r3, r3, #4
 502 0016 1361     		str	r3, [r2, #16]
 712:Drivers/STM32U5xx_HAL_Driver/Src/stm32u5xx_hal_pwr_ex.c **** 
 713:Drivers/STM32U5xx_HAL_Driver/Src/stm32u5xx_hal_pwr_ex.c ****   /* Select Stop mode entry */
 714:Drivers/STM32U5xx_HAL_Driver/Src/stm32u5xx_hal_pwr_ex.c ****   if (STOPEntry == PWR_STOPENTRY_WFI)
 503              		.loc 1 714 3 view .LVU116
 504              		.loc 1 714 6 is_stmt 0 view .LVU117
 505 0018 0128     		cmp	r0, #1
 506 001a 08D0     		beq	.L49
 715:Drivers/STM32U5xx_HAL_Driver/Src/stm32u5xx_hal_pwr_ex.c ****   {
 716:Drivers/STM32U5xx_HAL_Driver/Src/stm32u5xx_hal_pwr_ex.c ****     /* Request Wait For Interrupt */
 717:Drivers/STM32U5xx_HAL_Driver/Src/stm32u5xx_hal_pwr_ex.c ****     __WFI();
 718:Drivers/STM32U5xx_HAL_Driver/Src/stm32u5xx_hal_pwr_ex.c ****   }
 719:Drivers/STM32U5xx_HAL_Driver/Src/stm32u5xx_hal_pwr_ex.c ****   else
 720:Drivers/STM32U5xx_HAL_Driver/Src/stm32u5xx_hal_pwr_ex.c ****   {
 721:Drivers/STM32U5xx_HAL_Driver/Src/stm32u5xx_hal_pwr_ex.c ****     /* Request Wait For Event */
 722:Drivers/STM32U5xx_HAL_Driver/Src/stm32u5xx_hal_pwr_ex.c ****     __SEV();
 507              		.loc 1 722 5 is_stmt 1 view .LVU118
 508              		.syntax unified
 509              	@ 722 "Drivers/STM32U5xx_HAL_Driver/Src/stm32u5xx_hal_pwr_ex.c" 1
ARM GAS  /var/folders/j8/bx6g0dyx2gg_pdn7l_y1sb9c0000gn/T//cc9zwmjj.s 			page 23


 510 001c 40BF     		sev
 511              	@ 0 "" 2
 723:Drivers/STM32U5xx_HAL_Driver/Src/stm32u5xx_hal_pwr_ex.c ****     __WFE();
 512              		.loc 1 723 5 view .LVU119
 513              	@ 723 "Drivers/STM32U5xx_HAL_Driver/Src/stm32u5xx_hal_pwr_ex.c" 1
 514 001e 20BF     		wfe
 515              	@ 0 "" 2
 724:Drivers/STM32U5xx_HAL_Driver/Src/stm32u5xx_hal_pwr_ex.c ****     __WFE();
 516              		.loc 1 724 5 view .LVU120
 517              	@ 724 "Drivers/STM32U5xx_HAL_Driver/Src/stm32u5xx_hal_pwr_ex.c" 1
 518 0020 20BF     		wfe
 519              	@ 0 "" 2
 520              		.thumb
 521              		.syntax unified
 522              	.L48:
 725:Drivers/STM32U5xx_HAL_Driver/Src/stm32u5xx_hal_pwr_ex.c ****   }
 726:Drivers/STM32U5xx_HAL_Driver/Src/stm32u5xx_hal_pwr_ex.c **** 
 727:Drivers/STM32U5xx_HAL_Driver/Src/stm32u5xx_hal_pwr_ex.c ****   /* Reset SLEEPDEEP bit of Cortex System Control Register */
 728:Drivers/STM32U5xx_HAL_Driver/Src/stm32u5xx_hal_pwr_ex.c ****   CLEAR_BIT(SCB->SCR, ((uint32_t)SCB_SCR_SLEEPDEEP_Msk));
 523              		.loc 1 728 3 view .LVU121
 524 0022 054A     		ldr	r2, .L50+4
 525 0024 1369     		ldr	r3, [r2, #16]
 526 0026 23F00403 		bic	r3, r3, #4
 527 002a 1361     		str	r3, [r2, #16]
 729:Drivers/STM32U5xx_HAL_Driver/Src/stm32u5xx_hal_pwr_ex.c **** }
 528              		.loc 1 729 1 is_stmt 0 view .LVU122
 529 002c 7047     		bx	lr
 530              	.L49:
 717:Drivers/STM32U5xx_HAL_Driver/Src/stm32u5xx_hal_pwr_ex.c ****   }
 531              		.loc 1 717 5 is_stmt 1 view .LVU123
 532              		.syntax unified
 533              	@ 717 "Drivers/STM32U5xx_HAL_Driver/Src/stm32u5xx_hal_pwr_ex.c" 1
 534 002e 30BF     		wfi
 535              	@ 0 "" 2
 536              		.thumb
 537              		.syntax unified
 538 0030 F7E7     		b	.L48
 539              	.L51:
 540 0032 00BF     		.align	2
 541              	.L50:
 542 0034 00080246 		.word	1174538240
 543 0038 00ED00E0 		.word	-536810240
 544              		.cfi_endproc
 545              	.LFE164:
 547              		.section	.text.HAL_PWREx_EnterSTOP3Mode,"ax",%progbits
 548              		.align	1
 549              		.global	HAL_PWREx_EnterSTOP3Mode
 550              		.syntax unified
 551              		.thumb
 552              		.thumb_func
 554              	HAL_PWREx_EnterSTOP3Mode:
 555              	.LVL25:
 556              	.LFB165:
 730:Drivers/STM32U5xx_HAL_Driver/Src/stm32u5xx_hal_pwr_ex.c **** 
 731:Drivers/STM32U5xx_HAL_Driver/Src/stm32u5xx_hal_pwr_ex.c **** /**
 732:Drivers/STM32U5xx_HAL_Driver/Src/stm32u5xx_hal_pwr_ex.c ****   * @brief  Enter the whole system to Stop 3 mode.
 733:Drivers/STM32U5xx_HAL_Driver/Src/stm32u5xx_hal_pwr_ex.c ****   * @note   Stop 3 is the lowest power mode with full retention, but the
ARM GAS  /var/folders/j8/bx6g0dyx2gg_pdn7l_y1sb9c0000gn/T//cc9zwmjj.s 			page 24


 734:Drivers/STM32U5xx_HAL_Driver/Src/stm32u5xx_hal_pwr_ex.c ****   *         functional peripherals and sources of wakeup are reduced to the same
 735:Drivers/STM32U5xx_HAL_Driver/Src/stm32u5xx_hal_pwr_ex.c ****   *         ones than in Standby mode.
 736:Drivers/STM32U5xx_HAL_Driver/Src/stm32u5xx_hal_pwr_ex.c ****   * @note   Stop mode achieves the lowest power consumption while retaining
 737:Drivers/STM32U5xx_HAL_Driver/Src/stm32u5xx_hal_pwr_ex.c ****   *         the content of SRAM and registers. All clocks in the VCORE domain
 738:Drivers/STM32U5xx_HAL_Driver/Src/stm32u5xx_hal_pwr_ex.c ****   *         are stopped. The PLL, the MSI (MSIS and MSIK) RC, the HSI16 RC and
 739:Drivers/STM32U5xx_HAL_Driver/Src/stm32u5xx_hal_pwr_ex.c ****   *         the HSE crystal oscillators are disabled. The LSE or LSI is still
 740:Drivers/STM32U5xx_HAL_Driver/Src/stm32u5xx_hal_pwr_ex.c ****   *         running.
 741:Drivers/STM32U5xx_HAL_Driver/Src/stm32u5xx_hal_pwr_ex.c ****   * @note   The system clock when exiting from Stop mode can be either MSIS up
 742:Drivers/STM32U5xx_HAL_Driver/Src/stm32u5xx_hal_pwr_ex.c ****   *         to 24 MHz or HSI16, depending on software configuration.
 743:Drivers/STM32U5xx_HAL_Driver/Src/stm32u5xx_hal_pwr_ex.c ****   * @param  STOPEntry : Specifies if Stop mode is entered with WFI or WFE
 744:Drivers/STM32U5xx_HAL_Driver/Src/stm32u5xx_hal_pwr_ex.c ****   *                     instruction.
 745:Drivers/STM32U5xx_HAL_Driver/Src/stm32u5xx_hal_pwr_ex.c ****   *                     This parameter can be one of the following values :
 746:Drivers/STM32U5xx_HAL_Driver/Src/stm32u5xx_hal_pwr_ex.c ****   *                     @arg @ref PWR_STOPENTRY_WFI enter Stop mode with Wait
 747:Drivers/STM32U5xx_HAL_Driver/Src/stm32u5xx_hal_pwr_ex.c ****   *                               For Interrupt request.
 748:Drivers/STM32U5xx_HAL_Driver/Src/stm32u5xx_hal_pwr_ex.c ****   *                     @arg @ref PWR_STOPENTRY_WFE enter Stop mode with Wait
 749:Drivers/STM32U5xx_HAL_Driver/Src/stm32u5xx_hal_pwr_ex.c ****   *                               For Event request.
 750:Drivers/STM32U5xx_HAL_Driver/Src/stm32u5xx_hal_pwr_ex.c ****   * @retval None.
 751:Drivers/STM32U5xx_HAL_Driver/Src/stm32u5xx_hal_pwr_ex.c ****   */
 752:Drivers/STM32U5xx_HAL_Driver/Src/stm32u5xx_hal_pwr_ex.c **** void HAL_PWREx_EnterSTOP3Mode(uint8_t STOPEntry)
 753:Drivers/STM32U5xx_HAL_Driver/Src/stm32u5xx_hal_pwr_ex.c **** {
 557              		.loc 1 753 1 view -0
 558              		.cfi_startproc
 559              		@ args = 0, pretend = 0, frame = 0
 560              		@ frame_needed = 0, uses_anonymous_args = 0
 561              		@ link register save eliminated.
 754:Drivers/STM32U5xx_HAL_Driver/Src/stm32u5xx_hal_pwr_ex.c ****   /* Check the parameter */
 755:Drivers/STM32U5xx_HAL_Driver/Src/stm32u5xx_hal_pwr_ex.c ****   assert_param(IS_PWR_STOP_ENTRY(STOPEntry));
 562              		.loc 1 755 3 view .LVU125
 756:Drivers/STM32U5xx_HAL_Driver/Src/stm32u5xx_hal_pwr_ex.c **** 
 757:Drivers/STM32U5xx_HAL_Driver/Src/stm32u5xx_hal_pwr_ex.c ****   /* Set Stop mode 3 */
 758:Drivers/STM32U5xx_HAL_Driver/Src/stm32u5xx_hal_pwr_ex.c ****   MODIFY_REG(PWR->CR1, PWR_CR1_LPMS, (PWR_CR1_LPMS_0 | PWR_CR1_LPMS_1));
 563              		.loc 1 758 3 view .LVU126
 564 0000 0C4A     		ldr	r2, .L56
 565 0002 1368     		ldr	r3, [r2]
 566 0004 23F00703 		bic	r3, r3, #7
 567 0008 43F00303 		orr	r3, r3, #3
 568 000c 1360     		str	r3, [r2]
 759:Drivers/STM32U5xx_HAL_Driver/Src/stm32u5xx_hal_pwr_ex.c **** 
 760:Drivers/STM32U5xx_HAL_Driver/Src/stm32u5xx_hal_pwr_ex.c ****   /* Set SLEEPDEEP bit of Cortex System Control Register */
 761:Drivers/STM32U5xx_HAL_Driver/Src/stm32u5xx_hal_pwr_ex.c ****   SET_BIT(SCB->SCR, ((uint32_t)SCB_SCR_SLEEPDEEP_Msk));
 569              		.loc 1 761 3 view .LVU127
 570 000e 0A4A     		ldr	r2, .L56+4
 571 0010 1369     		ldr	r3, [r2, #16]
 572 0012 43F00403 		orr	r3, r3, #4
 573 0016 1361     		str	r3, [r2, #16]
 762:Drivers/STM32U5xx_HAL_Driver/Src/stm32u5xx_hal_pwr_ex.c **** 
 763:Drivers/STM32U5xx_HAL_Driver/Src/stm32u5xx_hal_pwr_ex.c ****   /* Select Stop mode entry */
 764:Drivers/STM32U5xx_HAL_Driver/Src/stm32u5xx_hal_pwr_ex.c ****   if (STOPEntry == PWR_STOPENTRY_WFI)
 574              		.loc 1 764 3 view .LVU128
 575              		.loc 1 764 6 is_stmt 0 view .LVU129
 576 0018 0128     		cmp	r0, #1
 577 001a 08D0     		beq	.L55
 765:Drivers/STM32U5xx_HAL_Driver/Src/stm32u5xx_hal_pwr_ex.c ****   {
 766:Drivers/STM32U5xx_HAL_Driver/Src/stm32u5xx_hal_pwr_ex.c ****     /* Request Wait For Interrupt */
 767:Drivers/STM32U5xx_HAL_Driver/Src/stm32u5xx_hal_pwr_ex.c ****     __WFI();
 768:Drivers/STM32U5xx_HAL_Driver/Src/stm32u5xx_hal_pwr_ex.c ****   }
 769:Drivers/STM32U5xx_HAL_Driver/Src/stm32u5xx_hal_pwr_ex.c ****   else
ARM GAS  /var/folders/j8/bx6g0dyx2gg_pdn7l_y1sb9c0000gn/T//cc9zwmjj.s 			page 25


 770:Drivers/STM32U5xx_HAL_Driver/Src/stm32u5xx_hal_pwr_ex.c ****   {
 771:Drivers/STM32U5xx_HAL_Driver/Src/stm32u5xx_hal_pwr_ex.c ****     /* Request Wait For Event */
 772:Drivers/STM32U5xx_HAL_Driver/Src/stm32u5xx_hal_pwr_ex.c ****     __SEV();
 578              		.loc 1 772 5 is_stmt 1 view .LVU130
 579              		.syntax unified
 580              	@ 772 "Drivers/STM32U5xx_HAL_Driver/Src/stm32u5xx_hal_pwr_ex.c" 1
 581 001c 40BF     		sev
 582              	@ 0 "" 2
 773:Drivers/STM32U5xx_HAL_Driver/Src/stm32u5xx_hal_pwr_ex.c ****     __WFE();
 583              		.loc 1 773 5 view .LVU131
 584              	@ 773 "Drivers/STM32U5xx_HAL_Driver/Src/stm32u5xx_hal_pwr_ex.c" 1
 585 001e 20BF     		wfe
 586              	@ 0 "" 2
 774:Drivers/STM32U5xx_HAL_Driver/Src/stm32u5xx_hal_pwr_ex.c ****     __WFE();
 587              		.loc 1 774 5 view .LVU132
 588              	@ 774 "Drivers/STM32U5xx_HAL_Driver/Src/stm32u5xx_hal_pwr_ex.c" 1
 589 0020 20BF     		wfe
 590              	@ 0 "" 2
 591              		.thumb
 592              		.syntax unified
 593              	.L54:
 775:Drivers/STM32U5xx_HAL_Driver/Src/stm32u5xx_hal_pwr_ex.c ****   }
 776:Drivers/STM32U5xx_HAL_Driver/Src/stm32u5xx_hal_pwr_ex.c **** 
 777:Drivers/STM32U5xx_HAL_Driver/Src/stm32u5xx_hal_pwr_ex.c ****   /* Reset SLEEPDEEP bit of Cortex System Control Register */
 778:Drivers/STM32U5xx_HAL_Driver/Src/stm32u5xx_hal_pwr_ex.c ****   CLEAR_BIT(SCB->SCR, ((uint32_t)SCB_SCR_SLEEPDEEP_Msk));
 594              		.loc 1 778 3 view .LVU133
 595 0022 054A     		ldr	r2, .L56+4
 596 0024 1369     		ldr	r3, [r2, #16]
 597 0026 23F00403 		bic	r3, r3, #4
 598 002a 1361     		str	r3, [r2, #16]
 779:Drivers/STM32U5xx_HAL_Driver/Src/stm32u5xx_hal_pwr_ex.c **** }
 599              		.loc 1 779 1 is_stmt 0 view .LVU134
 600 002c 7047     		bx	lr
 601              	.L55:
 767:Drivers/STM32U5xx_HAL_Driver/Src/stm32u5xx_hal_pwr_ex.c ****   }
 602              		.loc 1 767 5 is_stmt 1 view .LVU135
 603              		.syntax unified
 604              	@ 767 "Drivers/STM32U5xx_HAL_Driver/Src/stm32u5xx_hal_pwr_ex.c" 1
 605 002e 30BF     		wfi
 606              	@ 0 "" 2
 607              		.thumb
 608              		.syntax unified
 609 0030 F7E7     		b	.L54
 610              	.L57:
 611 0032 00BF     		.align	2
 612              	.L56:
 613 0034 00080246 		.word	1174538240
 614 0038 00ED00E0 		.word	-536810240
 615              		.cfi_endproc
 616              	.LFE165:
 618              		.section	.text.HAL_PWREx_EnterSHUTDOWNMode,"ax",%progbits
 619              		.align	1
 620              		.global	HAL_PWREx_EnterSHUTDOWNMode
 621              		.syntax unified
 622              		.thumb
 623              		.thumb_func
 625              	HAL_PWREx_EnterSHUTDOWNMode:
ARM GAS  /var/folders/j8/bx6g0dyx2gg_pdn7l_y1sb9c0000gn/T//cc9zwmjj.s 			page 26


 626              	.LFB166:
 780:Drivers/STM32U5xx_HAL_Driver/Src/stm32u5xx_hal_pwr_ex.c **** 
 781:Drivers/STM32U5xx_HAL_Driver/Src/stm32u5xx_hal_pwr_ex.c **** /**
 782:Drivers/STM32U5xx_HAL_Driver/Src/stm32u5xx_hal_pwr_ex.c ****   * @brief  Enter the whole system to Shutdown mode.
 783:Drivers/STM32U5xx_HAL_Driver/Src/stm32u5xx_hal_pwr_ex.c ****   * @note   Shutdown mode allows the lowest power consumption. The internal
 784:Drivers/STM32U5xx_HAL_Driver/Src/stm32u5xx_hal_pwr_ex.c ****   *         regulator is switched off so that the VCORE domain is powered off.
 785:Drivers/STM32U5xx_HAL_Driver/Src/stm32u5xx_hal_pwr_ex.c ****   *         The PLL, the HSI16, the MSI (MSIS and MSIK), the LSI and the HSE
 786:Drivers/STM32U5xx_HAL_Driver/Src/stm32u5xx_hal_pwr_ex.c ****   *         oscillators are also switched off.
 787:Drivers/STM32U5xx_HAL_Driver/Src/stm32u5xx_hal_pwr_ex.c ****   * @note   The SRAMs and register contents are lost except for registers in the
 788:Drivers/STM32U5xx_HAL_Driver/Src/stm32u5xx_hal_pwr_ex.c ****   *         Backup domain. The BOR is not available in Shutdown mode. No power
 789:Drivers/STM32U5xx_HAL_Driver/Src/stm32u5xx_hal_pwr_ex.c ****   *         voltage monitoring is possible in this mode, therefore the switch to
 790:Drivers/STM32U5xx_HAL_Driver/Src/stm32u5xx_hal_pwr_ex.c ****   *         Backup domain is not supported.
 791:Drivers/STM32U5xx_HAL_Driver/Src/stm32u5xx_hal_pwr_ex.c ****   * @retval None.
 792:Drivers/STM32U5xx_HAL_Driver/Src/stm32u5xx_hal_pwr_ex.c ****   */
 793:Drivers/STM32U5xx_HAL_Driver/Src/stm32u5xx_hal_pwr_ex.c **** void HAL_PWREx_EnterSHUTDOWNMode(void)
 794:Drivers/STM32U5xx_HAL_Driver/Src/stm32u5xx_hal_pwr_ex.c **** {
 627              		.loc 1 794 1 view -0
 628              		.cfi_startproc
 629              		@ args = 0, pretend = 0, frame = 0
 630              		@ frame_needed = 0, uses_anonymous_args = 0
 631              		@ link register save eliminated.
 795:Drivers/STM32U5xx_HAL_Driver/Src/stm32u5xx_hal_pwr_ex.c ****   /* Set Shutdown mode */
 796:Drivers/STM32U5xx_HAL_Driver/Src/stm32u5xx_hal_pwr_ex.c ****   MODIFY_REG(PWR->CR1, PWR_CR1_LPMS, (PWR_CR1_LPMS_1 | PWR_CR1_LPMS_2));
 632              		.loc 1 796 3 view .LVU137
 633 0000 064A     		ldr	r2, .L59
 634 0002 1368     		ldr	r3, [r2]
 635 0004 23F00703 		bic	r3, r3, #7
 636 0008 43F00603 		orr	r3, r3, #6
 637 000c 1360     		str	r3, [r2]
 797:Drivers/STM32U5xx_HAL_Driver/Src/stm32u5xx_hal_pwr_ex.c **** 
 798:Drivers/STM32U5xx_HAL_Driver/Src/stm32u5xx_hal_pwr_ex.c ****   /* Set SLEEPDEEP bit of Cortex System Control Register */
 799:Drivers/STM32U5xx_HAL_Driver/Src/stm32u5xx_hal_pwr_ex.c ****   SET_BIT(SCB->SCR, ((uint32_t)SCB_SCR_SLEEPDEEP_Msk));
 638              		.loc 1 799 3 view .LVU138
 639 000e 044A     		ldr	r2, .L59+4
 640 0010 1369     		ldr	r3, [r2, #16]
 641 0012 43F00403 		orr	r3, r3, #4
 642 0016 1361     		str	r3, [r2, #16]
 800:Drivers/STM32U5xx_HAL_Driver/Src/stm32u5xx_hal_pwr_ex.c **** 
 801:Drivers/STM32U5xx_HAL_Driver/Src/stm32u5xx_hal_pwr_ex.c ****   /* This option is used to ensure that store operations are completed */
 802:Drivers/STM32U5xx_HAL_Driver/Src/stm32u5xx_hal_pwr_ex.c **** #if defined (__CC_ARM)
 803:Drivers/STM32U5xx_HAL_Driver/Src/stm32u5xx_hal_pwr_ex.c ****   __force_stores();
 804:Drivers/STM32U5xx_HAL_Driver/Src/stm32u5xx_hal_pwr_ex.c **** #endif /* (__CC_ARM)*/
 805:Drivers/STM32U5xx_HAL_Driver/Src/stm32u5xx_hal_pwr_ex.c ****   /* Request Wait For Interrupt */
 806:Drivers/STM32U5xx_HAL_Driver/Src/stm32u5xx_hal_pwr_ex.c ****   __WFI();
 643              		.loc 1 806 3 view .LVU139
 644              		.syntax unified
 645              	@ 806 "Drivers/STM32U5xx_HAL_Driver/Src/stm32u5xx_hal_pwr_ex.c" 1
 646 0018 30BF     		wfi
 647              	@ 0 "" 2
 807:Drivers/STM32U5xx_HAL_Driver/Src/stm32u5xx_hal_pwr_ex.c **** }
 648              		.loc 1 807 1 is_stmt 0 view .LVU140
 649              		.thumb
 650              		.syntax unified
 651 001a 7047     		bx	lr
 652              	.L60:
 653              		.align	2
 654              	.L59:
ARM GAS  /var/folders/j8/bx6g0dyx2gg_pdn7l_y1sb9c0000gn/T//cc9zwmjj.s 			page 27


 655 001c 00080246 		.word	1174538240
 656 0020 00ED00E0 		.word	-536810240
 657              		.cfi_endproc
 658              	.LFE166:
 660              		.section	.text.HAL_PWREx_ConfigSRDDomain,"ax",%progbits
 661              		.align	1
 662              		.global	HAL_PWREx_ConfigSRDDomain
 663              		.syntax unified
 664              		.thumb
 665              		.thumb_func
 667              	HAL_PWREx_ConfigSRDDomain:
 668              	.LVL26:
 669              	.LFB167:
 808:Drivers/STM32U5xx_HAL_Driver/Src/stm32u5xx_hal_pwr_ex.c **** 
 809:Drivers/STM32U5xx_HAL_Driver/Src/stm32u5xx_hal_pwr_ex.c **** /**
 810:Drivers/STM32U5xx_HAL_Driver/Src/stm32u5xx_hal_pwr_ex.c ****   * @brief  Configure the SRD domain when the System in Stop 0/1/2 mode.
 811:Drivers/STM32U5xx_HAL_Driver/Src/stm32u5xx_hal_pwr_ex.c ****   * @param  SRDState : Specifies the SRD state.
 812:Drivers/STM32U5xx_HAL_Driver/Src/stm32u5xx_hal_pwr_ex.c ****   *                    This parameter can be one of the following values :
 813:Drivers/STM32U5xx_HAL_Driver/Src/stm32u5xx_hal_pwr_ex.c ****   *                    @arg PWR_SRD_DOMAIN_STOP : SRD in Stop mode when system
 814:Drivers/STM32U5xx_HAL_Driver/Src/stm32u5xx_hal_pwr_ex.c ****   *                                               goes to Stop 0/1/2 mode
 815:Drivers/STM32U5xx_HAL_Driver/Src/stm32u5xx_hal_pwr_ex.c ****   *                    @arg PWR_SRD_DOMAIN_RUN  : SRD in Run mode when system
 816:Drivers/STM32U5xx_HAL_Driver/Src/stm32u5xx_hal_pwr_ex.c ****   *                                               goes to Stop 0/1/2 mode
 817:Drivers/STM32U5xx_HAL_Driver/Src/stm32u5xx_hal_pwr_ex.c ****   * @retval None.
 818:Drivers/STM32U5xx_HAL_Driver/Src/stm32u5xx_hal_pwr_ex.c ****   */
 819:Drivers/STM32U5xx_HAL_Driver/Src/stm32u5xx_hal_pwr_ex.c **** void HAL_PWREx_ConfigSRDDomain(uint32_t SRDState)
 820:Drivers/STM32U5xx_HAL_Driver/Src/stm32u5xx_hal_pwr_ex.c **** {
 670              		.loc 1 820 1 is_stmt 1 view -0
 671              		.cfi_startproc
 672              		@ args = 0, pretend = 0, frame = 0
 673              		@ frame_needed = 0, uses_anonymous_args = 0
 674              		@ link register save eliminated.
 821:Drivers/STM32U5xx_HAL_Driver/Src/stm32u5xx_hal_pwr_ex.c ****   /* Check the parameter */
 822:Drivers/STM32U5xx_HAL_Driver/Src/stm32u5xx_hal_pwr_ex.c ****   assert_param(IS_PWR_SRD_STATE(SRDState));
 675              		.loc 1 822 3 view .LVU142
 823:Drivers/STM32U5xx_HAL_Driver/Src/stm32u5xx_hal_pwr_ex.c **** 
 824:Drivers/STM32U5xx_HAL_Driver/Src/stm32u5xx_hal_pwr_ex.c ****   /* Config the SRD domain */
 825:Drivers/STM32U5xx_HAL_Driver/Src/stm32u5xx_hal_pwr_ex.c ****   MODIFY_REG(PWR->CR2, PWR_CR2_SRDRUN, SRDState);
 676              		.loc 1 825 3 view .LVU143
 677 0000 034A     		ldr	r2, .L62
 678 0002 5368     		ldr	r3, [r2, #4]
 679 0004 23F00043 		bic	r3, r3, #-2147483648
 680 0008 0343     		orrs	r3, r3, r0
 681 000a 5360     		str	r3, [r2, #4]
 826:Drivers/STM32U5xx_HAL_Driver/Src/stm32u5xx_hal_pwr_ex.c **** }
 682              		.loc 1 826 1 is_stmt 0 view .LVU144
 683 000c 7047     		bx	lr
 684              	.L63:
 685 000e 00BF     		.align	2
 686              	.L62:
 687 0010 00080246 		.word	1174538240
 688              		.cfi_endproc
 689              	.LFE167:
 691              		.section	.text.HAL_PWREx_EnableUltraLowPowerMode,"ax",%progbits
 692              		.align	1
 693              		.global	HAL_PWREx_EnableUltraLowPowerMode
 694              		.syntax unified
 695              		.thumb
ARM GAS  /var/folders/j8/bx6g0dyx2gg_pdn7l_y1sb9c0000gn/T//cc9zwmjj.s 			page 28


 696              		.thumb_func
 698              	HAL_PWREx_EnableUltraLowPowerMode:
 699              	.LFB168:
 827:Drivers/STM32U5xx_HAL_Driver/Src/stm32u5xx_hal_pwr_ex.c **** 
 828:Drivers/STM32U5xx_HAL_Driver/Src/stm32u5xx_hal_pwr_ex.c **** /**
 829:Drivers/STM32U5xx_HAL_Driver/Src/stm32u5xx_hal_pwr_ex.c ****   * @brief  Enable BOR ultra-low power mode.
 830:Drivers/STM32U5xx_HAL_Driver/Src/stm32u5xx_hal_pwr_ex.c ****   * @note   BOR operating can be in discontinuous (ultra-low power) mode in
 831:Drivers/STM32U5xx_HAL_Driver/Src/stm32u5xx_hal_pwr_ex.c ****   *         Stop 1, Stop 2, Stop 3 and Standby modes and when the regulator is
 832:Drivers/STM32U5xx_HAL_Driver/Src/stm32u5xx_hal_pwr_ex.c ****   *         in Range 4 (Run, Sleep or Stop 0 mode).
 833:Drivers/STM32U5xx_HAL_Driver/Src/stm32u5xx_hal_pwr_ex.c ****   * @retval None.
 834:Drivers/STM32U5xx_HAL_Driver/Src/stm32u5xx_hal_pwr_ex.c ****   */
 835:Drivers/STM32U5xx_HAL_Driver/Src/stm32u5xx_hal_pwr_ex.c **** void HAL_PWREx_EnableUltraLowPowerMode(void)
 836:Drivers/STM32U5xx_HAL_Driver/Src/stm32u5xx_hal_pwr_ex.c **** {
 700              		.loc 1 836 1 is_stmt 1 view -0
 701              		.cfi_startproc
 702              		@ args = 0, pretend = 0, frame = 0
 703              		@ frame_needed = 0, uses_anonymous_args = 0
 704              		@ link register save eliminated.
 837:Drivers/STM32U5xx_HAL_Driver/Src/stm32u5xx_hal_pwr_ex.c ****   SET_BIT(PWR->CR1, PWR_CR1_ULPMEN);
 705              		.loc 1 837 3 view .LVU146
 706 0000 024A     		ldr	r2, .L65
 707 0002 1368     		ldr	r3, [r2]
 708 0004 43F08003 		orr	r3, r3, #128
 709 0008 1360     		str	r3, [r2]
 838:Drivers/STM32U5xx_HAL_Driver/Src/stm32u5xx_hal_pwr_ex.c **** }
 710              		.loc 1 838 1 is_stmt 0 view .LVU147
 711 000a 7047     		bx	lr
 712              	.L66:
 713              		.align	2
 714              	.L65:
 715 000c 00080246 		.word	1174538240
 716              		.cfi_endproc
 717              	.LFE168:
 719              		.section	.text.HAL_PWREx_DisableUltraLowPowerMode,"ax",%progbits
 720              		.align	1
 721              		.global	HAL_PWREx_DisableUltraLowPowerMode
 722              		.syntax unified
 723              		.thumb
 724              		.thumb_func
 726              	HAL_PWREx_DisableUltraLowPowerMode:
 727              	.LFB169:
 839:Drivers/STM32U5xx_HAL_Driver/Src/stm32u5xx_hal_pwr_ex.c **** 
 840:Drivers/STM32U5xx_HAL_Driver/Src/stm32u5xx_hal_pwr_ex.c **** /**
 841:Drivers/STM32U5xx_HAL_Driver/Src/stm32u5xx_hal_pwr_ex.c ****   * @brief  Disable BOR ultra-low power mode.
 842:Drivers/STM32U5xx_HAL_Driver/Src/stm32u5xx_hal_pwr_ex.c ****   * @retval None.
 843:Drivers/STM32U5xx_HAL_Driver/Src/stm32u5xx_hal_pwr_ex.c ****   */
 844:Drivers/STM32U5xx_HAL_Driver/Src/stm32u5xx_hal_pwr_ex.c **** void HAL_PWREx_DisableUltraLowPowerMode(void)
 845:Drivers/STM32U5xx_HAL_Driver/Src/stm32u5xx_hal_pwr_ex.c **** {
 728              		.loc 1 845 1 is_stmt 1 view -0
 729              		.cfi_startproc
 730              		@ args = 0, pretend = 0, frame = 0
 731              		@ frame_needed = 0, uses_anonymous_args = 0
 732              		@ link register save eliminated.
 846:Drivers/STM32U5xx_HAL_Driver/Src/stm32u5xx_hal_pwr_ex.c ****   CLEAR_BIT(PWR->CR1, PWR_CR1_ULPMEN);
 733              		.loc 1 846 3 view .LVU149
 734 0000 024A     		ldr	r2, .L68
 735 0002 1368     		ldr	r3, [r2]
ARM GAS  /var/folders/j8/bx6g0dyx2gg_pdn7l_y1sb9c0000gn/T//cc9zwmjj.s 			page 29


 736 0004 23F08003 		bic	r3, r3, #128
 737 0008 1360     		str	r3, [r2]
 847:Drivers/STM32U5xx_HAL_Driver/Src/stm32u5xx_hal_pwr_ex.c **** }
 738              		.loc 1 847 1 is_stmt 0 view .LVU150
 739 000a 7047     		bx	lr
 740              	.L69:
 741              		.align	2
 742              	.L68:
 743 000c 00080246 		.word	1174538240
 744              		.cfi_endproc
 745              	.LFE169:
 747              		.section	.text.HAL_PWREx_S3WUCallback,"ax",%progbits
 748              		.align	1
 749              		.weak	HAL_PWREx_S3WUCallback
 750              		.syntax unified
 751              		.thumb
 752              		.thumb_func
 754              	HAL_PWREx_S3WUCallback:
 755              	.LVL27:
 756              	.LFB171:
 848:Drivers/STM32U5xx_HAL_Driver/Src/stm32u5xx_hal_pwr_ex.c **** 
 849:Drivers/STM32U5xx_HAL_Driver/Src/stm32u5xx_hal_pwr_ex.c **** /**
 850:Drivers/STM32U5xx_HAL_Driver/Src/stm32u5xx_hal_pwr_ex.c ****   * @brief  This function handles the PWR Wake up from Stop 3 interrupt request.
 851:Drivers/STM32U5xx_HAL_Driver/Src/stm32u5xx_hal_pwr_ex.c ****   * @note   This API should be called under the PWR_S3WU_IRQHandler().
 852:Drivers/STM32U5xx_HAL_Driver/Src/stm32u5xx_hal_pwr_ex.c ****   * @param  WakeUpPin : Specifies the wakeup pin interrupt to be handled.
 853:Drivers/STM32U5xx_HAL_Driver/Src/stm32u5xx_hal_pwr_ex.c ****   *                     This parameter can be a combination of @ref PWR_WakeUp_Pins.
 854:Drivers/STM32U5xx_HAL_Driver/Src/stm32u5xx_hal_pwr_ex.c ****   * @retval None.
 855:Drivers/STM32U5xx_HAL_Driver/Src/stm32u5xx_hal_pwr_ex.c ****   */
 856:Drivers/STM32U5xx_HAL_Driver/Src/stm32u5xx_hal_pwr_ex.c **** void HAL_PWREx_S3WU_IRQHandler(uint32_t WakeUpPin)
 857:Drivers/STM32U5xx_HAL_Driver/Src/stm32u5xx_hal_pwr_ex.c **** {
 858:Drivers/STM32U5xx_HAL_Driver/Src/stm32u5xx_hal_pwr_ex.c ****   /* Check PWR wake up line 1 */
 859:Drivers/STM32U5xx_HAL_Driver/Src/stm32u5xx_hal_pwr_ex.c ****   if ((WakeUpPin & PWR_WAKEUP_PIN1) != 0U)
 860:Drivers/STM32U5xx_HAL_Driver/Src/stm32u5xx_hal_pwr_ex.c ****   {
 861:Drivers/STM32U5xx_HAL_Driver/Src/stm32u5xx_hal_pwr_ex.c ****     if (READ_BIT(PWR->WUSR, PWR_WUSR_WUF1) != 0U)
 862:Drivers/STM32U5xx_HAL_Driver/Src/stm32u5xx_hal_pwr_ex.c ****     {
 863:Drivers/STM32U5xx_HAL_Driver/Src/stm32u5xx_hal_pwr_ex.c ****       /* Clear PWR wake up flag line 1 */
 864:Drivers/STM32U5xx_HAL_Driver/Src/stm32u5xx_hal_pwr_ex.c ****       SET_BIT(PWR->WUSCR, PWR_WUSCR_CWUF1);
 865:Drivers/STM32U5xx_HAL_Driver/Src/stm32u5xx_hal_pwr_ex.c **** 
 866:Drivers/STM32U5xx_HAL_Driver/Src/stm32u5xx_hal_pwr_ex.c ****       /* PWR S3WU interrupt user callback */
 867:Drivers/STM32U5xx_HAL_Driver/Src/stm32u5xx_hal_pwr_ex.c ****       HAL_PWREx_S3WUCallback(PWR_WAKEUP_PIN1);
 868:Drivers/STM32U5xx_HAL_Driver/Src/stm32u5xx_hal_pwr_ex.c ****     }
 869:Drivers/STM32U5xx_HAL_Driver/Src/stm32u5xx_hal_pwr_ex.c ****   }
 870:Drivers/STM32U5xx_HAL_Driver/Src/stm32u5xx_hal_pwr_ex.c **** 
 871:Drivers/STM32U5xx_HAL_Driver/Src/stm32u5xx_hal_pwr_ex.c ****   /* Check PWR wake up line 2 */
 872:Drivers/STM32U5xx_HAL_Driver/Src/stm32u5xx_hal_pwr_ex.c ****   if ((WakeUpPin & PWR_WAKEUP_PIN2) != 0U)
 873:Drivers/STM32U5xx_HAL_Driver/Src/stm32u5xx_hal_pwr_ex.c ****   {
 874:Drivers/STM32U5xx_HAL_Driver/Src/stm32u5xx_hal_pwr_ex.c ****     if (READ_BIT(PWR->WUSR, PWR_WUSR_WUF2) != 0U)
 875:Drivers/STM32U5xx_HAL_Driver/Src/stm32u5xx_hal_pwr_ex.c ****     {
 876:Drivers/STM32U5xx_HAL_Driver/Src/stm32u5xx_hal_pwr_ex.c ****       /* Clear PWR wake up flag line 2 */
 877:Drivers/STM32U5xx_HAL_Driver/Src/stm32u5xx_hal_pwr_ex.c ****       SET_BIT(PWR->WUSCR, PWR_WUSCR_CWUF2);
 878:Drivers/STM32U5xx_HAL_Driver/Src/stm32u5xx_hal_pwr_ex.c **** 
 879:Drivers/STM32U5xx_HAL_Driver/Src/stm32u5xx_hal_pwr_ex.c ****       /* PWR S3WU interrupt user callback */
 880:Drivers/STM32U5xx_HAL_Driver/Src/stm32u5xx_hal_pwr_ex.c ****       HAL_PWREx_S3WUCallback(PWR_WAKEUP_PIN2);
 881:Drivers/STM32U5xx_HAL_Driver/Src/stm32u5xx_hal_pwr_ex.c ****     }
 882:Drivers/STM32U5xx_HAL_Driver/Src/stm32u5xx_hal_pwr_ex.c ****   }
 883:Drivers/STM32U5xx_HAL_Driver/Src/stm32u5xx_hal_pwr_ex.c **** 
 884:Drivers/STM32U5xx_HAL_Driver/Src/stm32u5xx_hal_pwr_ex.c ****   /* Check PWR wake up line 3 */
ARM GAS  /var/folders/j8/bx6g0dyx2gg_pdn7l_y1sb9c0000gn/T//cc9zwmjj.s 			page 30


 885:Drivers/STM32U5xx_HAL_Driver/Src/stm32u5xx_hal_pwr_ex.c ****   if ((WakeUpPin & PWR_WAKEUP_PIN3) != 0U)
 886:Drivers/STM32U5xx_HAL_Driver/Src/stm32u5xx_hal_pwr_ex.c ****   {
 887:Drivers/STM32U5xx_HAL_Driver/Src/stm32u5xx_hal_pwr_ex.c ****     if (READ_BIT(PWR->WUSR, PWR_WUSR_WUF3) != 0U)
 888:Drivers/STM32U5xx_HAL_Driver/Src/stm32u5xx_hal_pwr_ex.c ****     {
 889:Drivers/STM32U5xx_HAL_Driver/Src/stm32u5xx_hal_pwr_ex.c ****       /* Clear PWR wake up flag line 3 */
 890:Drivers/STM32U5xx_HAL_Driver/Src/stm32u5xx_hal_pwr_ex.c ****       SET_BIT(PWR->WUSCR, PWR_WUSCR_CWUF3);
 891:Drivers/STM32U5xx_HAL_Driver/Src/stm32u5xx_hal_pwr_ex.c **** 
 892:Drivers/STM32U5xx_HAL_Driver/Src/stm32u5xx_hal_pwr_ex.c ****       /* PWR S3WU interrupt user callback */
 893:Drivers/STM32U5xx_HAL_Driver/Src/stm32u5xx_hal_pwr_ex.c ****       HAL_PWREx_S3WUCallback(PWR_WAKEUP_PIN3);
 894:Drivers/STM32U5xx_HAL_Driver/Src/stm32u5xx_hal_pwr_ex.c ****     }
 895:Drivers/STM32U5xx_HAL_Driver/Src/stm32u5xx_hal_pwr_ex.c ****   }
 896:Drivers/STM32U5xx_HAL_Driver/Src/stm32u5xx_hal_pwr_ex.c **** 
 897:Drivers/STM32U5xx_HAL_Driver/Src/stm32u5xx_hal_pwr_ex.c ****   /* Check PWR wake up line 4 */
 898:Drivers/STM32U5xx_HAL_Driver/Src/stm32u5xx_hal_pwr_ex.c ****   if ((WakeUpPin & PWR_WAKEUP_PIN4) != 0U)
 899:Drivers/STM32U5xx_HAL_Driver/Src/stm32u5xx_hal_pwr_ex.c ****   {
 900:Drivers/STM32U5xx_HAL_Driver/Src/stm32u5xx_hal_pwr_ex.c ****     if (READ_BIT(PWR->WUSR, PWR_WUSR_WUF4) != 0U)
 901:Drivers/STM32U5xx_HAL_Driver/Src/stm32u5xx_hal_pwr_ex.c ****     {
 902:Drivers/STM32U5xx_HAL_Driver/Src/stm32u5xx_hal_pwr_ex.c ****       /* Clear PWR wake up flag line 4 */
 903:Drivers/STM32U5xx_HAL_Driver/Src/stm32u5xx_hal_pwr_ex.c ****       SET_BIT(PWR->WUSCR, PWR_WUSCR_CWUF4);
 904:Drivers/STM32U5xx_HAL_Driver/Src/stm32u5xx_hal_pwr_ex.c **** 
 905:Drivers/STM32U5xx_HAL_Driver/Src/stm32u5xx_hal_pwr_ex.c ****       /* PWR S3WU interrupt user callback */
 906:Drivers/STM32U5xx_HAL_Driver/Src/stm32u5xx_hal_pwr_ex.c ****       HAL_PWREx_S3WUCallback(PWR_WAKEUP_PIN4);
 907:Drivers/STM32U5xx_HAL_Driver/Src/stm32u5xx_hal_pwr_ex.c ****     }
 908:Drivers/STM32U5xx_HAL_Driver/Src/stm32u5xx_hal_pwr_ex.c ****   }
 909:Drivers/STM32U5xx_HAL_Driver/Src/stm32u5xx_hal_pwr_ex.c **** 
 910:Drivers/STM32U5xx_HAL_Driver/Src/stm32u5xx_hal_pwr_ex.c ****   /* Check PWR wake up line 5 */
 911:Drivers/STM32U5xx_HAL_Driver/Src/stm32u5xx_hal_pwr_ex.c ****   if ((WakeUpPin & PWR_WAKEUP_PIN5) != 0U)
 912:Drivers/STM32U5xx_HAL_Driver/Src/stm32u5xx_hal_pwr_ex.c ****   {
 913:Drivers/STM32U5xx_HAL_Driver/Src/stm32u5xx_hal_pwr_ex.c ****     if (READ_BIT(PWR->WUSR, PWR_WUSR_WUF5) != 0U)
 914:Drivers/STM32U5xx_HAL_Driver/Src/stm32u5xx_hal_pwr_ex.c ****     {
 915:Drivers/STM32U5xx_HAL_Driver/Src/stm32u5xx_hal_pwr_ex.c ****       /* Clear PWR wake up flag line 5 */
 916:Drivers/STM32U5xx_HAL_Driver/Src/stm32u5xx_hal_pwr_ex.c ****       SET_BIT(PWR->WUSCR, PWR_WUSCR_CWUF5);
 917:Drivers/STM32U5xx_HAL_Driver/Src/stm32u5xx_hal_pwr_ex.c **** 
 918:Drivers/STM32U5xx_HAL_Driver/Src/stm32u5xx_hal_pwr_ex.c ****       /* PWR S3WU interrupt user callback */
 919:Drivers/STM32U5xx_HAL_Driver/Src/stm32u5xx_hal_pwr_ex.c ****       HAL_PWREx_S3WUCallback(PWR_WAKEUP_PIN5);
 920:Drivers/STM32U5xx_HAL_Driver/Src/stm32u5xx_hal_pwr_ex.c ****     }
 921:Drivers/STM32U5xx_HAL_Driver/Src/stm32u5xx_hal_pwr_ex.c ****   }
 922:Drivers/STM32U5xx_HAL_Driver/Src/stm32u5xx_hal_pwr_ex.c **** 
 923:Drivers/STM32U5xx_HAL_Driver/Src/stm32u5xx_hal_pwr_ex.c ****   /* Check PWR wake up line 6 */
 924:Drivers/STM32U5xx_HAL_Driver/Src/stm32u5xx_hal_pwr_ex.c ****   if ((WakeUpPin & PWR_WAKEUP_PIN6) != 0U)
 925:Drivers/STM32U5xx_HAL_Driver/Src/stm32u5xx_hal_pwr_ex.c ****   {
 926:Drivers/STM32U5xx_HAL_Driver/Src/stm32u5xx_hal_pwr_ex.c ****     if (READ_BIT(PWR->WUSR, PWR_WUSR_WUF6) != 0U)
 927:Drivers/STM32U5xx_HAL_Driver/Src/stm32u5xx_hal_pwr_ex.c ****     {
 928:Drivers/STM32U5xx_HAL_Driver/Src/stm32u5xx_hal_pwr_ex.c ****       /* Clear PWR wake up flag line 6 */
 929:Drivers/STM32U5xx_HAL_Driver/Src/stm32u5xx_hal_pwr_ex.c ****       SET_BIT(PWR->WUSCR, PWR_WUSCR_CWUF6);
 930:Drivers/STM32U5xx_HAL_Driver/Src/stm32u5xx_hal_pwr_ex.c **** 
 931:Drivers/STM32U5xx_HAL_Driver/Src/stm32u5xx_hal_pwr_ex.c ****       /* PWR S3WU interrupt user callback */
 932:Drivers/STM32U5xx_HAL_Driver/Src/stm32u5xx_hal_pwr_ex.c ****       HAL_PWREx_S3WUCallback(PWR_WAKEUP_PIN6);
 933:Drivers/STM32U5xx_HAL_Driver/Src/stm32u5xx_hal_pwr_ex.c ****     }
 934:Drivers/STM32U5xx_HAL_Driver/Src/stm32u5xx_hal_pwr_ex.c ****   }
 935:Drivers/STM32U5xx_HAL_Driver/Src/stm32u5xx_hal_pwr_ex.c **** 
 936:Drivers/STM32U5xx_HAL_Driver/Src/stm32u5xx_hal_pwr_ex.c ****   /* Check PWR wake up line 7 */
 937:Drivers/STM32U5xx_HAL_Driver/Src/stm32u5xx_hal_pwr_ex.c ****   if ((WakeUpPin & PWR_WAKEUP_PIN7) != 0U)
 938:Drivers/STM32U5xx_HAL_Driver/Src/stm32u5xx_hal_pwr_ex.c ****   {
 939:Drivers/STM32U5xx_HAL_Driver/Src/stm32u5xx_hal_pwr_ex.c ****     if (READ_BIT(PWR->WUSR, PWR_WUSR_WUF7) != 0U)
 940:Drivers/STM32U5xx_HAL_Driver/Src/stm32u5xx_hal_pwr_ex.c ****     {
 941:Drivers/STM32U5xx_HAL_Driver/Src/stm32u5xx_hal_pwr_ex.c ****       /* Clear PWR wake up flag line 7 */
ARM GAS  /var/folders/j8/bx6g0dyx2gg_pdn7l_y1sb9c0000gn/T//cc9zwmjj.s 			page 31


 942:Drivers/STM32U5xx_HAL_Driver/Src/stm32u5xx_hal_pwr_ex.c ****       SET_BIT(PWR->WUSCR, PWR_WUSCR_CWUF7);
 943:Drivers/STM32U5xx_HAL_Driver/Src/stm32u5xx_hal_pwr_ex.c **** 
 944:Drivers/STM32U5xx_HAL_Driver/Src/stm32u5xx_hal_pwr_ex.c ****       /* PWR S3WU interrupt user callback */
 945:Drivers/STM32U5xx_HAL_Driver/Src/stm32u5xx_hal_pwr_ex.c ****       HAL_PWREx_S3WUCallback(PWR_WAKEUP_PIN7);
 946:Drivers/STM32U5xx_HAL_Driver/Src/stm32u5xx_hal_pwr_ex.c ****     }
 947:Drivers/STM32U5xx_HAL_Driver/Src/stm32u5xx_hal_pwr_ex.c ****   }
 948:Drivers/STM32U5xx_HAL_Driver/Src/stm32u5xx_hal_pwr_ex.c **** 
 949:Drivers/STM32U5xx_HAL_Driver/Src/stm32u5xx_hal_pwr_ex.c ****   /* Check PWR wake up line 8 */
 950:Drivers/STM32U5xx_HAL_Driver/Src/stm32u5xx_hal_pwr_ex.c ****   if ((WakeUpPin & PWR_WAKEUP_PIN8) != 0U)
 951:Drivers/STM32U5xx_HAL_Driver/Src/stm32u5xx_hal_pwr_ex.c ****   {
 952:Drivers/STM32U5xx_HAL_Driver/Src/stm32u5xx_hal_pwr_ex.c ****     if (READ_BIT(PWR->WUSR, PWR_WUSR_WUF8) != 0U)
 953:Drivers/STM32U5xx_HAL_Driver/Src/stm32u5xx_hal_pwr_ex.c ****     {
 954:Drivers/STM32U5xx_HAL_Driver/Src/stm32u5xx_hal_pwr_ex.c ****       /* Clear PWR wake up flag line 8 */
 955:Drivers/STM32U5xx_HAL_Driver/Src/stm32u5xx_hal_pwr_ex.c ****       SET_BIT(PWR->WUSCR, PWR_WUSCR_CWUF8);
 956:Drivers/STM32U5xx_HAL_Driver/Src/stm32u5xx_hal_pwr_ex.c **** 
 957:Drivers/STM32U5xx_HAL_Driver/Src/stm32u5xx_hal_pwr_ex.c ****       /* PWR S3WU interrupt user callback */
 958:Drivers/STM32U5xx_HAL_Driver/Src/stm32u5xx_hal_pwr_ex.c ****       HAL_PWREx_S3WUCallback(PWR_WAKEUP_PIN8);
 959:Drivers/STM32U5xx_HAL_Driver/Src/stm32u5xx_hal_pwr_ex.c ****     }
 960:Drivers/STM32U5xx_HAL_Driver/Src/stm32u5xx_hal_pwr_ex.c ****   }
 961:Drivers/STM32U5xx_HAL_Driver/Src/stm32u5xx_hal_pwr_ex.c **** }
 962:Drivers/STM32U5xx_HAL_Driver/Src/stm32u5xx_hal_pwr_ex.c **** 
 963:Drivers/STM32U5xx_HAL_Driver/Src/stm32u5xx_hal_pwr_ex.c **** /**
 964:Drivers/STM32U5xx_HAL_Driver/Src/stm32u5xx_hal_pwr_ex.c ****   * @brief  PWR S3WU interrupt callback.
 965:Drivers/STM32U5xx_HAL_Driver/Src/stm32u5xx_hal_pwr_ex.c ****   * @param  WakeUpPin : Specifies the wakeup pin interrupt to be handled.
 966:Drivers/STM32U5xx_HAL_Driver/Src/stm32u5xx_hal_pwr_ex.c ****   *                     This parameter can be a combination of @ref PWR_WakeUp_Pins.
 967:Drivers/STM32U5xx_HAL_Driver/Src/stm32u5xx_hal_pwr_ex.c ****   * @retval None.
 968:Drivers/STM32U5xx_HAL_Driver/Src/stm32u5xx_hal_pwr_ex.c ****   */
 969:Drivers/STM32U5xx_HAL_Driver/Src/stm32u5xx_hal_pwr_ex.c **** __weak void HAL_PWREx_S3WUCallback(uint32_t WakeUpPin)
 970:Drivers/STM32U5xx_HAL_Driver/Src/stm32u5xx_hal_pwr_ex.c **** {
 757              		.loc 1 970 1 is_stmt 1 view -0
 758              		.cfi_startproc
 759              		@ args = 0, pretend = 0, frame = 0
 760              		@ frame_needed = 0, uses_anonymous_args = 0
 761              		@ link register save eliminated.
 971:Drivers/STM32U5xx_HAL_Driver/Src/stm32u5xx_hal_pwr_ex.c ****   /* Prevent unused argument(s) compilation warning */
 972:Drivers/STM32U5xx_HAL_Driver/Src/stm32u5xx_hal_pwr_ex.c ****   UNUSED(WakeUpPin);
 762              		.loc 1 972 3 view .LVU152
 973:Drivers/STM32U5xx_HAL_Driver/Src/stm32u5xx_hal_pwr_ex.c **** 
 974:Drivers/STM32U5xx_HAL_Driver/Src/stm32u5xx_hal_pwr_ex.c ****   /* NOTE : This function should not be modified; when the callback is needed,
 975:Drivers/STM32U5xx_HAL_Driver/Src/stm32u5xx_hal_pwr_ex.c ****             HAL_PWREx_S3WU_IRQHandler() API can be implemented in the user file
 976:Drivers/STM32U5xx_HAL_Driver/Src/stm32u5xx_hal_pwr_ex.c ****    */
 977:Drivers/STM32U5xx_HAL_Driver/Src/stm32u5xx_hal_pwr_ex.c **** }
 763              		.loc 1 977 1 is_stmt 0 view .LVU153
 764 0000 7047     		bx	lr
 765              		.cfi_endproc
 766              	.LFE171:
 768              		.section	.text.HAL_PWREx_S3WU_IRQHandler,"ax",%progbits
 769              		.align	1
 770              		.global	HAL_PWREx_S3WU_IRQHandler
 771              		.syntax unified
 772              		.thumb
 773              		.thumb_func
 775              	HAL_PWREx_S3WU_IRQHandler:
 776              	.LVL28:
 777              	.LFB170:
 857:Drivers/STM32U5xx_HAL_Driver/Src/stm32u5xx_hal_pwr_ex.c ****   /* Check PWR wake up line 1 */
 778              		.loc 1 857 1 is_stmt 1 view -0
ARM GAS  /var/folders/j8/bx6g0dyx2gg_pdn7l_y1sb9c0000gn/T//cc9zwmjj.s 			page 32


 779              		.cfi_startproc
 780              		@ args = 0, pretend = 0, frame = 0
 781              		@ frame_needed = 0, uses_anonymous_args = 0
 857:Drivers/STM32U5xx_HAL_Driver/Src/stm32u5xx_hal_pwr_ex.c ****   /* Check PWR wake up line 1 */
 782              		.loc 1 857 1 is_stmt 0 view .LVU155
 783 0000 10B5     		push	{r4, lr}
 784              	.LCFI0:
 785              		.cfi_def_cfa_offset 8
 786              		.cfi_offset 4, -8
 787              		.cfi_offset 14, -4
 788 0002 0446     		mov	r4, r0
 859:Drivers/STM32U5xx_HAL_Driver/Src/stm32u5xx_hal_pwr_ex.c ****   {
 789              		.loc 1 859 3 is_stmt 1 view .LVU156
 859:Drivers/STM32U5xx_HAL_Driver/Src/stm32u5xx_hal_pwr_ex.c ****   {
 790              		.loc 1 859 6 is_stmt 0 view .LVU157
 791 0004 10F0010F 		tst	r0, #1
 792 0008 04D0     		beq	.L72
 861:Drivers/STM32U5xx_HAL_Driver/Src/stm32u5xx_hal_pwr_ex.c ****     {
 793              		.loc 1 861 5 is_stmt 1 view .LVU158
 861:Drivers/STM32U5xx_HAL_Driver/Src/stm32u5xx_hal_pwr_ex.c ****     {
 794              		.loc 1 861 9 is_stmt 0 view .LVU159
 795 000a 434B     		ldr	r3, .L89
 796 000c 5B6C     		ldr	r3, [r3, #68]
 861:Drivers/STM32U5xx_HAL_Driver/Src/stm32u5xx_hal_pwr_ex.c ****     {
 797              		.loc 1 861 8 view .LVU160
 798 000e 13F0010F 		tst	r3, #1
 799 0012 38D1     		bne	.L81
 800              	.LVL29:
 801              	.L72:
 872:Drivers/STM32U5xx_HAL_Driver/Src/stm32u5xx_hal_pwr_ex.c ****   {
 802              		.loc 1 872 3 is_stmt 1 view .LVU161
 872:Drivers/STM32U5xx_HAL_Driver/Src/stm32u5xx_hal_pwr_ex.c ****   {
 803              		.loc 1 872 6 is_stmt 0 view .LVU162
 804 0014 14F0020F 		tst	r4, #2
 805 0018 04D0     		beq	.L73
 874:Drivers/STM32U5xx_HAL_Driver/Src/stm32u5xx_hal_pwr_ex.c ****     {
 806              		.loc 1 874 5 is_stmt 1 view .LVU163
 874:Drivers/STM32U5xx_HAL_Driver/Src/stm32u5xx_hal_pwr_ex.c ****     {
 807              		.loc 1 874 9 is_stmt 0 view .LVU164
 808 001a 3F4B     		ldr	r3, .L89
 809 001c 5B6C     		ldr	r3, [r3, #68]
 874:Drivers/STM32U5xx_HAL_Driver/Src/stm32u5xx_hal_pwr_ex.c ****     {
 810              		.loc 1 874 8 view .LVU165
 811 001e 13F0020F 		tst	r3, #2
 812 0022 39D1     		bne	.L82
 813              	.L73:
 885:Drivers/STM32U5xx_HAL_Driver/Src/stm32u5xx_hal_pwr_ex.c ****   {
 814              		.loc 1 885 3 is_stmt 1 view .LVU166
 885:Drivers/STM32U5xx_HAL_Driver/Src/stm32u5xx_hal_pwr_ex.c ****   {
 815              		.loc 1 885 6 is_stmt 0 view .LVU167
 816 0024 14F0040F 		tst	r4, #4
 817 0028 04D0     		beq	.L74
 887:Drivers/STM32U5xx_HAL_Driver/Src/stm32u5xx_hal_pwr_ex.c ****     {
 818              		.loc 1 887 5 is_stmt 1 view .LVU168
 887:Drivers/STM32U5xx_HAL_Driver/Src/stm32u5xx_hal_pwr_ex.c ****     {
 819              		.loc 1 887 9 is_stmt 0 view .LVU169
 820 002a 3B4B     		ldr	r3, .L89
ARM GAS  /var/folders/j8/bx6g0dyx2gg_pdn7l_y1sb9c0000gn/T//cc9zwmjj.s 			page 33


 821 002c 5B6C     		ldr	r3, [r3, #68]
 887:Drivers/STM32U5xx_HAL_Driver/Src/stm32u5xx_hal_pwr_ex.c ****     {
 822              		.loc 1 887 8 view .LVU170
 823 002e 13F0040F 		tst	r3, #4
 824 0032 3AD1     		bne	.L83
 825              	.L74:
 898:Drivers/STM32U5xx_HAL_Driver/Src/stm32u5xx_hal_pwr_ex.c ****   {
 826              		.loc 1 898 3 is_stmt 1 view .LVU171
 898:Drivers/STM32U5xx_HAL_Driver/Src/stm32u5xx_hal_pwr_ex.c ****   {
 827              		.loc 1 898 6 is_stmt 0 view .LVU172
 828 0034 14F0080F 		tst	r4, #8
 829 0038 04D0     		beq	.L75
 900:Drivers/STM32U5xx_HAL_Driver/Src/stm32u5xx_hal_pwr_ex.c ****     {
 830              		.loc 1 900 5 is_stmt 1 view .LVU173
 900:Drivers/STM32U5xx_HAL_Driver/Src/stm32u5xx_hal_pwr_ex.c ****     {
 831              		.loc 1 900 9 is_stmt 0 view .LVU174
 832 003a 374B     		ldr	r3, .L89
 833 003c 5B6C     		ldr	r3, [r3, #68]
 900:Drivers/STM32U5xx_HAL_Driver/Src/stm32u5xx_hal_pwr_ex.c ****     {
 834              		.loc 1 900 8 view .LVU175
 835 003e 13F0080F 		tst	r3, #8
 836 0042 3BD1     		bne	.L84
 837              	.L75:
 911:Drivers/STM32U5xx_HAL_Driver/Src/stm32u5xx_hal_pwr_ex.c ****   {
 838              		.loc 1 911 3 is_stmt 1 view .LVU176
 911:Drivers/STM32U5xx_HAL_Driver/Src/stm32u5xx_hal_pwr_ex.c ****   {
 839              		.loc 1 911 6 is_stmt 0 view .LVU177
 840 0044 14F0100F 		tst	r4, #16
 841 0048 04D0     		beq	.L76
 913:Drivers/STM32U5xx_HAL_Driver/Src/stm32u5xx_hal_pwr_ex.c ****     {
 842              		.loc 1 913 5 is_stmt 1 view .LVU178
 913:Drivers/STM32U5xx_HAL_Driver/Src/stm32u5xx_hal_pwr_ex.c ****     {
 843              		.loc 1 913 9 is_stmt 0 view .LVU179
 844 004a 334B     		ldr	r3, .L89
 845 004c 5B6C     		ldr	r3, [r3, #68]
 913:Drivers/STM32U5xx_HAL_Driver/Src/stm32u5xx_hal_pwr_ex.c ****     {
 846              		.loc 1 913 8 view .LVU180
 847 004e 13F0100F 		tst	r3, #16
 848 0052 3CD1     		bne	.L85
 849              	.L76:
 924:Drivers/STM32U5xx_HAL_Driver/Src/stm32u5xx_hal_pwr_ex.c ****   {
 850              		.loc 1 924 3 is_stmt 1 view .LVU181
 924:Drivers/STM32U5xx_HAL_Driver/Src/stm32u5xx_hal_pwr_ex.c ****   {
 851              		.loc 1 924 6 is_stmt 0 view .LVU182
 852 0054 14F0200F 		tst	r4, #32
 853 0058 04D0     		beq	.L77
 926:Drivers/STM32U5xx_HAL_Driver/Src/stm32u5xx_hal_pwr_ex.c ****     {
 854              		.loc 1 926 5 is_stmt 1 view .LVU183
 926:Drivers/STM32U5xx_HAL_Driver/Src/stm32u5xx_hal_pwr_ex.c ****     {
 855              		.loc 1 926 9 is_stmt 0 view .LVU184
 856 005a 2F4B     		ldr	r3, .L89
 857 005c 5B6C     		ldr	r3, [r3, #68]
 926:Drivers/STM32U5xx_HAL_Driver/Src/stm32u5xx_hal_pwr_ex.c ****     {
 858              		.loc 1 926 8 view .LVU185
 859 005e 13F0200F 		tst	r3, #32
 860 0062 3DD1     		bne	.L86
 861              	.L77:
ARM GAS  /var/folders/j8/bx6g0dyx2gg_pdn7l_y1sb9c0000gn/T//cc9zwmjj.s 			page 34


 937:Drivers/STM32U5xx_HAL_Driver/Src/stm32u5xx_hal_pwr_ex.c ****   {
 862              		.loc 1 937 3 is_stmt 1 view .LVU186
 937:Drivers/STM32U5xx_HAL_Driver/Src/stm32u5xx_hal_pwr_ex.c ****   {
 863              		.loc 1 937 6 is_stmt 0 view .LVU187
 864 0064 14F0400F 		tst	r4, #64
 865 0068 04D0     		beq	.L78
 939:Drivers/STM32U5xx_HAL_Driver/Src/stm32u5xx_hal_pwr_ex.c ****     {
 866              		.loc 1 939 5 is_stmt 1 view .LVU188
 939:Drivers/STM32U5xx_HAL_Driver/Src/stm32u5xx_hal_pwr_ex.c ****     {
 867              		.loc 1 939 9 is_stmt 0 view .LVU189
 868 006a 2B4B     		ldr	r3, .L89
 869 006c 5B6C     		ldr	r3, [r3, #68]
 939:Drivers/STM32U5xx_HAL_Driver/Src/stm32u5xx_hal_pwr_ex.c ****     {
 870              		.loc 1 939 8 view .LVU190
 871 006e 13F0400F 		tst	r3, #64
 872 0072 3ED1     		bne	.L87
 873              	.L78:
 950:Drivers/STM32U5xx_HAL_Driver/Src/stm32u5xx_hal_pwr_ex.c ****   {
 874              		.loc 1 950 3 is_stmt 1 view .LVU191
 950:Drivers/STM32U5xx_HAL_Driver/Src/stm32u5xx_hal_pwr_ex.c ****   {
 875              		.loc 1 950 6 is_stmt 0 view .LVU192
 876 0074 14F0800F 		tst	r4, #128
 877 0078 04D0     		beq	.L71
 952:Drivers/STM32U5xx_HAL_Driver/Src/stm32u5xx_hal_pwr_ex.c ****     {
 878              		.loc 1 952 5 is_stmt 1 view .LVU193
 952:Drivers/STM32U5xx_HAL_Driver/Src/stm32u5xx_hal_pwr_ex.c ****     {
 879              		.loc 1 952 9 is_stmt 0 view .LVU194
 880 007a 274B     		ldr	r3, .L89
 881 007c 5B6C     		ldr	r3, [r3, #68]
 952:Drivers/STM32U5xx_HAL_Driver/Src/stm32u5xx_hal_pwr_ex.c ****     {
 882              		.loc 1 952 8 view .LVU195
 883 007e 13F0800F 		tst	r3, #128
 884 0082 3FD1     		bne	.L88
 885              	.L71:
 961:Drivers/STM32U5xx_HAL_Driver/Src/stm32u5xx_hal_pwr_ex.c **** 
 886              		.loc 1 961 1 view .LVU196
 887 0084 10BD     		pop	{r4, pc}
 888              	.LVL30:
 889              	.L81:
 864:Drivers/STM32U5xx_HAL_Driver/Src/stm32u5xx_hal_pwr_ex.c **** 
 890              		.loc 1 864 7 is_stmt 1 view .LVU197
 891 0086 244A     		ldr	r2, .L89
 892 0088 936C     		ldr	r3, [r2, #72]
 893 008a 43F00103 		orr	r3, r3, #1
 894 008e 9364     		str	r3, [r2, #72]
 867:Drivers/STM32U5xx_HAL_Driver/Src/stm32u5xx_hal_pwr_ex.c ****     }
 895              		.loc 1 867 7 view .LVU198
 896 0090 0120     		movs	r0, #1
 897              	.LVL31:
 867:Drivers/STM32U5xx_HAL_Driver/Src/stm32u5xx_hal_pwr_ex.c ****     }
 898              		.loc 1 867 7 is_stmt 0 view .LVU199
 899 0092 FFF7FEFF 		bl	HAL_PWREx_S3WUCallback
 900              	.LVL32:
 901 0096 BDE7     		b	.L72
 902              	.L82:
 877:Drivers/STM32U5xx_HAL_Driver/Src/stm32u5xx_hal_pwr_ex.c **** 
 903              		.loc 1 877 7 is_stmt 1 view .LVU200
ARM GAS  /var/folders/j8/bx6g0dyx2gg_pdn7l_y1sb9c0000gn/T//cc9zwmjj.s 			page 35


 904 0098 1F4A     		ldr	r2, .L89
 905 009a 936C     		ldr	r3, [r2, #72]
 906 009c 43F00203 		orr	r3, r3, #2
 907 00a0 9364     		str	r3, [r2, #72]
 880:Drivers/STM32U5xx_HAL_Driver/Src/stm32u5xx_hal_pwr_ex.c ****     }
 908              		.loc 1 880 7 view .LVU201
 909 00a2 0220     		movs	r0, #2
 910 00a4 FFF7FEFF 		bl	HAL_PWREx_S3WUCallback
 911              	.LVL33:
 912 00a8 BCE7     		b	.L73
 913              	.L83:
 890:Drivers/STM32U5xx_HAL_Driver/Src/stm32u5xx_hal_pwr_ex.c **** 
 914              		.loc 1 890 7 view .LVU202
 915 00aa 1B4A     		ldr	r2, .L89
 916 00ac 936C     		ldr	r3, [r2, #72]
 917 00ae 43F00403 		orr	r3, r3, #4
 918 00b2 9364     		str	r3, [r2, #72]
 893:Drivers/STM32U5xx_HAL_Driver/Src/stm32u5xx_hal_pwr_ex.c ****     }
 919              		.loc 1 893 7 view .LVU203
 920 00b4 0420     		movs	r0, #4
 921 00b6 FFF7FEFF 		bl	HAL_PWREx_S3WUCallback
 922              	.LVL34:
 923 00ba BBE7     		b	.L74
 924              	.L84:
 903:Drivers/STM32U5xx_HAL_Driver/Src/stm32u5xx_hal_pwr_ex.c **** 
 925              		.loc 1 903 7 view .LVU204
 926 00bc 164A     		ldr	r2, .L89
 927 00be 936C     		ldr	r3, [r2, #72]
 928 00c0 43F00803 		orr	r3, r3, #8
 929 00c4 9364     		str	r3, [r2, #72]
 906:Drivers/STM32U5xx_HAL_Driver/Src/stm32u5xx_hal_pwr_ex.c ****     }
 930              		.loc 1 906 7 view .LVU205
 931 00c6 0820     		movs	r0, #8
 932 00c8 FFF7FEFF 		bl	HAL_PWREx_S3WUCallback
 933              	.LVL35:
 934 00cc BAE7     		b	.L75
 935              	.L85:
 916:Drivers/STM32U5xx_HAL_Driver/Src/stm32u5xx_hal_pwr_ex.c **** 
 936              		.loc 1 916 7 view .LVU206
 937 00ce 124A     		ldr	r2, .L89
 938 00d0 936C     		ldr	r3, [r2, #72]
 939 00d2 43F01003 		orr	r3, r3, #16
 940 00d6 9364     		str	r3, [r2, #72]
 919:Drivers/STM32U5xx_HAL_Driver/Src/stm32u5xx_hal_pwr_ex.c ****     }
 941              		.loc 1 919 7 view .LVU207
 942 00d8 1020     		movs	r0, #16
 943 00da FFF7FEFF 		bl	HAL_PWREx_S3WUCallback
 944              	.LVL36:
 945 00de B9E7     		b	.L76
 946              	.L86:
 929:Drivers/STM32U5xx_HAL_Driver/Src/stm32u5xx_hal_pwr_ex.c **** 
 947              		.loc 1 929 7 view .LVU208
 948 00e0 0D4A     		ldr	r2, .L89
 949 00e2 936C     		ldr	r3, [r2, #72]
 950 00e4 43F02003 		orr	r3, r3, #32
 951 00e8 9364     		str	r3, [r2, #72]
 932:Drivers/STM32U5xx_HAL_Driver/Src/stm32u5xx_hal_pwr_ex.c ****     }
ARM GAS  /var/folders/j8/bx6g0dyx2gg_pdn7l_y1sb9c0000gn/T//cc9zwmjj.s 			page 36


 952              		.loc 1 932 7 view .LVU209
 953 00ea 2020     		movs	r0, #32
 954 00ec FFF7FEFF 		bl	HAL_PWREx_S3WUCallback
 955              	.LVL37:
 956 00f0 B8E7     		b	.L77
 957              	.L87:
 942:Drivers/STM32U5xx_HAL_Driver/Src/stm32u5xx_hal_pwr_ex.c **** 
 958              		.loc 1 942 7 view .LVU210
 959 00f2 094A     		ldr	r2, .L89
 960 00f4 936C     		ldr	r3, [r2, #72]
 961 00f6 43F04003 		orr	r3, r3, #64
 962 00fa 9364     		str	r3, [r2, #72]
 945:Drivers/STM32U5xx_HAL_Driver/Src/stm32u5xx_hal_pwr_ex.c ****     }
 963              		.loc 1 945 7 view .LVU211
 964 00fc 4020     		movs	r0, #64
 965 00fe FFF7FEFF 		bl	HAL_PWREx_S3WUCallback
 966              	.LVL38:
 967 0102 B7E7     		b	.L78
 968              	.L88:
 955:Drivers/STM32U5xx_HAL_Driver/Src/stm32u5xx_hal_pwr_ex.c **** 
 969              		.loc 1 955 7 view .LVU212
 970 0104 044A     		ldr	r2, .L89
 971 0106 936C     		ldr	r3, [r2, #72]
 972 0108 43F08003 		orr	r3, r3, #128
 973 010c 9364     		str	r3, [r2, #72]
 958:Drivers/STM32U5xx_HAL_Driver/Src/stm32u5xx_hal_pwr_ex.c ****     }
 974              		.loc 1 958 7 view .LVU213
 975 010e 8020     		movs	r0, #128
 976 0110 FFF7FEFF 		bl	HAL_PWREx_S3WUCallback
 977              	.LVL39:
 961:Drivers/STM32U5xx_HAL_Driver/Src/stm32u5xx_hal_pwr_ex.c **** 
 978              		.loc 1 961 1 is_stmt 0 view .LVU214
 979 0114 B6E7     		b	.L71
 980              	.L90:
 981 0116 00BF     		.align	2
 982              	.L89:
 983 0118 00080246 		.word	1174538240
 984              		.cfi_endproc
 985              	.LFE170:
 987              		.section	.text.HAL_PWREx_ConfigPVM,"ax",%progbits
 988              		.align	1
 989              		.global	HAL_PWREx_ConfigPVM
 990              		.syntax unified
 991              		.thumb
 992              		.thumb_func
 994              	HAL_PWREx_ConfigPVM:
 995              	.LVL40:
 996              	.LFB172:
 978:Drivers/STM32U5xx_HAL_Driver/Src/stm32u5xx_hal_pwr_ex.c **** /**
 979:Drivers/STM32U5xx_HAL_Driver/Src/stm32u5xx_hal_pwr_ex.c ****   * @}
 980:Drivers/STM32U5xx_HAL_Driver/Src/stm32u5xx_hal_pwr_ex.c ****   */
 981:Drivers/STM32U5xx_HAL_Driver/Src/stm32u5xx_hal_pwr_ex.c **** 
 982:Drivers/STM32U5xx_HAL_Driver/Src/stm32u5xx_hal_pwr_ex.c **** /** @defgroup PWREx_Exported_Functions_Group3 Voltage Monitoring Functions
 983:Drivers/STM32U5xx_HAL_Driver/Src/stm32u5xx_hal_pwr_ex.c ****   * @brief    Voltage monitoring functions
 984:Drivers/STM32U5xx_HAL_Driver/Src/stm32u5xx_hal_pwr_ex.c ****   *
 985:Drivers/STM32U5xx_HAL_Driver/Src/stm32u5xx_hal_pwr_ex.c **** @verbatim
 986:Drivers/STM32U5xx_HAL_Driver/Src/stm32u5xx_hal_pwr_ex.c ****  ===============================================================================
ARM GAS  /var/folders/j8/bx6g0dyx2gg_pdn7l_y1sb9c0000gn/T//cc9zwmjj.s 			page 37


 987:Drivers/STM32U5xx_HAL_Driver/Src/stm32u5xx_hal_pwr_ex.c ****                      ##### Voltage Monitoring Functions #####
 988:Drivers/STM32U5xx_HAL_Driver/Src/stm32u5xx_hal_pwr_ex.c ****  ===============================================================================
 989:Drivers/STM32U5xx_HAL_Driver/Src/stm32u5xx_hal_pwr_ex.c ****     [..]
 990:Drivers/STM32U5xx_HAL_Driver/Src/stm32u5xx_hal_pwr_ex.c ****       This section provides functions allowing voltage monitoring.
 991:Drivers/STM32U5xx_HAL_Driver/Src/stm32u5xx_hal_pwr_ex.c **** 
 992:Drivers/STM32U5xx_HAL_Driver/Src/stm32u5xx_hal_pwr_ex.c ****     *** PVM configuration ***
 993:Drivers/STM32U5xx_HAL_Driver/Src/stm32u5xx_hal_pwr_ex.c ****     =========================
 994:Drivers/STM32U5xx_HAL_Driver/Src/stm32u5xx_hal_pwr_ex.c ****     [..]
 995:Drivers/STM32U5xx_HAL_Driver/Src/stm32u5xx_hal_pwr_ex.c ****       (+) The supplies (VDDA, VDDIO2 and VDDUSB) can be independent from VDD and
 996:Drivers/STM32U5xx_HAL_Driver/Src/stm32u5xx_hal_pwr_ex.c ****           can be monitored with four peripheral voltage monitoring (PVM):
 997:Drivers/STM32U5xx_HAL_Driver/Src/stm32u5xx_hal_pwr_ex.c **** 
 998:Drivers/STM32U5xx_HAL_Driver/Src/stm32u5xx_hal_pwr_ex.c ****           (++) The UVM monitors the USB supply VDDUSB. VDDUSBRDY indicates if
 999:Drivers/STM32U5xx_HAL_Driver/Src/stm32u5xx_hal_pwr_ex.c ****                the VDDUSB independent power supply is higher or lower than the
1000:Drivers/STM32U5xx_HAL_Driver/Src/stm32u5xx_hal_pwr_ex.c ****                VUVM threshold.
1001:Drivers/STM32U5xx_HAL_Driver/Src/stm32u5xx_hal_pwr_ex.c ****           (++) The IO2VM monitors the PG[15:2] supply VDDIO2. VDDIO2RDY
1002:Drivers/STM32U5xx_HAL_Driver/Src/stm32u5xx_hal_pwr_ex.c ****                indicates if the VDDIO2 independent power supply is higher or
1003:Drivers/STM32U5xx_HAL_Driver/Src/stm32u5xx_hal_pwr_ex.c ****                lower than the VIO2VM threshold.
1004:Drivers/STM32U5xx_HAL_Driver/Src/stm32u5xx_hal_pwr_ex.c ****           (++) The AVM1 monitors the analog supply VDDA. VDDA1RDY indicates if
1005:Drivers/STM32U5xx_HAL_Driver/Src/stm32u5xx_hal_pwr_ex.c ****                the VDDA independent power supply is higher or lower than the
1006:Drivers/STM32U5xx_HAL_Driver/Src/stm32u5xx_hal_pwr_ex.c ****                VAVM1 threshold.
1007:Drivers/STM32U5xx_HAL_Driver/Src/stm32u5xx_hal_pwr_ex.c ****           (++) The AVM2 monitors the analog supply VDDA. VDDA2RDY indicates if
1008:Drivers/STM32U5xx_HAL_Driver/Src/stm32u5xx_hal_pwr_ex.c ****                the VDDA independent power supply is higher or lower than the
1009:Drivers/STM32U5xx_HAL_Driver/Src/stm32u5xx_hal_pwr_ex.c ****                VAVM2 threshold.
1010:Drivers/STM32U5xx_HAL_Driver/Src/stm32u5xx_hal_pwr_ex.c **** 
1011:Drivers/STM32U5xx_HAL_Driver/Src/stm32u5xx_hal_pwr_ex.c ****       (+) Each PVM output is connected to an EXTI line and can generate an
1012:Drivers/STM32U5xx_HAL_Driver/Src/stm32u5xx_hal_pwr_ex.c ****           interrupt if enabled through the EXTI registers. The PVMx output
1013:Drivers/STM32U5xx_HAL_Driver/Src/stm32u5xx_hal_pwr_ex.c ****           interrupt is generated when the independent power supply drops below
1014:Drivers/STM32U5xx_HAL_Driver/Src/stm32u5xx_hal_pwr_ex.c ****           the PVM threshold and/or when it rises above the PVM threshold,
1015:Drivers/STM32U5xx_HAL_Driver/Src/stm32u5xx_hal_pwr_ex.c ****           depending on EXTI line rising/falling edge configuration.
1016:Drivers/STM32U5xx_HAL_Driver/Src/stm32u5xx_hal_pwr_ex.c **** 
1017:Drivers/STM32U5xx_HAL_Driver/Src/stm32u5xx_hal_pwr_ex.c ****       (+) Each PVM can remain active in Stop 0, Stop 1, Stop 2 modes, and the
1018:Drivers/STM32U5xx_HAL_Driver/Src/stm32u5xx_hal_pwr_ex.c ****           PVM interrupt can wake up from the Stop mode. The PVM is not
1019:Drivers/STM32U5xx_HAL_Driver/Src/stm32u5xx_hal_pwr_ex.c ****           functional in Stop 3 mode.
1020:Drivers/STM32U5xx_HAL_Driver/Src/stm32u5xx_hal_pwr_ex.c **** 
1021:Drivers/STM32U5xx_HAL_Driver/Src/stm32u5xx_hal_pwr_ex.c ****     *** VBAT charging ***
1022:Drivers/STM32U5xx_HAL_Driver/Src/stm32u5xx_hal_pwr_ex.c ****     =====================
1023:Drivers/STM32U5xx_HAL_Driver/Src/stm32u5xx_hal_pwr_ex.c ****     [..]
1024:Drivers/STM32U5xx_HAL_Driver/Src/stm32u5xx_hal_pwr_ex.c ****       When VDD is present, it is possible to charge the external battery on VBAT
1025:Drivers/STM32U5xx_HAL_Driver/Src/stm32u5xx_hal_pwr_ex.c ****       through an internal resistance.
1026:Drivers/STM32U5xx_HAL_Driver/Src/stm32u5xx_hal_pwr_ex.c ****       The VBAT charging is done either through a 5 kOhm resistor or through a 1.5
1027:Drivers/STM32U5xx_HAL_Driver/Src/stm32u5xx_hal_pwr_ex.c ****       kOhm resistor depending on the VBRS bit value in the PWR_BDCR2 register.
1028:Drivers/STM32U5xx_HAL_Driver/Src/stm32u5xx_hal_pwr_ex.c ****       The battery charging is enabled by setting VBE bit in the PWR_BDCR2
1029:Drivers/STM32U5xx_HAL_Driver/Src/stm32u5xx_hal_pwr_ex.c ****       register. It is automatically disabled in VBAT mode.
1030:Drivers/STM32U5xx_HAL_Driver/Src/stm32u5xx_hal_pwr_ex.c **** 
1031:Drivers/STM32U5xx_HAL_Driver/Src/stm32u5xx_hal_pwr_ex.c ****     *** Backup domain monitoring ***
1032:Drivers/STM32U5xx_HAL_Driver/Src/stm32u5xx_hal_pwr_ex.c ****     ================================
1033:Drivers/STM32U5xx_HAL_Driver/Src/stm32u5xx_hal_pwr_ex.c ****     [..]
1034:Drivers/STM32U5xx_HAL_Driver/Src/stm32u5xx_hal_pwr_ex.c ****       When the Backup domain voltage and temperature monitoring is enabled
1035:Drivers/STM32U5xx_HAL_Driver/Src/stm32u5xx_hal_pwr_ex.c ****       (MONEN = 1 in the PWR_BDCR1 register), the Backup domain voltage and the
1036:Drivers/STM32U5xx_HAL_Driver/Src/stm32u5xx_hal_pwr_ex.c ****       temperature are monitored.
1037:Drivers/STM32U5xx_HAL_Driver/Src/stm32u5xx_hal_pwr_ex.c ****       If the Backup domain voltage monitoring internal tamper is enabled in the
1038:Drivers/STM32U5xx_HAL_Driver/Src/stm32u5xx_hal_pwr_ex.c ****       TAMP peripheral (ITAMP1E = 1 in the TAMP_CR1 register), a tamper event is
1039:Drivers/STM32U5xx_HAL_Driver/Src/stm32u5xx_hal_pwr_ex.c ****       generated when the Backup domain voltage is above the functional range.
1040:Drivers/STM32U5xx_HAL_Driver/Src/stm32u5xx_hal_pwr_ex.c ****       In case the Backup domain voltage is below the functional range,
1041:Drivers/STM32U5xx_HAL_Driver/Src/stm32u5xx_hal_pwr_ex.c ****       a Brownout reset is generated, erasing all device including Backup domain.
1042:Drivers/STM32U5xx_HAL_Driver/Src/stm32u5xx_hal_pwr_ex.c **** 
1043:Drivers/STM32U5xx_HAL_Driver/Src/stm32u5xx_hal_pwr_ex.c ****     *** Backup domain battery ***
ARM GAS  /var/folders/j8/bx6g0dyx2gg_pdn7l_y1sb9c0000gn/T//cc9zwmjj.s 			page 38


1044:Drivers/STM32U5xx_HAL_Driver/Src/stm32u5xx_hal_pwr_ex.c ****     =============================
1045:Drivers/STM32U5xx_HAL_Driver/Src/stm32u5xx_hal_pwr_ex.c ****     [..]
1046:Drivers/STM32U5xx_HAL_Driver/Src/stm32u5xx_hal_pwr_ex.c ****       (+) To retain the content of the backup registers and supply the RTC
1047:Drivers/STM32U5xx_HAL_Driver/Src/stm32u5xx_hal_pwr_ex.c ****           function when VDD is turned off, the VBAT pin can be connected to an
1048:Drivers/STM32U5xx_HAL_Driver/Src/stm32u5xx_hal_pwr_ex.c ****           optional backup voltage supplied by a battery or by another source.
1049:Drivers/STM32U5xx_HAL_Driver/Src/stm32u5xx_hal_pwr_ex.c ****           The VBAT pin powers the RTC unit, the LSE oscillator and the PC13 to
1050:Drivers/STM32U5xx_HAL_Driver/Src/stm32u5xx_hal_pwr_ex.c ****           PC15 I/Os, allowing the RTC to operate even when the main power supply
1051:Drivers/STM32U5xx_HAL_Driver/Src/stm32u5xx_hal_pwr_ex.c ****           is turned off. The backup SRAM is optionally powered by VBAT pin when
1052:Drivers/STM32U5xx_HAL_Driver/Src/stm32u5xx_hal_pwr_ex.c ****           the BREN bit is set in the PWR Backup domain control register 1
1053:Drivers/STM32U5xx_HAL_Driver/Src/stm32u5xx_hal_pwr_ex.c ****           (PWR_BDCR1).
1054:Drivers/STM32U5xx_HAL_Driver/Src/stm32u5xx_hal_pwr_ex.c ****           The switch to the VBAT supply is controlled by the power down reset
1055:Drivers/STM32U5xx_HAL_Driver/Src/stm32u5xx_hal_pwr_ex.c ****           embedded in the Reset block.
1056:Drivers/STM32U5xx_HAL_Driver/Src/stm32u5xx_hal_pwr_ex.c **** 
1057:Drivers/STM32U5xx_HAL_Driver/Src/stm32u5xx_hal_pwr_ex.c ****       (+) After exiting reset, the USB Type-C (dead battery) behavior is enabled,
1058:Drivers/STM32U5xx_HAL_Driver/Src/stm32u5xx_hal_pwr_ex.c ****           which may have a pull-down effect on CC1 and CC2 pins. It is
1059:Drivers/STM32U5xx_HAL_Driver/Src/stm32u5xx_hal_pwr_ex.c ****           recommended to disable it in all cases, either to stop this pull-down
1060:Drivers/STM32U5xx_HAL_Driver/Src/stm32u5xx_hal_pwr_ex.c ****           or to handover control to the UCPD (the UCPD must be initialized
1061:Drivers/STM32U5xx_HAL_Driver/Src/stm32u5xx_hal_pwr_ex.c ****           before doing the disable).
1062:Drivers/STM32U5xx_HAL_Driver/Src/stm32u5xx_hal_pwr_ex.c **** 
1063:Drivers/STM32U5xx_HAL_Driver/Src/stm32u5xx_hal_pwr_ex.c **** @endverbatim
1064:Drivers/STM32U5xx_HAL_Driver/Src/stm32u5xx_hal_pwr_ex.c ****   * @{
1065:Drivers/STM32U5xx_HAL_Driver/Src/stm32u5xx_hal_pwr_ex.c ****   */
1066:Drivers/STM32U5xx_HAL_Driver/Src/stm32u5xx_hal_pwr_ex.c **** 
1067:Drivers/STM32U5xx_HAL_Driver/Src/stm32u5xx_hal_pwr_ex.c **** /**
1068:Drivers/STM32U5xx_HAL_Driver/Src/stm32u5xx_hal_pwr_ex.c ****   * @brief  Configure the voltage monitor threshold detected by the Peripheral
1069:Drivers/STM32U5xx_HAL_Driver/Src/stm32u5xx_hal_pwr_ex.c ****   *         voltage monitoring (PVM).
1070:Drivers/STM32U5xx_HAL_Driver/Src/stm32u5xx_hal_pwr_ex.c ****   * @param  pConfigPVM : Pointer to a PWR_PVMTypeDef structure that contains the
1071:Drivers/STM32U5xx_HAL_Driver/Src/stm32u5xx_hal_pwr_ex.c ****   *                      PVM configuration information (PVMType and EventMode).
1072:Drivers/STM32U5xx_HAL_Driver/Src/stm32u5xx_hal_pwr_ex.c ****   * @retval HAL Status.
1073:Drivers/STM32U5xx_HAL_Driver/Src/stm32u5xx_hal_pwr_ex.c ****   */
1074:Drivers/STM32U5xx_HAL_Driver/Src/stm32u5xx_hal_pwr_ex.c **** HAL_StatusTypeDef HAL_PWREx_ConfigPVM(PWR_PVMTypeDef *pConfigPVM)
1075:Drivers/STM32U5xx_HAL_Driver/Src/stm32u5xx_hal_pwr_ex.c **** {
 997              		.loc 1 1075 1 is_stmt 1 view -0
 998              		.cfi_startproc
 999              		@ args = 0, pretend = 0, frame = 0
 1000              		@ frame_needed = 0, uses_anonymous_args = 0
 1001              		@ link register save eliminated.
1076:Drivers/STM32U5xx_HAL_Driver/Src/stm32u5xx_hal_pwr_ex.c ****   /* Check the PVM parameter */
1077:Drivers/STM32U5xx_HAL_Driver/Src/stm32u5xx_hal_pwr_ex.c ****   if (pConfigPVM == NULL)
 1002              		.loc 1 1077 3 view .LVU216
 1003              		.loc 1 1077 6 is_stmt 0 view .LVU217
 1004 0000 0246     		mov	r2, r0
 1005 0002 0028     		cmp	r0, #0
 1006 0004 00F01281 		beq	.L110
1078:Drivers/STM32U5xx_HAL_Driver/Src/stm32u5xx_hal_pwr_ex.c ****   {
1079:Drivers/STM32U5xx_HAL_Driver/Src/stm32u5xx_hal_pwr_ex.c ****     return HAL_ERROR;
1080:Drivers/STM32U5xx_HAL_Driver/Src/stm32u5xx_hal_pwr_ex.c ****   }
1081:Drivers/STM32U5xx_HAL_Driver/Src/stm32u5xx_hal_pwr_ex.c **** 
1082:Drivers/STM32U5xx_HAL_Driver/Src/stm32u5xx_hal_pwr_ex.c ****   /* Check the parameters */
1083:Drivers/STM32U5xx_HAL_Driver/Src/stm32u5xx_hal_pwr_ex.c ****   assert_param(IS_PWR_PVM_TYPE(pConfigPVM->PVMType));
 1007              		.loc 1 1083 3 is_stmt 1 view .LVU218
1084:Drivers/STM32U5xx_HAL_Driver/Src/stm32u5xx_hal_pwr_ex.c ****   assert_param(IS_PWR_PVM_MODE(pConfigPVM->Mode));
 1008              		.loc 1 1084 3 view .LVU219
1085:Drivers/STM32U5xx_HAL_Driver/Src/stm32u5xx_hal_pwr_ex.c **** 
1086:Drivers/STM32U5xx_HAL_Driver/Src/stm32u5xx_hal_pwr_ex.c ****   /* Check the peripheral voltage monitor type */
1087:Drivers/STM32U5xx_HAL_Driver/Src/stm32u5xx_hal_pwr_ex.c ****   switch (pConfigPVM->PVMType)
 1009              		.loc 1 1087 3 view .LVU220
ARM GAS  /var/folders/j8/bx6g0dyx2gg_pdn7l_y1sb9c0000gn/T//cc9zwmjj.s 			page 39


 1010              		.loc 1 1087 21 is_stmt 0 view .LVU221
 1011 0008 0368     		ldr	r3, [r0]
 1012              		.loc 1 1087 3 view .LVU222
 1013 000a B3F1806F 		cmp	r3, #67108864
 1014 000e 00F0CE80 		beq	.L93
 1015 0012 48D8     		bhi	.L94
 1016 0014 B3F1807F 		cmp	r3, #16777216
 1017 0018 00F08A80 		beq	.L95
 1018 001c B3F1007F 		cmp	r3, #33554432
 1019 0020 3FD1     		bne	.L115
1088:Drivers/STM32U5xx_HAL_Driver/Src/stm32u5xx_hal_pwr_ex.c ****   {
1089:Drivers/STM32U5xx_HAL_Driver/Src/stm32u5xx_hal_pwr_ex.c ****     case PWR_UVM: /* Independent USB voltage monitor */
1090:Drivers/STM32U5xx_HAL_Driver/Src/stm32u5xx_hal_pwr_ex.c **** 
1091:Drivers/STM32U5xx_HAL_Driver/Src/stm32u5xx_hal_pwr_ex.c ****       /* Disable EXTI UVM event and interrupt */
1092:Drivers/STM32U5xx_HAL_Driver/Src/stm32u5xx_hal_pwr_ex.c ****       __HAL_PWR_UVM_EXTI_DISABLE_EVENT();
1093:Drivers/STM32U5xx_HAL_Driver/Src/stm32u5xx_hal_pwr_ex.c ****       __HAL_PWR_UVM_EXTI_DISABLE_IT();
1094:Drivers/STM32U5xx_HAL_Driver/Src/stm32u5xx_hal_pwr_ex.c ****       __HAL_PWR_UVM_EXTI_DISABLE_RISING_EDGE();
1095:Drivers/STM32U5xx_HAL_Driver/Src/stm32u5xx_hal_pwr_ex.c ****       __HAL_PWR_UVM_EXTI_DISABLE_FALLING_EDGE();
1096:Drivers/STM32U5xx_HAL_Driver/Src/stm32u5xx_hal_pwr_ex.c **** 
1097:Drivers/STM32U5xx_HAL_Driver/Src/stm32u5xx_hal_pwr_ex.c ****       /* Configure the UVM in interrupt mode */
1098:Drivers/STM32U5xx_HAL_Driver/Src/stm32u5xx_hal_pwr_ex.c ****       if ((pConfigPVM->Mode & PVM_MODE_IT) == PVM_MODE_IT)
1099:Drivers/STM32U5xx_HAL_Driver/Src/stm32u5xx_hal_pwr_ex.c ****       {
1100:Drivers/STM32U5xx_HAL_Driver/Src/stm32u5xx_hal_pwr_ex.c ****         __HAL_PWR_UVM_EXTI_ENABLE_IT();
1101:Drivers/STM32U5xx_HAL_Driver/Src/stm32u5xx_hal_pwr_ex.c ****       }
1102:Drivers/STM32U5xx_HAL_Driver/Src/stm32u5xx_hal_pwr_ex.c **** 
1103:Drivers/STM32U5xx_HAL_Driver/Src/stm32u5xx_hal_pwr_ex.c ****       /* Configure the UVM in event mode */
1104:Drivers/STM32U5xx_HAL_Driver/Src/stm32u5xx_hal_pwr_ex.c ****       if ((pConfigPVM->Mode & PVM_MODE_EVT) == PVM_MODE_EVT)
1105:Drivers/STM32U5xx_HAL_Driver/Src/stm32u5xx_hal_pwr_ex.c ****       {
1106:Drivers/STM32U5xx_HAL_Driver/Src/stm32u5xx_hal_pwr_ex.c ****         __HAL_PWR_UVM_EXTI_ENABLE_EVENT();
1107:Drivers/STM32U5xx_HAL_Driver/Src/stm32u5xx_hal_pwr_ex.c ****       }
1108:Drivers/STM32U5xx_HAL_Driver/Src/stm32u5xx_hal_pwr_ex.c **** 
1109:Drivers/STM32U5xx_HAL_Driver/Src/stm32u5xx_hal_pwr_ex.c ****       /* Configure the UVM in rising edge */
1110:Drivers/STM32U5xx_HAL_Driver/Src/stm32u5xx_hal_pwr_ex.c ****       if ((pConfigPVM->Mode & PVM_RISING_EDGE) == PVM_RISING_EDGE)
1111:Drivers/STM32U5xx_HAL_Driver/Src/stm32u5xx_hal_pwr_ex.c ****       {
1112:Drivers/STM32U5xx_HAL_Driver/Src/stm32u5xx_hal_pwr_ex.c ****         __HAL_PWR_UVM_EXTI_ENABLE_RISING_EDGE();
1113:Drivers/STM32U5xx_HAL_Driver/Src/stm32u5xx_hal_pwr_ex.c ****       }
1114:Drivers/STM32U5xx_HAL_Driver/Src/stm32u5xx_hal_pwr_ex.c **** 
1115:Drivers/STM32U5xx_HAL_Driver/Src/stm32u5xx_hal_pwr_ex.c ****       /* Configure the UVM in falling edge */
1116:Drivers/STM32U5xx_HAL_Driver/Src/stm32u5xx_hal_pwr_ex.c ****       if ((pConfigPVM->Mode & PVM_FALLING_EDGE) == PVM_FALLING_EDGE)
1117:Drivers/STM32U5xx_HAL_Driver/Src/stm32u5xx_hal_pwr_ex.c ****       {
1118:Drivers/STM32U5xx_HAL_Driver/Src/stm32u5xx_hal_pwr_ex.c ****         __HAL_PWR_UVM_EXTI_ENABLE_FALLING_EDGE();
1119:Drivers/STM32U5xx_HAL_Driver/Src/stm32u5xx_hal_pwr_ex.c ****       }
1120:Drivers/STM32U5xx_HAL_Driver/Src/stm32u5xx_hal_pwr_ex.c **** 
1121:Drivers/STM32U5xx_HAL_Driver/Src/stm32u5xx_hal_pwr_ex.c ****       break;
1122:Drivers/STM32U5xx_HAL_Driver/Src/stm32u5xx_hal_pwr_ex.c **** 
1123:Drivers/STM32U5xx_HAL_Driver/Src/stm32u5xx_hal_pwr_ex.c ****     case PWR_IO2VM: /* Independent I/Os voltage monitor */
1124:Drivers/STM32U5xx_HAL_Driver/Src/stm32u5xx_hal_pwr_ex.c **** 
1125:Drivers/STM32U5xx_HAL_Driver/Src/stm32u5xx_hal_pwr_ex.c ****       /* Disable EXTI IO2VM event and interrupt */
1126:Drivers/STM32U5xx_HAL_Driver/Src/stm32u5xx_hal_pwr_ex.c ****       __HAL_PWR_IO2VM_EXTI_DISABLE_EVENT();
 1020              		.loc 1 1126 7 is_stmt 1 view .LVU223
 1021 0022 874B     		ldr	r3, .L117
 1022 0024 D3F88410 		ldr	r1, [r3, #132]
 1023 0028 21F48011 		bic	r1, r1, #1048576
 1024 002c C3F88410 		str	r1, [r3, #132]
1127:Drivers/STM32U5xx_HAL_Driver/Src/stm32u5xx_hal_pwr_ex.c ****       __HAL_PWR_IO2VM_EXTI_DISABLE_IT();
 1025              		.loc 1 1127 7 view .LVU224
 1026 0030 D3F88010 		ldr	r1, [r3, #128]
ARM GAS  /var/folders/j8/bx6g0dyx2gg_pdn7l_y1sb9c0000gn/T//cc9zwmjj.s 			page 40


 1027 0034 21F48011 		bic	r1, r1, #1048576
 1028 0038 C3F88010 		str	r1, [r3, #128]
1128:Drivers/STM32U5xx_HAL_Driver/Src/stm32u5xx_hal_pwr_ex.c ****       __HAL_PWR_IO2VM_EXTI_DISABLE_RISING_EDGE();
 1029              		.loc 1 1128 7 view .LVU225
 1030 003c 1968     		ldr	r1, [r3]
 1031 003e 21F48011 		bic	r1, r1, #1048576
 1032 0042 1960     		str	r1, [r3]
1129:Drivers/STM32U5xx_HAL_Driver/Src/stm32u5xx_hal_pwr_ex.c ****       __HAL_PWR_IO2VM_EXTI_DISABLE_FALLING_EDGE();
 1033              		.loc 1 1129 7 view .LVU226
 1034 0044 5968     		ldr	r1, [r3, #4]
 1035 0046 21F48011 		bic	r1, r1, #1048576
 1036 004a 5960     		str	r1, [r3, #4]
1130:Drivers/STM32U5xx_HAL_Driver/Src/stm32u5xx_hal_pwr_ex.c **** 
1131:Drivers/STM32U5xx_HAL_Driver/Src/stm32u5xx_hal_pwr_ex.c ****       /* Configure the IO2VM in interrupt mode */
1132:Drivers/STM32U5xx_HAL_Driver/Src/stm32u5xx_hal_pwr_ex.c ****       if ((pConfigPVM->Mode & PVM_MODE_IT) == PVM_MODE_IT)
 1037              		.loc 1 1132 7 view .LVU227
 1038              		.loc 1 1132 22 is_stmt 0 view .LVU228
 1039 004c 4368     		ldr	r3, [r0, #4]
 1040              		.loc 1 1132 10 view .LVU229
 1041 004e 13F0040F 		tst	r3, #4
 1042 0052 06D0     		beq	.L101
1133:Drivers/STM32U5xx_HAL_Driver/Src/stm32u5xx_hal_pwr_ex.c ****       {
1134:Drivers/STM32U5xx_HAL_Driver/Src/stm32u5xx_hal_pwr_ex.c ****         __HAL_PWR_IO2VM_EXTI_ENABLE_IT();
 1043              		.loc 1 1134 9 is_stmt 1 view .LVU230
 1044 0054 7A49     		ldr	r1, .L117
 1045 0056 D1F88030 		ldr	r3, [r1, #128]
 1046 005a 43F48013 		orr	r3, r3, #1048576
 1047 005e C1F88030 		str	r3, [r1, #128]
 1048              	.L101:
1135:Drivers/STM32U5xx_HAL_Driver/Src/stm32u5xx_hal_pwr_ex.c ****       }
1136:Drivers/STM32U5xx_HAL_Driver/Src/stm32u5xx_hal_pwr_ex.c **** 
1137:Drivers/STM32U5xx_HAL_Driver/Src/stm32u5xx_hal_pwr_ex.c ****       /* Configure the IO2VM in event mode */
1138:Drivers/STM32U5xx_HAL_Driver/Src/stm32u5xx_hal_pwr_ex.c ****       if ((pConfigPVM->Mode & PVM_MODE_EVT) == PVM_MODE_EVT)
 1049              		.loc 1 1138 7 view .LVU231
 1050              		.loc 1 1138 22 is_stmt 0 view .LVU232
 1051 0062 5368     		ldr	r3, [r2, #4]
 1052              		.loc 1 1138 10 view .LVU233
 1053 0064 13F0080F 		tst	r3, #8
 1054 0068 06D0     		beq	.L102
1139:Drivers/STM32U5xx_HAL_Driver/Src/stm32u5xx_hal_pwr_ex.c ****       {
1140:Drivers/STM32U5xx_HAL_Driver/Src/stm32u5xx_hal_pwr_ex.c ****         __HAL_PWR_IO2VM_EXTI_ENABLE_EVENT();
 1055              		.loc 1 1140 9 is_stmt 1 view .LVU234
 1056 006a 7549     		ldr	r1, .L117
 1057 006c D1F88430 		ldr	r3, [r1, #132]
 1058 0070 43F48013 		orr	r3, r3, #1048576
 1059 0074 C1F88430 		str	r3, [r1, #132]
 1060              	.L102:
1141:Drivers/STM32U5xx_HAL_Driver/Src/stm32u5xx_hal_pwr_ex.c ****       }
1142:Drivers/STM32U5xx_HAL_Driver/Src/stm32u5xx_hal_pwr_ex.c **** 
1143:Drivers/STM32U5xx_HAL_Driver/Src/stm32u5xx_hal_pwr_ex.c ****       /* Configure the IO2VM in rising edge */
1144:Drivers/STM32U5xx_HAL_Driver/Src/stm32u5xx_hal_pwr_ex.c ****       if ((pConfigPVM->Mode & PVM_RISING_EDGE) == PVM_RISING_EDGE)
 1061              		.loc 1 1144 7 view .LVU235
 1062              		.loc 1 1144 22 is_stmt 0 view .LVU236
 1063 0078 5368     		ldr	r3, [r2, #4]
 1064              		.loc 1 1144 10 view .LVU237
 1065 007a 13F0010F 		tst	r3, #1
 1066 007e 04D0     		beq	.L103
ARM GAS  /var/folders/j8/bx6g0dyx2gg_pdn7l_y1sb9c0000gn/T//cc9zwmjj.s 			page 41


1145:Drivers/STM32U5xx_HAL_Driver/Src/stm32u5xx_hal_pwr_ex.c ****       {
1146:Drivers/STM32U5xx_HAL_Driver/Src/stm32u5xx_hal_pwr_ex.c ****         __HAL_PWR_IO2VM_EXTI_ENABLE_RISING_EDGE();
 1067              		.loc 1 1146 9 is_stmt 1 view .LVU238
 1068 0080 6F49     		ldr	r1, .L117
 1069 0082 0B68     		ldr	r3, [r1]
 1070 0084 43F48013 		orr	r3, r3, #1048576
 1071 0088 0B60     		str	r3, [r1]
 1072              	.L103:
1147:Drivers/STM32U5xx_HAL_Driver/Src/stm32u5xx_hal_pwr_ex.c ****       }
1148:Drivers/STM32U5xx_HAL_Driver/Src/stm32u5xx_hal_pwr_ex.c **** 
1149:Drivers/STM32U5xx_HAL_Driver/Src/stm32u5xx_hal_pwr_ex.c ****       /* Configure the IO2VM in falling edge */
1150:Drivers/STM32U5xx_HAL_Driver/Src/stm32u5xx_hal_pwr_ex.c ****       if ((pConfigPVM->Mode & PVM_FALLING_EDGE) == PVM_FALLING_EDGE)
 1073              		.loc 1 1150 7 view .LVU239
 1074              		.loc 1 1150 22 is_stmt 0 view .LVU240
 1075 008a 5368     		ldr	r3, [r2, #4]
 1076              		.loc 1 1150 10 view .LVU241
 1077 008c 13F0020F 		tst	r3, #2
 1078 0090 00F0D080 		beq	.L112
1151:Drivers/STM32U5xx_HAL_Driver/Src/stm32u5xx_hal_pwr_ex.c ****       {
1152:Drivers/STM32U5xx_HAL_Driver/Src/stm32u5xx_hal_pwr_ex.c ****         __HAL_PWR_IO2VM_EXTI_ENABLE_FALLING_EDGE();
 1079              		.loc 1 1152 9 is_stmt 1 view .LVU242
 1080 0094 6A4A     		ldr	r2, .L117
 1081 0096 5368     		ldr	r3, [r2, #4]
 1082 0098 43F48013 		orr	r3, r3, #1048576
 1083 009c 5360     		str	r3, [r2, #4]
1153:Drivers/STM32U5xx_HAL_Driver/Src/stm32u5xx_hal_pwr_ex.c ****       }
1154:Drivers/STM32U5xx_HAL_Driver/Src/stm32u5xx_hal_pwr_ex.c **** 
1155:Drivers/STM32U5xx_HAL_Driver/Src/stm32u5xx_hal_pwr_ex.c ****       break;
1156:Drivers/STM32U5xx_HAL_Driver/Src/stm32u5xx_hal_pwr_ex.c **** 
1157:Drivers/STM32U5xx_HAL_Driver/Src/stm32u5xx_hal_pwr_ex.c ****     case PWR_AVM1: /* VDDA Independent analog supply voltage monitor 1 (1.6V threshold) */
1158:Drivers/STM32U5xx_HAL_Driver/Src/stm32u5xx_hal_pwr_ex.c **** 
1159:Drivers/STM32U5xx_HAL_Driver/Src/stm32u5xx_hal_pwr_ex.c ****       /* Disable EXTI AVM1 event and interrupt */
1160:Drivers/STM32U5xx_HAL_Driver/Src/stm32u5xx_hal_pwr_ex.c ****       __HAL_PWR_AVM1_EXTI_DISABLE_EVENT();
1161:Drivers/STM32U5xx_HAL_Driver/Src/stm32u5xx_hal_pwr_ex.c ****       __HAL_PWR_AVM1_EXTI_DISABLE_IT();
1162:Drivers/STM32U5xx_HAL_Driver/Src/stm32u5xx_hal_pwr_ex.c ****       __HAL_PWR_AVM1_EXTI_DISABLE_RISING_EDGE();
1163:Drivers/STM32U5xx_HAL_Driver/Src/stm32u5xx_hal_pwr_ex.c ****       __HAL_PWR_AVM1_EXTI_DISABLE_FALLING_EDGE();
1164:Drivers/STM32U5xx_HAL_Driver/Src/stm32u5xx_hal_pwr_ex.c **** 
1165:Drivers/STM32U5xx_HAL_Driver/Src/stm32u5xx_hal_pwr_ex.c ****       /* Configure the AVM1 in interrupt mode */
1166:Drivers/STM32U5xx_HAL_Driver/Src/stm32u5xx_hal_pwr_ex.c ****       if ((pConfigPVM->Mode & PVM_MODE_IT) == PVM_MODE_IT)
1167:Drivers/STM32U5xx_HAL_Driver/Src/stm32u5xx_hal_pwr_ex.c ****       {
1168:Drivers/STM32U5xx_HAL_Driver/Src/stm32u5xx_hal_pwr_ex.c ****         __HAL_PWR_AVM1_EXTI_ENABLE_IT();
1169:Drivers/STM32U5xx_HAL_Driver/Src/stm32u5xx_hal_pwr_ex.c ****       }
1170:Drivers/STM32U5xx_HAL_Driver/Src/stm32u5xx_hal_pwr_ex.c **** 
1171:Drivers/STM32U5xx_HAL_Driver/Src/stm32u5xx_hal_pwr_ex.c ****       /* Configure the AVM1 in event mode */
1172:Drivers/STM32U5xx_HAL_Driver/Src/stm32u5xx_hal_pwr_ex.c ****       if ((pConfigPVM->Mode & PVM_MODE_EVT) == PVM_MODE_EVT)
1173:Drivers/STM32U5xx_HAL_Driver/Src/stm32u5xx_hal_pwr_ex.c ****       {
1174:Drivers/STM32U5xx_HAL_Driver/Src/stm32u5xx_hal_pwr_ex.c ****         __HAL_PWR_AVM1_EXTI_ENABLE_EVENT();
1175:Drivers/STM32U5xx_HAL_Driver/Src/stm32u5xx_hal_pwr_ex.c ****       }
1176:Drivers/STM32U5xx_HAL_Driver/Src/stm32u5xx_hal_pwr_ex.c **** 
1177:Drivers/STM32U5xx_HAL_Driver/Src/stm32u5xx_hal_pwr_ex.c ****       /* Configure the AVM1 in rising edge */
1178:Drivers/STM32U5xx_HAL_Driver/Src/stm32u5xx_hal_pwr_ex.c ****       if ((pConfigPVM->Mode & PVM_RISING_EDGE) == PVM_RISING_EDGE)
1179:Drivers/STM32U5xx_HAL_Driver/Src/stm32u5xx_hal_pwr_ex.c ****       {
1180:Drivers/STM32U5xx_HAL_Driver/Src/stm32u5xx_hal_pwr_ex.c ****         __HAL_PWR_AVM1_EXTI_ENABLE_RISING_EDGE();
1181:Drivers/STM32U5xx_HAL_Driver/Src/stm32u5xx_hal_pwr_ex.c ****       }
1182:Drivers/STM32U5xx_HAL_Driver/Src/stm32u5xx_hal_pwr_ex.c **** 
1183:Drivers/STM32U5xx_HAL_Driver/Src/stm32u5xx_hal_pwr_ex.c ****       /* Configure the AVM1 in falling edge */
1184:Drivers/STM32U5xx_HAL_Driver/Src/stm32u5xx_hal_pwr_ex.c ****       if ((pConfigPVM->Mode & PVM_FALLING_EDGE) == PVM_FALLING_EDGE)
ARM GAS  /var/folders/j8/bx6g0dyx2gg_pdn7l_y1sb9c0000gn/T//cc9zwmjj.s 			page 42


1185:Drivers/STM32U5xx_HAL_Driver/Src/stm32u5xx_hal_pwr_ex.c ****       {
1186:Drivers/STM32U5xx_HAL_Driver/Src/stm32u5xx_hal_pwr_ex.c ****         __HAL_PWR_AVM1_EXTI_ENABLE_FALLING_EDGE();
1187:Drivers/STM32U5xx_HAL_Driver/Src/stm32u5xx_hal_pwr_ex.c ****       }
1188:Drivers/STM32U5xx_HAL_Driver/Src/stm32u5xx_hal_pwr_ex.c **** 
1189:Drivers/STM32U5xx_HAL_Driver/Src/stm32u5xx_hal_pwr_ex.c ****       break;
1190:Drivers/STM32U5xx_HAL_Driver/Src/stm32u5xx_hal_pwr_ex.c **** 
1191:Drivers/STM32U5xx_HAL_Driver/Src/stm32u5xx_hal_pwr_ex.c ****     case PWR_AVM2: /* VDDA Independent analog supply voltage monitor 2 (1.8V threshold) */
1192:Drivers/STM32U5xx_HAL_Driver/Src/stm32u5xx_hal_pwr_ex.c **** 
1193:Drivers/STM32U5xx_HAL_Driver/Src/stm32u5xx_hal_pwr_ex.c ****       /* Disable EXTI AVM2 event and interrupt */
1194:Drivers/STM32U5xx_HAL_Driver/Src/stm32u5xx_hal_pwr_ex.c ****       __HAL_PWR_AVM2_EXTI_DISABLE_EVENT();
1195:Drivers/STM32U5xx_HAL_Driver/Src/stm32u5xx_hal_pwr_ex.c ****       __HAL_PWR_AVM2_EXTI_DISABLE_IT();
1196:Drivers/STM32U5xx_HAL_Driver/Src/stm32u5xx_hal_pwr_ex.c ****       __HAL_PWR_AVM2_EXTI_DISABLE_RISING_EDGE();
1197:Drivers/STM32U5xx_HAL_Driver/Src/stm32u5xx_hal_pwr_ex.c ****       __HAL_PWR_AVM2_EXTI_DISABLE_FALLING_EDGE();
1198:Drivers/STM32U5xx_HAL_Driver/Src/stm32u5xx_hal_pwr_ex.c **** 
1199:Drivers/STM32U5xx_HAL_Driver/Src/stm32u5xx_hal_pwr_ex.c ****       /* Configure the AVM2 in interrupt mode */
1200:Drivers/STM32U5xx_HAL_Driver/Src/stm32u5xx_hal_pwr_ex.c ****       if ((pConfigPVM->Mode & PVM_MODE_IT) == PVM_MODE_IT)
1201:Drivers/STM32U5xx_HAL_Driver/Src/stm32u5xx_hal_pwr_ex.c ****       {
1202:Drivers/STM32U5xx_HAL_Driver/Src/stm32u5xx_hal_pwr_ex.c ****         __HAL_PWR_AVM2_EXTI_ENABLE_IT();
1203:Drivers/STM32U5xx_HAL_Driver/Src/stm32u5xx_hal_pwr_ex.c ****       }
1204:Drivers/STM32U5xx_HAL_Driver/Src/stm32u5xx_hal_pwr_ex.c **** 
1205:Drivers/STM32U5xx_HAL_Driver/Src/stm32u5xx_hal_pwr_ex.c ****       /* Configure the AVM2 in event mode */
1206:Drivers/STM32U5xx_HAL_Driver/Src/stm32u5xx_hal_pwr_ex.c ****       if ((pConfigPVM->Mode & PVM_MODE_EVT) == PVM_MODE_EVT)
1207:Drivers/STM32U5xx_HAL_Driver/Src/stm32u5xx_hal_pwr_ex.c ****       {
1208:Drivers/STM32U5xx_HAL_Driver/Src/stm32u5xx_hal_pwr_ex.c ****         __HAL_PWR_AVM2_EXTI_ENABLE_EVENT();
1209:Drivers/STM32U5xx_HAL_Driver/Src/stm32u5xx_hal_pwr_ex.c ****       }
1210:Drivers/STM32U5xx_HAL_Driver/Src/stm32u5xx_hal_pwr_ex.c **** 
1211:Drivers/STM32U5xx_HAL_Driver/Src/stm32u5xx_hal_pwr_ex.c ****       /* Configure the AVM2 in rising edge */
1212:Drivers/STM32U5xx_HAL_Driver/Src/stm32u5xx_hal_pwr_ex.c ****       if ((pConfigPVM->Mode & PVM_RISING_EDGE) == PVM_RISING_EDGE)
1213:Drivers/STM32U5xx_HAL_Driver/Src/stm32u5xx_hal_pwr_ex.c ****       {
1214:Drivers/STM32U5xx_HAL_Driver/Src/stm32u5xx_hal_pwr_ex.c ****         __HAL_PWR_AVM2_EXTI_ENABLE_RISING_EDGE();
1215:Drivers/STM32U5xx_HAL_Driver/Src/stm32u5xx_hal_pwr_ex.c ****       }
1216:Drivers/STM32U5xx_HAL_Driver/Src/stm32u5xx_hal_pwr_ex.c **** 
1217:Drivers/STM32U5xx_HAL_Driver/Src/stm32u5xx_hal_pwr_ex.c ****       /* Configure the AVM2 in falling edge */
1218:Drivers/STM32U5xx_HAL_Driver/Src/stm32u5xx_hal_pwr_ex.c ****       if ((pConfigPVM->Mode & PVM_FALLING_EDGE) == PVM_FALLING_EDGE)
1219:Drivers/STM32U5xx_HAL_Driver/Src/stm32u5xx_hal_pwr_ex.c ****       {
1220:Drivers/STM32U5xx_HAL_Driver/Src/stm32u5xx_hal_pwr_ex.c ****         __HAL_PWR_AVM2_EXTI_ENABLE_FALLING_EDGE();
1221:Drivers/STM32U5xx_HAL_Driver/Src/stm32u5xx_hal_pwr_ex.c ****       }
1222:Drivers/STM32U5xx_HAL_Driver/Src/stm32u5xx_hal_pwr_ex.c **** 
1223:Drivers/STM32U5xx_HAL_Driver/Src/stm32u5xx_hal_pwr_ex.c ****       break;
1224:Drivers/STM32U5xx_HAL_Driver/Src/stm32u5xx_hal_pwr_ex.c **** 
1225:Drivers/STM32U5xx_HAL_Driver/Src/stm32u5xx_hal_pwr_ex.c ****     default: /* No valid voltage monitor selected */
1226:Drivers/STM32U5xx_HAL_Driver/Src/stm32u5xx_hal_pwr_ex.c ****       return HAL_ERROR;
1227:Drivers/STM32U5xx_HAL_Driver/Src/stm32u5xx_hal_pwr_ex.c ****       break;
1228:Drivers/STM32U5xx_HAL_Driver/Src/stm32u5xx_hal_pwr_ex.c ****   }
1229:Drivers/STM32U5xx_HAL_Driver/Src/stm32u5xx_hal_pwr_ex.c **** 
1230:Drivers/STM32U5xx_HAL_Driver/Src/stm32u5xx_hal_pwr_ex.c ****   return HAL_OK;
 1084              		.loc 1 1230 10 is_stmt 0 view .LVU243
 1085 009e 0020     		movs	r0, #0
 1086              	.LVL41:
 1087              		.loc 1 1230 10 view .LVU244
 1088 00a0 7047     		bx	lr
 1089              	.LVL42:
 1090              	.L115:
1087:Drivers/STM32U5xx_HAL_Driver/Src/stm32u5xx_hal_pwr_ex.c ****   {
 1091              		.loc 1 1087 3 view .LVU245
 1092 00a2 0120     		movs	r0, #1
 1093              	.LVL43:
ARM GAS  /var/folders/j8/bx6g0dyx2gg_pdn7l_y1sb9c0000gn/T//cc9zwmjj.s 			page 43


1087:Drivers/STM32U5xx_HAL_Driver/Src/stm32u5xx_hal_pwr_ex.c ****   {
 1094              		.loc 1 1087 3 view .LVU246
 1095 00a4 7047     		bx	lr
 1096              	.LVL44:
 1097              	.L94:
1087:Drivers/STM32U5xx_HAL_Driver/Src/stm32u5xx_hal_pwr_ex.c ****   {
 1098              		.loc 1 1087 3 view .LVU247
 1099 00a6 B3F1006F 		cmp	r3, #134217728
 1100 00aa 3FD1     		bne	.L116
1194:Drivers/STM32U5xx_HAL_Driver/Src/stm32u5xx_hal_pwr_ex.c ****       __HAL_PWR_AVM2_EXTI_DISABLE_IT();
 1101              		.loc 1 1194 7 is_stmt 1 view .LVU248
 1102 00ac 644B     		ldr	r3, .L117
 1103 00ae D3F88410 		ldr	r1, [r3, #132]
 1104 00b2 21F48001 		bic	r1, r1, #4194304
 1105 00b6 C3F88410 		str	r1, [r3, #132]
1195:Drivers/STM32U5xx_HAL_Driver/Src/stm32u5xx_hal_pwr_ex.c ****       __HAL_PWR_AVM2_EXTI_DISABLE_RISING_EDGE();
 1106              		.loc 1 1195 7 view .LVU249
 1107 00ba D3F88010 		ldr	r1, [r3, #128]
 1108 00be 21F48001 		bic	r1, r1, #4194304
 1109 00c2 C3F88010 		str	r1, [r3, #128]
1196:Drivers/STM32U5xx_HAL_Driver/Src/stm32u5xx_hal_pwr_ex.c ****       __HAL_PWR_AVM2_EXTI_DISABLE_FALLING_EDGE();
 1110              		.loc 1 1196 7 view .LVU250
 1111 00c6 1968     		ldr	r1, [r3]
 1112 00c8 21F48001 		bic	r1, r1, #4194304
 1113 00cc 1960     		str	r1, [r3]
1197:Drivers/STM32U5xx_HAL_Driver/Src/stm32u5xx_hal_pwr_ex.c **** 
 1114              		.loc 1 1197 7 view .LVU251
 1115 00ce 5968     		ldr	r1, [r3, #4]
 1116 00d0 21F48001 		bic	r1, r1, #4194304
 1117 00d4 5960     		str	r1, [r3, #4]
1200:Drivers/STM32U5xx_HAL_Driver/Src/stm32u5xx_hal_pwr_ex.c ****       {
 1118              		.loc 1 1200 7 view .LVU252
1200:Drivers/STM32U5xx_HAL_Driver/Src/stm32u5xx_hal_pwr_ex.c ****       {
 1119              		.loc 1 1200 22 is_stmt 0 view .LVU253
 1120 00d6 4368     		ldr	r3, [r0, #4]
1200:Drivers/STM32U5xx_HAL_Driver/Src/stm32u5xx_hal_pwr_ex.c ****       {
 1121              		.loc 1 1200 10 view .LVU254
 1122 00d8 13F0040F 		tst	r3, #4
 1123 00dc 06D0     		beq	.L107
1202:Drivers/STM32U5xx_HAL_Driver/Src/stm32u5xx_hal_pwr_ex.c ****       }
 1124              		.loc 1 1202 9 is_stmt 1 view .LVU255
 1125 00de 5849     		ldr	r1, .L117
 1126 00e0 D1F88030 		ldr	r3, [r1, #128]
 1127 00e4 43F48003 		orr	r3, r3, #4194304
 1128 00e8 C1F88030 		str	r3, [r1, #128]
 1129              	.L107:
1206:Drivers/STM32U5xx_HAL_Driver/Src/stm32u5xx_hal_pwr_ex.c ****       {
 1130              		.loc 1 1206 7 view .LVU256
1206:Drivers/STM32U5xx_HAL_Driver/Src/stm32u5xx_hal_pwr_ex.c ****       {
 1131              		.loc 1 1206 22 is_stmt 0 view .LVU257
 1132 00ec 5368     		ldr	r3, [r2, #4]
1206:Drivers/STM32U5xx_HAL_Driver/Src/stm32u5xx_hal_pwr_ex.c ****       {
 1133              		.loc 1 1206 10 view .LVU258
 1134 00ee 13F0080F 		tst	r3, #8
 1135 00f2 06D0     		beq	.L108
1208:Drivers/STM32U5xx_HAL_Driver/Src/stm32u5xx_hal_pwr_ex.c ****       }
 1136              		.loc 1 1208 9 is_stmt 1 view .LVU259
ARM GAS  /var/folders/j8/bx6g0dyx2gg_pdn7l_y1sb9c0000gn/T//cc9zwmjj.s 			page 44


 1137 00f4 5249     		ldr	r1, .L117
 1138 00f6 D1F88430 		ldr	r3, [r1, #132]
 1139 00fa 43F48003 		orr	r3, r3, #4194304
 1140 00fe C1F88430 		str	r3, [r1, #132]
 1141              	.L108:
1212:Drivers/STM32U5xx_HAL_Driver/Src/stm32u5xx_hal_pwr_ex.c ****       {
 1142              		.loc 1 1212 7 view .LVU260
1212:Drivers/STM32U5xx_HAL_Driver/Src/stm32u5xx_hal_pwr_ex.c ****       {
 1143              		.loc 1 1212 22 is_stmt 0 view .LVU261
 1144 0102 5368     		ldr	r3, [r2, #4]
1212:Drivers/STM32U5xx_HAL_Driver/Src/stm32u5xx_hal_pwr_ex.c ****       {
 1145              		.loc 1 1212 10 view .LVU262
 1146 0104 13F0010F 		tst	r3, #1
 1147 0108 04D0     		beq	.L109
1214:Drivers/STM32U5xx_HAL_Driver/Src/stm32u5xx_hal_pwr_ex.c ****       }
 1148              		.loc 1 1214 9 is_stmt 1 view .LVU263
 1149 010a 4D49     		ldr	r1, .L117
 1150 010c 0B68     		ldr	r3, [r1]
 1151 010e 43F48003 		orr	r3, r3, #4194304
 1152 0112 0B60     		str	r3, [r1]
 1153              	.L109:
1218:Drivers/STM32U5xx_HAL_Driver/Src/stm32u5xx_hal_pwr_ex.c ****       {
 1154              		.loc 1 1218 7 view .LVU264
1218:Drivers/STM32U5xx_HAL_Driver/Src/stm32u5xx_hal_pwr_ex.c ****       {
 1155              		.loc 1 1218 22 is_stmt 0 view .LVU265
 1156 0114 5368     		ldr	r3, [r2, #4]
1218:Drivers/STM32U5xx_HAL_Driver/Src/stm32u5xx_hal_pwr_ex.c ****       {
 1157              		.loc 1 1218 10 view .LVU266
 1158 0116 13F0020F 		tst	r3, #2
 1159 011a 00F08F80 		beq	.L114
1220:Drivers/STM32U5xx_HAL_Driver/Src/stm32u5xx_hal_pwr_ex.c ****       }
 1160              		.loc 1 1220 9 is_stmt 1 view .LVU267
 1161 011e 484A     		ldr	r2, .L117
 1162 0120 5368     		ldr	r3, [r2, #4]
 1163 0122 43F48003 		orr	r3, r3, #4194304
 1164 0126 5360     		str	r3, [r2, #4]
 1165              		.loc 1 1230 10 is_stmt 0 view .LVU268
 1166 0128 0020     		movs	r0, #0
 1167              	.LVL45:
 1168              		.loc 1 1230 10 view .LVU269
 1169 012a 7047     		bx	lr
 1170              	.LVL46:
 1171              	.L116:
1087:Drivers/STM32U5xx_HAL_Driver/Src/stm32u5xx_hal_pwr_ex.c ****   {
 1172              		.loc 1 1087 3 view .LVU270
 1173 012c 0120     		movs	r0, #1
 1174              	.LVL47:
1087:Drivers/STM32U5xx_HAL_Driver/Src/stm32u5xx_hal_pwr_ex.c ****   {
 1175              		.loc 1 1087 3 view .LVU271
 1176 012e 7047     		bx	lr
 1177              	.LVL48:
 1178              	.L95:
1092:Drivers/STM32U5xx_HAL_Driver/Src/stm32u5xx_hal_pwr_ex.c ****       __HAL_PWR_UVM_EXTI_DISABLE_IT();
 1179              		.loc 1 1092 7 is_stmt 1 view .LVU272
 1180 0130 434B     		ldr	r3, .L117
 1181 0132 D3F88410 		ldr	r1, [r3, #132]
 1182 0136 21F40021 		bic	r1, r1, #524288
ARM GAS  /var/folders/j8/bx6g0dyx2gg_pdn7l_y1sb9c0000gn/T//cc9zwmjj.s 			page 45


 1183 013a C3F88410 		str	r1, [r3, #132]
1093:Drivers/STM32U5xx_HAL_Driver/Src/stm32u5xx_hal_pwr_ex.c ****       __HAL_PWR_UVM_EXTI_DISABLE_RISING_EDGE();
 1184              		.loc 1 1093 7 view .LVU273
 1185 013e D3F88010 		ldr	r1, [r3, #128]
 1186 0142 21F40021 		bic	r1, r1, #524288
 1187 0146 C3F88010 		str	r1, [r3, #128]
1094:Drivers/STM32U5xx_HAL_Driver/Src/stm32u5xx_hal_pwr_ex.c ****       __HAL_PWR_UVM_EXTI_DISABLE_FALLING_EDGE();
 1188              		.loc 1 1094 7 view .LVU274
 1189 014a 1968     		ldr	r1, [r3]
 1190 014c 21F40021 		bic	r1, r1, #524288
 1191 0150 1960     		str	r1, [r3]
1095:Drivers/STM32U5xx_HAL_Driver/Src/stm32u5xx_hal_pwr_ex.c **** 
 1192              		.loc 1 1095 7 view .LVU275
 1193 0152 5968     		ldr	r1, [r3, #4]
 1194 0154 21F40021 		bic	r1, r1, #524288
 1195 0158 5960     		str	r1, [r3, #4]
1098:Drivers/STM32U5xx_HAL_Driver/Src/stm32u5xx_hal_pwr_ex.c ****       {
 1196              		.loc 1 1098 7 view .LVU276
1098:Drivers/STM32U5xx_HAL_Driver/Src/stm32u5xx_hal_pwr_ex.c ****       {
 1197              		.loc 1 1098 22 is_stmt 0 view .LVU277
 1198 015a 4368     		ldr	r3, [r0, #4]
1098:Drivers/STM32U5xx_HAL_Driver/Src/stm32u5xx_hal_pwr_ex.c ****       {
 1199              		.loc 1 1098 10 view .LVU278
 1200 015c 13F0040F 		tst	r3, #4
 1201 0160 06D0     		beq	.L98
1100:Drivers/STM32U5xx_HAL_Driver/Src/stm32u5xx_hal_pwr_ex.c ****       }
 1202              		.loc 1 1100 9 is_stmt 1 view .LVU279
 1203 0162 3749     		ldr	r1, .L117
 1204 0164 D1F88030 		ldr	r3, [r1, #128]
 1205 0168 43F40023 		orr	r3, r3, #524288
 1206 016c C1F88030 		str	r3, [r1, #128]
 1207              	.L98:
1104:Drivers/STM32U5xx_HAL_Driver/Src/stm32u5xx_hal_pwr_ex.c ****       {
 1208              		.loc 1 1104 7 view .LVU280
1104:Drivers/STM32U5xx_HAL_Driver/Src/stm32u5xx_hal_pwr_ex.c ****       {
 1209              		.loc 1 1104 22 is_stmt 0 view .LVU281
 1210 0170 5368     		ldr	r3, [r2, #4]
1104:Drivers/STM32U5xx_HAL_Driver/Src/stm32u5xx_hal_pwr_ex.c ****       {
 1211              		.loc 1 1104 10 view .LVU282
 1212 0172 13F0080F 		tst	r3, #8
 1213 0176 06D0     		beq	.L99
1106:Drivers/STM32U5xx_HAL_Driver/Src/stm32u5xx_hal_pwr_ex.c ****       }
 1214              		.loc 1 1106 9 is_stmt 1 view .LVU283
 1215 0178 3149     		ldr	r1, .L117
 1216 017a D1F88430 		ldr	r3, [r1, #132]
 1217 017e 43F40023 		orr	r3, r3, #524288
 1218 0182 C1F88430 		str	r3, [r1, #132]
 1219              	.L99:
1110:Drivers/STM32U5xx_HAL_Driver/Src/stm32u5xx_hal_pwr_ex.c ****       {
 1220              		.loc 1 1110 7 view .LVU284
1110:Drivers/STM32U5xx_HAL_Driver/Src/stm32u5xx_hal_pwr_ex.c ****       {
 1221              		.loc 1 1110 22 is_stmt 0 view .LVU285
 1222 0186 5368     		ldr	r3, [r2, #4]
1110:Drivers/STM32U5xx_HAL_Driver/Src/stm32u5xx_hal_pwr_ex.c ****       {
 1223              		.loc 1 1110 10 view .LVU286
 1224 0188 13F0010F 		tst	r3, #1
 1225 018c 04D0     		beq	.L100
ARM GAS  /var/folders/j8/bx6g0dyx2gg_pdn7l_y1sb9c0000gn/T//cc9zwmjj.s 			page 46


1112:Drivers/STM32U5xx_HAL_Driver/Src/stm32u5xx_hal_pwr_ex.c ****       }
 1226              		.loc 1 1112 9 is_stmt 1 view .LVU287
 1227 018e 2C49     		ldr	r1, .L117
 1228 0190 0B68     		ldr	r3, [r1]
 1229 0192 43F40023 		orr	r3, r3, #524288
 1230 0196 0B60     		str	r3, [r1]
 1231              	.L100:
1116:Drivers/STM32U5xx_HAL_Driver/Src/stm32u5xx_hal_pwr_ex.c ****       {
 1232              		.loc 1 1116 7 view .LVU288
1116:Drivers/STM32U5xx_HAL_Driver/Src/stm32u5xx_hal_pwr_ex.c ****       {
 1233              		.loc 1 1116 22 is_stmt 0 view .LVU289
 1234 0198 5368     		ldr	r3, [r2, #4]
1116:Drivers/STM32U5xx_HAL_Driver/Src/stm32u5xx_hal_pwr_ex.c ****       {
 1235              		.loc 1 1116 10 view .LVU290
 1236 019a 13F0020F 		tst	r3, #2
 1237 019e 47D0     		beq	.L111
1118:Drivers/STM32U5xx_HAL_Driver/Src/stm32u5xx_hal_pwr_ex.c ****       }
 1238              		.loc 1 1118 9 is_stmt 1 view .LVU291
 1239 01a0 274A     		ldr	r2, .L117
 1240 01a2 5368     		ldr	r3, [r2, #4]
 1241 01a4 43F40023 		orr	r3, r3, #524288
 1242 01a8 5360     		str	r3, [r2, #4]
 1243              		.loc 1 1230 10 is_stmt 0 view .LVU292
 1244 01aa 0020     		movs	r0, #0
 1245              	.LVL49:
 1246              		.loc 1 1230 10 view .LVU293
 1247 01ac 7047     		bx	lr
 1248              	.LVL50:
 1249              	.L93:
1160:Drivers/STM32U5xx_HAL_Driver/Src/stm32u5xx_hal_pwr_ex.c ****       __HAL_PWR_AVM1_EXTI_DISABLE_IT();
 1250              		.loc 1 1160 7 is_stmt 1 view .LVU294
 1251 01ae 244B     		ldr	r3, .L117
 1252 01b0 D3F88410 		ldr	r1, [r3, #132]
 1253 01b4 21F40011 		bic	r1, r1, #2097152
 1254 01b8 C3F88410 		str	r1, [r3, #132]
1161:Drivers/STM32U5xx_HAL_Driver/Src/stm32u5xx_hal_pwr_ex.c ****       __HAL_PWR_AVM1_EXTI_DISABLE_RISING_EDGE();
 1255              		.loc 1 1161 7 view .LVU295
 1256 01bc D3F88010 		ldr	r1, [r3, #128]
 1257 01c0 21F40011 		bic	r1, r1, #2097152
 1258 01c4 C3F88010 		str	r1, [r3, #128]
1162:Drivers/STM32U5xx_HAL_Driver/Src/stm32u5xx_hal_pwr_ex.c ****       __HAL_PWR_AVM1_EXTI_DISABLE_FALLING_EDGE();
 1259              		.loc 1 1162 7 view .LVU296
 1260 01c8 1968     		ldr	r1, [r3]
 1261 01ca 21F40011 		bic	r1, r1, #2097152
 1262 01ce 1960     		str	r1, [r3]
1163:Drivers/STM32U5xx_HAL_Driver/Src/stm32u5xx_hal_pwr_ex.c **** 
 1263              		.loc 1 1163 7 view .LVU297
 1264 01d0 5968     		ldr	r1, [r3, #4]
 1265 01d2 21F40011 		bic	r1, r1, #2097152
 1266 01d6 5960     		str	r1, [r3, #4]
1166:Drivers/STM32U5xx_HAL_Driver/Src/stm32u5xx_hal_pwr_ex.c ****       {
 1267              		.loc 1 1166 7 view .LVU298
1166:Drivers/STM32U5xx_HAL_Driver/Src/stm32u5xx_hal_pwr_ex.c ****       {
 1268              		.loc 1 1166 22 is_stmt 0 view .LVU299
 1269 01d8 4368     		ldr	r3, [r0, #4]
1166:Drivers/STM32U5xx_HAL_Driver/Src/stm32u5xx_hal_pwr_ex.c ****       {
 1270              		.loc 1 1166 10 view .LVU300
ARM GAS  /var/folders/j8/bx6g0dyx2gg_pdn7l_y1sb9c0000gn/T//cc9zwmjj.s 			page 47


 1271 01da 13F0040F 		tst	r3, #4
 1272 01de 06D0     		beq	.L104
1168:Drivers/STM32U5xx_HAL_Driver/Src/stm32u5xx_hal_pwr_ex.c ****       }
 1273              		.loc 1 1168 9 is_stmt 1 view .LVU301
 1274 01e0 1749     		ldr	r1, .L117
 1275 01e2 D1F88030 		ldr	r3, [r1, #128]
 1276 01e6 43F40013 		orr	r3, r3, #2097152
 1277 01ea C1F88030 		str	r3, [r1, #128]
 1278              	.L104:
1172:Drivers/STM32U5xx_HAL_Driver/Src/stm32u5xx_hal_pwr_ex.c ****       {
 1279              		.loc 1 1172 7 view .LVU302
1172:Drivers/STM32U5xx_HAL_Driver/Src/stm32u5xx_hal_pwr_ex.c ****       {
 1280              		.loc 1 1172 22 is_stmt 0 view .LVU303
 1281 01ee 5368     		ldr	r3, [r2, #4]
1172:Drivers/STM32U5xx_HAL_Driver/Src/stm32u5xx_hal_pwr_ex.c ****       {
 1282              		.loc 1 1172 10 view .LVU304
 1283 01f0 13F0080F 		tst	r3, #8
 1284 01f4 06D0     		beq	.L105
1174:Drivers/STM32U5xx_HAL_Driver/Src/stm32u5xx_hal_pwr_ex.c ****       }
 1285              		.loc 1 1174 9 is_stmt 1 view .LVU305
 1286 01f6 1249     		ldr	r1, .L117
 1287 01f8 D1F88430 		ldr	r3, [r1, #132]
 1288 01fc 43F40013 		orr	r3, r3, #2097152
 1289 0200 C1F88430 		str	r3, [r1, #132]
 1290              	.L105:
1178:Drivers/STM32U5xx_HAL_Driver/Src/stm32u5xx_hal_pwr_ex.c ****       {
 1291              		.loc 1 1178 7 view .LVU306
1178:Drivers/STM32U5xx_HAL_Driver/Src/stm32u5xx_hal_pwr_ex.c ****       {
 1292              		.loc 1 1178 22 is_stmt 0 view .LVU307
 1293 0204 5368     		ldr	r3, [r2, #4]
1178:Drivers/STM32U5xx_HAL_Driver/Src/stm32u5xx_hal_pwr_ex.c ****       {
 1294              		.loc 1 1178 10 view .LVU308
 1295 0206 13F0010F 		tst	r3, #1
 1296 020a 04D0     		beq	.L106
1180:Drivers/STM32U5xx_HAL_Driver/Src/stm32u5xx_hal_pwr_ex.c ****       }
 1297              		.loc 1 1180 9 is_stmt 1 view .LVU309
 1298 020c 0C49     		ldr	r1, .L117
 1299 020e 0B68     		ldr	r3, [r1]
 1300 0210 43F40013 		orr	r3, r3, #2097152
 1301 0214 0B60     		str	r3, [r1]
 1302              	.L106:
1184:Drivers/STM32U5xx_HAL_Driver/Src/stm32u5xx_hal_pwr_ex.c ****       {
 1303              		.loc 1 1184 7 view .LVU310
1184:Drivers/STM32U5xx_HAL_Driver/Src/stm32u5xx_hal_pwr_ex.c ****       {
 1304              		.loc 1 1184 22 is_stmt 0 view .LVU311
 1305 0216 5368     		ldr	r3, [r2, #4]
1184:Drivers/STM32U5xx_HAL_Driver/Src/stm32u5xx_hal_pwr_ex.c ****       {
 1306              		.loc 1 1184 10 view .LVU312
 1307 0218 13F0020F 		tst	r3, #2
 1308 021c 0CD0     		beq	.L113
1186:Drivers/STM32U5xx_HAL_Driver/Src/stm32u5xx_hal_pwr_ex.c ****       }
 1309              		.loc 1 1186 9 is_stmt 1 view .LVU313
 1310 021e 084A     		ldr	r2, .L117
 1311 0220 5368     		ldr	r3, [r2, #4]
 1312 0222 43F40013 		orr	r3, r3, #2097152
 1313 0226 5360     		str	r3, [r2, #4]
 1314              		.loc 1 1230 10 is_stmt 0 view .LVU314
ARM GAS  /var/folders/j8/bx6g0dyx2gg_pdn7l_y1sb9c0000gn/T//cc9zwmjj.s 			page 48


 1315 0228 0020     		movs	r0, #0
 1316              	.LVL51:
 1317              		.loc 1 1230 10 view .LVU315
 1318 022a 7047     		bx	lr
 1319              	.LVL52:
 1320              	.L110:
1079:Drivers/STM32U5xx_HAL_Driver/Src/stm32u5xx_hal_pwr_ex.c ****   }
 1321              		.loc 1 1079 12 view .LVU316
 1322 022c 0120     		movs	r0, #1
 1323              	.LVL53:
1079:Drivers/STM32U5xx_HAL_Driver/Src/stm32u5xx_hal_pwr_ex.c ****   }
 1324              		.loc 1 1079 12 view .LVU317
 1325 022e 7047     		bx	lr
 1326              	.LVL54:
 1327              	.L111:
 1328              		.loc 1 1230 10 view .LVU318
 1329 0230 0020     		movs	r0, #0
 1330              	.LVL55:
 1331              		.loc 1 1230 10 view .LVU319
 1332 0232 7047     		bx	lr
 1333              	.LVL56:
 1334              	.L112:
 1335              		.loc 1 1230 10 view .LVU320
 1336 0234 0020     		movs	r0, #0
 1337              	.LVL57:
 1338              		.loc 1 1230 10 view .LVU321
 1339 0236 7047     		bx	lr
 1340              	.LVL58:
 1341              	.L113:
 1342              		.loc 1 1230 10 view .LVU322
 1343 0238 0020     		movs	r0, #0
 1344              	.LVL59:
 1345              		.loc 1 1230 10 view .LVU323
 1346 023a 7047     		bx	lr
 1347              	.LVL60:
 1348              	.L114:
 1349              		.loc 1 1230 10 view .LVU324
 1350 023c 0020     		movs	r0, #0
 1351              	.LVL61:
1231:Drivers/STM32U5xx_HAL_Driver/Src/stm32u5xx_hal_pwr_ex.c **** }
 1352              		.loc 1 1231 1 view .LVU325
 1353 023e 7047     		bx	lr
 1354              	.L118:
 1355              		.align	2
 1356              	.L117:
 1357 0240 00200246 		.word	1174544384
 1358              		.cfi_endproc
 1359              	.LFE172:
 1361              		.section	.text.HAL_PWREx_EnableVddUSB,"ax",%progbits
 1362              		.align	1
 1363              		.global	HAL_PWREx_EnableVddUSB
 1364              		.syntax unified
 1365              		.thumb
 1366              		.thumb_func
 1368              	HAL_PWREx_EnableVddUSB:
 1369              	.LFB173:
1232:Drivers/STM32U5xx_HAL_Driver/Src/stm32u5xx_hal_pwr_ex.c **** 
ARM GAS  /var/folders/j8/bx6g0dyx2gg_pdn7l_y1sb9c0000gn/T//cc9zwmjj.s 			page 49


1233:Drivers/STM32U5xx_HAL_Driver/Src/stm32u5xx_hal_pwr_ex.c **** /**
1234:Drivers/STM32U5xx_HAL_Driver/Src/stm32u5xx_hal_pwr_ex.c ****   * @brief  Enable VDDUSB supply.
1235:Drivers/STM32U5xx_HAL_Driver/Src/stm32u5xx_hal_pwr_ex.c ****   * @note   Remove VDDUSB electrical and logical isolation, once VDDUSB supply
1236:Drivers/STM32U5xx_HAL_Driver/Src/stm32u5xx_hal_pwr_ex.c ****   *         is present for consumption saving.
1237:Drivers/STM32U5xx_HAL_Driver/Src/stm32u5xx_hal_pwr_ex.c ****   * @retval None.
1238:Drivers/STM32U5xx_HAL_Driver/Src/stm32u5xx_hal_pwr_ex.c ****   */
1239:Drivers/STM32U5xx_HAL_Driver/Src/stm32u5xx_hal_pwr_ex.c **** void HAL_PWREx_EnableVddUSB(void)
1240:Drivers/STM32U5xx_HAL_Driver/Src/stm32u5xx_hal_pwr_ex.c **** {
 1370              		.loc 1 1240 1 is_stmt 1 view -0
 1371              		.cfi_startproc
 1372              		@ args = 0, pretend = 0, frame = 0
 1373              		@ frame_needed = 0, uses_anonymous_args = 0
 1374              		@ link register save eliminated.
1241:Drivers/STM32U5xx_HAL_Driver/Src/stm32u5xx_hal_pwr_ex.c ****   SET_BIT(PWR->SVMCR, PWR_SVMCR_USV);
 1375              		.loc 1 1241 3 view .LVU327
 1376 0000 024A     		ldr	r2, .L120
 1377 0002 1369     		ldr	r3, [r2, #16]
 1378 0004 43F08053 		orr	r3, r3, #268435456
 1379 0008 1361     		str	r3, [r2, #16]
1242:Drivers/STM32U5xx_HAL_Driver/Src/stm32u5xx_hal_pwr_ex.c **** }
 1380              		.loc 1 1242 1 is_stmt 0 view .LVU328
 1381 000a 7047     		bx	lr
 1382              	.L121:
 1383              		.align	2
 1384              	.L120:
 1385 000c 00080246 		.word	1174538240
 1386              		.cfi_endproc
 1387              	.LFE173:
 1389              		.section	.text.HAL_PWREx_DisableVddUSB,"ax",%progbits
 1390              		.align	1
 1391              		.global	HAL_PWREx_DisableVddUSB
 1392              		.syntax unified
 1393              		.thumb
 1394              		.thumb_func
 1396              	HAL_PWREx_DisableVddUSB:
 1397              	.LFB174:
1243:Drivers/STM32U5xx_HAL_Driver/Src/stm32u5xx_hal_pwr_ex.c **** 
1244:Drivers/STM32U5xx_HAL_Driver/Src/stm32u5xx_hal_pwr_ex.c **** /**
1245:Drivers/STM32U5xx_HAL_Driver/Src/stm32u5xx_hal_pwr_ex.c ****   * @brief  Disable VDDUSB supply.
1246:Drivers/STM32U5xx_HAL_Driver/Src/stm32u5xx_hal_pwr_ex.c ****   * @retval None.
1247:Drivers/STM32U5xx_HAL_Driver/Src/stm32u5xx_hal_pwr_ex.c ****   */
1248:Drivers/STM32U5xx_HAL_Driver/Src/stm32u5xx_hal_pwr_ex.c **** void HAL_PWREx_DisableVddUSB(void)
1249:Drivers/STM32U5xx_HAL_Driver/Src/stm32u5xx_hal_pwr_ex.c **** {
 1398              		.loc 1 1249 1 is_stmt 1 view -0
 1399              		.cfi_startproc
 1400              		@ args = 0, pretend = 0, frame = 0
 1401              		@ frame_needed = 0, uses_anonymous_args = 0
 1402              		@ link register save eliminated.
1250:Drivers/STM32U5xx_HAL_Driver/Src/stm32u5xx_hal_pwr_ex.c ****   CLEAR_BIT(PWR->SVMCR, PWR_SVMCR_USV);
 1403              		.loc 1 1250 3 view .LVU330
 1404 0000 024A     		ldr	r2, .L123
 1405 0002 1369     		ldr	r3, [r2, #16]
 1406 0004 23F08053 		bic	r3, r3, #268435456
 1407 0008 1361     		str	r3, [r2, #16]
1251:Drivers/STM32U5xx_HAL_Driver/Src/stm32u5xx_hal_pwr_ex.c **** }
 1408              		.loc 1 1251 1 is_stmt 0 view .LVU331
 1409 000a 7047     		bx	lr
ARM GAS  /var/folders/j8/bx6g0dyx2gg_pdn7l_y1sb9c0000gn/T//cc9zwmjj.s 			page 50


 1410              	.L124:
 1411              		.align	2
 1412              	.L123:
 1413 000c 00080246 		.word	1174538240
 1414              		.cfi_endproc
 1415              	.LFE174:
 1417              		.section	.text.HAL_PWREx_EnableVddIO2,"ax",%progbits
 1418              		.align	1
 1419              		.global	HAL_PWREx_EnableVddIO2
 1420              		.syntax unified
 1421              		.thumb
 1422              		.thumb_func
 1424              	HAL_PWREx_EnableVddIO2:
 1425              	.LFB175:
1252:Drivers/STM32U5xx_HAL_Driver/Src/stm32u5xx_hal_pwr_ex.c **** 
1253:Drivers/STM32U5xx_HAL_Driver/Src/stm32u5xx_hal_pwr_ex.c **** /**
1254:Drivers/STM32U5xx_HAL_Driver/Src/stm32u5xx_hal_pwr_ex.c ****   * @brief  Enable VDDIO2 supply.
1255:Drivers/STM32U5xx_HAL_Driver/Src/stm32u5xx_hal_pwr_ex.c ****   * @note   Remove VDDIO2 electrical and logical isolation, once VDDIO2 supply
1256:Drivers/STM32U5xx_HAL_Driver/Src/stm32u5xx_hal_pwr_ex.c ****   *         is present for consumption saving.
1257:Drivers/STM32U5xx_HAL_Driver/Src/stm32u5xx_hal_pwr_ex.c ****   * @retval None.
1258:Drivers/STM32U5xx_HAL_Driver/Src/stm32u5xx_hal_pwr_ex.c ****   */
1259:Drivers/STM32U5xx_HAL_Driver/Src/stm32u5xx_hal_pwr_ex.c **** void HAL_PWREx_EnableVddIO2(void)
1260:Drivers/STM32U5xx_HAL_Driver/Src/stm32u5xx_hal_pwr_ex.c **** {
 1426              		.loc 1 1260 1 is_stmt 1 view -0
 1427              		.cfi_startproc
 1428              		@ args = 0, pretend = 0, frame = 0
 1429              		@ frame_needed = 0, uses_anonymous_args = 0
 1430              		@ link register save eliminated.
1261:Drivers/STM32U5xx_HAL_Driver/Src/stm32u5xx_hal_pwr_ex.c ****   SET_BIT(PWR->SVMCR, PWR_SVMCR_IO2SV);
 1431              		.loc 1 1261 3 view .LVU333
 1432 0000 024A     		ldr	r2, .L126
 1433 0002 1369     		ldr	r3, [r2, #16]
 1434 0004 43F00053 		orr	r3, r3, #536870912
 1435 0008 1361     		str	r3, [r2, #16]
1262:Drivers/STM32U5xx_HAL_Driver/Src/stm32u5xx_hal_pwr_ex.c **** }
 1436              		.loc 1 1262 1 is_stmt 0 view .LVU334
 1437 000a 7047     		bx	lr
 1438              	.L127:
 1439              		.align	2
 1440              	.L126:
 1441 000c 00080246 		.word	1174538240
 1442              		.cfi_endproc
 1443              	.LFE175:
 1445              		.section	.text.HAL_PWREx_DisableVddIO2,"ax",%progbits
 1446              		.align	1
 1447              		.global	HAL_PWREx_DisableVddIO2
 1448              		.syntax unified
 1449              		.thumb
 1450              		.thumb_func
 1452              	HAL_PWREx_DisableVddIO2:
 1453              	.LFB176:
1263:Drivers/STM32U5xx_HAL_Driver/Src/stm32u5xx_hal_pwr_ex.c **** 
1264:Drivers/STM32U5xx_HAL_Driver/Src/stm32u5xx_hal_pwr_ex.c **** /**
1265:Drivers/STM32U5xx_HAL_Driver/Src/stm32u5xx_hal_pwr_ex.c ****   * @brief  Disable VDDIO2 supply.
1266:Drivers/STM32U5xx_HAL_Driver/Src/stm32u5xx_hal_pwr_ex.c ****   * @retval None.
1267:Drivers/STM32U5xx_HAL_Driver/Src/stm32u5xx_hal_pwr_ex.c ****   */
1268:Drivers/STM32U5xx_HAL_Driver/Src/stm32u5xx_hal_pwr_ex.c **** void HAL_PWREx_DisableVddIO2(void)
ARM GAS  /var/folders/j8/bx6g0dyx2gg_pdn7l_y1sb9c0000gn/T//cc9zwmjj.s 			page 51


1269:Drivers/STM32U5xx_HAL_Driver/Src/stm32u5xx_hal_pwr_ex.c **** {
 1454              		.loc 1 1269 1 is_stmt 1 view -0
 1455              		.cfi_startproc
 1456              		@ args = 0, pretend = 0, frame = 0
 1457              		@ frame_needed = 0, uses_anonymous_args = 0
 1458              		@ link register save eliminated.
1270:Drivers/STM32U5xx_HAL_Driver/Src/stm32u5xx_hal_pwr_ex.c ****   CLEAR_BIT(PWR->SVMCR, PWR_SVMCR_IO2SV);
 1459              		.loc 1 1270 3 view .LVU336
 1460 0000 024A     		ldr	r2, .L129
 1461 0002 1369     		ldr	r3, [r2, #16]
 1462 0004 23F00053 		bic	r3, r3, #536870912
 1463 0008 1361     		str	r3, [r2, #16]
1271:Drivers/STM32U5xx_HAL_Driver/Src/stm32u5xx_hal_pwr_ex.c **** }
 1464              		.loc 1 1271 1 is_stmt 0 view .LVU337
 1465 000a 7047     		bx	lr
 1466              	.L130:
 1467              		.align	2
 1468              	.L129:
 1469 000c 00080246 		.word	1174538240
 1470              		.cfi_endproc
 1471              	.LFE176:
 1473              		.section	.text.HAL_PWREx_EnableVddA,"ax",%progbits
 1474              		.align	1
 1475              		.global	HAL_PWREx_EnableVddA
 1476              		.syntax unified
 1477              		.thumb
 1478              		.thumb_func
 1480              	HAL_PWREx_EnableVddA:
 1481              	.LFB177:
1272:Drivers/STM32U5xx_HAL_Driver/Src/stm32u5xx_hal_pwr_ex.c **** 
1273:Drivers/STM32U5xx_HAL_Driver/Src/stm32u5xx_hal_pwr_ex.c **** /**
1274:Drivers/STM32U5xx_HAL_Driver/Src/stm32u5xx_hal_pwr_ex.c ****   * @brief  Enable VDDA supply.
1275:Drivers/STM32U5xx_HAL_Driver/Src/stm32u5xx_hal_pwr_ex.c ****   * @note   Remove VDDA electrical and logical isolation, once VDDA supply is
1276:Drivers/STM32U5xx_HAL_Driver/Src/stm32u5xx_hal_pwr_ex.c ****   *         present for consumption saving.
1277:Drivers/STM32U5xx_HAL_Driver/Src/stm32u5xx_hal_pwr_ex.c ****   * @retval None.
1278:Drivers/STM32U5xx_HAL_Driver/Src/stm32u5xx_hal_pwr_ex.c ****   */
1279:Drivers/STM32U5xx_HAL_Driver/Src/stm32u5xx_hal_pwr_ex.c **** void HAL_PWREx_EnableVddA(void)
1280:Drivers/STM32U5xx_HAL_Driver/Src/stm32u5xx_hal_pwr_ex.c **** {
 1482              		.loc 1 1280 1 is_stmt 1 view -0
 1483              		.cfi_startproc
 1484              		@ args = 0, pretend = 0, frame = 0
 1485              		@ frame_needed = 0, uses_anonymous_args = 0
 1486              		@ link register save eliminated.
1281:Drivers/STM32U5xx_HAL_Driver/Src/stm32u5xx_hal_pwr_ex.c ****   SET_BIT(PWR->SVMCR, PWR_SVMCR_ASV);
 1487              		.loc 1 1281 3 view .LVU339
 1488 0000 024A     		ldr	r2, .L132
 1489 0002 1369     		ldr	r3, [r2, #16]
 1490 0004 43F08043 		orr	r3, r3, #1073741824
 1491 0008 1361     		str	r3, [r2, #16]
1282:Drivers/STM32U5xx_HAL_Driver/Src/stm32u5xx_hal_pwr_ex.c **** }
 1492              		.loc 1 1282 1 is_stmt 0 view .LVU340
 1493 000a 7047     		bx	lr
 1494              	.L133:
 1495              		.align	2
 1496              	.L132:
 1497 000c 00080246 		.word	1174538240
 1498              		.cfi_endproc
ARM GAS  /var/folders/j8/bx6g0dyx2gg_pdn7l_y1sb9c0000gn/T//cc9zwmjj.s 			page 52


 1499              	.LFE177:
 1501              		.section	.text.HAL_PWREx_DisableVddA,"ax",%progbits
 1502              		.align	1
 1503              		.global	HAL_PWREx_DisableVddA
 1504              		.syntax unified
 1505              		.thumb
 1506              		.thumb_func
 1508              	HAL_PWREx_DisableVddA:
 1509              	.LFB178:
1283:Drivers/STM32U5xx_HAL_Driver/Src/stm32u5xx_hal_pwr_ex.c **** 
1284:Drivers/STM32U5xx_HAL_Driver/Src/stm32u5xx_hal_pwr_ex.c **** /**
1285:Drivers/STM32U5xx_HAL_Driver/Src/stm32u5xx_hal_pwr_ex.c ****   * @brief  Disable VDDA supply.
1286:Drivers/STM32U5xx_HAL_Driver/Src/stm32u5xx_hal_pwr_ex.c ****   * @retval None.
1287:Drivers/STM32U5xx_HAL_Driver/Src/stm32u5xx_hal_pwr_ex.c ****   */
1288:Drivers/STM32U5xx_HAL_Driver/Src/stm32u5xx_hal_pwr_ex.c **** void HAL_PWREx_DisableVddA(void)
1289:Drivers/STM32U5xx_HAL_Driver/Src/stm32u5xx_hal_pwr_ex.c **** {
 1510              		.loc 1 1289 1 is_stmt 1 view -0
 1511              		.cfi_startproc
 1512              		@ args = 0, pretend = 0, frame = 0
 1513              		@ frame_needed = 0, uses_anonymous_args = 0
 1514              		@ link register save eliminated.
1290:Drivers/STM32U5xx_HAL_Driver/Src/stm32u5xx_hal_pwr_ex.c ****   CLEAR_BIT(PWR->SVMCR, PWR_SVMCR_ASV);
 1515              		.loc 1 1290 3 view .LVU342
 1516 0000 024A     		ldr	r2, .L135
 1517 0002 1369     		ldr	r3, [r2, #16]
 1518 0004 23F08043 		bic	r3, r3, #1073741824
 1519 0008 1361     		str	r3, [r2, #16]
1291:Drivers/STM32U5xx_HAL_Driver/Src/stm32u5xx_hal_pwr_ex.c **** }
 1520              		.loc 1 1291 1 is_stmt 0 view .LVU343
 1521 000a 7047     		bx	lr
 1522              	.L136:
 1523              		.align	2
 1524              	.L135:
 1525 000c 00080246 		.word	1174538240
 1526              		.cfi_endproc
 1527              	.LFE178:
 1529              		.section	.text.HAL_PWREx_EnableUVM,"ax",%progbits
 1530              		.align	1
 1531              		.global	HAL_PWREx_EnableUVM
 1532              		.syntax unified
 1533              		.thumb
 1534              		.thumb_func
 1536              	HAL_PWREx_EnableUVM:
 1537              	.LFB179:
1292:Drivers/STM32U5xx_HAL_Driver/Src/stm32u5xx_hal_pwr_ex.c **** 
1293:Drivers/STM32U5xx_HAL_Driver/Src/stm32u5xx_hal_pwr_ex.c **** /**
1294:Drivers/STM32U5xx_HAL_Driver/Src/stm32u5xx_hal_pwr_ex.c ****   * @brief  Enable the UVM Voltage Monitoring : VDDUSB versus 1.2 V.
1295:Drivers/STM32U5xx_HAL_Driver/Src/stm32u5xx_hal_pwr_ex.c ****   * @retval None.
1296:Drivers/STM32U5xx_HAL_Driver/Src/stm32u5xx_hal_pwr_ex.c ****   */
1297:Drivers/STM32U5xx_HAL_Driver/Src/stm32u5xx_hal_pwr_ex.c **** void HAL_PWREx_EnableUVM(void)
1298:Drivers/STM32U5xx_HAL_Driver/Src/stm32u5xx_hal_pwr_ex.c **** {
 1538              		.loc 1 1298 1 is_stmt 1 view -0
 1539              		.cfi_startproc
 1540              		@ args = 0, pretend = 0, frame = 0
 1541              		@ frame_needed = 0, uses_anonymous_args = 0
 1542              		@ link register save eliminated.
1299:Drivers/STM32U5xx_HAL_Driver/Src/stm32u5xx_hal_pwr_ex.c ****   SET_BIT(PWR->SVMCR, PWR_SVMCR_UVMEN);
ARM GAS  /var/folders/j8/bx6g0dyx2gg_pdn7l_y1sb9c0000gn/T//cc9zwmjj.s 			page 53


 1543              		.loc 1 1299 3 view .LVU345
 1544 0000 024A     		ldr	r2, .L138
 1545 0002 1369     		ldr	r3, [r2, #16]
 1546 0004 43F08073 		orr	r3, r3, #16777216
 1547 0008 1361     		str	r3, [r2, #16]
1300:Drivers/STM32U5xx_HAL_Driver/Src/stm32u5xx_hal_pwr_ex.c **** }
 1548              		.loc 1 1300 1 is_stmt 0 view .LVU346
 1549 000a 7047     		bx	lr
 1550              	.L139:
 1551              		.align	2
 1552              	.L138:
 1553 000c 00080246 		.word	1174538240
 1554              		.cfi_endproc
 1555              	.LFE179:
 1557              		.section	.text.HAL_PWREx_DisableUVM,"ax",%progbits
 1558              		.align	1
 1559              		.global	HAL_PWREx_DisableUVM
 1560              		.syntax unified
 1561              		.thumb
 1562              		.thumb_func
 1564              	HAL_PWREx_DisableUVM:
 1565              	.LFB180:
1301:Drivers/STM32U5xx_HAL_Driver/Src/stm32u5xx_hal_pwr_ex.c **** 
1302:Drivers/STM32U5xx_HAL_Driver/Src/stm32u5xx_hal_pwr_ex.c **** /**
1303:Drivers/STM32U5xx_HAL_Driver/Src/stm32u5xx_hal_pwr_ex.c ****   * @brief  Disable the UVM Voltage Monitoring : VDDUSB versus 1.2 V.
1304:Drivers/STM32U5xx_HAL_Driver/Src/stm32u5xx_hal_pwr_ex.c ****   * @retval None.
1305:Drivers/STM32U5xx_HAL_Driver/Src/stm32u5xx_hal_pwr_ex.c ****   */
1306:Drivers/STM32U5xx_HAL_Driver/Src/stm32u5xx_hal_pwr_ex.c **** void HAL_PWREx_DisableUVM(void)
1307:Drivers/STM32U5xx_HAL_Driver/Src/stm32u5xx_hal_pwr_ex.c **** {
 1566              		.loc 1 1307 1 is_stmt 1 view -0
 1567              		.cfi_startproc
 1568              		@ args = 0, pretend = 0, frame = 0
 1569              		@ frame_needed = 0, uses_anonymous_args = 0
 1570              		@ link register save eliminated.
1308:Drivers/STM32U5xx_HAL_Driver/Src/stm32u5xx_hal_pwr_ex.c ****   CLEAR_BIT(PWR->SVMCR, PWR_SVMCR_UVMEN);
 1571              		.loc 1 1308 3 view .LVU348
 1572 0000 024A     		ldr	r2, .L141
 1573 0002 1369     		ldr	r3, [r2, #16]
 1574 0004 23F08073 		bic	r3, r3, #16777216
 1575 0008 1361     		str	r3, [r2, #16]
1309:Drivers/STM32U5xx_HAL_Driver/Src/stm32u5xx_hal_pwr_ex.c **** }
 1576              		.loc 1 1309 1 is_stmt 0 view .LVU349
 1577 000a 7047     		bx	lr
 1578              	.L142:
 1579              		.align	2
 1580              	.L141:
 1581 000c 00080246 		.word	1174538240
 1582              		.cfi_endproc
 1583              	.LFE180:
 1585              		.section	.text.HAL_PWREx_EnableIO2VM,"ax",%progbits
 1586              		.align	1
 1587              		.global	HAL_PWREx_EnableIO2VM
 1588              		.syntax unified
 1589              		.thumb
 1590              		.thumb_func
 1592              	HAL_PWREx_EnableIO2VM:
 1593              	.LFB181:
ARM GAS  /var/folders/j8/bx6g0dyx2gg_pdn7l_y1sb9c0000gn/T//cc9zwmjj.s 			page 54


1310:Drivers/STM32U5xx_HAL_Driver/Src/stm32u5xx_hal_pwr_ex.c **** 
1311:Drivers/STM32U5xx_HAL_Driver/Src/stm32u5xx_hal_pwr_ex.c **** /**
1312:Drivers/STM32U5xx_HAL_Driver/Src/stm32u5xx_hal_pwr_ex.c ****   * @brief  Enable the IO2VM Voltage Monitoring : VDDIO2 versus 0.9 V.
1313:Drivers/STM32U5xx_HAL_Driver/Src/stm32u5xx_hal_pwr_ex.c ****   * @retval None.
1314:Drivers/STM32U5xx_HAL_Driver/Src/stm32u5xx_hal_pwr_ex.c ****   */
1315:Drivers/STM32U5xx_HAL_Driver/Src/stm32u5xx_hal_pwr_ex.c **** void HAL_PWREx_EnableIO2VM(void)
1316:Drivers/STM32U5xx_HAL_Driver/Src/stm32u5xx_hal_pwr_ex.c **** {
 1594              		.loc 1 1316 1 is_stmt 1 view -0
 1595              		.cfi_startproc
 1596              		@ args = 0, pretend = 0, frame = 0
 1597              		@ frame_needed = 0, uses_anonymous_args = 0
 1598              		@ link register save eliminated.
1317:Drivers/STM32U5xx_HAL_Driver/Src/stm32u5xx_hal_pwr_ex.c ****   SET_BIT(PWR->SVMCR, PWR_SVMCR_IO2VMEN);
 1599              		.loc 1 1317 3 view .LVU351
 1600 0000 024A     		ldr	r2, .L144
 1601 0002 1369     		ldr	r3, [r2, #16]
 1602 0004 43F00073 		orr	r3, r3, #33554432
 1603 0008 1361     		str	r3, [r2, #16]
1318:Drivers/STM32U5xx_HAL_Driver/Src/stm32u5xx_hal_pwr_ex.c **** }
 1604              		.loc 1 1318 1 is_stmt 0 view .LVU352
 1605 000a 7047     		bx	lr
 1606              	.L145:
 1607              		.align	2
 1608              	.L144:
 1609 000c 00080246 		.word	1174538240
 1610              		.cfi_endproc
 1611              	.LFE181:
 1613              		.section	.text.HAL_PWREx_DisableIO2VM,"ax",%progbits
 1614              		.align	1
 1615              		.global	HAL_PWREx_DisableIO2VM
 1616              		.syntax unified
 1617              		.thumb
 1618              		.thumb_func
 1620              	HAL_PWREx_DisableIO2VM:
 1621              	.LFB182:
1319:Drivers/STM32U5xx_HAL_Driver/Src/stm32u5xx_hal_pwr_ex.c **** 
1320:Drivers/STM32U5xx_HAL_Driver/Src/stm32u5xx_hal_pwr_ex.c **** /**
1321:Drivers/STM32U5xx_HAL_Driver/Src/stm32u5xx_hal_pwr_ex.c ****   * @brief  Disable the IO2VM Voltage Monitoring : VDDIO2 versus 0.9 V.
1322:Drivers/STM32U5xx_HAL_Driver/Src/stm32u5xx_hal_pwr_ex.c ****   * @retval None.
1323:Drivers/STM32U5xx_HAL_Driver/Src/stm32u5xx_hal_pwr_ex.c ****   */
1324:Drivers/STM32U5xx_HAL_Driver/Src/stm32u5xx_hal_pwr_ex.c **** void HAL_PWREx_DisableIO2VM(void)
1325:Drivers/STM32U5xx_HAL_Driver/Src/stm32u5xx_hal_pwr_ex.c **** {
 1622              		.loc 1 1325 1 is_stmt 1 view -0
 1623              		.cfi_startproc
 1624              		@ args = 0, pretend = 0, frame = 0
 1625              		@ frame_needed = 0, uses_anonymous_args = 0
 1626              		@ link register save eliminated.
1326:Drivers/STM32U5xx_HAL_Driver/Src/stm32u5xx_hal_pwr_ex.c ****   CLEAR_BIT(PWR->SVMCR, PWR_SVMCR_IO2VMEN);
 1627              		.loc 1 1326 3 view .LVU354
 1628 0000 024A     		ldr	r2, .L147
 1629 0002 1369     		ldr	r3, [r2, #16]
 1630 0004 23F00073 		bic	r3, r3, #33554432
 1631 0008 1361     		str	r3, [r2, #16]
1327:Drivers/STM32U5xx_HAL_Driver/Src/stm32u5xx_hal_pwr_ex.c **** }
 1632              		.loc 1 1327 1 is_stmt 0 view .LVU355
 1633 000a 7047     		bx	lr
 1634              	.L148:
ARM GAS  /var/folders/j8/bx6g0dyx2gg_pdn7l_y1sb9c0000gn/T//cc9zwmjj.s 			page 55


 1635              		.align	2
 1636              	.L147:
 1637 000c 00080246 		.word	1174538240
 1638              		.cfi_endproc
 1639              	.LFE182:
 1641              		.section	.text.HAL_PWREx_EnableAVM1,"ax",%progbits
 1642              		.align	1
 1643              		.global	HAL_PWREx_EnableAVM1
 1644              		.syntax unified
 1645              		.thumb
 1646              		.thumb_func
 1648              	HAL_PWREx_EnableAVM1:
 1649              	.LFB183:
1328:Drivers/STM32U5xx_HAL_Driver/Src/stm32u5xx_hal_pwr_ex.c **** 
1329:Drivers/STM32U5xx_HAL_Driver/Src/stm32u5xx_hal_pwr_ex.c **** /**
1330:Drivers/STM32U5xx_HAL_Driver/Src/stm32u5xx_hal_pwr_ex.c ****   * @brief  Enable the AVM1 Voltage Monitoring : VDDA versus 1.6 V.
1331:Drivers/STM32U5xx_HAL_Driver/Src/stm32u5xx_hal_pwr_ex.c ****   * @retval None.
1332:Drivers/STM32U5xx_HAL_Driver/Src/stm32u5xx_hal_pwr_ex.c ****   */
1333:Drivers/STM32U5xx_HAL_Driver/Src/stm32u5xx_hal_pwr_ex.c **** void HAL_PWREx_EnableAVM1(void)
1334:Drivers/STM32U5xx_HAL_Driver/Src/stm32u5xx_hal_pwr_ex.c **** {
 1650              		.loc 1 1334 1 is_stmt 1 view -0
 1651              		.cfi_startproc
 1652              		@ args = 0, pretend = 0, frame = 0
 1653              		@ frame_needed = 0, uses_anonymous_args = 0
 1654              		@ link register save eliminated.
1335:Drivers/STM32U5xx_HAL_Driver/Src/stm32u5xx_hal_pwr_ex.c ****   SET_BIT(PWR->SVMCR, PWR_SVMCR_AVM1EN);
 1655              		.loc 1 1335 3 view .LVU357
 1656 0000 024A     		ldr	r2, .L150
 1657 0002 1369     		ldr	r3, [r2, #16]
 1658 0004 43F08063 		orr	r3, r3, #67108864
 1659 0008 1361     		str	r3, [r2, #16]
1336:Drivers/STM32U5xx_HAL_Driver/Src/stm32u5xx_hal_pwr_ex.c **** }
 1660              		.loc 1 1336 1 is_stmt 0 view .LVU358
 1661 000a 7047     		bx	lr
 1662              	.L151:
 1663              		.align	2
 1664              	.L150:
 1665 000c 00080246 		.word	1174538240
 1666              		.cfi_endproc
 1667              	.LFE183:
 1669              		.section	.text.HAL_PWREx_DisableAVM1,"ax",%progbits
 1670              		.align	1
 1671              		.global	HAL_PWREx_DisableAVM1
 1672              		.syntax unified
 1673              		.thumb
 1674              		.thumb_func
 1676              	HAL_PWREx_DisableAVM1:
 1677              	.LFB184:
1337:Drivers/STM32U5xx_HAL_Driver/Src/stm32u5xx_hal_pwr_ex.c **** 
1338:Drivers/STM32U5xx_HAL_Driver/Src/stm32u5xx_hal_pwr_ex.c **** /**
1339:Drivers/STM32U5xx_HAL_Driver/Src/stm32u5xx_hal_pwr_ex.c ****   * @brief  Disable the AVM1 Voltage Monitoring : VDDA versus 1.6 V.
1340:Drivers/STM32U5xx_HAL_Driver/Src/stm32u5xx_hal_pwr_ex.c ****   * @retval None.
1341:Drivers/STM32U5xx_HAL_Driver/Src/stm32u5xx_hal_pwr_ex.c ****   */
1342:Drivers/STM32U5xx_HAL_Driver/Src/stm32u5xx_hal_pwr_ex.c **** void HAL_PWREx_DisableAVM1(void)
1343:Drivers/STM32U5xx_HAL_Driver/Src/stm32u5xx_hal_pwr_ex.c **** {
 1678              		.loc 1 1343 1 is_stmt 1 view -0
 1679              		.cfi_startproc
ARM GAS  /var/folders/j8/bx6g0dyx2gg_pdn7l_y1sb9c0000gn/T//cc9zwmjj.s 			page 56


 1680              		@ args = 0, pretend = 0, frame = 0
 1681              		@ frame_needed = 0, uses_anonymous_args = 0
 1682              		@ link register save eliminated.
1344:Drivers/STM32U5xx_HAL_Driver/Src/stm32u5xx_hal_pwr_ex.c ****   CLEAR_BIT(PWR->SVMCR, PWR_SVMCR_AVM1EN);
 1683              		.loc 1 1344 3 view .LVU360
 1684 0000 024A     		ldr	r2, .L153
 1685 0002 1369     		ldr	r3, [r2, #16]
 1686 0004 23F08063 		bic	r3, r3, #67108864
 1687 0008 1361     		str	r3, [r2, #16]
1345:Drivers/STM32U5xx_HAL_Driver/Src/stm32u5xx_hal_pwr_ex.c **** }
 1688              		.loc 1 1345 1 is_stmt 0 view .LVU361
 1689 000a 7047     		bx	lr
 1690              	.L154:
 1691              		.align	2
 1692              	.L153:
 1693 000c 00080246 		.word	1174538240
 1694              		.cfi_endproc
 1695              	.LFE184:
 1697              		.section	.text.HAL_PWREx_EnableAVM2,"ax",%progbits
 1698              		.align	1
 1699              		.global	HAL_PWREx_EnableAVM2
 1700              		.syntax unified
 1701              		.thumb
 1702              		.thumb_func
 1704              	HAL_PWREx_EnableAVM2:
 1705              	.LFB185:
1346:Drivers/STM32U5xx_HAL_Driver/Src/stm32u5xx_hal_pwr_ex.c **** 
1347:Drivers/STM32U5xx_HAL_Driver/Src/stm32u5xx_hal_pwr_ex.c **** /**
1348:Drivers/STM32U5xx_HAL_Driver/Src/stm32u5xx_hal_pwr_ex.c ****   * @brief  Enable the AVM2 Voltage Monitoring : VDDA versus 1.8 V.
1349:Drivers/STM32U5xx_HAL_Driver/Src/stm32u5xx_hal_pwr_ex.c ****   * @retval None.
1350:Drivers/STM32U5xx_HAL_Driver/Src/stm32u5xx_hal_pwr_ex.c ****   */
1351:Drivers/STM32U5xx_HAL_Driver/Src/stm32u5xx_hal_pwr_ex.c **** void HAL_PWREx_EnableAVM2(void)
1352:Drivers/STM32U5xx_HAL_Driver/Src/stm32u5xx_hal_pwr_ex.c **** {
 1706              		.loc 1 1352 1 is_stmt 1 view -0
 1707              		.cfi_startproc
 1708              		@ args = 0, pretend = 0, frame = 0
 1709              		@ frame_needed = 0, uses_anonymous_args = 0
 1710              		@ link register save eliminated.
1353:Drivers/STM32U5xx_HAL_Driver/Src/stm32u5xx_hal_pwr_ex.c ****   SET_BIT(PWR->SVMCR, PWR_SVMCR_AVM2EN);
 1711              		.loc 1 1353 3 view .LVU363
 1712 0000 024A     		ldr	r2, .L156
 1713 0002 1369     		ldr	r3, [r2, #16]
 1714 0004 43F00063 		orr	r3, r3, #134217728
 1715 0008 1361     		str	r3, [r2, #16]
1354:Drivers/STM32U5xx_HAL_Driver/Src/stm32u5xx_hal_pwr_ex.c **** }
 1716              		.loc 1 1354 1 is_stmt 0 view .LVU364
 1717 000a 7047     		bx	lr
 1718              	.L157:
 1719              		.align	2
 1720              	.L156:
 1721 000c 00080246 		.word	1174538240
 1722              		.cfi_endproc
 1723              	.LFE185:
 1725              		.section	.text.HAL_PWREx_DisableAVM2,"ax",%progbits
 1726              		.align	1
 1727              		.global	HAL_PWREx_DisableAVM2
 1728              		.syntax unified
ARM GAS  /var/folders/j8/bx6g0dyx2gg_pdn7l_y1sb9c0000gn/T//cc9zwmjj.s 			page 57


 1729              		.thumb
 1730              		.thumb_func
 1732              	HAL_PWREx_DisableAVM2:
 1733              	.LFB186:
1355:Drivers/STM32U5xx_HAL_Driver/Src/stm32u5xx_hal_pwr_ex.c **** 
1356:Drivers/STM32U5xx_HAL_Driver/Src/stm32u5xx_hal_pwr_ex.c **** /**
1357:Drivers/STM32U5xx_HAL_Driver/Src/stm32u5xx_hal_pwr_ex.c ****   * @brief  Disable the AVM2 Voltage Monitoring : VDDA versus 1.8 V.
1358:Drivers/STM32U5xx_HAL_Driver/Src/stm32u5xx_hal_pwr_ex.c ****   * @retval None.
1359:Drivers/STM32U5xx_HAL_Driver/Src/stm32u5xx_hal_pwr_ex.c ****   */
1360:Drivers/STM32U5xx_HAL_Driver/Src/stm32u5xx_hal_pwr_ex.c **** void HAL_PWREx_DisableAVM2(void)
1361:Drivers/STM32U5xx_HAL_Driver/Src/stm32u5xx_hal_pwr_ex.c **** {
 1734              		.loc 1 1361 1 is_stmt 1 view -0
 1735              		.cfi_startproc
 1736              		@ args = 0, pretend = 0, frame = 0
 1737              		@ frame_needed = 0, uses_anonymous_args = 0
 1738              		@ link register save eliminated.
1362:Drivers/STM32U5xx_HAL_Driver/Src/stm32u5xx_hal_pwr_ex.c ****   CLEAR_BIT(PWR->SVMCR, PWR_SVMCR_AVM2EN);
 1739              		.loc 1 1362 3 view .LVU366
 1740 0000 024A     		ldr	r2, .L159
 1741 0002 1369     		ldr	r3, [r2, #16]
 1742 0004 23F00063 		bic	r3, r3, #134217728
 1743 0008 1361     		str	r3, [r2, #16]
1363:Drivers/STM32U5xx_HAL_Driver/Src/stm32u5xx_hal_pwr_ex.c **** }
 1744              		.loc 1 1363 1 is_stmt 0 view .LVU367
 1745 000a 7047     		bx	lr
 1746              	.L160:
 1747              		.align	2
 1748              	.L159:
 1749 000c 00080246 		.word	1174538240
 1750              		.cfi_endproc
 1751              	.LFE186:
 1753              		.section	.text.HAL_PWREx_EnableMonitoring,"ax",%progbits
 1754              		.align	1
 1755              		.global	HAL_PWREx_EnableMonitoring
 1756              		.syntax unified
 1757              		.thumb
 1758              		.thumb_func
 1760              	HAL_PWREx_EnableMonitoring:
 1761              	.LFB187:
1364:Drivers/STM32U5xx_HAL_Driver/Src/stm32u5xx_hal_pwr_ex.c **** 
1365:Drivers/STM32U5xx_HAL_Driver/Src/stm32u5xx_hal_pwr_ex.c **** /**
1366:Drivers/STM32U5xx_HAL_Driver/Src/stm32u5xx_hal_pwr_ex.c ****   * @brief  Enable the VBAT and temperature monitoring.
1367:Drivers/STM32U5xx_HAL_Driver/Src/stm32u5xx_hal_pwr_ex.c ****   * @retval None.
1368:Drivers/STM32U5xx_HAL_Driver/Src/stm32u5xx_hal_pwr_ex.c ****   */
1369:Drivers/STM32U5xx_HAL_Driver/Src/stm32u5xx_hal_pwr_ex.c **** void HAL_PWREx_EnableMonitoring(void)
1370:Drivers/STM32U5xx_HAL_Driver/Src/stm32u5xx_hal_pwr_ex.c **** {
 1762              		.loc 1 1370 1 is_stmt 1 view -0
 1763              		.cfi_startproc
 1764              		@ args = 0, pretend = 0, frame = 0
 1765              		@ frame_needed = 0, uses_anonymous_args = 0
 1766              		@ link register save eliminated.
1371:Drivers/STM32U5xx_HAL_Driver/Src/stm32u5xx_hal_pwr_ex.c ****   SET_BIT(PWR->BDCR1, PWR_BDCR1_MONEN);
 1767              		.loc 1 1371 3 view .LVU369
 1768 0000 024A     		ldr	r2, .L162
 1769 0002 136A     		ldr	r3, [r2, #32]
 1770 0004 43F01003 		orr	r3, r3, #16
 1771 0008 1362     		str	r3, [r2, #32]
ARM GAS  /var/folders/j8/bx6g0dyx2gg_pdn7l_y1sb9c0000gn/T//cc9zwmjj.s 			page 58


1372:Drivers/STM32U5xx_HAL_Driver/Src/stm32u5xx_hal_pwr_ex.c **** }
 1772              		.loc 1 1372 1 is_stmt 0 view .LVU370
 1773 000a 7047     		bx	lr
 1774              	.L163:
 1775              		.align	2
 1776              	.L162:
 1777 000c 00080246 		.word	1174538240
 1778              		.cfi_endproc
 1779              	.LFE187:
 1781              		.section	.text.HAL_PWREx_DisableMonitoring,"ax",%progbits
 1782              		.align	1
 1783              		.global	HAL_PWREx_DisableMonitoring
 1784              		.syntax unified
 1785              		.thumb
 1786              		.thumb_func
 1788              	HAL_PWREx_DisableMonitoring:
 1789              	.LFB188:
1373:Drivers/STM32U5xx_HAL_Driver/Src/stm32u5xx_hal_pwr_ex.c **** 
1374:Drivers/STM32U5xx_HAL_Driver/Src/stm32u5xx_hal_pwr_ex.c **** /**
1375:Drivers/STM32U5xx_HAL_Driver/Src/stm32u5xx_hal_pwr_ex.c ****   * @brief  Disable the VBAT and temperature monitoring.
1376:Drivers/STM32U5xx_HAL_Driver/Src/stm32u5xx_hal_pwr_ex.c ****   * @retval None.
1377:Drivers/STM32U5xx_HAL_Driver/Src/stm32u5xx_hal_pwr_ex.c ****   */
1378:Drivers/STM32U5xx_HAL_Driver/Src/stm32u5xx_hal_pwr_ex.c **** void HAL_PWREx_DisableMonitoring(void)
1379:Drivers/STM32U5xx_HAL_Driver/Src/stm32u5xx_hal_pwr_ex.c **** {
 1790              		.loc 1 1379 1 is_stmt 1 view -0
 1791              		.cfi_startproc
 1792              		@ args = 0, pretend = 0, frame = 0
 1793              		@ frame_needed = 0, uses_anonymous_args = 0
 1794              		@ link register save eliminated.
1380:Drivers/STM32U5xx_HAL_Driver/Src/stm32u5xx_hal_pwr_ex.c ****   CLEAR_BIT(PWR->BDCR1, PWR_BDCR1_MONEN);
 1795              		.loc 1 1380 3 view .LVU372
 1796 0000 024A     		ldr	r2, .L165
 1797 0002 136A     		ldr	r3, [r2, #32]
 1798 0004 23F01003 		bic	r3, r3, #16
 1799 0008 1362     		str	r3, [r2, #32]
1381:Drivers/STM32U5xx_HAL_Driver/Src/stm32u5xx_hal_pwr_ex.c **** }
 1800              		.loc 1 1381 1 is_stmt 0 view .LVU373
 1801 000a 7047     		bx	lr
 1802              	.L166:
 1803              		.align	2
 1804              	.L165:
 1805 000c 00080246 		.word	1174538240
 1806              		.cfi_endproc
 1807              	.LFE188:
 1809              		.section	.text.HAL_PWREx_EnableUCPDStandbyMode,"ax",%progbits
 1810              		.align	1
 1811              		.global	HAL_PWREx_EnableUCPDStandbyMode
 1812              		.syntax unified
 1813              		.thumb
 1814              		.thumb_func
 1816              	HAL_PWREx_EnableUCPDStandbyMode:
 1817              	.LFB189:
1382:Drivers/STM32U5xx_HAL_Driver/Src/stm32u5xx_hal_pwr_ex.c **** 
1383:Drivers/STM32U5xx_HAL_Driver/Src/stm32u5xx_hal_pwr_ex.c **** #if defined (PWR_VOSR_USBPWREN)
1384:Drivers/STM32U5xx_HAL_Driver/Src/stm32u5xx_hal_pwr_ex.c **** /**
1385:Drivers/STM32U5xx_HAL_Driver/Src/stm32u5xx_hal_pwr_ex.c ****   * @brief  Enable the internal USB HS transceiver supply.
1386:Drivers/STM32U5xx_HAL_Driver/Src/stm32u5xx_hal_pwr_ex.c ****   * @retval HAL status.
ARM GAS  /var/folders/j8/bx6g0dyx2gg_pdn7l_y1sb9c0000gn/T//cc9zwmjj.s 			page 59


1387:Drivers/STM32U5xx_HAL_Driver/Src/stm32u5xx_hal_pwr_ex.c ****   */
1388:Drivers/STM32U5xx_HAL_Driver/Src/stm32u5xx_hal_pwr_ex.c **** HAL_StatusTypeDef HAL_PWREx_EnableUSBHSTranceiverSupply(void)
1389:Drivers/STM32U5xx_HAL_Driver/Src/stm32u5xx_hal_pwr_ex.c **** {
1390:Drivers/STM32U5xx_HAL_Driver/Src/stm32u5xx_hal_pwr_ex.c ****   uint32_t vos;
1391:Drivers/STM32U5xx_HAL_Driver/Src/stm32u5xx_hal_pwr_ex.c **** 
1392:Drivers/STM32U5xx_HAL_Driver/Src/stm32u5xx_hal_pwr_ex.c ****   /* Get the system applied voltage scaling range */
1393:Drivers/STM32U5xx_HAL_Driver/Src/stm32u5xx_hal_pwr_ex.c ****   vos = HAL_PWREx_GetVoltageRange();
1394:Drivers/STM32U5xx_HAL_Driver/Src/stm32u5xx_hal_pwr_ex.c **** 
1395:Drivers/STM32U5xx_HAL_Driver/Src/stm32u5xx_hal_pwr_ex.c ****   /* Check the system applied voltage scaling range */
1396:Drivers/STM32U5xx_HAL_Driver/Src/stm32u5xx_hal_pwr_ex.c ****   if ((vos == PWR_REGULATOR_VOLTAGE_SCALE1) || (vos == PWR_REGULATOR_VOLTAGE_SCALE2))
1397:Drivers/STM32U5xx_HAL_Driver/Src/stm32u5xx_hal_pwr_ex.c ****   {
1398:Drivers/STM32U5xx_HAL_Driver/Src/stm32u5xx_hal_pwr_ex.c ****     SET_BIT(PWR->VOSR, (PWR_VOSR_USBPWREN | PWR_VOSR_USBBOOSTEN));
1399:Drivers/STM32U5xx_HAL_Driver/Src/stm32u5xx_hal_pwr_ex.c ****   }
1400:Drivers/STM32U5xx_HAL_Driver/Src/stm32u5xx_hal_pwr_ex.c ****   else
1401:Drivers/STM32U5xx_HAL_Driver/Src/stm32u5xx_hal_pwr_ex.c ****   {
1402:Drivers/STM32U5xx_HAL_Driver/Src/stm32u5xx_hal_pwr_ex.c ****     return HAL_ERROR;
1403:Drivers/STM32U5xx_HAL_Driver/Src/stm32u5xx_hal_pwr_ex.c ****   }
1404:Drivers/STM32U5xx_HAL_Driver/Src/stm32u5xx_hal_pwr_ex.c **** 
1405:Drivers/STM32U5xx_HAL_Driver/Src/stm32u5xx_hal_pwr_ex.c ****   return HAL_OK;
1406:Drivers/STM32U5xx_HAL_Driver/Src/stm32u5xx_hal_pwr_ex.c **** }
1407:Drivers/STM32U5xx_HAL_Driver/Src/stm32u5xx_hal_pwr_ex.c **** 
1408:Drivers/STM32U5xx_HAL_Driver/Src/stm32u5xx_hal_pwr_ex.c **** /**
1409:Drivers/STM32U5xx_HAL_Driver/Src/stm32u5xx_hal_pwr_ex.c ****   * @brief  Disable the internal USB HS transceiver supply.
1410:Drivers/STM32U5xx_HAL_Driver/Src/stm32u5xx_hal_pwr_ex.c ****   * @retval HAL status.
1411:Drivers/STM32U5xx_HAL_Driver/Src/stm32u5xx_hal_pwr_ex.c ****   */
1412:Drivers/STM32U5xx_HAL_Driver/Src/stm32u5xx_hal_pwr_ex.c **** void HAL_PWREx_DisableUSBHSTranceiverSupply(void)
1413:Drivers/STM32U5xx_HAL_Driver/Src/stm32u5xx_hal_pwr_ex.c **** {
1414:Drivers/STM32U5xx_HAL_Driver/Src/stm32u5xx_hal_pwr_ex.c ****   CLEAR_BIT(PWR->VOSR, (PWR_VOSR_USBPWREN | PWR_VOSR_USBBOOSTEN));
1415:Drivers/STM32U5xx_HAL_Driver/Src/stm32u5xx_hal_pwr_ex.c **** }
1416:Drivers/STM32U5xx_HAL_Driver/Src/stm32u5xx_hal_pwr_ex.c **** #endif /* defined (PWR_VOSR_USBPWREN) */
1417:Drivers/STM32U5xx_HAL_Driver/Src/stm32u5xx_hal_pwr_ex.c **** 
1418:Drivers/STM32U5xx_HAL_Driver/Src/stm32u5xx_hal_pwr_ex.c **** #if defined (PWR_CR1_FORCE_USBPWR)
1419:Drivers/STM32U5xx_HAL_Driver/Src/stm32u5xx_hal_pwr_ex.c **** /**
1420:Drivers/STM32U5xx_HAL_Driver/Src/stm32u5xx_hal_pwr_ex.c ****   * @brief  Enable OTG_HS PHY power during low power modes (Stop2, Stop3 and Standby).
1421:Drivers/STM32U5xx_HAL_Driver/Src/stm32u5xx_hal_pwr_ex.c ****   * @retval None.
1422:Drivers/STM32U5xx_HAL_Driver/Src/stm32u5xx_hal_pwr_ex.c ****   */
1423:Drivers/STM32U5xx_HAL_Driver/Src/stm32u5xx_hal_pwr_ex.c **** void HAL_PWREx_EnableOTGHSPHYLowPowerRetention(void)
1424:Drivers/STM32U5xx_HAL_Driver/Src/stm32u5xx_hal_pwr_ex.c **** {
1425:Drivers/STM32U5xx_HAL_Driver/Src/stm32u5xx_hal_pwr_ex.c ****   /* Set FORCE_USBPWR bit  */
1426:Drivers/STM32U5xx_HAL_Driver/Src/stm32u5xx_hal_pwr_ex.c ****   SET_BIT(PWR->CR1, PWR_CR1_FORCE_USBPWR);
1427:Drivers/STM32U5xx_HAL_Driver/Src/stm32u5xx_hal_pwr_ex.c **** }
1428:Drivers/STM32U5xx_HAL_Driver/Src/stm32u5xx_hal_pwr_ex.c **** 
1429:Drivers/STM32U5xx_HAL_Driver/Src/stm32u5xx_hal_pwr_ex.c **** /**
1430:Drivers/STM32U5xx_HAL_Driver/Src/stm32u5xx_hal_pwr_ex.c ****   * @brief  Disable OTG_HS PHY power during low power modes (Stop2, Stop3 and Standby).
1431:Drivers/STM32U5xx_HAL_Driver/Src/stm32u5xx_hal_pwr_ex.c ****   * @retval None.
1432:Drivers/STM32U5xx_HAL_Driver/Src/stm32u5xx_hal_pwr_ex.c ****   */
1433:Drivers/STM32U5xx_HAL_Driver/Src/stm32u5xx_hal_pwr_ex.c **** void HAL_PWREx_DisableOTGHSPHYLowPowerRetention(void)
1434:Drivers/STM32U5xx_HAL_Driver/Src/stm32u5xx_hal_pwr_ex.c **** {
1435:Drivers/STM32U5xx_HAL_Driver/Src/stm32u5xx_hal_pwr_ex.c ****   /* Clear FORCE_USBPWR bit  */
1436:Drivers/STM32U5xx_HAL_Driver/Src/stm32u5xx_hal_pwr_ex.c ****   CLEAR_BIT(PWR->CR1, PWR_CR1_FORCE_USBPWR);
1437:Drivers/STM32U5xx_HAL_Driver/Src/stm32u5xx_hal_pwr_ex.c **** }
1438:Drivers/STM32U5xx_HAL_Driver/Src/stm32u5xx_hal_pwr_ex.c **** #endif /* defined (PWR_CR1_FORCE_USBPWR) */
1439:Drivers/STM32U5xx_HAL_Driver/Src/stm32u5xx_hal_pwr_ex.c **** 
1440:Drivers/STM32U5xx_HAL_Driver/Src/stm32u5xx_hal_pwr_ex.c **** #if defined (PWR_VOSR_VDD11USBDIS)
1441:Drivers/STM32U5xx_HAL_Driver/Src/stm32u5xx_hal_pwr_ex.c **** /**
1442:Drivers/STM32U5xx_HAL_Driver/Src/stm32u5xx_hal_pwr_ex.c ****   * @brief  Enable the VDD11USB.
1443:Drivers/STM32U5xx_HAL_Driver/Src/stm32u5xx_hal_pwr_ex.c ****   * @retval None.
ARM GAS  /var/folders/j8/bx6g0dyx2gg_pdn7l_y1sb9c0000gn/T//cc9zwmjj.s 			page 60


1444:Drivers/STM32U5xx_HAL_Driver/Src/stm32u5xx_hal_pwr_ex.c ****   */
1445:Drivers/STM32U5xx_HAL_Driver/Src/stm32u5xx_hal_pwr_ex.c **** void HAL_PWREx_EnableVDD11USB(void)
1446:Drivers/STM32U5xx_HAL_Driver/Src/stm32u5xx_hal_pwr_ex.c **** {
1447:Drivers/STM32U5xx_HAL_Driver/Src/stm32u5xx_hal_pwr_ex.c ****   /* Clear VDD11USBDIS bit  */
1448:Drivers/STM32U5xx_HAL_Driver/Src/stm32u5xx_hal_pwr_ex.c ****   CLEAR_BIT(PWR->VOSR, PWR_VOSR_VDD11USBDIS);
1449:Drivers/STM32U5xx_HAL_Driver/Src/stm32u5xx_hal_pwr_ex.c **** }
1450:Drivers/STM32U5xx_HAL_Driver/Src/stm32u5xx_hal_pwr_ex.c **** 
1451:Drivers/STM32U5xx_HAL_Driver/Src/stm32u5xx_hal_pwr_ex.c **** /**
1452:Drivers/STM32U5xx_HAL_Driver/Src/stm32u5xx_hal_pwr_ex.c ****   * @brief  Disable the VDD11USB.
1453:Drivers/STM32U5xx_HAL_Driver/Src/stm32u5xx_hal_pwr_ex.c ****   * @retval None.
1454:Drivers/STM32U5xx_HAL_Driver/Src/stm32u5xx_hal_pwr_ex.c ****   */
1455:Drivers/STM32U5xx_HAL_Driver/Src/stm32u5xx_hal_pwr_ex.c **** void HAL_PWREx_DisableVDD11USB(void)
1456:Drivers/STM32U5xx_HAL_Driver/Src/stm32u5xx_hal_pwr_ex.c **** {
1457:Drivers/STM32U5xx_HAL_Driver/Src/stm32u5xx_hal_pwr_ex.c ****   /* Set VDD11USBDIS bit  */
1458:Drivers/STM32U5xx_HAL_Driver/Src/stm32u5xx_hal_pwr_ex.c ****   SET_BIT(PWR->VOSR, PWR_VOSR_VDD11USBDIS);
1459:Drivers/STM32U5xx_HAL_Driver/Src/stm32u5xx_hal_pwr_ex.c **** }
1460:Drivers/STM32U5xx_HAL_Driver/Src/stm32u5xx_hal_pwr_ex.c **** #endif /* defined (PWR_VOSR_VDD11USBDIS) */
1461:Drivers/STM32U5xx_HAL_Driver/Src/stm32u5xx_hal_pwr_ex.c **** 
1462:Drivers/STM32U5xx_HAL_Driver/Src/stm32u5xx_hal_pwr_ex.c **** #ifdef UCPD1
1463:Drivers/STM32U5xx_HAL_Driver/Src/stm32u5xx_hal_pwr_ex.c **** /**
1464:Drivers/STM32U5xx_HAL_Driver/Src/stm32u5xx_hal_pwr_ex.c ****   * @brief  Enable UCPD configuration memorization in Standby mode.
1465:Drivers/STM32U5xx_HAL_Driver/Src/stm32u5xx_hal_pwr_ex.c ****   * @retval None.
1466:Drivers/STM32U5xx_HAL_Driver/Src/stm32u5xx_hal_pwr_ex.c ****   */
1467:Drivers/STM32U5xx_HAL_Driver/Src/stm32u5xx_hal_pwr_ex.c **** void HAL_PWREx_EnableUCPDStandbyMode(void)
1468:Drivers/STM32U5xx_HAL_Driver/Src/stm32u5xx_hal_pwr_ex.c **** {
 1818              		.loc 1 1468 1 is_stmt 1 view -0
 1819              		.cfi_startproc
 1820              		@ args = 0, pretend = 0, frame = 0
 1821              		@ frame_needed = 0, uses_anonymous_args = 0
 1822              		@ link register save eliminated.
1469:Drivers/STM32U5xx_HAL_Driver/Src/stm32u5xx_hal_pwr_ex.c ****   SET_BIT(PWR->UCPDR, PWR_UCPDR_UCPD_STDBY);
 1823              		.loc 1 1469 3 view .LVU375
 1824 0000 024A     		ldr	r2, .L168
 1825 0002 D36A     		ldr	r3, [r2, #44]
 1826 0004 43F00203 		orr	r3, r3, #2
 1827 0008 D362     		str	r3, [r2, #44]
1470:Drivers/STM32U5xx_HAL_Driver/Src/stm32u5xx_hal_pwr_ex.c **** }
 1828              		.loc 1 1470 1 is_stmt 0 view .LVU376
 1829 000a 7047     		bx	lr
 1830              	.L169:
 1831              		.align	2
 1832              	.L168:
 1833 000c 00080246 		.word	1174538240
 1834              		.cfi_endproc
 1835              	.LFE189:
 1837              		.section	.text.HAL_PWREx_DisableUCPDStandbyMode,"ax",%progbits
 1838              		.align	1
 1839              		.global	HAL_PWREx_DisableUCPDStandbyMode
 1840              		.syntax unified
 1841              		.thumb
 1842              		.thumb_func
 1844              	HAL_PWREx_DisableUCPDStandbyMode:
 1845              	.LFB190:
1471:Drivers/STM32U5xx_HAL_Driver/Src/stm32u5xx_hal_pwr_ex.c **** 
1472:Drivers/STM32U5xx_HAL_Driver/Src/stm32u5xx_hal_pwr_ex.c **** /**
1473:Drivers/STM32U5xx_HAL_Driver/Src/stm32u5xx_hal_pwr_ex.c ****   * @brief  Disable UCPD configuration memorization in Standby mode.
1474:Drivers/STM32U5xx_HAL_Driver/Src/stm32u5xx_hal_pwr_ex.c ****   * @note   This function must be called on exiting the Standby mode and before
ARM GAS  /var/folders/j8/bx6g0dyx2gg_pdn7l_y1sb9c0000gn/T//cc9zwmjj.s 			page 61


1475:Drivers/STM32U5xx_HAL_Driver/Src/stm32u5xx_hal_pwr_ex.c ****   *         any UCPD configuration update.
1476:Drivers/STM32U5xx_HAL_Driver/Src/stm32u5xx_hal_pwr_ex.c ****   * @retval None.
1477:Drivers/STM32U5xx_HAL_Driver/Src/stm32u5xx_hal_pwr_ex.c ****   */
1478:Drivers/STM32U5xx_HAL_Driver/Src/stm32u5xx_hal_pwr_ex.c **** void HAL_PWREx_DisableUCPDStandbyMode(void)
1479:Drivers/STM32U5xx_HAL_Driver/Src/stm32u5xx_hal_pwr_ex.c **** {
 1846              		.loc 1 1479 1 is_stmt 1 view -0
 1847              		.cfi_startproc
 1848              		@ args = 0, pretend = 0, frame = 0
 1849              		@ frame_needed = 0, uses_anonymous_args = 0
 1850              		@ link register save eliminated.
1480:Drivers/STM32U5xx_HAL_Driver/Src/stm32u5xx_hal_pwr_ex.c ****   CLEAR_BIT(PWR->UCPDR, PWR_UCPDR_UCPD_STDBY);
 1851              		.loc 1 1480 3 view .LVU378
 1852 0000 024A     		ldr	r2, .L171
 1853 0002 D36A     		ldr	r3, [r2, #44]
 1854 0004 23F00203 		bic	r3, r3, #2
 1855 0008 D362     		str	r3, [r2, #44]
1481:Drivers/STM32U5xx_HAL_Driver/Src/stm32u5xx_hal_pwr_ex.c **** }
 1856              		.loc 1 1481 1 is_stmt 0 view .LVU379
 1857 000a 7047     		bx	lr
 1858              	.L172:
 1859              		.align	2
 1860              	.L171:
 1861 000c 00080246 		.word	1174538240
 1862              		.cfi_endproc
 1863              	.LFE190:
 1865              		.section	.text.HAL_PWREx_EnableUCPDDeadBattery,"ax",%progbits
 1866              		.align	1
 1867              		.global	HAL_PWREx_EnableUCPDDeadBattery
 1868              		.syntax unified
 1869              		.thumb
 1870              		.thumb_func
 1872              	HAL_PWREx_EnableUCPDDeadBattery:
 1873              	.LFB191:
1482:Drivers/STM32U5xx_HAL_Driver/Src/stm32u5xx_hal_pwr_ex.c **** 
1483:Drivers/STM32U5xx_HAL_Driver/Src/stm32u5xx_hal_pwr_ex.c **** /**
1484:Drivers/STM32U5xx_HAL_Driver/Src/stm32u5xx_hal_pwr_ex.c ****   * @brief  Enable dead battery behavior.
1485:Drivers/STM32U5xx_HAL_Driver/Src/stm32u5xx_hal_pwr_ex.c ****   * @note   After exiting reset, the USB Type-C (dead battery) behavior is
1486:Drivers/STM32U5xx_HAL_Driver/Src/stm32u5xx_hal_pwr_ex.c ****   *         enabled, which may have a pull-down effect on CC1 and CC2 pins.
1487:Drivers/STM32U5xx_HAL_Driver/Src/stm32u5xx_hal_pwr_ex.c ****   *         It is recommended to disable it in all cases, either to stop this
1488:Drivers/STM32U5xx_HAL_Driver/Src/stm32u5xx_hal_pwr_ex.c ****   *         pull-down or to handover control to the UCPD (the UCPD must be
1489:Drivers/STM32U5xx_HAL_Driver/Src/stm32u5xx_hal_pwr_ex.c ****   *         initialized before doing the disable).
1490:Drivers/STM32U5xx_HAL_Driver/Src/stm32u5xx_hal_pwr_ex.c ****   * @retval None.
1491:Drivers/STM32U5xx_HAL_Driver/Src/stm32u5xx_hal_pwr_ex.c ****   */
1492:Drivers/STM32U5xx_HAL_Driver/Src/stm32u5xx_hal_pwr_ex.c **** void HAL_PWREx_EnableUCPDDeadBattery(void)
1493:Drivers/STM32U5xx_HAL_Driver/Src/stm32u5xx_hal_pwr_ex.c **** {
 1874              		.loc 1 1493 1 is_stmt 1 view -0
 1875              		.cfi_startproc
 1876              		@ args = 0, pretend = 0, frame = 0
 1877              		@ frame_needed = 0, uses_anonymous_args = 0
 1878              		@ link register save eliminated.
1494:Drivers/STM32U5xx_HAL_Driver/Src/stm32u5xx_hal_pwr_ex.c ****   CLEAR_BIT(PWR->UCPDR, PWR_UCPDR_UCPD_DBDIS);
 1879              		.loc 1 1494 3 view .LVU381
 1880 0000 024A     		ldr	r2, .L174
 1881 0002 D36A     		ldr	r3, [r2, #44]
 1882 0004 23F00103 		bic	r3, r3, #1
 1883 0008 D362     		str	r3, [r2, #44]
1495:Drivers/STM32U5xx_HAL_Driver/Src/stm32u5xx_hal_pwr_ex.c **** }
ARM GAS  /var/folders/j8/bx6g0dyx2gg_pdn7l_y1sb9c0000gn/T//cc9zwmjj.s 			page 62


 1884              		.loc 1 1495 1 is_stmt 0 view .LVU382
 1885 000a 7047     		bx	lr
 1886              	.L175:
 1887              		.align	2
 1888              	.L174:
 1889 000c 00080246 		.word	1174538240
 1890              		.cfi_endproc
 1891              	.LFE191:
 1893              		.section	.text.HAL_PWREx_DisableUCPDDeadBattery,"ax",%progbits
 1894              		.align	1
 1895              		.global	HAL_PWREx_DisableUCPDDeadBattery
 1896              		.syntax unified
 1897              		.thumb
 1898              		.thumb_func
 1900              	HAL_PWREx_DisableUCPDDeadBattery:
 1901              	.LFB192:
1496:Drivers/STM32U5xx_HAL_Driver/Src/stm32u5xx_hal_pwr_ex.c **** 
1497:Drivers/STM32U5xx_HAL_Driver/Src/stm32u5xx_hal_pwr_ex.c **** /**
1498:Drivers/STM32U5xx_HAL_Driver/Src/stm32u5xx_hal_pwr_ex.c ****   * @brief  Disable dead battery behavior.
1499:Drivers/STM32U5xx_HAL_Driver/Src/stm32u5xx_hal_pwr_ex.c ****   * @note   After exiting reset, the USB Type-C (dead battery) behavior is
1500:Drivers/STM32U5xx_HAL_Driver/Src/stm32u5xx_hal_pwr_ex.c ****   *         enabled, which may have a pull-down effect on CC1 and CC2 pins.
1501:Drivers/STM32U5xx_HAL_Driver/Src/stm32u5xx_hal_pwr_ex.c ****   *         It is recommended to disable it in all cases, either to stop this
1502:Drivers/STM32U5xx_HAL_Driver/Src/stm32u5xx_hal_pwr_ex.c ****   *         pull-down or to handover control to the UCPD (the UCPD must be
1503:Drivers/STM32U5xx_HAL_Driver/Src/stm32u5xx_hal_pwr_ex.c ****   *         initialized before doing the disable).
1504:Drivers/STM32U5xx_HAL_Driver/Src/stm32u5xx_hal_pwr_ex.c ****   * @retval None.
1505:Drivers/STM32U5xx_HAL_Driver/Src/stm32u5xx_hal_pwr_ex.c ****   */
1506:Drivers/STM32U5xx_HAL_Driver/Src/stm32u5xx_hal_pwr_ex.c **** void HAL_PWREx_DisableUCPDDeadBattery(void)
1507:Drivers/STM32U5xx_HAL_Driver/Src/stm32u5xx_hal_pwr_ex.c **** {
 1902              		.loc 1 1507 1 is_stmt 1 view -0
 1903              		.cfi_startproc
 1904              		@ args = 0, pretend = 0, frame = 0
 1905              		@ frame_needed = 0, uses_anonymous_args = 0
 1906              		@ link register save eliminated.
1508:Drivers/STM32U5xx_HAL_Driver/Src/stm32u5xx_hal_pwr_ex.c ****   SET_BIT(PWR->UCPDR, PWR_UCPDR_UCPD_DBDIS);
 1907              		.loc 1 1508 3 view .LVU384
 1908 0000 024A     		ldr	r2, .L177
 1909 0002 D36A     		ldr	r3, [r2, #44]
 1910 0004 43F00103 		orr	r3, r3, #1
 1911 0008 D362     		str	r3, [r2, #44]
1509:Drivers/STM32U5xx_HAL_Driver/Src/stm32u5xx_hal_pwr_ex.c **** }
 1912              		.loc 1 1509 1 is_stmt 0 view .LVU385
 1913 000a 7047     		bx	lr
 1914              	.L178:
 1915              		.align	2
 1916              	.L177:
 1917 000c 00080246 		.word	1174538240
 1918              		.cfi_endproc
 1919              	.LFE192:
 1921              		.section	.text.HAL_PWREx_EnableBatteryCharging,"ax",%progbits
 1922              		.align	1
 1923              		.global	HAL_PWREx_EnableBatteryCharging
 1924              		.syntax unified
 1925              		.thumb
 1926              		.thumb_func
 1928              	HAL_PWREx_EnableBatteryCharging:
 1929              	.LVL62:
 1930              	.LFB193:
ARM GAS  /var/folders/j8/bx6g0dyx2gg_pdn7l_y1sb9c0000gn/T//cc9zwmjj.s 			page 63


1510:Drivers/STM32U5xx_HAL_Driver/Src/stm32u5xx_hal_pwr_ex.c **** #endif /* UCPD1 */
1511:Drivers/STM32U5xx_HAL_Driver/Src/stm32u5xx_hal_pwr_ex.c **** 
1512:Drivers/STM32U5xx_HAL_Driver/Src/stm32u5xx_hal_pwr_ex.c **** /**
1513:Drivers/STM32U5xx_HAL_Driver/Src/stm32u5xx_hal_pwr_ex.c ****   * @brief  Enable the Battery charging.
1514:Drivers/STM32U5xx_HAL_Driver/Src/stm32u5xx_hal_pwr_ex.c ****   * @note   When VDD is present, charge the external battery through an internal
1515:Drivers/STM32U5xx_HAL_Driver/Src/stm32u5xx_hal_pwr_ex.c ****   *         resistor.
1516:Drivers/STM32U5xx_HAL_Driver/Src/stm32u5xx_hal_pwr_ex.c ****   * @param  ResistorValue : Specifies the charging resistor.
1517:Drivers/STM32U5xx_HAL_Driver/Src/stm32u5xx_hal_pwr_ex.c ****   *                         This parameter can be one of the following values :
1518:Drivers/STM32U5xx_HAL_Driver/Src/stm32u5xx_hal_pwr_ex.c ****   *                         @arg PWR_BATTERY_CHARGING_RESISTOR_5   : 5 KOhm resistor.
1519:Drivers/STM32U5xx_HAL_Driver/Src/stm32u5xx_hal_pwr_ex.c ****   *                         @arg PWR_BATTERY_CHARGING_RESISTOR_1_5 : 1.5 KOhm resistor.
1520:Drivers/STM32U5xx_HAL_Driver/Src/stm32u5xx_hal_pwr_ex.c ****   * @retval None.
1521:Drivers/STM32U5xx_HAL_Driver/Src/stm32u5xx_hal_pwr_ex.c ****   */
1522:Drivers/STM32U5xx_HAL_Driver/Src/stm32u5xx_hal_pwr_ex.c **** void HAL_PWREx_EnableBatteryCharging(uint32_t ResistorValue)
1523:Drivers/STM32U5xx_HAL_Driver/Src/stm32u5xx_hal_pwr_ex.c **** {
 1931              		.loc 1 1523 1 is_stmt 1 view -0
 1932              		.cfi_startproc
 1933              		@ args = 0, pretend = 0, frame = 0
 1934              		@ frame_needed = 0, uses_anonymous_args = 0
 1935              		@ link register save eliminated.
1524:Drivers/STM32U5xx_HAL_Driver/Src/stm32u5xx_hal_pwr_ex.c ****   /* Check the parameter */
1525:Drivers/STM32U5xx_HAL_Driver/Src/stm32u5xx_hal_pwr_ex.c ****   assert_param(IS_PWR_BATTERY_RESISTOR_SELECT(ResistorValue));
 1936              		.loc 1 1525 3 view .LVU387
1526:Drivers/STM32U5xx_HAL_Driver/Src/stm32u5xx_hal_pwr_ex.c **** 
1527:Drivers/STM32U5xx_HAL_Driver/Src/stm32u5xx_hal_pwr_ex.c ****   /* Specify the charging resistor */
1528:Drivers/STM32U5xx_HAL_Driver/Src/stm32u5xx_hal_pwr_ex.c ****   MODIFY_REG(PWR->BDCR2, PWR_BDCR2_VBRS, ResistorValue);
 1937              		.loc 1 1528 3 view .LVU388
 1938 0000 054A     		ldr	r2, .L180
 1939 0002 536A     		ldr	r3, [r2, #36]
 1940 0004 23F00203 		bic	r3, r3, #2
 1941 0008 0343     		orrs	r3, r3, r0
 1942 000a 5362     		str	r3, [r2, #36]
1529:Drivers/STM32U5xx_HAL_Driver/Src/stm32u5xx_hal_pwr_ex.c **** 
1530:Drivers/STM32U5xx_HAL_Driver/Src/stm32u5xx_hal_pwr_ex.c ****   /* Enable the Battery charging */
1531:Drivers/STM32U5xx_HAL_Driver/Src/stm32u5xx_hal_pwr_ex.c ****   SET_BIT(PWR->BDCR2, PWR_BDCR2_VBE);
 1943              		.loc 1 1531 3 view .LVU389
 1944 000c 536A     		ldr	r3, [r2, #36]
 1945 000e 43F00103 		orr	r3, r3, #1
 1946 0012 5362     		str	r3, [r2, #36]
1532:Drivers/STM32U5xx_HAL_Driver/Src/stm32u5xx_hal_pwr_ex.c **** }
 1947              		.loc 1 1532 1 is_stmt 0 view .LVU390
 1948 0014 7047     		bx	lr
 1949              	.L181:
 1950 0016 00BF     		.align	2
 1951              	.L180:
 1952 0018 00080246 		.word	1174538240
 1953              		.cfi_endproc
 1954              	.LFE193:
 1956              		.section	.text.HAL_PWREx_DisableBatteryCharging,"ax",%progbits
 1957              		.align	1
 1958              		.global	HAL_PWREx_DisableBatteryCharging
 1959              		.syntax unified
 1960              		.thumb
 1961              		.thumb_func
 1963              	HAL_PWREx_DisableBatteryCharging:
 1964              	.LFB194:
1533:Drivers/STM32U5xx_HAL_Driver/Src/stm32u5xx_hal_pwr_ex.c **** 
1534:Drivers/STM32U5xx_HAL_Driver/Src/stm32u5xx_hal_pwr_ex.c **** /**
ARM GAS  /var/folders/j8/bx6g0dyx2gg_pdn7l_y1sb9c0000gn/T//cc9zwmjj.s 			page 64


1535:Drivers/STM32U5xx_HAL_Driver/Src/stm32u5xx_hal_pwr_ex.c ****   * @brief  Disable the Battery charging.
1536:Drivers/STM32U5xx_HAL_Driver/Src/stm32u5xx_hal_pwr_ex.c ****   * @retval None.
1537:Drivers/STM32U5xx_HAL_Driver/Src/stm32u5xx_hal_pwr_ex.c ****   */
1538:Drivers/STM32U5xx_HAL_Driver/Src/stm32u5xx_hal_pwr_ex.c **** void HAL_PWREx_DisableBatteryCharging(void)
1539:Drivers/STM32U5xx_HAL_Driver/Src/stm32u5xx_hal_pwr_ex.c **** {
 1965              		.loc 1 1539 1 is_stmt 1 view -0
 1966              		.cfi_startproc
 1967              		@ args = 0, pretend = 0, frame = 0
 1968              		@ frame_needed = 0, uses_anonymous_args = 0
 1969              		@ link register save eliminated.
1540:Drivers/STM32U5xx_HAL_Driver/Src/stm32u5xx_hal_pwr_ex.c ****   CLEAR_BIT(PWR->BDCR2, PWR_BDCR2_VBE);
 1970              		.loc 1 1540 3 view .LVU392
 1971 0000 024A     		ldr	r2, .L183
 1972 0002 536A     		ldr	r3, [r2, #36]
 1973 0004 23F00103 		bic	r3, r3, #1
 1974 0008 5362     		str	r3, [r2, #36]
1541:Drivers/STM32U5xx_HAL_Driver/Src/stm32u5xx_hal_pwr_ex.c **** }
 1975              		.loc 1 1541 1 is_stmt 0 view .LVU393
 1976 000a 7047     		bx	lr
 1977              	.L184:
 1978              		.align	2
 1979              	.L183:
 1980 000c 00080246 		.word	1174538240
 1981              		.cfi_endproc
 1982              	.LFE194:
 1984              		.section	.text.HAL_PWREx_UVMCallback,"ax",%progbits
 1985              		.align	1
 1986              		.weak	HAL_PWREx_UVMCallback
 1987              		.syntax unified
 1988              		.thumb
 1989              		.thumb_func
 1991              	HAL_PWREx_UVMCallback:
 1992              	.LFB196:
1542:Drivers/STM32U5xx_HAL_Driver/Src/stm32u5xx_hal_pwr_ex.c **** 
1543:Drivers/STM32U5xx_HAL_Driver/Src/stm32u5xx_hal_pwr_ex.c **** /**
1544:Drivers/STM32U5xx_HAL_Driver/Src/stm32u5xx_hal_pwr_ex.c ****   * @brief  This function handles the PWR PVD/PVM interrupt request.
1545:Drivers/STM32U5xx_HAL_Driver/Src/stm32u5xx_hal_pwr_ex.c ****   * @note   This API should be called under the PVD_PVM_IRQHandler().
1546:Drivers/STM32U5xx_HAL_Driver/Src/stm32u5xx_hal_pwr_ex.c ****   * @retval None.
1547:Drivers/STM32U5xx_HAL_Driver/Src/stm32u5xx_hal_pwr_ex.c ****   */
1548:Drivers/STM32U5xx_HAL_Driver/Src/stm32u5xx_hal_pwr_ex.c **** void HAL_PWREx_PVD_PVM_IRQHandler(void)
1549:Drivers/STM32U5xx_HAL_Driver/Src/stm32u5xx_hal_pwr_ex.c **** {
1550:Drivers/STM32U5xx_HAL_Driver/Src/stm32u5xx_hal_pwr_ex.c ****   uint32_t  rising_flag;
1551:Drivers/STM32U5xx_HAL_Driver/Src/stm32u5xx_hal_pwr_ex.c ****   uint32_t  falling_flag;
1552:Drivers/STM32U5xx_HAL_Driver/Src/stm32u5xx_hal_pwr_ex.c **** 
1553:Drivers/STM32U5xx_HAL_Driver/Src/stm32u5xx_hal_pwr_ex.c ****   /* Get pending flags */
1554:Drivers/STM32U5xx_HAL_Driver/Src/stm32u5xx_hal_pwr_ex.c ****   rising_flag = READ_REG(EXTI->RPR1);
1555:Drivers/STM32U5xx_HAL_Driver/Src/stm32u5xx_hal_pwr_ex.c ****   falling_flag = READ_REG(EXTI->FPR1);
1556:Drivers/STM32U5xx_HAL_Driver/Src/stm32u5xx_hal_pwr_ex.c **** 
1557:Drivers/STM32U5xx_HAL_Driver/Src/stm32u5xx_hal_pwr_ex.c ****   /* Check PWR exti flags for PVD */
1558:Drivers/STM32U5xx_HAL_Driver/Src/stm32u5xx_hal_pwr_ex.c ****   if (((rising_flag | falling_flag) & PWR_EXTI_LINE_PVD) != 0U)
1559:Drivers/STM32U5xx_HAL_Driver/Src/stm32u5xx_hal_pwr_ex.c ****   {
1560:Drivers/STM32U5xx_HAL_Driver/Src/stm32u5xx_hal_pwr_ex.c ****     /* PWR PVD interrupt user callback */
1561:Drivers/STM32U5xx_HAL_Driver/Src/stm32u5xx_hal_pwr_ex.c ****     HAL_PWR_PVDCallback();
1562:Drivers/STM32U5xx_HAL_Driver/Src/stm32u5xx_hal_pwr_ex.c **** 
1563:Drivers/STM32U5xx_HAL_Driver/Src/stm32u5xx_hal_pwr_ex.c ****     /* Clear PVD exti pending bit */
1564:Drivers/STM32U5xx_HAL_Driver/Src/stm32u5xx_hal_pwr_ex.c ****     WRITE_REG(EXTI->RPR1, PWR_EXTI_LINE_PVD);
1565:Drivers/STM32U5xx_HAL_Driver/Src/stm32u5xx_hal_pwr_ex.c ****     WRITE_REG(EXTI->FPR1, PWR_EXTI_LINE_PVD);
ARM GAS  /var/folders/j8/bx6g0dyx2gg_pdn7l_y1sb9c0000gn/T//cc9zwmjj.s 			page 65


1566:Drivers/STM32U5xx_HAL_Driver/Src/stm32u5xx_hal_pwr_ex.c ****   }
1567:Drivers/STM32U5xx_HAL_Driver/Src/stm32u5xx_hal_pwr_ex.c **** 
1568:Drivers/STM32U5xx_HAL_Driver/Src/stm32u5xx_hal_pwr_ex.c ****   /* Check PWR exti flags for UVM */
1569:Drivers/STM32U5xx_HAL_Driver/Src/stm32u5xx_hal_pwr_ex.c ****   if (((rising_flag | falling_flag) & PWR_EXTI_LINE_UVM) != 0U)
1570:Drivers/STM32U5xx_HAL_Driver/Src/stm32u5xx_hal_pwr_ex.c ****   {
1571:Drivers/STM32U5xx_HAL_Driver/Src/stm32u5xx_hal_pwr_ex.c ****     /* PWR UVM interrupt user callback */
1572:Drivers/STM32U5xx_HAL_Driver/Src/stm32u5xx_hal_pwr_ex.c ****     HAL_PWREx_UVMCallback();
1573:Drivers/STM32U5xx_HAL_Driver/Src/stm32u5xx_hal_pwr_ex.c **** 
1574:Drivers/STM32U5xx_HAL_Driver/Src/stm32u5xx_hal_pwr_ex.c ****     /* Clear UVM exti pending bit */
1575:Drivers/STM32U5xx_HAL_Driver/Src/stm32u5xx_hal_pwr_ex.c ****     WRITE_REG(EXTI->RPR1, PWR_EXTI_LINE_UVM);
1576:Drivers/STM32U5xx_HAL_Driver/Src/stm32u5xx_hal_pwr_ex.c ****     WRITE_REG(EXTI->FPR1, PWR_EXTI_LINE_UVM);
1577:Drivers/STM32U5xx_HAL_Driver/Src/stm32u5xx_hal_pwr_ex.c ****   }
1578:Drivers/STM32U5xx_HAL_Driver/Src/stm32u5xx_hal_pwr_ex.c **** 
1579:Drivers/STM32U5xx_HAL_Driver/Src/stm32u5xx_hal_pwr_ex.c ****   /* Check PWR exti flags for IO2VM */
1580:Drivers/STM32U5xx_HAL_Driver/Src/stm32u5xx_hal_pwr_ex.c ****   if (((rising_flag | falling_flag) & PWR_EXTI_LINE_IO2VM) != 0U)
1581:Drivers/STM32U5xx_HAL_Driver/Src/stm32u5xx_hal_pwr_ex.c ****   {
1582:Drivers/STM32U5xx_HAL_Driver/Src/stm32u5xx_hal_pwr_ex.c ****     /* PWR IO2VM interrupt user callback */
1583:Drivers/STM32U5xx_HAL_Driver/Src/stm32u5xx_hal_pwr_ex.c ****     HAL_PWREx_IO2VMCallback();
1584:Drivers/STM32U5xx_HAL_Driver/Src/stm32u5xx_hal_pwr_ex.c **** 
1585:Drivers/STM32U5xx_HAL_Driver/Src/stm32u5xx_hal_pwr_ex.c ****     /* Clear IO2VM exti pending bit */
1586:Drivers/STM32U5xx_HAL_Driver/Src/stm32u5xx_hal_pwr_ex.c ****     WRITE_REG(EXTI->RPR1, PWR_EXTI_LINE_IO2VM);
1587:Drivers/STM32U5xx_HAL_Driver/Src/stm32u5xx_hal_pwr_ex.c ****     WRITE_REG(EXTI->FPR1, PWR_EXTI_LINE_IO2VM);
1588:Drivers/STM32U5xx_HAL_Driver/Src/stm32u5xx_hal_pwr_ex.c ****   }
1589:Drivers/STM32U5xx_HAL_Driver/Src/stm32u5xx_hal_pwr_ex.c **** 
1590:Drivers/STM32U5xx_HAL_Driver/Src/stm32u5xx_hal_pwr_ex.c ****   /* Check PWR exti flags for AVM1 */
1591:Drivers/STM32U5xx_HAL_Driver/Src/stm32u5xx_hal_pwr_ex.c ****   if (((rising_flag | falling_flag) & PWR_EXTI_LINE_AVM1) != 0U)
1592:Drivers/STM32U5xx_HAL_Driver/Src/stm32u5xx_hal_pwr_ex.c ****   {
1593:Drivers/STM32U5xx_HAL_Driver/Src/stm32u5xx_hal_pwr_ex.c ****     /* PWR AVM1 interrupt user callback */
1594:Drivers/STM32U5xx_HAL_Driver/Src/stm32u5xx_hal_pwr_ex.c ****     HAL_PWREx_AVM1Callback();
1595:Drivers/STM32U5xx_HAL_Driver/Src/stm32u5xx_hal_pwr_ex.c **** 
1596:Drivers/STM32U5xx_HAL_Driver/Src/stm32u5xx_hal_pwr_ex.c ****     /* Clear AVM1 exti pending bit */
1597:Drivers/STM32U5xx_HAL_Driver/Src/stm32u5xx_hal_pwr_ex.c ****     WRITE_REG(EXTI->RPR1, PWR_EXTI_LINE_AVM1);
1598:Drivers/STM32U5xx_HAL_Driver/Src/stm32u5xx_hal_pwr_ex.c ****     WRITE_REG(EXTI->FPR1, PWR_EXTI_LINE_AVM1);
1599:Drivers/STM32U5xx_HAL_Driver/Src/stm32u5xx_hal_pwr_ex.c ****   }
1600:Drivers/STM32U5xx_HAL_Driver/Src/stm32u5xx_hal_pwr_ex.c **** 
1601:Drivers/STM32U5xx_HAL_Driver/Src/stm32u5xx_hal_pwr_ex.c ****   /* Check PWR exti flags for AVM2 */
1602:Drivers/STM32U5xx_HAL_Driver/Src/stm32u5xx_hal_pwr_ex.c ****   if (((rising_flag | falling_flag) & PWR_EXTI_LINE_AVM2) != 0U)
1603:Drivers/STM32U5xx_HAL_Driver/Src/stm32u5xx_hal_pwr_ex.c ****   {
1604:Drivers/STM32U5xx_HAL_Driver/Src/stm32u5xx_hal_pwr_ex.c ****     /* PWR AVM2 interrupt user callback */
1605:Drivers/STM32U5xx_HAL_Driver/Src/stm32u5xx_hal_pwr_ex.c ****     HAL_PWREx_AVM2Callback();
1606:Drivers/STM32U5xx_HAL_Driver/Src/stm32u5xx_hal_pwr_ex.c **** 
1607:Drivers/STM32U5xx_HAL_Driver/Src/stm32u5xx_hal_pwr_ex.c ****     /* Clear AVM2 exti pending bit */
1608:Drivers/STM32U5xx_HAL_Driver/Src/stm32u5xx_hal_pwr_ex.c ****     WRITE_REG(EXTI->RPR1, PWR_EXTI_LINE_AVM2);
1609:Drivers/STM32U5xx_HAL_Driver/Src/stm32u5xx_hal_pwr_ex.c ****     WRITE_REG(EXTI->FPR1, PWR_EXTI_LINE_AVM2);
1610:Drivers/STM32U5xx_HAL_Driver/Src/stm32u5xx_hal_pwr_ex.c ****   }
1611:Drivers/STM32U5xx_HAL_Driver/Src/stm32u5xx_hal_pwr_ex.c **** }
1612:Drivers/STM32U5xx_HAL_Driver/Src/stm32u5xx_hal_pwr_ex.c **** 
1613:Drivers/STM32U5xx_HAL_Driver/Src/stm32u5xx_hal_pwr_ex.c **** /**
1614:Drivers/STM32U5xx_HAL_Driver/Src/stm32u5xx_hal_pwr_ex.c ****   * @brief  PWR UVM interrupt callback.
1615:Drivers/STM32U5xx_HAL_Driver/Src/stm32u5xx_hal_pwr_ex.c ****   * @retval None.
1616:Drivers/STM32U5xx_HAL_Driver/Src/stm32u5xx_hal_pwr_ex.c ****   */
1617:Drivers/STM32U5xx_HAL_Driver/Src/stm32u5xx_hal_pwr_ex.c **** __weak void HAL_PWREx_UVMCallback(void)
1618:Drivers/STM32U5xx_HAL_Driver/Src/stm32u5xx_hal_pwr_ex.c **** {
 1993              		.loc 1 1618 1 is_stmt 1 view -0
 1994              		.cfi_startproc
 1995              		@ args = 0, pretend = 0, frame = 0
 1996              		@ frame_needed = 0, uses_anonymous_args = 0
ARM GAS  /var/folders/j8/bx6g0dyx2gg_pdn7l_y1sb9c0000gn/T//cc9zwmjj.s 			page 66


 1997              		@ link register save eliminated.
1619:Drivers/STM32U5xx_HAL_Driver/Src/stm32u5xx_hal_pwr_ex.c ****   /* NOTE : This function should not be modified; when the callback is needed,
1620:Drivers/STM32U5xx_HAL_Driver/Src/stm32u5xx_hal_pwr_ex.c ****             HAL_PWREx_UVMCallback() API can be implemented in the user file
1621:Drivers/STM32U5xx_HAL_Driver/Src/stm32u5xx_hal_pwr_ex.c ****    */
1622:Drivers/STM32U5xx_HAL_Driver/Src/stm32u5xx_hal_pwr_ex.c **** }
 1998              		.loc 1 1622 1 view .LVU395
 1999 0000 7047     		bx	lr
 2000              		.cfi_endproc
 2001              	.LFE196:
 2003              		.section	.text.HAL_PWREx_IO2VMCallback,"ax",%progbits
 2004              		.align	1
 2005              		.weak	HAL_PWREx_IO2VMCallback
 2006              		.syntax unified
 2007              		.thumb
 2008              		.thumb_func
 2010              	HAL_PWREx_IO2VMCallback:
 2011              	.LFB197:
1623:Drivers/STM32U5xx_HAL_Driver/Src/stm32u5xx_hal_pwr_ex.c **** 
1624:Drivers/STM32U5xx_HAL_Driver/Src/stm32u5xx_hal_pwr_ex.c **** /**
1625:Drivers/STM32U5xx_HAL_Driver/Src/stm32u5xx_hal_pwr_ex.c ****   * @brief  PWR IO2VM interrupt callback.
1626:Drivers/STM32U5xx_HAL_Driver/Src/stm32u5xx_hal_pwr_ex.c ****   * @retval None.
1627:Drivers/STM32U5xx_HAL_Driver/Src/stm32u5xx_hal_pwr_ex.c ****   */
1628:Drivers/STM32U5xx_HAL_Driver/Src/stm32u5xx_hal_pwr_ex.c **** __weak void HAL_PWREx_IO2VMCallback(void)
1629:Drivers/STM32U5xx_HAL_Driver/Src/stm32u5xx_hal_pwr_ex.c **** {
 2012              		.loc 1 1629 1 view -0
 2013              		.cfi_startproc
 2014              		@ args = 0, pretend = 0, frame = 0
 2015              		@ frame_needed = 0, uses_anonymous_args = 0
 2016              		@ link register save eliminated.
1630:Drivers/STM32U5xx_HAL_Driver/Src/stm32u5xx_hal_pwr_ex.c ****   /* NOTE : This function should not be modified; when the callback is needed,
1631:Drivers/STM32U5xx_HAL_Driver/Src/stm32u5xx_hal_pwr_ex.c ****             HAL_PWREx_IO2VMCallback() API can be implemented in the user file
1632:Drivers/STM32U5xx_HAL_Driver/Src/stm32u5xx_hal_pwr_ex.c ****    */
1633:Drivers/STM32U5xx_HAL_Driver/Src/stm32u5xx_hal_pwr_ex.c **** }
 2017              		.loc 1 1633 1 view .LVU397
 2018 0000 7047     		bx	lr
 2019              		.cfi_endproc
 2020              	.LFE197:
 2022              		.section	.text.HAL_PWREx_AVM1Callback,"ax",%progbits
 2023              		.align	1
 2024              		.weak	HAL_PWREx_AVM1Callback
 2025              		.syntax unified
 2026              		.thumb
 2027              		.thumb_func
 2029              	HAL_PWREx_AVM1Callback:
 2030              	.LFB198:
1634:Drivers/STM32U5xx_HAL_Driver/Src/stm32u5xx_hal_pwr_ex.c **** 
1635:Drivers/STM32U5xx_HAL_Driver/Src/stm32u5xx_hal_pwr_ex.c **** /**
1636:Drivers/STM32U5xx_HAL_Driver/Src/stm32u5xx_hal_pwr_ex.c ****   * @brief  PWR AVM1 interrupt callback.
1637:Drivers/STM32U5xx_HAL_Driver/Src/stm32u5xx_hal_pwr_ex.c ****   * @retval None.
1638:Drivers/STM32U5xx_HAL_Driver/Src/stm32u5xx_hal_pwr_ex.c ****   */
1639:Drivers/STM32U5xx_HAL_Driver/Src/stm32u5xx_hal_pwr_ex.c **** __weak void HAL_PWREx_AVM1Callback(void)
1640:Drivers/STM32U5xx_HAL_Driver/Src/stm32u5xx_hal_pwr_ex.c **** {
 2031              		.loc 1 1640 1 view -0
 2032              		.cfi_startproc
 2033              		@ args = 0, pretend = 0, frame = 0
 2034              		@ frame_needed = 0, uses_anonymous_args = 0
 2035              		@ link register save eliminated.
ARM GAS  /var/folders/j8/bx6g0dyx2gg_pdn7l_y1sb9c0000gn/T//cc9zwmjj.s 			page 67


1641:Drivers/STM32U5xx_HAL_Driver/Src/stm32u5xx_hal_pwr_ex.c ****   /* NOTE : This function should not be modified; when the callback is needed,
1642:Drivers/STM32U5xx_HAL_Driver/Src/stm32u5xx_hal_pwr_ex.c ****             HAL_PWREx_AVM1Callback() API can be implemented in the user file
1643:Drivers/STM32U5xx_HAL_Driver/Src/stm32u5xx_hal_pwr_ex.c ****    */
1644:Drivers/STM32U5xx_HAL_Driver/Src/stm32u5xx_hal_pwr_ex.c **** }
 2036              		.loc 1 1644 1 view .LVU399
 2037 0000 7047     		bx	lr
 2038              		.cfi_endproc
 2039              	.LFE198:
 2041              		.section	.text.HAL_PWREx_AVM2Callback,"ax",%progbits
 2042              		.align	1
 2043              		.weak	HAL_PWREx_AVM2Callback
 2044              		.syntax unified
 2045              		.thumb
 2046              		.thumb_func
 2048              	HAL_PWREx_AVM2Callback:
 2049              	.LFB199:
1645:Drivers/STM32U5xx_HAL_Driver/Src/stm32u5xx_hal_pwr_ex.c **** 
1646:Drivers/STM32U5xx_HAL_Driver/Src/stm32u5xx_hal_pwr_ex.c **** /**
1647:Drivers/STM32U5xx_HAL_Driver/Src/stm32u5xx_hal_pwr_ex.c ****   * @brief  PWR AVM2 interrupt callback.
1648:Drivers/STM32U5xx_HAL_Driver/Src/stm32u5xx_hal_pwr_ex.c ****   * @retval None.
1649:Drivers/STM32U5xx_HAL_Driver/Src/stm32u5xx_hal_pwr_ex.c ****   */
1650:Drivers/STM32U5xx_HAL_Driver/Src/stm32u5xx_hal_pwr_ex.c **** __weak void HAL_PWREx_AVM2Callback(void)
1651:Drivers/STM32U5xx_HAL_Driver/Src/stm32u5xx_hal_pwr_ex.c **** {
 2050              		.loc 1 1651 1 view -0
 2051              		.cfi_startproc
 2052              		@ args = 0, pretend = 0, frame = 0
 2053              		@ frame_needed = 0, uses_anonymous_args = 0
 2054              		@ link register save eliminated.
1652:Drivers/STM32U5xx_HAL_Driver/Src/stm32u5xx_hal_pwr_ex.c ****   /* NOTE : This function should not be modified; when the callback is needed,
1653:Drivers/STM32U5xx_HAL_Driver/Src/stm32u5xx_hal_pwr_ex.c ****             HAL_PWREx_AVM2Callback() API can be implemented in the user file
1654:Drivers/STM32U5xx_HAL_Driver/Src/stm32u5xx_hal_pwr_ex.c ****    */
1655:Drivers/STM32U5xx_HAL_Driver/Src/stm32u5xx_hal_pwr_ex.c **** }
 2055              		.loc 1 1655 1 view .LVU401
 2056 0000 7047     		bx	lr
 2057              		.cfi_endproc
 2058              	.LFE199:
 2060              		.section	.text.HAL_PWREx_PVD_PVM_IRQHandler,"ax",%progbits
 2061              		.align	1
 2062              		.global	HAL_PWREx_PVD_PVM_IRQHandler
 2063              		.syntax unified
 2064              		.thumb
 2065              		.thumb_func
 2067              	HAL_PWREx_PVD_PVM_IRQHandler:
 2068              	.LFB195:
1549:Drivers/STM32U5xx_HAL_Driver/Src/stm32u5xx_hal_pwr_ex.c ****   uint32_t  rising_flag;
 2069              		.loc 1 1549 1 view -0
 2070              		.cfi_startproc
 2071              		@ args = 0, pretend = 0, frame = 0
 2072              		@ frame_needed = 0, uses_anonymous_args = 0
 2073 0000 10B5     		push	{r4, lr}
 2074              	.LCFI1:
 2075              		.cfi_def_cfa_offset 8
 2076              		.cfi_offset 4, -8
 2077              		.cfi_offset 14, -4
1550:Drivers/STM32U5xx_HAL_Driver/Src/stm32u5xx_hal_pwr_ex.c ****   uint32_t  falling_flag;
 2078              		.loc 1 1550 3 view .LVU403
1551:Drivers/STM32U5xx_HAL_Driver/Src/stm32u5xx_hal_pwr_ex.c **** 
ARM GAS  /var/folders/j8/bx6g0dyx2gg_pdn7l_y1sb9c0000gn/T//cc9zwmjj.s 			page 68


 2079              		.loc 1 1551 3 view .LVU404
1554:Drivers/STM32U5xx_HAL_Driver/Src/stm32u5xx_hal_pwr_ex.c ****   falling_flag = READ_REG(EXTI->FPR1);
 2080              		.loc 1 1554 3 view .LVU405
1554:Drivers/STM32U5xx_HAL_Driver/Src/stm32u5xx_hal_pwr_ex.c ****   falling_flag = READ_REG(EXTI->FPR1);
 2081              		.loc 1 1554 15 is_stmt 0 view .LVU406
 2082 0002 1E4B     		ldr	r3, .L201
 2083 0004 DC68     		ldr	r4, [r3, #12]
 2084              	.LVL63:
1555:Drivers/STM32U5xx_HAL_Driver/Src/stm32u5xx_hal_pwr_ex.c **** 
 2085              		.loc 1 1555 3 is_stmt 1 view .LVU407
1555:Drivers/STM32U5xx_HAL_Driver/Src/stm32u5xx_hal_pwr_ex.c **** 
 2086              		.loc 1 1555 16 is_stmt 0 view .LVU408
 2087 0006 1B69     		ldr	r3, [r3, #16]
 2088              	.LVL64:
1558:Drivers/STM32U5xx_HAL_Driver/Src/stm32u5xx_hal_pwr_ex.c ****   {
 2089              		.loc 1 1558 3 is_stmt 1 view .LVU409
1558:Drivers/STM32U5xx_HAL_Driver/Src/stm32u5xx_hal_pwr_ex.c ****   {
 2090              		.loc 1 1558 21 is_stmt 0 view .LVU410
 2091 0008 1C43     		orrs	r4, r4, r3
 2092              	.LVL65:
1558:Drivers/STM32U5xx_HAL_Driver/Src/stm32u5xx_hal_pwr_ex.c ****   {
 2093              		.loc 1 1558 6 view .LVU411
 2094 000a 14F4803F 		tst	r4, #65536
 2095 000e 0CD1     		bne	.L196
 2096              	.LVL66:
 2097              	.L190:
1569:Drivers/STM32U5xx_HAL_Driver/Src/stm32u5xx_hal_pwr_ex.c ****   {
 2098              		.loc 1 1569 3 is_stmt 1 view .LVU412
1569:Drivers/STM32U5xx_HAL_Driver/Src/stm32u5xx_hal_pwr_ex.c ****   {
 2099              		.loc 1 1569 6 is_stmt 0 view .LVU413
 2100 0010 14F4002F 		tst	r4, #524288
 2101 0014 11D1     		bne	.L197
 2102              	.L191:
1580:Drivers/STM32U5xx_HAL_Driver/Src/stm32u5xx_hal_pwr_ex.c ****   {
 2103              		.loc 1 1580 3 is_stmt 1 view .LVU414
1580:Drivers/STM32U5xx_HAL_Driver/Src/stm32u5xx_hal_pwr_ex.c ****   {
 2104              		.loc 1 1580 6 is_stmt 0 view .LVU415
 2105 0016 14F4801F 		tst	r4, #1048576
 2106 001a 16D1     		bne	.L198
 2107              	.L192:
1591:Drivers/STM32U5xx_HAL_Driver/Src/stm32u5xx_hal_pwr_ex.c ****   {
 2108              		.loc 1 1591 3 is_stmt 1 view .LVU416
1591:Drivers/STM32U5xx_HAL_Driver/Src/stm32u5xx_hal_pwr_ex.c ****   {
 2109              		.loc 1 1591 6 is_stmt 0 view .LVU417
 2110 001c 14F4001F 		tst	r4, #2097152
 2111 0020 1BD1     		bne	.L199
 2112              	.L193:
1602:Drivers/STM32U5xx_HAL_Driver/Src/stm32u5xx_hal_pwr_ex.c ****   {
 2113              		.loc 1 1602 3 is_stmt 1 view .LVU418
1602:Drivers/STM32U5xx_HAL_Driver/Src/stm32u5xx_hal_pwr_ex.c ****   {
 2114              		.loc 1 1602 6 is_stmt 0 view .LVU419
 2115 0022 14F4800F 		tst	r4, #4194304
 2116 0026 20D1     		bne	.L200
 2117              	.L189:
1611:Drivers/STM32U5xx_HAL_Driver/Src/stm32u5xx_hal_pwr_ex.c **** 
 2118              		.loc 1 1611 1 view .LVU420
 2119 0028 10BD     		pop	{r4, pc}
ARM GAS  /var/folders/j8/bx6g0dyx2gg_pdn7l_y1sb9c0000gn/T//cc9zwmjj.s 			page 69


 2120              	.LVL67:
 2121              	.L196:
1561:Drivers/STM32U5xx_HAL_Driver/Src/stm32u5xx_hal_pwr_ex.c **** 
 2122              		.loc 1 1561 5 is_stmt 1 view .LVU421
 2123 002a FFF7FEFF 		bl	HAL_PWR_PVDCallback
 2124              	.LVL68:
1564:Drivers/STM32U5xx_HAL_Driver/Src/stm32u5xx_hal_pwr_ex.c ****     WRITE_REG(EXTI->FPR1, PWR_EXTI_LINE_PVD);
 2125              		.loc 1 1564 5 view .LVU422
 2126 002e 134B     		ldr	r3, .L201
 2127 0030 4FF48032 		mov	r2, #65536
 2128 0034 DA60     		str	r2, [r3, #12]
1565:Drivers/STM32U5xx_HAL_Driver/Src/stm32u5xx_hal_pwr_ex.c ****   }
 2129              		.loc 1 1565 5 view .LVU423
 2130 0036 1A61     		str	r2, [r3, #16]
 2131 0038 EAE7     		b	.L190
 2132              	.L197:
1572:Drivers/STM32U5xx_HAL_Driver/Src/stm32u5xx_hal_pwr_ex.c **** 
 2133              		.loc 1 1572 5 view .LVU424
 2134 003a FFF7FEFF 		bl	HAL_PWREx_UVMCallback
 2135              	.LVL69:
1575:Drivers/STM32U5xx_HAL_Driver/Src/stm32u5xx_hal_pwr_ex.c ****     WRITE_REG(EXTI->FPR1, PWR_EXTI_LINE_UVM);
 2136              		.loc 1 1575 5 view .LVU425
 2137 003e 0F4B     		ldr	r3, .L201
 2138 0040 4FF40022 		mov	r2, #524288
 2139 0044 DA60     		str	r2, [r3, #12]
1576:Drivers/STM32U5xx_HAL_Driver/Src/stm32u5xx_hal_pwr_ex.c ****   }
 2140              		.loc 1 1576 5 view .LVU426
 2141 0046 1A61     		str	r2, [r3, #16]
 2142 0048 E5E7     		b	.L191
 2143              	.L198:
1583:Drivers/STM32U5xx_HAL_Driver/Src/stm32u5xx_hal_pwr_ex.c **** 
 2144              		.loc 1 1583 5 view .LVU427
 2145 004a FFF7FEFF 		bl	HAL_PWREx_IO2VMCallback
 2146              	.LVL70:
1586:Drivers/STM32U5xx_HAL_Driver/Src/stm32u5xx_hal_pwr_ex.c ****     WRITE_REG(EXTI->FPR1, PWR_EXTI_LINE_IO2VM);
 2147              		.loc 1 1586 5 view .LVU428
 2148 004e 0B4B     		ldr	r3, .L201
 2149 0050 4FF48012 		mov	r2, #1048576
 2150 0054 DA60     		str	r2, [r3, #12]
1587:Drivers/STM32U5xx_HAL_Driver/Src/stm32u5xx_hal_pwr_ex.c ****   }
 2151              		.loc 1 1587 5 view .LVU429
 2152 0056 1A61     		str	r2, [r3, #16]
 2153 0058 E0E7     		b	.L192
 2154              	.L199:
1594:Drivers/STM32U5xx_HAL_Driver/Src/stm32u5xx_hal_pwr_ex.c **** 
 2155              		.loc 1 1594 5 view .LVU430
 2156 005a FFF7FEFF 		bl	HAL_PWREx_AVM1Callback
 2157              	.LVL71:
1597:Drivers/STM32U5xx_HAL_Driver/Src/stm32u5xx_hal_pwr_ex.c ****     WRITE_REG(EXTI->FPR1, PWR_EXTI_LINE_AVM1);
 2158              		.loc 1 1597 5 view .LVU431
 2159 005e 074B     		ldr	r3, .L201
 2160 0060 4FF40012 		mov	r2, #2097152
 2161 0064 DA60     		str	r2, [r3, #12]
1598:Drivers/STM32U5xx_HAL_Driver/Src/stm32u5xx_hal_pwr_ex.c ****   }
 2162              		.loc 1 1598 5 view .LVU432
 2163 0066 1A61     		str	r2, [r3, #16]
 2164 0068 DBE7     		b	.L193
ARM GAS  /var/folders/j8/bx6g0dyx2gg_pdn7l_y1sb9c0000gn/T//cc9zwmjj.s 			page 70


 2165              	.L200:
1605:Drivers/STM32U5xx_HAL_Driver/Src/stm32u5xx_hal_pwr_ex.c **** 
 2166              		.loc 1 1605 5 view .LVU433
 2167 006a FFF7FEFF 		bl	HAL_PWREx_AVM2Callback
 2168              	.LVL72:
1608:Drivers/STM32U5xx_HAL_Driver/Src/stm32u5xx_hal_pwr_ex.c ****     WRITE_REG(EXTI->FPR1, PWR_EXTI_LINE_AVM2);
 2169              		.loc 1 1608 5 view .LVU434
 2170 006e 034B     		ldr	r3, .L201
 2171 0070 4FF48002 		mov	r2, #4194304
 2172 0074 DA60     		str	r2, [r3, #12]
1609:Drivers/STM32U5xx_HAL_Driver/Src/stm32u5xx_hal_pwr_ex.c ****   }
 2173              		.loc 1 1609 5 view .LVU435
 2174 0076 1A61     		str	r2, [r3, #16]
1611:Drivers/STM32U5xx_HAL_Driver/Src/stm32u5xx_hal_pwr_ex.c **** 
 2175              		.loc 1 1611 1 is_stmt 0 view .LVU436
 2176 0078 D6E7     		b	.L189
 2177              	.L202:
 2178 007a 00BF     		.align	2
 2179              	.L201:
 2180 007c 00200246 		.word	1174544384
 2181              		.cfi_endproc
 2182              	.LFE195:
 2184              		.section	.text.HAL_PWREx_EnableSRAM2ContentStandbyRetention,"ax",%progbits
 2185              		.align	1
 2186              		.global	HAL_PWREx_EnableSRAM2ContentStandbyRetention
 2187              		.syntax unified
 2188              		.thumb
 2189              		.thumb_func
 2191              	HAL_PWREx_EnableSRAM2ContentStandbyRetention:
 2192              	.LVL73:
 2193              	.LFB200:
1656:Drivers/STM32U5xx_HAL_Driver/Src/stm32u5xx_hal_pwr_ex.c **** /**
1657:Drivers/STM32U5xx_HAL_Driver/Src/stm32u5xx_hal_pwr_ex.c ****   * @}
1658:Drivers/STM32U5xx_HAL_Driver/Src/stm32u5xx_hal_pwr_ex.c ****   */
1659:Drivers/STM32U5xx_HAL_Driver/Src/stm32u5xx_hal_pwr_ex.c **** 
1660:Drivers/STM32U5xx_HAL_Driver/Src/stm32u5xx_hal_pwr_ex.c **** /** @defgroup PWREx_Exported_Functions_Group4 Memories Retention Functions
1661:Drivers/STM32U5xx_HAL_Driver/Src/stm32u5xx_hal_pwr_ex.c ****   * @brief    Memories retention functions
1662:Drivers/STM32U5xx_HAL_Driver/Src/stm32u5xx_hal_pwr_ex.c ****   *
1663:Drivers/STM32U5xx_HAL_Driver/Src/stm32u5xx_hal_pwr_ex.c **** @verbatim
1664:Drivers/STM32U5xx_HAL_Driver/Src/stm32u5xx_hal_pwr_ex.c ****  ===============================================================================
1665:Drivers/STM32U5xx_HAL_Driver/Src/stm32u5xx_hal_pwr_ex.c ****                      ##### Memories Retention Functions #####
1666:Drivers/STM32U5xx_HAL_Driver/Src/stm32u5xx_hal_pwr_ex.c ****  ===============================================================================
1667:Drivers/STM32U5xx_HAL_Driver/Src/stm32u5xx_hal_pwr_ex.c ****     [..]
1668:Drivers/STM32U5xx_HAL_Driver/Src/stm32u5xx_hal_pwr_ex.c ****       Several STM32U5 devices RAMs are configurable to keep / lose RAMs content
1669:Drivers/STM32U5xx_HAL_Driver/Src/stm32u5xx_hal_pwr_ex.c ****       during Stop mode (Stop 0/1/2/3).
1670:Drivers/STM32U5xx_HAL_Driver/Src/stm32u5xx_hal_pwr_ex.c ****        (+) Retained content RAMs in Stop modes are :
1671:Drivers/STM32U5xx_HAL_Driver/Src/stm32u5xx_hal_pwr_ex.c ****              (++) SRAM1
1672:Drivers/STM32U5xx_HAL_Driver/Src/stm32u5xx_hal_pwr_ex.c ****              (++) SRAM2
1673:Drivers/STM32U5xx_HAL_Driver/Src/stm32u5xx_hal_pwr_ex.c ****              (++) SRAM3 (available only for STM32U575xx, STM32U585xx, STM32U59xxx,
1674:Drivers/STM32U5xx_HAL_Driver/Src/stm32u5xx_hal_pwr_ex.c ****                   STM32U5Axxx, STM32U5Fxxx and STM32U5Gxxx devices)
1675:Drivers/STM32U5xx_HAL_Driver/Src/stm32u5xx_hal_pwr_ex.c ****              (++) SRAM4
1676:Drivers/STM32U5xx_HAL_Driver/Src/stm32u5xx_hal_pwr_ex.c ****              (++) ICACHE
1677:Drivers/STM32U5xx_HAL_Driver/Src/stm32u5xx_hal_pwr_ex.c ****              (++) DMA2DRAM (available only for STM32U575xx, STM32U585xx, STM32U59xxx,
1678:Drivers/STM32U5xx_HAL_Driver/Src/stm32u5xx_hal_pwr_ex.c ****                   STM32U5Axxx, STM32U5Fxxx and STM32U5Gxxx devices)
1679:Drivers/STM32U5xx_HAL_Driver/Src/stm32u5xx_hal_pwr_ex.c ****              (++) PKA32RAM
1680:Drivers/STM32U5xx_HAL_Driver/Src/stm32u5xx_hal_pwr_ex.c ****              (++) DCACHE
1681:Drivers/STM32U5xx_HAL_Driver/Src/stm32u5xx_hal_pwr_ex.c ****              (++) FMAC
ARM GAS  /var/folders/j8/bx6g0dyx2gg_pdn7l_y1sb9c0000gn/T//cc9zwmjj.s 			page 71


1682:Drivers/STM32U5xx_HAL_Driver/Src/stm32u5xx_hal_pwr_ex.c ****              (++) FDCAN
1683:Drivers/STM32U5xx_HAL_Driver/Src/stm32u5xx_hal_pwr_ex.c ****              (++) USB
1684:Drivers/STM32U5xx_HAL_Driver/Src/stm32u5xx_hal_pwr_ex.c **** 
1685:Drivers/STM32U5xx_HAL_Driver/Src/stm32u5xx_hal_pwr_ex.c ****     [..]
1686:Drivers/STM32U5xx_HAL_Driver/Src/stm32u5xx_hal_pwr_ex.c ****       Several STM32U5 devices RAMs are configurable to keep / lose RAMs content
1687:Drivers/STM32U5xx_HAL_Driver/Src/stm32u5xx_hal_pwr_ex.c ****       during Run mode.
1688:Drivers/STM32U5xx_HAL_Driver/Src/stm32u5xx_hal_pwr_ex.c ****        (+) Retained content RAMs in Run modes are :
1689:Drivers/STM32U5xx_HAL_Driver/Src/stm32u5xx_hal_pwr_ex.c ****              (++) SRAM1
1690:Drivers/STM32U5xx_HAL_Driver/Src/stm32u5xx_hal_pwr_ex.c ****              (++) SRAM2
1691:Drivers/STM32U5xx_HAL_Driver/Src/stm32u5xx_hal_pwr_ex.c ****              (++) SRAM3 (available only for STM32U575xx, STM32U585xx, STM32U59xxx,
1692:Drivers/STM32U5xx_HAL_Driver/Src/stm32u5xx_hal_pwr_ex.c ****                   STM32U5Axxx, STM32U5Fxxx and STM32U5Gxxx devices)
1693:Drivers/STM32U5xx_HAL_Driver/Src/stm32u5xx_hal_pwr_ex.c ****              (++) SRAM4
1694:Drivers/STM32U5xx_HAL_Driver/Src/stm32u5xx_hal_pwr_ex.c **** 
1695:Drivers/STM32U5xx_HAL_Driver/Src/stm32u5xx_hal_pwr_ex.c ****     [..]
1696:Drivers/STM32U5xx_HAL_Driver/Src/stm32u5xx_hal_pwr_ex.c ****       SRAM2 is configurable to keep / lose its content in Stop 3 and Standby
1697:Drivers/STM32U5xx_HAL_Driver/Src/stm32u5xx_hal_pwr_ex.c ****       modes. The SRAM2 retention feature granularity is at pages level.
1698:Drivers/STM32U5xx_HAL_Driver/Src/stm32u5xx_hal_pwr_ex.c **** 
1699:Drivers/STM32U5xx_HAL_Driver/Src/stm32u5xx_hal_pwr_ex.c ****     [..]
1700:Drivers/STM32U5xx_HAL_Driver/Src/stm32u5xx_hal_pwr_ex.c ****       BKPRAM is configurable to keep / lose its content in Standby, Shutdown and
1701:Drivers/STM32U5xx_HAL_Driver/Src/stm32u5xx_hal_pwr_ex.c ****       VBAT modes.
1702:Drivers/STM32U5xx_HAL_Driver/Src/stm32u5xx_hal_pwr_ex.c **** 
1703:Drivers/STM32U5xx_HAL_Driver/Src/stm32u5xx_hal_pwr_ex.c **** @endverbatim
1704:Drivers/STM32U5xx_HAL_Driver/Src/stm32u5xx_hal_pwr_ex.c ****   * @{
1705:Drivers/STM32U5xx_HAL_Driver/Src/stm32u5xx_hal_pwr_ex.c ****   */
1706:Drivers/STM32U5xx_HAL_Driver/Src/stm32u5xx_hal_pwr_ex.c **** 
1707:Drivers/STM32U5xx_HAL_Driver/Src/stm32u5xx_hal_pwr_ex.c **** /**
1708:Drivers/STM32U5xx_HAL_Driver/Src/stm32u5xx_hal_pwr_ex.c ****   * @brief  Enable SRAM2 page(s) content retention in Stop 3 and Standby mode.
1709:Drivers/STM32U5xx_HAL_Driver/Src/stm32u5xx_hal_pwr_ex.c ****   * @note   When RRSx bit is set, SRAM2 is powered by the low-power regulator in
1710:Drivers/STM32U5xx_HAL_Driver/Src/stm32u5xx_hal_pwr_ex.c ****   *         Stop 3 and Standby mode and its content is kept.
1711:Drivers/STM32U5xx_HAL_Driver/Src/stm32u5xx_hal_pwr_ex.c ****   * @param  SRAM2Pages : Specifies the SRAM2 pages.
1712:Drivers/STM32U5xx_HAL_Driver/Src/stm32u5xx_hal_pwr_ex.c ****   *                      This parameter can be one of the following values :
1713:Drivers/STM32U5xx_HAL_Driver/Src/stm32u5xx_hal_pwr_ex.c ****   *                      @arg PWR_SRAM2_PAGE1_STANDBY : SRAM2 page 1 retention.
1714:Drivers/STM32U5xx_HAL_Driver/Src/stm32u5xx_hal_pwr_ex.c ****   *                      @arg PWR_SRAM2_PAGE2_STANDBY : SRAM2 page 2 retention.
1715:Drivers/STM32U5xx_HAL_Driver/Src/stm32u5xx_hal_pwr_ex.c ****   *                      @arg PWR_SRAM2_FULL_STANDBY  : SRAM2 page 1 and page 2 retention.
1716:Drivers/STM32U5xx_HAL_Driver/Src/stm32u5xx_hal_pwr_ex.c ****   * @retval None.
1717:Drivers/STM32U5xx_HAL_Driver/Src/stm32u5xx_hal_pwr_ex.c ****   */
1718:Drivers/STM32U5xx_HAL_Driver/Src/stm32u5xx_hal_pwr_ex.c **** void HAL_PWREx_EnableSRAM2ContentStandbyRetention(uint32_t SRAM2Pages)
1719:Drivers/STM32U5xx_HAL_Driver/Src/stm32u5xx_hal_pwr_ex.c **** {
 2194              		.loc 1 1719 1 is_stmt 1 view -0
 2195              		.cfi_startproc
 2196              		@ args = 0, pretend = 0, frame = 0
 2197              		@ frame_needed = 0, uses_anonymous_args = 0
 2198              		@ link register save eliminated.
1720:Drivers/STM32U5xx_HAL_Driver/Src/stm32u5xx_hal_pwr_ex.c ****   /* Check the parameters */
1721:Drivers/STM32U5xx_HAL_Driver/Src/stm32u5xx_hal_pwr_ex.c ****   assert_param(IS_PWR_SRAM2_STANDBY_RETENTION(SRAM2Pages));
 2199              		.loc 1 1721 3 view .LVU438
1722:Drivers/STM32U5xx_HAL_Driver/Src/stm32u5xx_hal_pwr_ex.c **** 
1723:Drivers/STM32U5xx_HAL_Driver/Src/stm32u5xx_hal_pwr_ex.c ****   /* Set RRSx bit(s) */
1724:Drivers/STM32U5xx_HAL_Driver/Src/stm32u5xx_hal_pwr_ex.c ****   SET_BIT(PWR->CR1, SRAM2Pages);
 2200              		.loc 1 1724 3 view .LVU439
 2201 0000 024A     		ldr	r2, .L204
 2202 0002 1368     		ldr	r3, [r2]
 2203 0004 0343     		orrs	r3, r3, r0
 2204 0006 1360     		str	r3, [r2]
1725:Drivers/STM32U5xx_HAL_Driver/Src/stm32u5xx_hal_pwr_ex.c **** }
 2205              		.loc 1 1725 1 is_stmt 0 view .LVU440
 2206 0008 7047     		bx	lr
ARM GAS  /var/folders/j8/bx6g0dyx2gg_pdn7l_y1sb9c0000gn/T//cc9zwmjj.s 			page 72


 2207              	.L205:
 2208 000a 00BF     		.align	2
 2209              	.L204:
 2210 000c 00080246 		.word	1174538240
 2211              		.cfi_endproc
 2212              	.LFE200:
 2214              		.section	.text.HAL_PWREx_DisableSRAM2ContentStandbyRetention,"ax",%progbits
 2215              		.align	1
 2216              		.global	HAL_PWREx_DisableSRAM2ContentStandbyRetention
 2217              		.syntax unified
 2218              		.thumb
 2219              		.thumb_func
 2221              	HAL_PWREx_DisableSRAM2ContentStandbyRetention:
 2222              	.LVL74:
 2223              	.LFB201:
1726:Drivers/STM32U5xx_HAL_Driver/Src/stm32u5xx_hal_pwr_ex.c **** 
1727:Drivers/STM32U5xx_HAL_Driver/Src/stm32u5xx_hal_pwr_ex.c **** /**
1728:Drivers/STM32U5xx_HAL_Driver/Src/stm32u5xx_hal_pwr_ex.c ****   * @brief  Disable SRAM2 page(s) content retention in Stop 3 and Standby mode.
1729:Drivers/STM32U5xx_HAL_Driver/Src/stm32u5xx_hal_pwr_ex.c ****   * @note   When RRSx bit is reset, SRAM2 is powered off in Stop 3 and Standby
1730:Drivers/STM32U5xx_HAL_Driver/Src/stm32u5xx_hal_pwr_ex.c ****   *         mode and its content is lost.
1731:Drivers/STM32U5xx_HAL_Driver/Src/stm32u5xx_hal_pwr_ex.c ****   * @param  SRAM2Pages : Specifies the SRAM2 pages.
1732:Drivers/STM32U5xx_HAL_Driver/Src/stm32u5xx_hal_pwr_ex.c ****   *                      This parameter can be one of the following values :
1733:Drivers/STM32U5xx_HAL_Driver/Src/stm32u5xx_hal_pwr_ex.c ****   *                      @arg PWR_SRAM2_PAGE1_STANDBY : SRAM2 page 1 retention.
1734:Drivers/STM32U5xx_HAL_Driver/Src/stm32u5xx_hal_pwr_ex.c ****   *                      @arg PWR_SRAM2_PAGE2_STANDBY : SRAM2 page 2 retention.
1735:Drivers/STM32U5xx_HAL_Driver/Src/stm32u5xx_hal_pwr_ex.c ****   *                      @arg PWR_SRAM2_FULL_STANDBY  : SRAM2 page 1 and page 2 retention.
1736:Drivers/STM32U5xx_HAL_Driver/Src/stm32u5xx_hal_pwr_ex.c ****   * @retval None.
1737:Drivers/STM32U5xx_HAL_Driver/Src/stm32u5xx_hal_pwr_ex.c ****   */
1738:Drivers/STM32U5xx_HAL_Driver/Src/stm32u5xx_hal_pwr_ex.c **** void HAL_PWREx_DisableSRAM2ContentStandbyRetention(uint32_t SRAM2Pages)
1739:Drivers/STM32U5xx_HAL_Driver/Src/stm32u5xx_hal_pwr_ex.c **** {
 2224              		.loc 1 1739 1 is_stmt 1 view -0
 2225              		.cfi_startproc
 2226              		@ args = 0, pretend = 0, frame = 0
 2227              		@ frame_needed = 0, uses_anonymous_args = 0
 2228              		@ link register save eliminated.
1740:Drivers/STM32U5xx_HAL_Driver/Src/stm32u5xx_hal_pwr_ex.c ****   /* Check the parameters */
1741:Drivers/STM32U5xx_HAL_Driver/Src/stm32u5xx_hal_pwr_ex.c ****   assert_param(IS_PWR_SRAM2_STANDBY_RETENTION(SRAM2Pages));
 2229              		.loc 1 1741 3 view .LVU442
1742:Drivers/STM32U5xx_HAL_Driver/Src/stm32u5xx_hal_pwr_ex.c **** 
1743:Drivers/STM32U5xx_HAL_Driver/Src/stm32u5xx_hal_pwr_ex.c ****   /* Clear RRSx bit(s) */
1744:Drivers/STM32U5xx_HAL_Driver/Src/stm32u5xx_hal_pwr_ex.c ****   CLEAR_BIT(PWR->CR1, SRAM2Pages);
 2230              		.loc 1 1744 3 view .LVU443
 2231 0000 024A     		ldr	r2, .L207
 2232 0002 1368     		ldr	r3, [r2]
 2233 0004 23EA0003 		bic	r3, r3, r0
 2234 0008 1360     		str	r3, [r2]
1745:Drivers/STM32U5xx_HAL_Driver/Src/stm32u5xx_hal_pwr_ex.c **** }
 2235              		.loc 1 1745 1 is_stmt 0 view .LVU444
 2236 000a 7047     		bx	lr
 2237              	.L208:
 2238              		.align	2
 2239              	.L207:
 2240 000c 00080246 		.word	1174538240
 2241              		.cfi_endproc
 2242              	.LFE201:
 2244              		.section	.text.HAL_PWREx_EnableRAMsContentStopRetention,"ax",%progbits
 2245              		.align	1
 2246              		.global	HAL_PWREx_EnableRAMsContentStopRetention
ARM GAS  /var/folders/j8/bx6g0dyx2gg_pdn7l_y1sb9c0000gn/T//cc9zwmjj.s 			page 73


 2247              		.syntax unified
 2248              		.thumb
 2249              		.thumb_func
 2251              	HAL_PWREx_EnableRAMsContentStopRetention:
 2252              	.LVL75:
 2253              	.LFB202:
1746:Drivers/STM32U5xx_HAL_Driver/Src/stm32u5xx_hal_pwr_ex.c **** 
1747:Drivers/STM32U5xx_HAL_Driver/Src/stm32u5xx_hal_pwr_ex.c **** /**
1748:Drivers/STM32U5xx_HAL_Driver/Src/stm32u5xx_hal_pwr_ex.c ****   * @brief  Enable RAM page(s) content retention in Stop mode (Stop 0, 1, 2, 3).
1749:Drivers/STM32U5xx_HAL_Driver/Src/stm32u5xx_hal_pwr_ex.c ****   * @note   When enabling content retention for a given RAM, memory kept powered
1750:Drivers/STM32U5xx_HAL_Driver/Src/stm32u5xx_hal_pwr_ex.c ****   *         in Stop mode. (Not optimized power consumption)
1751:Drivers/STM32U5xx_HAL_Driver/Src/stm32u5xx_hal_pwr_ex.c ****   * @param RAMSelection: Specifies RAM page(s) to be retained in Stop mode.
1752:Drivers/STM32U5xx_HAL_Driver/Src/stm32u5xx_hal_pwr_ex.c ****   *                      This parameter can be one or a combination of the same
1753:Drivers/STM32U5xx_HAL_Driver/Src/stm32u5xx_hal_pwr_ex.c ****   *                      memory @ref PWREx_RAM_Contents_Stop_Retention.
1754:Drivers/STM32U5xx_HAL_Driver/Src/stm32u5xx_hal_pwr_ex.c ****   * @retval None.
1755:Drivers/STM32U5xx_HAL_Driver/Src/stm32u5xx_hal_pwr_ex.c ****   */
1756:Drivers/STM32U5xx_HAL_Driver/Src/stm32u5xx_hal_pwr_ex.c **** void HAL_PWREx_EnableRAMsContentStopRetention(uint32_t RAMSelection)
1757:Drivers/STM32U5xx_HAL_Driver/Src/stm32u5xx_hal_pwr_ex.c **** {
 2254              		.loc 1 1757 1 is_stmt 1 view -0
 2255              		.cfi_startproc
 2256              		@ args = 0, pretend = 0, frame = 0
 2257              		@ frame_needed = 0, uses_anonymous_args = 0
 2258              		@ link register save eliminated.
1758:Drivers/STM32U5xx_HAL_Driver/Src/stm32u5xx_hal_pwr_ex.c ****   uint32_t dummy;
 2259              		.loc 1 1758 3 view .LVU446
1759:Drivers/STM32U5xx_HAL_Driver/Src/stm32u5xx_hal_pwr_ex.c **** 
1760:Drivers/STM32U5xx_HAL_Driver/Src/stm32u5xx_hal_pwr_ex.c ****   /* Check RAM ID */
1761:Drivers/STM32U5xx_HAL_Driver/Src/stm32u5xx_hal_pwr_ex.c ****   switch (RAMSelection & SRAM_ID_MASK)
 2260              		.loc 1 1761 3 view .LVU447
 2261              		.loc 1 1761 24 is_stmt 0 view .LVU448
 2262 0000 030C     		lsrs	r3, r0, #16
 2263 0002 1B04     		lsls	r3, r3, #16
 2264              		.loc 1 1761 3 view .LVU449
 2265 0004 B3F5801F 		cmp	r3, #1048576
 2266 0008 53D0     		beq	.L210
 2267 000a 0FD9     		bls	.L223
 2268 000c B3F5000F 		cmp	r3, #8388608
 2269 0010 61D0     		beq	.L218
 2270 0012 2CD9     		bls	.L224
 2271 0014 B3F1807F 		cmp	r3, #16777216
 2272 0018 39D1     		bne	.L225
1762:Drivers/STM32U5xx_HAL_Driver/Src/stm32u5xx_hal_pwr_ex.c ****   {
1763:Drivers/STM32U5xx_HAL_Driver/Src/stm32u5xx_hal_pwr_ex.c ****     /* SRAM 1 Stop retention */
1764:Drivers/STM32U5xx_HAL_Driver/Src/stm32u5xx_hal_pwr_ex.c ****     case SRAM1_ID:
1765:Drivers/STM32U5xx_HAL_Driver/Src/stm32u5xx_hal_pwr_ex.c ****     {
1766:Drivers/STM32U5xx_HAL_Driver/Src/stm32u5xx_hal_pwr_ex.c ****       /* Check the parameters */
1767:Drivers/STM32U5xx_HAL_Driver/Src/stm32u5xx_hal_pwr_ex.c ****       assert_param(IS_PWR_SRAM1_STOP_RETENTION(RAMSelection));
1768:Drivers/STM32U5xx_HAL_Driver/Src/stm32u5xx_hal_pwr_ex.c **** 
1769:Drivers/STM32U5xx_HAL_Driver/Src/stm32u5xx_hal_pwr_ex.c ****       /* Calculate pages mask */
1770:Drivers/STM32U5xx_HAL_Driver/Src/stm32u5xx_hal_pwr_ex.c ****       dummy = (RAMSelection & ~SRAM_ID_MASK) & (PAGE01_ID | PAGE02_ID | PAGE03_ID);
1771:Drivers/STM32U5xx_HAL_Driver/Src/stm32u5xx_hal_pwr_ex.c ****       CLEAR_BIT(PWR->CR2, dummy);
1772:Drivers/STM32U5xx_HAL_Driver/Src/stm32u5xx_hal_pwr_ex.c **** 
1773:Drivers/STM32U5xx_HAL_Driver/Src/stm32u5xx_hal_pwr_ex.c **** #if defined (PWR_CR4_SRAM1PDS4)
1774:Drivers/STM32U5xx_HAL_Driver/Src/stm32u5xx_hal_pwr_ex.c ****       /* Calculate pages mask */
1775:Drivers/STM32U5xx_HAL_Driver/Src/stm32u5xx_hal_pwr_ex.c ****       dummy = ((RAMSelection & ~SRAM_ID_MASK) & ~(PAGE01_ID | PAGE02_ID | PAGE03_ID)) >> 0x03U;
1776:Drivers/STM32U5xx_HAL_Driver/Src/stm32u5xx_hal_pwr_ex.c ****       CLEAR_BIT(PWR->CR4, dummy);
1777:Drivers/STM32U5xx_HAL_Driver/Src/stm32u5xx_hal_pwr_ex.c **** #endif /* defined (PWR_CR4_SRAM1PDS4) */
ARM GAS  /var/folders/j8/bx6g0dyx2gg_pdn7l_y1sb9c0000gn/T//cc9zwmjj.s 			page 74


1778:Drivers/STM32U5xx_HAL_Driver/Src/stm32u5xx_hal_pwr_ex.c **** 
1779:Drivers/STM32U5xx_HAL_Driver/Src/stm32u5xx_hal_pwr_ex.c ****       break;
1780:Drivers/STM32U5xx_HAL_Driver/Src/stm32u5xx_hal_pwr_ex.c ****     }
1781:Drivers/STM32U5xx_HAL_Driver/Src/stm32u5xx_hal_pwr_ex.c **** 
1782:Drivers/STM32U5xx_HAL_Driver/Src/stm32u5xx_hal_pwr_ex.c ****     /* SRAM 2 Stop retention */
1783:Drivers/STM32U5xx_HAL_Driver/Src/stm32u5xx_hal_pwr_ex.c ****     case SRAM2_ID:
1784:Drivers/STM32U5xx_HAL_Driver/Src/stm32u5xx_hal_pwr_ex.c ****     {
1785:Drivers/STM32U5xx_HAL_Driver/Src/stm32u5xx_hal_pwr_ex.c ****       /* Check the parameters */
1786:Drivers/STM32U5xx_HAL_Driver/Src/stm32u5xx_hal_pwr_ex.c ****       assert_param(IS_PWR_SRAM2_STOP_RETENTION(RAMSelection));
1787:Drivers/STM32U5xx_HAL_Driver/Src/stm32u5xx_hal_pwr_ex.c **** 
1788:Drivers/STM32U5xx_HAL_Driver/Src/stm32u5xx_hal_pwr_ex.c ****       /* Calculate pages mask */
1789:Drivers/STM32U5xx_HAL_Driver/Src/stm32u5xx_hal_pwr_ex.c ****       dummy = (RAMSelection & PWR_SRAM2_FULL_STOP) & ~SRAM_ID_MASK;
1790:Drivers/STM32U5xx_HAL_Driver/Src/stm32u5xx_hal_pwr_ex.c ****       CLEAR_BIT(PWR->CR2, (dummy << PWR_CR2_SRAM2PDS1_Pos));
1791:Drivers/STM32U5xx_HAL_Driver/Src/stm32u5xx_hal_pwr_ex.c **** 
1792:Drivers/STM32U5xx_HAL_Driver/Src/stm32u5xx_hal_pwr_ex.c ****       break;
1793:Drivers/STM32U5xx_HAL_Driver/Src/stm32u5xx_hal_pwr_ex.c ****     }
1794:Drivers/STM32U5xx_HAL_Driver/Src/stm32u5xx_hal_pwr_ex.c **** 
1795:Drivers/STM32U5xx_HAL_Driver/Src/stm32u5xx_hal_pwr_ex.c **** #if defined (PWR_CR2_SRAM3PDS1)
1796:Drivers/STM32U5xx_HAL_Driver/Src/stm32u5xx_hal_pwr_ex.c ****     /* SRAM 3 Stop retention */
1797:Drivers/STM32U5xx_HAL_Driver/Src/stm32u5xx_hal_pwr_ex.c ****     case SRAM3_ID:
1798:Drivers/STM32U5xx_HAL_Driver/Src/stm32u5xx_hal_pwr_ex.c ****     {
1799:Drivers/STM32U5xx_HAL_Driver/Src/stm32u5xx_hal_pwr_ex.c ****       /* Check the parameters */
1800:Drivers/STM32U5xx_HAL_Driver/Src/stm32u5xx_hal_pwr_ex.c ****       assert_param(IS_PWR_SRAM3_STOP_RETENTION(RAMSelection));
1801:Drivers/STM32U5xx_HAL_Driver/Src/stm32u5xx_hal_pwr_ex.c **** 
1802:Drivers/STM32U5xx_HAL_Driver/Src/stm32u5xx_hal_pwr_ex.c ****       /* Calculate pages mask */
1803:Drivers/STM32U5xx_HAL_Driver/Src/stm32u5xx_hal_pwr_ex.c ****       dummy = (RAMSelection & ~SRAM_ID_MASK) & (PAGE01_ID | PAGE02_ID | PAGE03_ID | PAGE04_ID |
1804:Drivers/STM32U5xx_HAL_Driver/Src/stm32u5xx_hal_pwr_ex.c ****                                                 PAGE05_ID | PAGE06_ID | PAGE07_ID | PAGE08_ID);
1805:Drivers/STM32U5xx_HAL_Driver/Src/stm32u5xx_hal_pwr_ex.c ****       CLEAR_BIT(PWR->CR2, (dummy << PWR_CR2_SRAM3PDS1_Pos));
1806:Drivers/STM32U5xx_HAL_Driver/Src/stm32u5xx_hal_pwr_ex.c **** 
1807:Drivers/STM32U5xx_HAL_Driver/Src/stm32u5xx_hal_pwr_ex.c **** #if defined (PWR_CR4_SRAM3PDS9)
1808:Drivers/STM32U5xx_HAL_Driver/Src/stm32u5xx_hal_pwr_ex.c ****       /* Calculate pages mask */
1809:Drivers/STM32U5xx_HAL_Driver/Src/stm32u5xx_hal_pwr_ex.c ****       dummy = ((RAMSelection & ~SRAM_ID_MASK) & ~(PAGE01_ID | PAGE02_ID | PAGE03_ID | PAGE04_ID |
1810:Drivers/STM32U5xx_HAL_Driver/Src/stm32u5xx_hal_pwr_ex.c ****                                                   PAGE05_ID | PAGE06_ID | PAGE07_ID | PAGE08_ID)) >
1811:Drivers/STM32U5xx_HAL_Driver/Src/stm32u5xx_hal_pwr_ex.c ****       CLEAR_BIT(PWR->CR4, (dummy << PWR_CR4_SRAM3PDS9_Pos));
1812:Drivers/STM32U5xx_HAL_Driver/Src/stm32u5xx_hal_pwr_ex.c **** #endif /* defined (PWR_CR4_SRAM3PDS9) */
1813:Drivers/STM32U5xx_HAL_Driver/Src/stm32u5xx_hal_pwr_ex.c **** 
1814:Drivers/STM32U5xx_HAL_Driver/Src/stm32u5xx_hal_pwr_ex.c ****       break;
1815:Drivers/STM32U5xx_HAL_Driver/Src/stm32u5xx_hal_pwr_ex.c ****     }
1816:Drivers/STM32U5xx_HAL_Driver/Src/stm32u5xx_hal_pwr_ex.c **** #endif /* PWR_CR2_SRAM3PDS1 */
1817:Drivers/STM32U5xx_HAL_Driver/Src/stm32u5xx_hal_pwr_ex.c **** 
1818:Drivers/STM32U5xx_HAL_Driver/Src/stm32u5xx_hal_pwr_ex.c ****     /* SRAM 4 Stop retention */
1819:Drivers/STM32U5xx_HAL_Driver/Src/stm32u5xx_hal_pwr_ex.c ****     case SRAM4_ID:
1820:Drivers/STM32U5xx_HAL_Driver/Src/stm32u5xx_hal_pwr_ex.c ****     {
1821:Drivers/STM32U5xx_HAL_Driver/Src/stm32u5xx_hal_pwr_ex.c ****       /* Check the parameters */
1822:Drivers/STM32U5xx_HAL_Driver/Src/stm32u5xx_hal_pwr_ex.c ****       assert_param(IS_PWR_SRAM4_STOP_RETENTION(RAMSelection));
1823:Drivers/STM32U5xx_HAL_Driver/Src/stm32u5xx_hal_pwr_ex.c **** 
1824:Drivers/STM32U5xx_HAL_Driver/Src/stm32u5xx_hal_pwr_ex.c ****       /* Calculate pages mask */
1825:Drivers/STM32U5xx_HAL_Driver/Src/stm32u5xx_hal_pwr_ex.c ****       dummy = (RAMSelection & PWR_SRAM4_FULL_STOP) & ~SRAM_ID_MASK;
1826:Drivers/STM32U5xx_HAL_Driver/Src/stm32u5xx_hal_pwr_ex.c ****       CLEAR_BIT(PWR->CR2, (dummy << PWR_CR2_SRAM4PDS_Pos));
1827:Drivers/STM32U5xx_HAL_Driver/Src/stm32u5xx_hal_pwr_ex.c **** 
1828:Drivers/STM32U5xx_HAL_Driver/Src/stm32u5xx_hal_pwr_ex.c ****       break;
1829:Drivers/STM32U5xx_HAL_Driver/Src/stm32u5xx_hal_pwr_ex.c ****     }
1830:Drivers/STM32U5xx_HAL_Driver/Src/stm32u5xx_hal_pwr_ex.c **** 
1831:Drivers/STM32U5xx_HAL_Driver/Src/stm32u5xx_hal_pwr_ex.c ****     /* ICACHE RAM Stop retention */
1832:Drivers/STM32U5xx_HAL_Driver/Src/stm32u5xx_hal_pwr_ex.c ****     case ICACHERAM_ID:
1833:Drivers/STM32U5xx_HAL_Driver/Src/stm32u5xx_hal_pwr_ex.c ****     {
1834:Drivers/STM32U5xx_HAL_Driver/Src/stm32u5xx_hal_pwr_ex.c ****       /* Check the parameters */
ARM GAS  /var/folders/j8/bx6g0dyx2gg_pdn7l_y1sb9c0000gn/T//cc9zwmjj.s 			page 75


1835:Drivers/STM32U5xx_HAL_Driver/Src/stm32u5xx_hal_pwr_ex.c ****       assert_param(IS_PWR_ICACHE_STOP_RETENTION(RAMSelection));
1836:Drivers/STM32U5xx_HAL_Driver/Src/stm32u5xx_hal_pwr_ex.c **** 
1837:Drivers/STM32U5xx_HAL_Driver/Src/stm32u5xx_hal_pwr_ex.c ****       /* Calculate pages mask */
1838:Drivers/STM32U5xx_HAL_Driver/Src/stm32u5xx_hal_pwr_ex.c ****       dummy = (RAMSelection & PWR_ICACHE_FULL_STOP) & ~SRAM_ID_MASK;
1839:Drivers/STM32U5xx_HAL_Driver/Src/stm32u5xx_hal_pwr_ex.c ****       CLEAR_BIT(PWR->CR2, dummy << PWR_CR2_ICRAMPDS_Pos);
1840:Drivers/STM32U5xx_HAL_Driver/Src/stm32u5xx_hal_pwr_ex.c **** 
1841:Drivers/STM32U5xx_HAL_Driver/Src/stm32u5xx_hal_pwr_ex.c ****       break;
1842:Drivers/STM32U5xx_HAL_Driver/Src/stm32u5xx_hal_pwr_ex.c ****     }
1843:Drivers/STM32U5xx_HAL_Driver/Src/stm32u5xx_hal_pwr_ex.c **** 
1844:Drivers/STM32U5xx_HAL_Driver/Src/stm32u5xx_hal_pwr_ex.c ****     /* DCACHE1 RAM Stop retention */
1845:Drivers/STM32U5xx_HAL_Driver/Src/stm32u5xx_hal_pwr_ex.c ****     case DCACHE1RAM_ID:
1846:Drivers/STM32U5xx_HAL_Driver/Src/stm32u5xx_hal_pwr_ex.c ****     {
1847:Drivers/STM32U5xx_HAL_Driver/Src/stm32u5xx_hal_pwr_ex.c ****       /* Check the parameters */
1848:Drivers/STM32U5xx_HAL_Driver/Src/stm32u5xx_hal_pwr_ex.c ****       assert_param(IS_PWR_DCACHE1_STOP_RETENTION(RAMSelection));
1849:Drivers/STM32U5xx_HAL_Driver/Src/stm32u5xx_hal_pwr_ex.c **** 
1850:Drivers/STM32U5xx_HAL_Driver/Src/stm32u5xx_hal_pwr_ex.c ****       /* Calculate pages mask */
1851:Drivers/STM32U5xx_HAL_Driver/Src/stm32u5xx_hal_pwr_ex.c ****       dummy = (RAMSelection & PWR_DCACHE1_FULL_STOP) & ~SRAM_ID_MASK;
1852:Drivers/STM32U5xx_HAL_Driver/Src/stm32u5xx_hal_pwr_ex.c ****       CLEAR_BIT(PWR->CR2, dummy << PWR_CR2_DC1RAMPDS_Pos);
1853:Drivers/STM32U5xx_HAL_Driver/Src/stm32u5xx_hal_pwr_ex.c **** 
1854:Drivers/STM32U5xx_HAL_Driver/Src/stm32u5xx_hal_pwr_ex.c ****       break;
1855:Drivers/STM32U5xx_HAL_Driver/Src/stm32u5xx_hal_pwr_ex.c ****     }
1856:Drivers/STM32U5xx_HAL_Driver/Src/stm32u5xx_hal_pwr_ex.c **** 
1857:Drivers/STM32U5xx_HAL_Driver/Src/stm32u5xx_hal_pwr_ex.c **** #if defined (PWR_CR2_DMA2DRAMPDS)
1858:Drivers/STM32U5xx_HAL_Driver/Src/stm32u5xx_hal_pwr_ex.c ****     /* DMA2D RAM Stop retention */
1859:Drivers/STM32U5xx_HAL_Driver/Src/stm32u5xx_hal_pwr_ex.c ****     case DMA2DRAM_ID:
1860:Drivers/STM32U5xx_HAL_Driver/Src/stm32u5xx_hal_pwr_ex.c ****     {
1861:Drivers/STM32U5xx_HAL_Driver/Src/stm32u5xx_hal_pwr_ex.c ****       /* Check the parameters */
1862:Drivers/STM32U5xx_HAL_Driver/Src/stm32u5xx_hal_pwr_ex.c ****       assert_param(IS_PWR_DMA2DRAM_STOP_RETENTION(RAMSelection));
1863:Drivers/STM32U5xx_HAL_Driver/Src/stm32u5xx_hal_pwr_ex.c **** 
1864:Drivers/STM32U5xx_HAL_Driver/Src/stm32u5xx_hal_pwr_ex.c ****       /* Calculate pages mask */
1865:Drivers/STM32U5xx_HAL_Driver/Src/stm32u5xx_hal_pwr_ex.c ****       dummy = (RAMSelection & PWR_DMA2DRAM_FULL_STOP) & ~SRAM_ID_MASK;
1866:Drivers/STM32U5xx_HAL_Driver/Src/stm32u5xx_hal_pwr_ex.c ****       CLEAR_BIT(PWR->CR2, (dummy << PWR_CR2_DMA2DRAMPDS_Pos));
1867:Drivers/STM32U5xx_HAL_Driver/Src/stm32u5xx_hal_pwr_ex.c **** 
1868:Drivers/STM32U5xx_HAL_Driver/Src/stm32u5xx_hal_pwr_ex.c ****       break;
1869:Drivers/STM32U5xx_HAL_Driver/Src/stm32u5xx_hal_pwr_ex.c ****     }
1870:Drivers/STM32U5xx_HAL_Driver/Src/stm32u5xx_hal_pwr_ex.c **** #endif /* PWR_CR2_DMA2DRAMPDS */
1871:Drivers/STM32U5xx_HAL_Driver/Src/stm32u5xx_hal_pwr_ex.c **** 
1872:Drivers/STM32U5xx_HAL_Driver/Src/stm32u5xx_hal_pwr_ex.c ****     /* FMAC, FDCAN and USB RAM Stop retention */
1873:Drivers/STM32U5xx_HAL_Driver/Src/stm32u5xx_hal_pwr_ex.c ****     case PERIPHRAM_ID:
1874:Drivers/STM32U5xx_HAL_Driver/Src/stm32u5xx_hal_pwr_ex.c ****     {
1875:Drivers/STM32U5xx_HAL_Driver/Src/stm32u5xx_hal_pwr_ex.c ****       /* Check the parameters */
1876:Drivers/STM32U5xx_HAL_Driver/Src/stm32u5xx_hal_pwr_ex.c ****       assert_param(IS_PWR_PERIPHRAM_STOP_RETENTION(RAMSelection));
1877:Drivers/STM32U5xx_HAL_Driver/Src/stm32u5xx_hal_pwr_ex.c **** 
1878:Drivers/STM32U5xx_HAL_Driver/Src/stm32u5xx_hal_pwr_ex.c ****       /* Calculate pages mask */
1879:Drivers/STM32U5xx_HAL_Driver/Src/stm32u5xx_hal_pwr_ex.c ****       dummy = (RAMSelection & PWR_PERIPHRAM_FULL_STOP) & ~SRAM_ID_MASK;
1880:Drivers/STM32U5xx_HAL_Driver/Src/stm32u5xx_hal_pwr_ex.c ****       CLEAR_BIT(PWR->CR2, (dummy << PWR_CR2_PRAMPDS_Pos));
1881:Drivers/STM32U5xx_HAL_Driver/Src/stm32u5xx_hal_pwr_ex.c **** 
1882:Drivers/STM32U5xx_HAL_Driver/Src/stm32u5xx_hal_pwr_ex.c ****       break;
1883:Drivers/STM32U5xx_HAL_Driver/Src/stm32u5xx_hal_pwr_ex.c ****     }
1884:Drivers/STM32U5xx_HAL_Driver/Src/stm32u5xx_hal_pwr_ex.c **** 
1885:Drivers/STM32U5xx_HAL_Driver/Src/stm32u5xx_hal_pwr_ex.c **** #if defined (PWR_CR2_PKARAMPDS)
1886:Drivers/STM32U5xx_HAL_Driver/Src/stm32u5xx_hal_pwr_ex.c ****     /* PKA32 RAM Stop retention */
1887:Drivers/STM32U5xx_HAL_Driver/Src/stm32u5xx_hal_pwr_ex.c ****     case PKARAM_ID:
1888:Drivers/STM32U5xx_HAL_Driver/Src/stm32u5xx_hal_pwr_ex.c ****     {
1889:Drivers/STM32U5xx_HAL_Driver/Src/stm32u5xx_hal_pwr_ex.c ****       /* Check the parameters */
1890:Drivers/STM32U5xx_HAL_Driver/Src/stm32u5xx_hal_pwr_ex.c ****       assert_param(IS_PWR_PKA32RAM_STOP_RETENTION(RAMSelection));
 2273              		.loc 1 1890 7 is_stmt 1 view .LVU450
ARM GAS  /var/folders/j8/bx6g0dyx2gg_pdn7l_y1sb9c0000gn/T//cc9zwmjj.s 			page 76


1891:Drivers/STM32U5xx_HAL_Driver/Src/stm32u5xx_hal_pwr_ex.c **** 
1892:Drivers/STM32U5xx_HAL_Driver/Src/stm32u5xx_hal_pwr_ex.c ****       /* Calculate pages mask */
1893:Drivers/STM32U5xx_HAL_Driver/Src/stm32u5xx_hal_pwr_ex.c ****       dummy = (RAMSelection & PWR_PKA32RAM_FULL_STOP) & ~SRAM_ID_MASK;
 2274              		.loc 1 1893 7 view .LVU451
 2275              	.LVL76:
1894:Drivers/STM32U5xx_HAL_Driver/Src/stm32u5xx_hal_pwr_ex.c ****       CLEAR_BIT(PWR->CR2, (dummy << PWR_CR2_PKARAMPDS_Pos));
 2276              		.loc 1 1894 7 view .LVU452
 2277 001a 334A     		ldr	r2, .L230
 2278 001c 5368     		ldr	r3, [r2, #4]
 2279 001e 0003     		lsls	r0, r0, #12
 2280              	.LVL77:
 2281              		.loc 1 1894 7 is_stmt 0 view .LVU453
 2282 0020 00F48050 		and	r0, r0, #4096
 2283 0024 23EA0000 		bic	r0, r3, r0
 2284 0028 5060     		str	r0, [r2, #4]
1895:Drivers/STM32U5xx_HAL_Driver/Src/stm32u5xx_hal_pwr_ex.c **** 
1896:Drivers/STM32U5xx_HAL_Driver/Src/stm32u5xx_hal_pwr_ex.c ****       break;
 2285              		.loc 1 1896 7 is_stmt 1 view .LVU454
1897:Drivers/STM32U5xx_HAL_Driver/Src/stm32u5xx_hal_pwr_ex.c ****     }
1898:Drivers/STM32U5xx_HAL_Driver/Src/stm32u5xx_hal_pwr_ex.c **** #endif /* PWR_CR2_PKARAMPDS */
1899:Drivers/STM32U5xx_HAL_Driver/Src/stm32u5xx_hal_pwr_ex.c **** 
1900:Drivers/STM32U5xx_HAL_Driver/Src/stm32u5xx_hal_pwr_ex.c **** #if defined (PWR_CR2_DC2RAMPDS)
1901:Drivers/STM32U5xx_HAL_Driver/Src/stm32u5xx_hal_pwr_ex.c ****     /* DCACHE2 RAM Stop retention */
1902:Drivers/STM32U5xx_HAL_Driver/Src/stm32u5xx_hal_pwr_ex.c ****     case DCACHE2RAM_ID:
1903:Drivers/STM32U5xx_HAL_Driver/Src/stm32u5xx_hal_pwr_ex.c ****     {
1904:Drivers/STM32U5xx_HAL_Driver/Src/stm32u5xx_hal_pwr_ex.c ****       /* Check the parameters */
1905:Drivers/STM32U5xx_HAL_Driver/Src/stm32u5xx_hal_pwr_ex.c ****       assert_param(IS_PWR_DCACHE2_STOP_RETENTION(RAMSelection));
1906:Drivers/STM32U5xx_HAL_Driver/Src/stm32u5xx_hal_pwr_ex.c **** 
1907:Drivers/STM32U5xx_HAL_Driver/Src/stm32u5xx_hal_pwr_ex.c ****       /* Calculate pages mask */
1908:Drivers/STM32U5xx_HAL_Driver/Src/stm32u5xx_hal_pwr_ex.c ****       dummy = (RAMSelection & PWR_DCACHE2_FULL_STOP) & ~SRAM_ID_MASK;
1909:Drivers/STM32U5xx_HAL_Driver/Src/stm32u5xx_hal_pwr_ex.c ****       CLEAR_BIT(PWR->CR2, (dummy << PWR_CR2_DC2RAMPDS_Pos));
1910:Drivers/STM32U5xx_HAL_Driver/Src/stm32u5xx_hal_pwr_ex.c **** 
1911:Drivers/STM32U5xx_HAL_Driver/Src/stm32u5xx_hal_pwr_ex.c ****       break;
1912:Drivers/STM32U5xx_HAL_Driver/Src/stm32u5xx_hal_pwr_ex.c ****     }
1913:Drivers/STM32U5xx_HAL_Driver/Src/stm32u5xx_hal_pwr_ex.c **** #endif /* defined (PWR_CR2_DC2RAMPDS) */
1914:Drivers/STM32U5xx_HAL_Driver/Src/stm32u5xx_hal_pwr_ex.c **** 
1915:Drivers/STM32U5xx_HAL_Driver/Src/stm32u5xx_hal_pwr_ex.c **** #if defined (PWR_CR2_GPRAMPDS)
1916:Drivers/STM32U5xx_HAL_Driver/Src/stm32u5xx_hal_pwr_ex.c ****     /* LTDC and GFXMMU RAM Stop retention */
1917:Drivers/STM32U5xx_HAL_Driver/Src/stm32u5xx_hal_pwr_ex.c ****     case GRAPHIPRAM_ID:
1918:Drivers/STM32U5xx_HAL_Driver/Src/stm32u5xx_hal_pwr_ex.c ****     {
1919:Drivers/STM32U5xx_HAL_Driver/Src/stm32u5xx_hal_pwr_ex.c ****       /* Check the parameters */
1920:Drivers/STM32U5xx_HAL_Driver/Src/stm32u5xx_hal_pwr_ex.c ****       assert_param(IS_PWR_GRAPHICPRAM_STOP_RETENTION(RAMSelection));
1921:Drivers/STM32U5xx_HAL_Driver/Src/stm32u5xx_hal_pwr_ex.c **** 
1922:Drivers/STM32U5xx_HAL_Driver/Src/stm32u5xx_hal_pwr_ex.c ****       /* Calculate pages mask */
1923:Drivers/STM32U5xx_HAL_Driver/Src/stm32u5xx_hal_pwr_ex.c ****       dummy = (RAMSelection & PWR_GRAPHICPRAM_FULL_STOP) & ~SRAM_ID_MASK;
1924:Drivers/STM32U5xx_HAL_Driver/Src/stm32u5xx_hal_pwr_ex.c ****       CLEAR_BIT(PWR->CR2, (dummy << PWR_CR2_GPRAMPDS_Pos));
1925:Drivers/STM32U5xx_HAL_Driver/Src/stm32u5xx_hal_pwr_ex.c **** 
1926:Drivers/STM32U5xx_HAL_Driver/Src/stm32u5xx_hal_pwr_ex.c ****       break;
1927:Drivers/STM32U5xx_HAL_Driver/Src/stm32u5xx_hal_pwr_ex.c ****     }
1928:Drivers/STM32U5xx_HAL_Driver/Src/stm32u5xx_hal_pwr_ex.c **** #endif /* defined (PWR_CR2_GPRAMPDS) */
1929:Drivers/STM32U5xx_HAL_Driver/Src/stm32u5xx_hal_pwr_ex.c **** 
1930:Drivers/STM32U5xx_HAL_Driver/Src/stm32u5xx_hal_pwr_ex.c **** #if defined (PWR_CR2_DSIRAMPDS)
1931:Drivers/STM32U5xx_HAL_Driver/Src/stm32u5xx_hal_pwr_ex.c ****     /* DSI RAM Stop retention */
1932:Drivers/STM32U5xx_HAL_Driver/Src/stm32u5xx_hal_pwr_ex.c ****     case DSIRAM_ID:
1933:Drivers/STM32U5xx_HAL_Driver/Src/stm32u5xx_hal_pwr_ex.c ****     {
1934:Drivers/STM32U5xx_HAL_Driver/Src/stm32u5xx_hal_pwr_ex.c ****       /* Check the parameters */
1935:Drivers/STM32U5xx_HAL_Driver/Src/stm32u5xx_hal_pwr_ex.c ****       assert_param(IS_PWR_DSIRAM_STOP_RETENTION(RAMSelection));
ARM GAS  /var/folders/j8/bx6g0dyx2gg_pdn7l_y1sb9c0000gn/T//cc9zwmjj.s 			page 77


1936:Drivers/STM32U5xx_HAL_Driver/Src/stm32u5xx_hal_pwr_ex.c **** 
1937:Drivers/STM32U5xx_HAL_Driver/Src/stm32u5xx_hal_pwr_ex.c ****       /* Calculate pages mask */
1938:Drivers/STM32U5xx_HAL_Driver/Src/stm32u5xx_hal_pwr_ex.c ****       dummy = (RAMSelection & PWR_DSIRAM_FULL_STOP) & ~SRAM_ID_MASK;
1939:Drivers/STM32U5xx_HAL_Driver/Src/stm32u5xx_hal_pwr_ex.c ****       CLEAR_BIT(PWR->CR2, (dummy << PWR_CR2_DSIRAMPDS_Pos));
1940:Drivers/STM32U5xx_HAL_Driver/Src/stm32u5xx_hal_pwr_ex.c **** 
1941:Drivers/STM32U5xx_HAL_Driver/Src/stm32u5xx_hal_pwr_ex.c ****       break;
1942:Drivers/STM32U5xx_HAL_Driver/Src/stm32u5xx_hal_pwr_ex.c ****     }
1943:Drivers/STM32U5xx_HAL_Driver/Src/stm32u5xx_hal_pwr_ex.c **** #endif /* defined (PWR_CR2_DSIRAMPDS) */
1944:Drivers/STM32U5xx_HAL_Driver/Src/stm32u5xx_hal_pwr_ex.c **** 
1945:Drivers/STM32U5xx_HAL_Driver/Src/stm32u5xx_hal_pwr_ex.c **** #if defined (PWR_CR2_JPEGRAMPDS)
1946:Drivers/STM32U5xx_HAL_Driver/Src/stm32u5xx_hal_pwr_ex.c ****     /* JPEG RAM Stop retention */
1947:Drivers/STM32U5xx_HAL_Driver/Src/stm32u5xx_hal_pwr_ex.c ****     case JPEGRAM_ID:
1948:Drivers/STM32U5xx_HAL_Driver/Src/stm32u5xx_hal_pwr_ex.c ****     {
1949:Drivers/STM32U5xx_HAL_Driver/Src/stm32u5xx_hal_pwr_ex.c ****       /* Check the parameters */
1950:Drivers/STM32U5xx_HAL_Driver/Src/stm32u5xx_hal_pwr_ex.c ****       assert_param(IS_PWR_JPEGRAM_STOP_RETENTION(RAMSelection));
1951:Drivers/STM32U5xx_HAL_Driver/Src/stm32u5xx_hal_pwr_ex.c **** 
1952:Drivers/STM32U5xx_HAL_Driver/Src/stm32u5xx_hal_pwr_ex.c ****       /* Calculate pages mask */
1953:Drivers/STM32U5xx_HAL_Driver/Src/stm32u5xx_hal_pwr_ex.c ****       dummy = (RAMSelection & PWR_JPEGRAM_FULL_STOP) & ~SRAM_ID_MASK;
1954:Drivers/STM32U5xx_HAL_Driver/Src/stm32u5xx_hal_pwr_ex.c ****       CLEAR_BIT(PWR->CR2, (dummy << PWR_CR2_JPEGRAMPDS_Pos));
1955:Drivers/STM32U5xx_HAL_Driver/Src/stm32u5xx_hal_pwr_ex.c **** 
1956:Drivers/STM32U5xx_HAL_Driver/Src/stm32u5xx_hal_pwr_ex.c ****       break;
1957:Drivers/STM32U5xx_HAL_Driver/Src/stm32u5xx_hal_pwr_ex.c ****     }
1958:Drivers/STM32U5xx_HAL_Driver/Src/stm32u5xx_hal_pwr_ex.c **** #endif /* defined (PWR_CR2_JPEGRAMPDS) */
1959:Drivers/STM32U5xx_HAL_Driver/Src/stm32u5xx_hal_pwr_ex.c **** 
1960:Drivers/STM32U5xx_HAL_Driver/Src/stm32u5xx_hal_pwr_ex.c **** #if defined (PWR_CR4_SRAM5PDS1)
1961:Drivers/STM32U5xx_HAL_Driver/Src/stm32u5xx_hal_pwr_ex.c ****     /* SRAM 5 Stop retention */
1962:Drivers/STM32U5xx_HAL_Driver/Src/stm32u5xx_hal_pwr_ex.c ****     case SRAM5_ID:
1963:Drivers/STM32U5xx_HAL_Driver/Src/stm32u5xx_hal_pwr_ex.c ****     {
1964:Drivers/STM32U5xx_HAL_Driver/Src/stm32u5xx_hal_pwr_ex.c ****       /* Check the parameters */
1965:Drivers/STM32U5xx_HAL_Driver/Src/stm32u5xx_hal_pwr_ex.c ****       assert_param(IS_PWR_SRAM5_STOP_RETENTION(RAMSelection));
1966:Drivers/STM32U5xx_HAL_Driver/Src/stm32u5xx_hal_pwr_ex.c **** 
1967:Drivers/STM32U5xx_HAL_Driver/Src/stm32u5xx_hal_pwr_ex.c ****       /* Calculate pages mask */
1968:Drivers/STM32U5xx_HAL_Driver/Src/stm32u5xx_hal_pwr_ex.c ****       dummy = ((RAMSelection & PWR_SRAM5_FULL_STOP) & ~SRAM_ID_MASK);
1969:Drivers/STM32U5xx_HAL_Driver/Src/stm32u5xx_hal_pwr_ex.c ****       CLEAR_BIT(PWR->CR4, (dummy << PWR_CR4_SRAM5PDS1_Pos));
1970:Drivers/STM32U5xx_HAL_Driver/Src/stm32u5xx_hal_pwr_ex.c **** 
1971:Drivers/STM32U5xx_HAL_Driver/Src/stm32u5xx_hal_pwr_ex.c ****       break;
1972:Drivers/STM32U5xx_HAL_Driver/Src/stm32u5xx_hal_pwr_ex.c ****     }
1973:Drivers/STM32U5xx_HAL_Driver/Src/stm32u5xx_hal_pwr_ex.c **** #endif /* defined (PWR_CR4_SRAM5PDS1) */
1974:Drivers/STM32U5xx_HAL_Driver/Src/stm32u5xx_hal_pwr_ex.c **** 
1975:Drivers/STM32U5xx_HAL_Driver/Src/stm32u5xx_hal_pwr_ex.c **** #if defined (PWR_CR5_SRAM6PDS1)
1976:Drivers/STM32U5xx_HAL_Driver/Src/stm32u5xx_hal_pwr_ex.c ****     /* SRAM 6 Stop retention */
1977:Drivers/STM32U5xx_HAL_Driver/Src/stm32u5xx_hal_pwr_ex.c ****     case SRAM6_ID:
1978:Drivers/STM32U5xx_HAL_Driver/Src/stm32u5xx_hal_pwr_ex.c ****     {
1979:Drivers/STM32U5xx_HAL_Driver/Src/stm32u5xx_hal_pwr_ex.c ****       /* Check the parameters */
1980:Drivers/STM32U5xx_HAL_Driver/Src/stm32u5xx_hal_pwr_ex.c ****       assert_param(IS_PWR_SRAM6_STOP_RETENTION(RAMSelection));
1981:Drivers/STM32U5xx_HAL_Driver/Src/stm32u5xx_hal_pwr_ex.c **** 
1982:Drivers/STM32U5xx_HAL_Driver/Src/stm32u5xx_hal_pwr_ex.c ****       /* Calculate pages mask */
1983:Drivers/STM32U5xx_HAL_Driver/Src/stm32u5xx_hal_pwr_ex.c ****       dummy = ((RAMSelection & PWR_SRAM6_FULL_STOP) & ~SRAM_ID_MASK);
1984:Drivers/STM32U5xx_HAL_Driver/Src/stm32u5xx_hal_pwr_ex.c ****       CLEAR_BIT(PWR->CR5, (dummy << PWR_CR5_SRAM6PDS1_Pos));
1985:Drivers/STM32U5xx_HAL_Driver/Src/stm32u5xx_hal_pwr_ex.c **** 
1986:Drivers/STM32U5xx_HAL_Driver/Src/stm32u5xx_hal_pwr_ex.c ****       break;
1987:Drivers/STM32U5xx_HAL_Driver/Src/stm32u5xx_hal_pwr_ex.c ****     }
1988:Drivers/STM32U5xx_HAL_Driver/Src/stm32u5xx_hal_pwr_ex.c **** #endif /* defined (PWR_CR5_SRAM6PDS1) */
1989:Drivers/STM32U5xx_HAL_Driver/Src/stm32u5xx_hal_pwr_ex.c **** 
1990:Drivers/STM32U5xx_HAL_Driver/Src/stm32u5xx_hal_pwr_ex.c ****     default:
1991:Drivers/STM32U5xx_HAL_Driver/Src/stm32u5xx_hal_pwr_ex.c ****     {
1992:Drivers/STM32U5xx_HAL_Driver/Src/stm32u5xx_hal_pwr_ex.c ****       return;
ARM GAS  /var/folders/j8/bx6g0dyx2gg_pdn7l_y1sb9c0000gn/T//cc9zwmjj.s 			page 78


1993:Drivers/STM32U5xx_HAL_Driver/Src/stm32u5xx_hal_pwr_ex.c ****       break;
 2286              		.loc 1 1993 7 view .LVU455
1994:Drivers/STM32U5xx_HAL_Driver/Src/stm32u5xx_hal_pwr_ex.c ****     }
1995:Drivers/STM32U5xx_HAL_Driver/Src/stm32u5xx_hal_pwr_ex.c ****   }
1996:Drivers/STM32U5xx_HAL_Driver/Src/stm32u5xx_hal_pwr_ex.c **** }
 2287              		.loc 1 1996 1 is_stmt 0 view .LVU456
 2288 002a 7047     		bx	lr
 2289              	.LVL78:
 2290              	.L223:
1761:Drivers/STM32U5xx_HAL_Driver/Src/stm32u5xx_hal_pwr_ex.c ****   {
 2291              		.loc 1 1761 3 view .LVU457
 2292 002c B3F5802F 		cmp	r3, #262144
 2293 0030 36D0     		beq	.L212
 2294 0032 0BD9     		bls	.L226
 2295 0034 B3F5002F 		cmp	r3, #524288
 2296 0038 18D1     		bne	.L227
1822:Drivers/STM32U5xx_HAL_Driver/Src/stm32u5xx_hal_pwr_ex.c **** 
 2297              		.loc 1 1822 7 is_stmt 1 view .LVU458
1825:Drivers/STM32U5xx_HAL_Driver/Src/stm32u5xx_hal_pwr_ex.c ****       CLEAR_BIT(PWR->CR2, (dummy << PWR_CR2_SRAM4PDS_Pos));
 2298              		.loc 1 1825 7 view .LVU459
 2299              	.LVL79:
1826:Drivers/STM32U5xx_HAL_Driver/Src/stm32u5xx_hal_pwr_ex.c **** 
 2300              		.loc 1 1826 7 view .LVU460
 2301 003a 2B4A     		ldr	r2, .L230
 2302 003c 5368     		ldr	r3, [r2, #4]
 2303 003e 8001     		lsls	r0, r0, #6
 2304              	.LVL80:
1826:Drivers/STM32U5xx_HAL_Driver/Src/stm32u5xx_hal_pwr_ex.c **** 
 2305              		.loc 1 1826 7 is_stmt 0 view .LVU461
 2306 0040 00F04000 		and	r0, r0, #64
 2307 0044 23EA0000 		bic	r0, r3, r0
 2308 0048 5060     		str	r0, [r2, #4]
1828:Drivers/STM32U5xx_HAL_Driver/Src/stm32u5xx_hal_pwr_ex.c ****     }
 2309              		.loc 1 1828 7 is_stmt 1 view .LVU462
 2310 004a 7047     		bx	lr
 2311              	.LVL81:
 2312              	.L226:
1761:Drivers/STM32U5xx_HAL_Driver/Src/stm32u5xx_hal_pwr_ex.c ****   {
 2313              		.loc 1 1761 3 is_stmt 0 view .LVU463
 2314 004c B3F5803F 		cmp	r3, #65536
 2315 0050 1ED0     		beq	.L214
 2316 0052 B3F5003F 		cmp	r3, #131072
 2317 0056 08D1     		bne	.L228
1786:Drivers/STM32U5xx_HAL_Driver/Src/stm32u5xx_hal_pwr_ex.c **** 
 2318              		.loc 1 1786 7 is_stmt 1 view .LVU464
1789:Drivers/STM32U5xx_HAL_Driver/Src/stm32u5xx_hal_pwr_ex.c ****       CLEAR_BIT(PWR->CR2, (dummy << PWR_CR2_SRAM2PDS1_Pos));
 2319              		.loc 1 1789 7 view .LVU465
 2320              	.LVL82:
1790:Drivers/STM32U5xx_HAL_Driver/Src/stm32u5xx_hal_pwr_ex.c **** 
 2321              		.loc 1 1790 7 view .LVU466
 2322 0058 234A     		ldr	r2, .L230
 2323 005a 5368     		ldr	r3, [r2, #4]
 2324 005c 0001     		lsls	r0, r0, #4
 2325              	.LVL83:
1790:Drivers/STM32U5xx_HAL_Driver/Src/stm32u5xx_hal_pwr_ex.c **** 
 2326              		.loc 1 1790 7 is_stmt 0 view .LVU467
 2327 005e 00F03000 		and	r0, r0, #48
ARM GAS  /var/folders/j8/bx6g0dyx2gg_pdn7l_y1sb9c0000gn/T//cc9zwmjj.s 			page 79


 2328 0062 23EA0000 		bic	r0, r3, r0
 2329 0066 5060     		str	r0, [r2, #4]
1792:Drivers/STM32U5xx_HAL_Driver/Src/stm32u5xx_hal_pwr_ex.c ****     }
 2330              		.loc 1 1792 7 is_stmt 1 view .LVU468
 2331 0068 7047     		bx	lr
 2332              	.LVL84:
 2333              	.L228:
1792:Drivers/STM32U5xx_HAL_Driver/Src/stm32u5xx_hal_pwr_ex.c ****     }
 2334              		.loc 1 1792 7 is_stmt 0 view .LVU469
 2335 006a 7047     		bx	lr
 2336              	.L227:
 2337 006c 7047     		bx	lr
 2338              	.L224:
1761:Drivers/STM32U5xx_HAL_Driver/Src/stm32u5xx_hal_pwr_ex.c ****   {
 2339              		.loc 1 1761 3 view .LVU470
 2340 006e B3F5001F 		cmp	r3, #2097152
 2341 0072 27D0     		beq	.L220
 2342 0074 B3F5800F 		cmp	r3, #4194304
 2343 0078 08D1     		bne	.L229
1862:Drivers/STM32U5xx_HAL_Driver/Src/stm32u5xx_hal_pwr_ex.c **** 
 2344              		.loc 1 1862 7 is_stmt 1 view .LVU471
1865:Drivers/STM32U5xx_HAL_Driver/Src/stm32u5xx_hal_pwr_ex.c ****       CLEAR_BIT(PWR->CR2, (dummy << PWR_CR2_DMA2DRAMPDS_Pos));
 2345              		.loc 1 1865 7 view .LVU472
 2346              	.LVL85:
1866:Drivers/STM32U5xx_HAL_Driver/Src/stm32u5xx_hal_pwr_ex.c **** 
 2347              		.loc 1 1866 7 view .LVU473
 2348 007a 1B4A     		ldr	r2, .L230
 2349 007c 5368     		ldr	r3, [r2, #4]
 2350 007e 8002     		lsls	r0, r0, #10
 2351              	.LVL86:
1866:Drivers/STM32U5xx_HAL_Driver/Src/stm32u5xx_hal_pwr_ex.c **** 
 2352              		.loc 1 1866 7 is_stmt 0 view .LVU474
 2353 0080 00F48060 		and	r0, r0, #1024
 2354 0084 23EA0000 		bic	r0, r3, r0
 2355 0088 5060     		str	r0, [r2, #4]
1868:Drivers/STM32U5xx_HAL_Driver/Src/stm32u5xx_hal_pwr_ex.c ****     }
 2356              		.loc 1 1868 7 is_stmt 1 view .LVU475
 2357 008a 7047     		bx	lr
 2358              	.LVL87:
 2359              	.L229:
1868:Drivers/STM32U5xx_HAL_Driver/Src/stm32u5xx_hal_pwr_ex.c ****     }
 2360              		.loc 1 1868 7 is_stmt 0 view .LVU476
 2361 008c 7047     		bx	lr
 2362              	.L225:
 2363 008e 7047     		bx	lr
 2364              	.L214:
1767:Drivers/STM32U5xx_HAL_Driver/Src/stm32u5xx_hal_pwr_ex.c **** 
 2365              		.loc 1 1767 7 is_stmt 1 view .LVU477
1770:Drivers/STM32U5xx_HAL_Driver/Src/stm32u5xx_hal_pwr_ex.c ****       CLEAR_BIT(PWR->CR2, dummy);
 2366              		.loc 1 1770 7 view .LVU478
1770:Drivers/STM32U5xx_HAL_Driver/Src/stm32u5xx_hal_pwr_ex.c ****       CLEAR_BIT(PWR->CR2, dummy);
 2367              		.loc 1 1770 13 is_stmt 0 view .LVU479
 2368 0090 00F00700 		and	r0, r0, #7
 2369              	.LVL88:
1771:Drivers/STM32U5xx_HAL_Driver/Src/stm32u5xx_hal_pwr_ex.c **** 
 2370              		.loc 1 1771 7 is_stmt 1 view .LVU480
 2371 0094 144A     		ldr	r2, .L230
ARM GAS  /var/folders/j8/bx6g0dyx2gg_pdn7l_y1sb9c0000gn/T//cc9zwmjj.s 			page 80


 2372 0096 5368     		ldr	r3, [r2, #4]
 2373 0098 23EA0000 		bic	r0, r3, r0
 2374              	.LVL89:
1771:Drivers/STM32U5xx_HAL_Driver/Src/stm32u5xx_hal_pwr_ex.c **** 
 2375              		.loc 1 1771 7 is_stmt 0 view .LVU481
 2376 009c 5060     		str	r0, [r2, #4]
1779:Drivers/STM32U5xx_HAL_Driver/Src/stm32u5xx_hal_pwr_ex.c ****     }
 2377              		.loc 1 1779 7 is_stmt 1 view .LVU482
 2378 009e 7047     		bx	lr
 2379              	.LVL90:
 2380              	.L212:
1800:Drivers/STM32U5xx_HAL_Driver/Src/stm32u5xx_hal_pwr_ex.c **** 
 2381              		.loc 1 1800 7 view .LVU483
1803:Drivers/STM32U5xx_HAL_Driver/Src/stm32u5xx_hal_pwr_ex.c ****                                                 PAGE05_ID | PAGE06_ID | PAGE07_ID | PAGE08_ID);
 2382              		.loc 1 1803 7 view .LVU484
1805:Drivers/STM32U5xx_HAL_Driver/Src/stm32u5xx_hal_pwr_ex.c **** 
 2383              		.loc 1 1805 7 view .LVU485
 2384 00a0 114A     		ldr	r2, .L230
 2385 00a2 5368     		ldr	r3, [r2, #4]
 2386 00a4 0004     		lsls	r0, r0, #16
 2387              	.LVL91:
1805:Drivers/STM32U5xx_HAL_Driver/Src/stm32u5xx_hal_pwr_ex.c **** 
 2388              		.loc 1 1805 7 is_stmt 0 view .LVU486
 2389 00a6 00F47F00 		and	r0, r0, #16711680
 2390 00aa 23EA0000 		bic	r0, r3, r0
 2391 00ae 5060     		str	r0, [r2, #4]
1814:Drivers/STM32U5xx_HAL_Driver/Src/stm32u5xx_hal_pwr_ex.c ****     }
 2392              		.loc 1 1814 7 is_stmt 1 view .LVU487
 2393 00b0 7047     		bx	lr
 2394              	.LVL92:
 2395              	.L210:
1835:Drivers/STM32U5xx_HAL_Driver/Src/stm32u5xx_hal_pwr_ex.c **** 
 2396              		.loc 1 1835 7 view .LVU488
1838:Drivers/STM32U5xx_HAL_Driver/Src/stm32u5xx_hal_pwr_ex.c ****       CLEAR_BIT(PWR->CR2, dummy << PWR_CR2_ICRAMPDS_Pos);
 2397              		.loc 1 1838 7 view .LVU489
1839:Drivers/STM32U5xx_HAL_Driver/Src/stm32u5xx_hal_pwr_ex.c **** 
 2398              		.loc 1 1839 7 view .LVU490
 2399 00b2 0D4A     		ldr	r2, .L230
 2400 00b4 5368     		ldr	r3, [r2, #4]
 2401 00b6 0002     		lsls	r0, r0, #8
 2402              	.LVL93:
1839:Drivers/STM32U5xx_HAL_Driver/Src/stm32u5xx_hal_pwr_ex.c **** 
 2403              		.loc 1 1839 7 is_stmt 0 view .LVU491
 2404 00b8 00F48070 		and	r0, r0, #256
 2405 00bc 23EA0000 		bic	r0, r3, r0
 2406 00c0 5060     		str	r0, [r2, #4]
1841:Drivers/STM32U5xx_HAL_Driver/Src/stm32u5xx_hal_pwr_ex.c ****     }
 2407              		.loc 1 1841 7 is_stmt 1 view .LVU492
 2408 00c2 7047     		bx	lr
 2409              	.LVL94:
 2410              	.L220:
1848:Drivers/STM32U5xx_HAL_Driver/Src/stm32u5xx_hal_pwr_ex.c **** 
 2411              		.loc 1 1848 7 view .LVU493
1851:Drivers/STM32U5xx_HAL_Driver/Src/stm32u5xx_hal_pwr_ex.c ****       CLEAR_BIT(PWR->CR2, dummy << PWR_CR2_DC1RAMPDS_Pos);
 2412              		.loc 1 1851 7 view .LVU494
1852:Drivers/STM32U5xx_HAL_Driver/Src/stm32u5xx_hal_pwr_ex.c **** 
 2413              		.loc 1 1852 7 view .LVU495
ARM GAS  /var/folders/j8/bx6g0dyx2gg_pdn7l_y1sb9c0000gn/T//cc9zwmjj.s 			page 81


 2414 00c4 084A     		ldr	r2, .L230
 2415 00c6 5368     		ldr	r3, [r2, #4]
 2416 00c8 4002     		lsls	r0, r0, #9
 2417              	.LVL95:
1852:Drivers/STM32U5xx_HAL_Driver/Src/stm32u5xx_hal_pwr_ex.c **** 
 2418              		.loc 1 1852 7 is_stmt 0 view .LVU496
 2419 00ca 00F40070 		and	r0, r0, #512
 2420 00ce 23EA0000 		bic	r0, r3, r0
 2421 00d2 5060     		str	r0, [r2, #4]
1854:Drivers/STM32U5xx_HAL_Driver/Src/stm32u5xx_hal_pwr_ex.c ****     }
 2422              		.loc 1 1854 7 is_stmt 1 view .LVU497
 2423 00d4 7047     		bx	lr
 2424              	.LVL96:
 2425              	.L218:
1876:Drivers/STM32U5xx_HAL_Driver/Src/stm32u5xx_hal_pwr_ex.c **** 
 2426              		.loc 1 1876 7 view .LVU498
1879:Drivers/STM32U5xx_HAL_Driver/Src/stm32u5xx_hal_pwr_ex.c ****       CLEAR_BIT(PWR->CR2, (dummy << PWR_CR2_PRAMPDS_Pos));
 2427              		.loc 1 1879 7 view .LVU499
1880:Drivers/STM32U5xx_HAL_Driver/Src/stm32u5xx_hal_pwr_ex.c **** 
 2428              		.loc 1 1880 7 view .LVU500
 2429 00d6 044A     		ldr	r2, .L230
 2430 00d8 5368     		ldr	r3, [r2, #4]
 2431 00da C002     		lsls	r0, r0, #11
 2432              	.LVL97:
1880:Drivers/STM32U5xx_HAL_Driver/Src/stm32u5xx_hal_pwr_ex.c **** 
 2433              		.loc 1 1880 7 is_stmt 0 view .LVU501
 2434 00dc 00F40060 		and	r0, r0, #2048
 2435 00e0 23EA0000 		bic	r0, r3, r0
 2436 00e4 5060     		str	r0, [r2, #4]
1882:Drivers/STM32U5xx_HAL_Driver/Src/stm32u5xx_hal_pwr_ex.c ****     }
 2437              		.loc 1 1882 7 is_stmt 1 view .LVU502
 2438 00e6 7047     		bx	lr
 2439              	.L231:
 2440              		.align	2
 2441              	.L230:
 2442 00e8 00080246 		.word	1174538240
 2443              		.cfi_endproc
 2444              	.LFE202:
 2446              		.section	.text.HAL_PWREx_DisableRAMsContentStopRetention,"ax",%progbits
 2447              		.align	1
 2448              		.global	HAL_PWREx_DisableRAMsContentStopRetention
 2449              		.syntax unified
 2450              		.thumb
 2451              		.thumb_func
 2453              	HAL_PWREx_DisableRAMsContentStopRetention:
 2454              	.LVL98:
 2455              	.LFB203:
1997:Drivers/STM32U5xx_HAL_Driver/Src/stm32u5xx_hal_pwr_ex.c **** 
1998:Drivers/STM32U5xx_HAL_Driver/Src/stm32u5xx_hal_pwr_ex.c **** /**
1999:Drivers/STM32U5xx_HAL_Driver/Src/stm32u5xx_hal_pwr_ex.c ****   * @brief Disable RAM page(s) content lost in Stop mode (Stop 0, 1, 2, 3).
2000:Drivers/STM32U5xx_HAL_Driver/Src/stm32u5xx_hal_pwr_ex.c ****   * @note  When disabling content lost for a given RAM, memory powered down
2001:Drivers/STM32U5xx_HAL_Driver/Src/stm32u5xx_hal_pwr_ex.c ****   *        in Stop mode. (Optimized power consumption)
2002:Drivers/STM32U5xx_HAL_Driver/Src/stm32u5xx_hal_pwr_ex.c ****   * @param RAMSelection: Specifies RAM page(s) to be lost in Stop mode.
2003:Drivers/STM32U5xx_HAL_Driver/Src/stm32u5xx_hal_pwr_ex.c ****   *                      This parameter can be one or a combination of the same
2004:Drivers/STM32U5xx_HAL_Driver/Src/stm32u5xx_hal_pwr_ex.c ****   *                      memory @ref PWREx_RAM_Contents_Stop_Retention.
2005:Drivers/STM32U5xx_HAL_Driver/Src/stm32u5xx_hal_pwr_ex.c ****   * @retval None.
2006:Drivers/STM32U5xx_HAL_Driver/Src/stm32u5xx_hal_pwr_ex.c ****   */
ARM GAS  /var/folders/j8/bx6g0dyx2gg_pdn7l_y1sb9c0000gn/T//cc9zwmjj.s 			page 82


2007:Drivers/STM32U5xx_HAL_Driver/Src/stm32u5xx_hal_pwr_ex.c **** void HAL_PWREx_DisableRAMsContentStopRetention(uint32_t RAMSelection)
2008:Drivers/STM32U5xx_HAL_Driver/Src/stm32u5xx_hal_pwr_ex.c **** {
 2456              		.loc 1 2008 1 view -0
 2457              		.cfi_startproc
 2458              		@ args = 0, pretend = 0, frame = 0
 2459              		@ frame_needed = 0, uses_anonymous_args = 0
 2460              		@ link register save eliminated.
2009:Drivers/STM32U5xx_HAL_Driver/Src/stm32u5xx_hal_pwr_ex.c ****   uint32_t dummy;
 2461              		.loc 1 2009 3 view .LVU504
2010:Drivers/STM32U5xx_HAL_Driver/Src/stm32u5xx_hal_pwr_ex.c **** 
2011:Drivers/STM32U5xx_HAL_Driver/Src/stm32u5xx_hal_pwr_ex.c ****   /* Check RAM ID */
2012:Drivers/STM32U5xx_HAL_Driver/Src/stm32u5xx_hal_pwr_ex.c ****   switch (RAMSelection & SRAM_ID_MASK)
 2462              		.loc 1 2012 3 view .LVU505
 2463              		.loc 1 2012 24 is_stmt 0 view .LVU506
 2464 0000 030C     		lsrs	r3, r0, #16
 2465 0002 1B04     		lsls	r3, r3, #16
 2466              		.loc 1 2012 3 view .LVU507
 2467 0004 B3F5801F 		cmp	r3, #1048576
 2468 0008 4DD0     		beq	.L233
 2469 000a 0ED9     		bls	.L246
 2470 000c B3F5000F 		cmp	r3, #8388608
 2471 0010 59D0     		beq	.L241
 2472 0012 29D9     		bls	.L247
 2473 0014 B3F1807F 		cmp	r3, #16777216
 2474 0018 35D1     		bne	.L248
2013:Drivers/STM32U5xx_HAL_Driver/Src/stm32u5xx_hal_pwr_ex.c ****   {
2014:Drivers/STM32U5xx_HAL_Driver/Src/stm32u5xx_hal_pwr_ex.c ****     /* SRAM 1 Stop retention */
2015:Drivers/STM32U5xx_HAL_Driver/Src/stm32u5xx_hal_pwr_ex.c ****     case SRAM1_ID:
2016:Drivers/STM32U5xx_HAL_Driver/Src/stm32u5xx_hal_pwr_ex.c ****     {
2017:Drivers/STM32U5xx_HAL_Driver/Src/stm32u5xx_hal_pwr_ex.c ****       /* Check the parameters */
2018:Drivers/STM32U5xx_HAL_Driver/Src/stm32u5xx_hal_pwr_ex.c ****       assert_param(IS_PWR_SRAM1_STOP_RETENTION(RAMSelection));
2019:Drivers/STM32U5xx_HAL_Driver/Src/stm32u5xx_hal_pwr_ex.c **** 
2020:Drivers/STM32U5xx_HAL_Driver/Src/stm32u5xx_hal_pwr_ex.c ****       /* Calculate pages mask */
2021:Drivers/STM32U5xx_HAL_Driver/Src/stm32u5xx_hal_pwr_ex.c ****       dummy   = (RAMSelection & ~SRAM_ID_MASK) & (PAGE01_ID | PAGE02_ID | PAGE03_ID);
2022:Drivers/STM32U5xx_HAL_Driver/Src/stm32u5xx_hal_pwr_ex.c ****       SET_BIT(PWR->CR2, dummy);
2023:Drivers/STM32U5xx_HAL_Driver/Src/stm32u5xx_hal_pwr_ex.c **** #if defined (PWR_CR4_SRAM1PDS4)
2024:Drivers/STM32U5xx_HAL_Driver/Src/stm32u5xx_hal_pwr_ex.c ****       /* Calculate pages mask */
2025:Drivers/STM32U5xx_HAL_Driver/Src/stm32u5xx_hal_pwr_ex.c ****       dummy = ((RAMSelection & ~SRAM_ID_MASK) & ~(PAGE01_ID | PAGE02_ID | PAGE03_ID)) >> 0x03U;
2026:Drivers/STM32U5xx_HAL_Driver/Src/stm32u5xx_hal_pwr_ex.c ****       SET_BIT(PWR->CR4, dummy);
2027:Drivers/STM32U5xx_HAL_Driver/Src/stm32u5xx_hal_pwr_ex.c **** #endif /* defined (PWR_CR4_SRAM1PDS4) */
2028:Drivers/STM32U5xx_HAL_Driver/Src/stm32u5xx_hal_pwr_ex.c **** 
2029:Drivers/STM32U5xx_HAL_Driver/Src/stm32u5xx_hal_pwr_ex.c ****       break;
2030:Drivers/STM32U5xx_HAL_Driver/Src/stm32u5xx_hal_pwr_ex.c ****     }
2031:Drivers/STM32U5xx_HAL_Driver/Src/stm32u5xx_hal_pwr_ex.c **** 
2032:Drivers/STM32U5xx_HAL_Driver/Src/stm32u5xx_hal_pwr_ex.c ****     /* SRAM 2 Stop retention */
2033:Drivers/STM32U5xx_HAL_Driver/Src/stm32u5xx_hal_pwr_ex.c ****     case SRAM2_ID:
2034:Drivers/STM32U5xx_HAL_Driver/Src/stm32u5xx_hal_pwr_ex.c ****     {
2035:Drivers/STM32U5xx_HAL_Driver/Src/stm32u5xx_hal_pwr_ex.c ****       /* Check the parameters */
2036:Drivers/STM32U5xx_HAL_Driver/Src/stm32u5xx_hal_pwr_ex.c ****       assert_param(IS_PWR_SRAM2_STOP_RETENTION(RAMSelection));
2037:Drivers/STM32U5xx_HAL_Driver/Src/stm32u5xx_hal_pwr_ex.c **** 
2038:Drivers/STM32U5xx_HAL_Driver/Src/stm32u5xx_hal_pwr_ex.c ****       /* Calculate pages mask */
2039:Drivers/STM32U5xx_HAL_Driver/Src/stm32u5xx_hal_pwr_ex.c ****       dummy = (RAMSelection & PWR_SRAM2_FULL_STOP) & ~SRAM_ID_MASK;
2040:Drivers/STM32U5xx_HAL_Driver/Src/stm32u5xx_hal_pwr_ex.c ****       SET_BIT(PWR->CR2, (dummy << PWR_CR2_SRAM2PDS1_Pos));
2041:Drivers/STM32U5xx_HAL_Driver/Src/stm32u5xx_hal_pwr_ex.c **** 
2042:Drivers/STM32U5xx_HAL_Driver/Src/stm32u5xx_hal_pwr_ex.c ****       break;
2043:Drivers/STM32U5xx_HAL_Driver/Src/stm32u5xx_hal_pwr_ex.c ****     }
2044:Drivers/STM32U5xx_HAL_Driver/Src/stm32u5xx_hal_pwr_ex.c **** 
ARM GAS  /var/folders/j8/bx6g0dyx2gg_pdn7l_y1sb9c0000gn/T//cc9zwmjj.s 			page 83


2045:Drivers/STM32U5xx_HAL_Driver/Src/stm32u5xx_hal_pwr_ex.c **** #if defined (PWR_CR2_SRAM3PDS1)
2046:Drivers/STM32U5xx_HAL_Driver/Src/stm32u5xx_hal_pwr_ex.c ****     /* SRAM 3 Stop retention */
2047:Drivers/STM32U5xx_HAL_Driver/Src/stm32u5xx_hal_pwr_ex.c ****     case SRAM3_ID:
2048:Drivers/STM32U5xx_HAL_Driver/Src/stm32u5xx_hal_pwr_ex.c ****     {
2049:Drivers/STM32U5xx_HAL_Driver/Src/stm32u5xx_hal_pwr_ex.c ****       /* Check the parameters */
2050:Drivers/STM32U5xx_HAL_Driver/Src/stm32u5xx_hal_pwr_ex.c ****       assert_param(IS_PWR_SRAM3_STOP_RETENTION(RAMSelection));
2051:Drivers/STM32U5xx_HAL_Driver/Src/stm32u5xx_hal_pwr_ex.c **** 
2052:Drivers/STM32U5xx_HAL_Driver/Src/stm32u5xx_hal_pwr_ex.c ****       /* Calculate pages mask */
2053:Drivers/STM32U5xx_HAL_Driver/Src/stm32u5xx_hal_pwr_ex.c ****       dummy = (RAMSelection & ~SRAM_ID_MASK) & (PAGE01_ID | PAGE02_ID | PAGE03_ID | PAGE04_ID |
2054:Drivers/STM32U5xx_HAL_Driver/Src/stm32u5xx_hal_pwr_ex.c ****                                                 PAGE05_ID | PAGE06_ID | PAGE07_ID | PAGE08_ID);
2055:Drivers/STM32U5xx_HAL_Driver/Src/stm32u5xx_hal_pwr_ex.c ****       SET_BIT(PWR->CR2, (dummy << PWR_CR2_SRAM3PDS1_Pos));
2056:Drivers/STM32U5xx_HAL_Driver/Src/stm32u5xx_hal_pwr_ex.c **** 
2057:Drivers/STM32U5xx_HAL_Driver/Src/stm32u5xx_hal_pwr_ex.c **** #if defined (PWR_CR4_SRAM3PDS9)
2058:Drivers/STM32U5xx_HAL_Driver/Src/stm32u5xx_hal_pwr_ex.c ****       /* Calculate pages mask */
2059:Drivers/STM32U5xx_HAL_Driver/Src/stm32u5xx_hal_pwr_ex.c ****       dummy = ((RAMSelection & ~SRAM_ID_MASK) & ~(PAGE01_ID | PAGE02_ID | PAGE03_ID | PAGE04_ID |
2060:Drivers/STM32U5xx_HAL_Driver/Src/stm32u5xx_hal_pwr_ex.c ****                                                   PAGE05_ID | PAGE06_ID | PAGE07_ID | PAGE08_ID)) >
2061:Drivers/STM32U5xx_HAL_Driver/Src/stm32u5xx_hal_pwr_ex.c ****       SET_BIT(PWR->CR4, (dummy << PWR_CR4_SRAM3PDS9_Pos));
2062:Drivers/STM32U5xx_HAL_Driver/Src/stm32u5xx_hal_pwr_ex.c **** #endif /* defined (PWR_CR4_SRAM3PDS9) */
2063:Drivers/STM32U5xx_HAL_Driver/Src/stm32u5xx_hal_pwr_ex.c **** 
2064:Drivers/STM32U5xx_HAL_Driver/Src/stm32u5xx_hal_pwr_ex.c ****       break;
2065:Drivers/STM32U5xx_HAL_Driver/Src/stm32u5xx_hal_pwr_ex.c ****     }
2066:Drivers/STM32U5xx_HAL_Driver/Src/stm32u5xx_hal_pwr_ex.c **** #endif /* PWR_CR2_SRAM3PDS1 */
2067:Drivers/STM32U5xx_HAL_Driver/Src/stm32u5xx_hal_pwr_ex.c **** 
2068:Drivers/STM32U5xx_HAL_Driver/Src/stm32u5xx_hal_pwr_ex.c ****     /* SRAM 4 Stop retention */
2069:Drivers/STM32U5xx_HAL_Driver/Src/stm32u5xx_hal_pwr_ex.c ****     case SRAM4_ID:
2070:Drivers/STM32U5xx_HAL_Driver/Src/stm32u5xx_hal_pwr_ex.c ****     {
2071:Drivers/STM32U5xx_HAL_Driver/Src/stm32u5xx_hal_pwr_ex.c ****       /* Check the parameters */
2072:Drivers/STM32U5xx_HAL_Driver/Src/stm32u5xx_hal_pwr_ex.c ****       assert_param(IS_PWR_SRAM4_STOP_RETENTION(RAMSelection));
2073:Drivers/STM32U5xx_HAL_Driver/Src/stm32u5xx_hal_pwr_ex.c **** 
2074:Drivers/STM32U5xx_HAL_Driver/Src/stm32u5xx_hal_pwr_ex.c ****       /* Calculate pages mask */
2075:Drivers/STM32U5xx_HAL_Driver/Src/stm32u5xx_hal_pwr_ex.c ****       dummy = (RAMSelection & PWR_SRAM4_FULL_STOP) & ~SRAM_ID_MASK;
2076:Drivers/STM32U5xx_HAL_Driver/Src/stm32u5xx_hal_pwr_ex.c ****       SET_BIT(PWR->CR2, (dummy << PWR_CR2_SRAM4PDS_Pos));
2077:Drivers/STM32U5xx_HAL_Driver/Src/stm32u5xx_hal_pwr_ex.c **** 
2078:Drivers/STM32U5xx_HAL_Driver/Src/stm32u5xx_hal_pwr_ex.c ****       break;
2079:Drivers/STM32U5xx_HAL_Driver/Src/stm32u5xx_hal_pwr_ex.c ****     }
2080:Drivers/STM32U5xx_HAL_Driver/Src/stm32u5xx_hal_pwr_ex.c **** 
2081:Drivers/STM32U5xx_HAL_Driver/Src/stm32u5xx_hal_pwr_ex.c ****     /* ICACHE RAM Stop retention */
2082:Drivers/STM32U5xx_HAL_Driver/Src/stm32u5xx_hal_pwr_ex.c ****     case ICACHERAM_ID:
2083:Drivers/STM32U5xx_HAL_Driver/Src/stm32u5xx_hal_pwr_ex.c ****     {
2084:Drivers/STM32U5xx_HAL_Driver/Src/stm32u5xx_hal_pwr_ex.c ****       /* Check the parameters */
2085:Drivers/STM32U5xx_HAL_Driver/Src/stm32u5xx_hal_pwr_ex.c ****       assert_param(IS_PWR_ICACHE_STOP_RETENTION(RAMSelection));
2086:Drivers/STM32U5xx_HAL_Driver/Src/stm32u5xx_hal_pwr_ex.c **** 
2087:Drivers/STM32U5xx_HAL_Driver/Src/stm32u5xx_hal_pwr_ex.c ****       /* Calculate pages mask */
2088:Drivers/STM32U5xx_HAL_Driver/Src/stm32u5xx_hal_pwr_ex.c ****       dummy = (RAMSelection & PWR_ICACHE_FULL_STOP) & ~SRAM_ID_MASK;
2089:Drivers/STM32U5xx_HAL_Driver/Src/stm32u5xx_hal_pwr_ex.c ****       SET_BIT(PWR->CR2, (dummy << PWR_CR2_ICRAMPDS_Pos));
2090:Drivers/STM32U5xx_HAL_Driver/Src/stm32u5xx_hal_pwr_ex.c **** 
2091:Drivers/STM32U5xx_HAL_Driver/Src/stm32u5xx_hal_pwr_ex.c ****       break;
2092:Drivers/STM32U5xx_HAL_Driver/Src/stm32u5xx_hal_pwr_ex.c ****     }
2093:Drivers/STM32U5xx_HAL_Driver/Src/stm32u5xx_hal_pwr_ex.c **** 
2094:Drivers/STM32U5xx_HAL_Driver/Src/stm32u5xx_hal_pwr_ex.c ****     /* DCACHE1 RAM Stop retention */
2095:Drivers/STM32U5xx_HAL_Driver/Src/stm32u5xx_hal_pwr_ex.c ****     case DCACHE1RAM_ID:
2096:Drivers/STM32U5xx_HAL_Driver/Src/stm32u5xx_hal_pwr_ex.c ****     {
2097:Drivers/STM32U5xx_HAL_Driver/Src/stm32u5xx_hal_pwr_ex.c ****       /* Check the parameters */
2098:Drivers/STM32U5xx_HAL_Driver/Src/stm32u5xx_hal_pwr_ex.c ****       assert_param(IS_PWR_DCACHE1_STOP_RETENTION(RAMSelection));
2099:Drivers/STM32U5xx_HAL_Driver/Src/stm32u5xx_hal_pwr_ex.c **** 
2100:Drivers/STM32U5xx_HAL_Driver/Src/stm32u5xx_hal_pwr_ex.c ****       /* Calculate pages mask */
2101:Drivers/STM32U5xx_HAL_Driver/Src/stm32u5xx_hal_pwr_ex.c ****       dummy = (RAMSelection & PWR_DCACHE1_FULL_STOP) & ~SRAM_ID_MASK;
ARM GAS  /var/folders/j8/bx6g0dyx2gg_pdn7l_y1sb9c0000gn/T//cc9zwmjj.s 			page 84


2102:Drivers/STM32U5xx_HAL_Driver/Src/stm32u5xx_hal_pwr_ex.c ****       SET_BIT(PWR->CR2, (dummy << PWR_CR2_DC1RAMPDS_Pos));
2103:Drivers/STM32U5xx_HAL_Driver/Src/stm32u5xx_hal_pwr_ex.c **** 
2104:Drivers/STM32U5xx_HAL_Driver/Src/stm32u5xx_hal_pwr_ex.c ****       break;
2105:Drivers/STM32U5xx_HAL_Driver/Src/stm32u5xx_hal_pwr_ex.c ****     }
2106:Drivers/STM32U5xx_HAL_Driver/Src/stm32u5xx_hal_pwr_ex.c **** 
2107:Drivers/STM32U5xx_HAL_Driver/Src/stm32u5xx_hal_pwr_ex.c **** #if defined (PWR_CR2_DMA2DRAMPDS)
2108:Drivers/STM32U5xx_HAL_Driver/Src/stm32u5xx_hal_pwr_ex.c ****     /* DMA2D RAM Stop retention */
2109:Drivers/STM32U5xx_HAL_Driver/Src/stm32u5xx_hal_pwr_ex.c ****     case DMA2DRAM_ID:
2110:Drivers/STM32U5xx_HAL_Driver/Src/stm32u5xx_hal_pwr_ex.c ****     {
2111:Drivers/STM32U5xx_HAL_Driver/Src/stm32u5xx_hal_pwr_ex.c ****       /* Check the parameters */
2112:Drivers/STM32U5xx_HAL_Driver/Src/stm32u5xx_hal_pwr_ex.c ****       assert_param(IS_PWR_DMA2DRAM_STOP_RETENTION(RAMSelection));
2113:Drivers/STM32U5xx_HAL_Driver/Src/stm32u5xx_hal_pwr_ex.c **** 
2114:Drivers/STM32U5xx_HAL_Driver/Src/stm32u5xx_hal_pwr_ex.c ****       /* Calculate pages mask */
2115:Drivers/STM32U5xx_HAL_Driver/Src/stm32u5xx_hal_pwr_ex.c ****       dummy = (RAMSelection & PWR_DMA2DRAM_FULL_STOP) & ~SRAM_ID_MASK;
2116:Drivers/STM32U5xx_HAL_Driver/Src/stm32u5xx_hal_pwr_ex.c ****       SET_BIT(PWR->CR2, (dummy << PWR_CR2_DMA2DRAMPDS_Pos));
2117:Drivers/STM32U5xx_HAL_Driver/Src/stm32u5xx_hal_pwr_ex.c **** 
2118:Drivers/STM32U5xx_HAL_Driver/Src/stm32u5xx_hal_pwr_ex.c ****       break;
2119:Drivers/STM32U5xx_HAL_Driver/Src/stm32u5xx_hal_pwr_ex.c ****     }
2120:Drivers/STM32U5xx_HAL_Driver/Src/stm32u5xx_hal_pwr_ex.c **** #endif /* PWR_CR2_DMA2DRAMPDS */
2121:Drivers/STM32U5xx_HAL_Driver/Src/stm32u5xx_hal_pwr_ex.c **** 
2122:Drivers/STM32U5xx_HAL_Driver/Src/stm32u5xx_hal_pwr_ex.c ****     /* FMAC, FDCAN and USB RAM Stop retention */
2123:Drivers/STM32U5xx_HAL_Driver/Src/stm32u5xx_hal_pwr_ex.c ****     case PERIPHRAM_ID:
2124:Drivers/STM32U5xx_HAL_Driver/Src/stm32u5xx_hal_pwr_ex.c ****     {
2125:Drivers/STM32U5xx_HAL_Driver/Src/stm32u5xx_hal_pwr_ex.c ****       /* Check the parameters */
2126:Drivers/STM32U5xx_HAL_Driver/Src/stm32u5xx_hal_pwr_ex.c ****       assert_param(IS_PWR_PERIPHRAM_STOP_RETENTION(RAMSelection));
2127:Drivers/STM32U5xx_HAL_Driver/Src/stm32u5xx_hal_pwr_ex.c **** 
2128:Drivers/STM32U5xx_HAL_Driver/Src/stm32u5xx_hal_pwr_ex.c ****       /* Calculate pages mask */
2129:Drivers/STM32U5xx_HAL_Driver/Src/stm32u5xx_hal_pwr_ex.c ****       dummy = (RAMSelection & PWR_PERIPHRAM_FULL_STOP) & ~SRAM_ID_MASK;
2130:Drivers/STM32U5xx_HAL_Driver/Src/stm32u5xx_hal_pwr_ex.c ****       SET_BIT(PWR->CR2, (dummy << PWR_CR2_PRAMPDS_Pos));
2131:Drivers/STM32U5xx_HAL_Driver/Src/stm32u5xx_hal_pwr_ex.c **** 
2132:Drivers/STM32U5xx_HAL_Driver/Src/stm32u5xx_hal_pwr_ex.c ****       break;
2133:Drivers/STM32U5xx_HAL_Driver/Src/stm32u5xx_hal_pwr_ex.c ****     }
2134:Drivers/STM32U5xx_HAL_Driver/Src/stm32u5xx_hal_pwr_ex.c **** 
2135:Drivers/STM32U5xx_HAL_Driver/Src/stm32u5xx_hal_pwr_ex.c **** #if defined (PWR_CR2_PKARAMPDS)
2136:Drivers/STM32U5xx_HAL_Driver/Src/stm32u5xx_hal_pwr_ex.c ****     /* PKA32 RAM Stop retention */
2137:Drivers/STM32U5xx_HAL_Driver/Src/stm32u5xx_hal_pwr_ex.c ****     case PKARAM_ID:
2138:Drivers/STM32U5xx_HAL_Driver/Src/stm32u5xx_hal_pwr_ex.c ****     {
2139:Drivers/STM32U5xx_HAL_Driver/Src/stm32u5xx_hal_pwr_ex.c ****       /* Check the parameters */
2140:Drivers/STM32U5xx_HAL_Driver/Src/stm32u5xx_hal_pwr_ex.c ****       assert_param(IS_PWR_PKA32RAM_STOP_RETENTION(RAMSelection));
 2475              		.loc 1 2140 7 is_stmt 1 view .LVU508
2141:Drivers/STM32U5xx_HAL_Driver/Src/stm32u5xx_hal_pwr_ex.c **** 
2142:Drivers/STM32U5xx_HAL_Driver/Src/stm32u5xx_hal_pwr_ex.c ****       /* Calculate pages mask */
2143:Drivers/STM32U5xx_HAL_Driver/Src/stm32u5xx_hal_pwr_ex.c ****       dummy = (RAMSelection & PWR_PKA32RAM_FULL_STOP) & ~SRAM_ID_MASK;
 2476              		.loc 1 2143 7 view .LVU509
 2477              	.LVL99:
2144:Drivers/STM32U5xx_HAL_Driver/Src/stm32u5xx_hal_pwr_ex.c ****       SET_BIT(PWR->CR2, (dummy << PWR_CR2_PKARAMPDS_Pos));
 2478              		.loc 1 2144 7 view .LVU510
 2479 001a 2F4A     		ldr	r2, .L253
 2480 001c 5368     		ldr	r3, [r2, #4]
 2481 001e 0003     		lsls	r0, r0, #12
 2482              	.LVL100:
 2483              		.loc 1 2144 7 is_stmt 0 view .LVU511
 2484 0020 00F48050 		and	r0, r0, #4096
 2485 0024 1843     		orrs	r0, r0, r3
 2486 0026 5060     		str	r0, [r2, #4]
2145:Drivers/STM32U5xx_HAL_Driver/Src/stm32u5xx_hal_pwr_ex.c **** 
2146:Drivers/STM32U5xx_HAL_Driver/Src/stm32u5xx_hal_pwr_ex.c ****       break;
ARM GAS  /var/folders/j8/bx6g0dyx2gg_pdn7l_y1sb9c0000gn/T//cc9zwmjj.s 			page 85


 2487              		.loc 1 2146 7 is_stmt 1 view .LVU512
2147:Drivers/STM32U5xx_HAL_Driver/Src/stm32u5xx_hal_pwr_ex.c ****     }
2148:Drivers/STM32U5xx_HAL_Driver/Src/stm32u5xx_hal_pwr_ex.c **** #endif /* PWR_CR2_PKARAMPDS */
2149:Drivers/STM32U5xx_HAL_Driver/Src/stm32u5xx_hal_pwr_ex.c **** 
2150:Drivers/STM32U5xx_HAL_Driver/Src/stm32u5xx_hal_pwr_ex.c **** #if defined (PWR_CR2_DC2RAMPDS)
2151:Drivers/STM32U5xx_HAL_Driver/Src/stm32u5xx_hal_pwr_ex.c ****     /* DCACHE2 RAM Stop retention */
2152:Drivers/STM32U5xx_HAL_Driver/Src/stm32u5xx_hal_pwr_ex.c ****     case DCACHE2RAM_ID:
2153:Drivers/STM32U5xx_HAL_Driver/Src/stm32u5xx_hal_pwr_ex.c ****     {
2154:Drivers/STM32U5xx_HAL_Driver/Src/stm32u5xx_hal_pwr_ex.c ****       /* Check the parameters */
2155:Drivers/STM32U5xx_HAL_Driver/Src/stm32u5xx_hal_pwr_ex.c ****       assert_param(IS_PWR_DCACHE2_STOP_RETENTION(RAMSelection));
2156:Drivers/STM32U5xx_HAL_Driver/Src/stm32u5xx_hal_pwr_ex.c **** 
2157:Drivers/STM32U5xx_HAL_Driver/Src/stm32u5xx_hal_pwr_ex.c ****       /* Calculate pages mask */
2158:Drivers/STM32U5xx_HAL_Driver/Src/stm32u5xx_hal_pwr_ex.c ****       dummy = (RAMSelection & PWR_DCACHE2_FULL_STOP) & ~SRAM_ID_MASK;
2159:Drivers/STM32U5xx_HAL_Driver/Src/stm32u5xx_hal_pwr_ex.c ****       SET_BIT(PWR->CR2, (dummy << PWR_CR2_DC2RAMPDS_Pos));
2160:Drivers/STM32U5xx_HAL_Driver/Src/stm32u5xx_hal_pwr_ex.c **** 
2161:Drivers/STM32U5xx_HAL_Driver/Src/stm32u5xx_hal_pwr_ex.c ****       break;
2162:Drivers/STM32U5xx_HAL_Driver/Src/stm32u5xx_hal_pwr_ex.c ****     }
2163:Drivers/STM32U5xx_HAL_Driver/Src/stm32u5xx_hal_pwr_ex.c **** #endif /* defined (PWR_CR2_DC2RAMPDS) */
2164:Drivers/STM32U5xx_HAL_Driver/Src/stm32u5xx_hal_pwr_ex.c **** 
2165:Drivers/STM32U5xx_HAL_Driver/Src/stm32u5xx_hal_pwr_ex.c **** #if defined (PWR_CR2_GPRAMPDS)
2166:Drivers/STM32U5xx_HAL_Driver/Src/stm32u5xx_hal_pwr_ex.c ****     /* LTDC and GFXMMU RAM Stop retention */
2167:Drivers/STM32U5xx_HAL_Driver/Src/stm32u5xx_hal_pwr_ex.c ****     case GRAPHIPRAM_ID:
2168:Drivers/STM32U5xx_HAL_Driver/Src/stm32u5xx_hal_pwr_ex.c ****     {
2169:Drivers/STM32U5xx_HAL_Driver/Src/stm32u5xx_hal_pwr_ex.c ****       /* Check the parameters */
2170:Drivers/STM32U5xx_HAL_Driver/Src/stm32u5xx_hal_pwr_ex.c ****       assert_param(IS_PWR_GRAPHICPRAM_STOP_RETENTION(RAMSelection));
2171:Drivers/STM32U5xx_HAL_Driver/Src/stm32u5xx_hal_pwr_ex.c **** 
2172:Drivers/STM32U5xx_HAL_Driver/Src/stm32u5xx_hal_pwr_ex.c ****       /* Calculate pages mask */
2173:Drivers/STM32U5xx_HAL_Driver/Src/stm32u5xx_hal_pwr_ex.c ****       dummy = (RAMSelection & PWR_GRAPHICPRAM_FULL_STOP) & ~SRAM_ID_MASK;
2174:Drivers/STM32U5xx_HAL_Driver/Src/stm32u5xx_hal_pwr_ex.c ****       SET_BIT(PWR->CR2, (dummy << PWR_CR2_GPRAMPDS_Pos));
2175:Drivers/STM32U5xx_HAL_Driver/Src/stm32u5xx_hal_pwr_ex.c **** 
2176:Drivers/STM32U5xx_HAL_Driver/Src/stm32u5xx_hal_pwr_ex.c ****       break;
2177:Drivers/STM32U5xx_HAL_Driver/Src/stm32u5xx_hal_pwr_ex.c ****     }
2178:Drivers/STM32U5xx_HAL_Driver/Src/stm32u5xx_hal_pwr_ex.c **** #endif /* defined (PWR_CR2_GPRAMPDS) */
2179:Drivers/STM32U5xx_HAL_Driver/Src/stm32u5xx_hal_pwr_ex.c **** 
2180:Drivers/STM32U5xx_HAL_Driver/Src/stm32u5xx_hal_pwr_ex.c **** #if defined (PWR_CR2_DSIRAMPDS)
2181:Drivers/STM32U5xx_HAL_Driver/Src/stm32u5xx_hal_pwr_ex.c ****     /* DSI RAM Stop retention */
2182:Drivers/STM32U5xx_HAL_Driver/Src/stm32u5xx_hal_pwr_ex.c ****     case DSIRAM_ID:
2183:Drivers/STM32U5xx_HAL_Driver/Src/stm32u5xx_hal_pwr_ex.c ****     {
2184:Drivers/STM32U5xx_HAL_Driver/Src/stm32u5xx_hal_pwr_ex.c ****       /* Check the parameters */
2185:Drivers/STM32U5xx_HAL_Driver/Src/stm32u5xx_hal_pwr_ex.c ****       assert_param(IS_PWR_DSIRAM_STOP_RETENTION(RAMSelection));
2186:Drivers/STM32U5xx_HAL_Driver/Src/stm32u5xx_hal_pwr_ex.c **** 
2187:Drivers/STM32U5xx_HAL_Driver/Src/stm32u5xx_hal_pwr_ex.c ****       /* Calculate pages mask */
2188:Drivers/STM32U5xx_HAL_Driver/Src/stm32u5xx_hal_pwr_ex.c ****       dummy = (RAMSelection & PWR_DSIRAM_FULL_STOP) & ~SRAM_ID_MASK;
2189:Drivers/STM32U5xx_HAL_Driver/Src/stm32u5xx_hal_pwr_ex.c ****       SET_BIT(PWR->CR2, (dummy << PWR_CR2_DSIRAMPDS_Pos));
2190:Drivers/STM32U5xx_HAL_Driver/Src/stm32u5xx_hal_pwr_ex.c **** 
2191:Drivers/STM32U5xx_HAL_Driver/Src/stm32u5xx_hal_pwr_ex.c ****       break;
2192:Drivers/STM32U5xx_HAL_Driver/Src/stm32u5xx_hal_pwr_ex.c ****     }
2193:Drivers/STM32U5xx_HAL_Driver/Src/stm32u5xx_hal_pwr_ex.c **** #endif /* defined (PWR_CR2_DSIRAMPDS) */
2194:Drivers/STM32U5xx_HAL_Driver/Src/stm32u5xx_hal_pwr_ex.c **** 
2195:Drivers/STM32U5xx_HAL_Driver/Src/stm32u5xx_hal_pwr_ex.c **** #if defined (PWR_CR2_JPEGRAMPDS)
2196:Drivers/STM32U5xx_HAL_Driver/Src/stm32u5xx_hal_pwr_ex.c ****     /* JPEG RAM Stop retention */
2197:Drivers/STM32U5xx_HAL_Driver/Src/stm32u5xx_hal_pwr_ex.c ****     case JPEGRAM_ID:
2198:Drivers/STM32U5xx_HAL_Driver/Src/stm32u5xx_hal_pwr_ex.c ****     {
2199:Drivers/STM32U5xx_HAL_Driver/Src/stm32u5xx_hal_pwr_ex.c ****       /* Check the parameters */
2200:Drivers/STM32U5xx_HAL_Driver/Src/stm32u5xx_hal_pwr_ex.c ****       assert_param(IS_PWR_JPEGRAM_STOP_RETENTION(RAMSelection));
2201:Drivers/STM32U5xx_HAL_Driver/Src/stm32u5xx_hal_pwr_ex.c **** 
2202:Drivers/STM32U5xx_HAL_Driver/Src/stm32u5xx_hal_pwr_ex.c ****       /* Calculate pages mask */
ARM GAS  /var/folders/j8/bx6g0dyx2gg_pdn7l_y1sb9c0000gn/T//cc9zwmjj.s 			page 86


2203:Drivers/STM32U5xx_HAL_Driver/Src/stm32u5xx_hal_pwr_ex.c ****       dummy = (RAMSelection & PWR_JPEGRAM_FULL_STOP) & ~SRAM_ID_MASK;
2204:Drivers/STM32U5xx_HAL_Driver/Src/stm32u5xx_hal_pwr_ex.c ****       SET_BIT(PWR->CR2, (dummy << PWR_CR2_JPEGRAMPDS_Pos));
2205:Drivers/STM32U5xx_HAL_Driver/Src/stm32u5xx_hal_pwr_ex.c **** 
2206:Drivers/STM32U5xx_HAL_Driver/Src/stm32u5xx_hal_pwr_ex.c ****       break;
2207:Drivers/STM32U5xx_HAL_Driver/Src/stm32u5xx_hal_pwr_ex.c ****     }
2208:Drivers/STM32U5xx_HAL_Driver/Src/stm32u5xx_hal_pwr_ex.c **** #endif /* defined (PWR_CR2_JPEGRAMPDS) */
2209:Drivers/STM32U5xx_HAL_Driver/Src/stm32u5xx_hal_pwr_ex.c **** 
2210:Drivers/STM32U5xx_HAL_Driver/Src/stm32u5xx_hal_pwr_ex.c **** #if defined (PWR_CR4_SRAM5PDS1)
2211:Drivers/STM32U5xx_HAL_Driver/Src/stm32u5xx_hal_pwr_ex.c ****     /* SRAM 5 Stop retention */
2212:Drivers/STM32U5xx_HAL_Driver/Src/stm32u5xx_hal_pwr_ex.c ****     case SRAM5_ID:
2213:Drivers/STM32U5xx_HAL_Driver/Src/stm32u5xx_hal_pwr_ex.c ****     {
2214:Drivers/STM32U5xx_HAL_Driver/Src/stm32u5xx_hal_pwr_ex.c ****       /* Check the parameters */
2215:Drivers/STM32U5xx_HAL_Driver/Src/stm32u5xx_hal_pwr_ex.c ****       assert_param(IS_PWR_SRAM5_STOP_RETENTION(RAMSelection));
2216:Drivers/STM32U5xx_HAL_Driver/Src/stm32u5xx_hal_pwr_ex.c **** 
2217:Drivers/STM32U5xx_HAL_Driver/Src/stm32u5xx_hal_pwr_ex.c ****       /* Calculate pages mask */
2218:Drivers/STM32U5xx_HAL_Driver/Src/stm32u5xx_hal_pwr_ex.c ****       dummy = ((RAMSelection & PWR_SRAM5_FULL_STOP) & ~SRAM_ID_MASK);
2219:Drivers/STM32U5xx_HAL_Driver/Src/stm32u5xx_hal_pwr_ex.c ****       SET_BIT(PWR->CR4, (dummy << PWR_CR4_SRAM5PDS1_Pos));
2220:Drivers/STM32U5xx_HAL_Driver/Src/stm32u5xx_hal_pwr_ex.c **** 
2221:Drivers/STM32U5xx_HAL_Driver/Src/stm32u5xx_hal_pwr_ex.c ****       break;
2222:Drivers/STM32U5xx_HAL_Driver/Src/stm32u5xx_hal_pwr_ex.c ****     }
2223:Drivers/STM32U5xx_HAL_Driver/Src/stm32u5xx_hal_pwr_ex.c **** #endif /* defined (PWR_CR4_SRAM5PDS1) */
2224:Drivers/STM32U5xx_HAL_Driver/Src/stm32u5xx_hal_pwr_ex.c **** 
2225:Drivers/STM32U5xx_HAL_Driver/Src/stm32u5xx_hal_pwr_ex.c **** #if defined (PWR_CR5_SRAM6PDS1)
2226:Drivers/STM32U5xx_HAL_Driver/Src/stm32u5xx_hal_pwr_ex.c ****     /* SRAM 6 Stop retention */
2227:Drivers/STM32U5xx_HAL_Driver/Src/stm32u5xx_hal_pwr_ex.c ****     case SRAM6_ID:
2228:Drivers/STM32U5xx_HAL_Driver/Src/stm32u5xx_hal_pwr_ex.c ****     {
2229:Drivers/STM32U5xx_HAL_Driver/Src/stm32u5xx_hal_pwr_ex.c ****       /* Check the parameters */
2230:Drivers/STM32U5xx_HAL_Driver/Src/stm32u5xx_hal_pwr_ex.c ****       assert_param(IS_PWR_SRAM6_STOP_RETENTION(RAMSelection));
2231:Drivers/STM32U5xx_HAL_Driver/Src/stm32u5xx_hal_pwr_ex.c **** 
2232:Drivers/STM32U5xx_HAL_Driver/Src/stm32u5xx_hal_pwr_ex.c ****       /* Calculate pages mask */
2233:Drivers/STM32U5xx_HAL_Driver/Src/stm32u5xx_hal_pwr_ex.c ****       dummy = ((RAMSelection & PWR_SRAM6_FULL_STOP) & ~SRAM_ID_MASK);
2234:Drivers/STM32U5xx_HAL_Driver/Src/stm32u5xx_hal_pwr_ex.c ****       SET_BIT(PWR->CR5, (dummy << PWR_CR5_SRAM6PDS1_Pos));
2235:Drivers/STM32U5xx_HAL_Driver/Src/stm32u5xx_hal_pwr_ex.c **** 
2236:Drivers/STM32U5xx_HAL_Driver/Src/stm32u5xx_hal_pwr_ex.c ****       break;
2237:Drivers/STM32U5xx_HAL_Driver/Src/stm32u5xx_hal_pwr_ex.c ****     }
2238:Drivers/STM32U5xx_HAL_Driver/Src/stm32u5xx_hal_pwr_ex.c **** #endif /* defined (PWR_CR5_SRAM6PDS1) */
2239:Drivers/STM32U5xx_HAL_Driver/Src/stm32u5xx_hal_pwr_ex.c **** 
2240:Drivers/STM32U5xx_HAL_Driver/Src/stm32u5xx_hal_pwr_ex.c ****     default:
2241:Drivers/STM32U5xx_HAL_Driver/Src/stm32u5xx_hal_pwr_ex.c ****     {
2242:Drivers/STM32U5xx_HAL_Driver/Src/stm32u5xx_hal_pwr_ex.c ****       return;
2243:Drivers/STM32U5xx_HAL_Driver/Src/stm32u5xx_hal_pwr_ex.c ****       break;
 2488              		.loc 1 2243 7 view .LVU513
2244:Drivers/STM32U5xx_HAL_Driver/Src/stm32u5xx_hal_pwr_ex.c ****     }
2245:Drivers/STM32U5xx_HAL_Driver/Src/stm32u5xx_hal_pwr_ex.c ****   }
2246:Drivers/STM32U5xx_HAL_Driver/Src/stm32u5xx_hal_pwr_ex.c **** }
 2489              		.loc 1 2246 1 is_stmt 0 view .LVU514
 2490 0028 7047     		bx	lr
 2491              	.LVL101:
 2492              	.L246:
2012:Drivers/STM32U5xx_HAL_Driver/Src/stm32u5xx_hal_pwr_ex.c ****   {
 2493              		.loc 1 2012 3 view .LVU515
 2494 002a B3F5802F 		cmp	r3, #262144
 2495 002e 32D0     		beq	.L235
 2496 0030 0AD9     		bls	.L249
 2497 0032 B3F5002F 		cmp	r3, #524288
 2498 0036 16D1     		bne	.L250
2072:Drivers/STM32U5xx_HAL_Driver/Src/stm32u5xx_hal_pwr_ex.c **** 
ARM GAS  /var/folders/j8/bx6g0dyx2gg_pdn7l_y1sb9c0000gn/T//cc9zwmjj.s 			page 87


 2499              		.loc 1 2072 7 is_stmt 1 view .LVU516
2075:Drivers/STM32U5xx_HAL_Driver/Src/stm32u5xx_hal_pwr_ex.c ****       SET_BIT(PWR->CR2, (dummy << PWR_CR2_SRAM4PDS_Pos));
 2500              		.loc 1 2075 7 view .LVU517
 2501              	.LVL102:
2076:Drivers/STM32U5xx_HAL_Driver/Src/stm32u5xx_hal_pwr_ex.c **** 
 2502              		.loc 1 2076 7 view .LVU518
 2503 0038 274A     		ldr	r2, .L253
 2504 003a 5368     		ldr	r3, [r2, #4]
 2505 003c 8001     		lsls	r0, r0, #6
 2506              	.LVL103:
2076:Drivers/STM32U5xx_HAL_Driver/Src/stm32u5xx_hal_pwr_ex.c **** 
 2507              		.loc 1 2076 7 is_stmt 0 view .LVU519
 2508 003e 00F04000 		and	r0, r0, #64
 2509 0042 1843     		orrs	r0, r0, r3
 2510 0044 5060     		str	r0, [r2, #4]
2078:Drivers/STM32U5xx_HAL_Driver/Src/stm32u5xx_hal_pwr_ex.c ****     }
 2511              		.loc 1 2078 7 is_stmt 1 view .LVU520
 2512 0046 7047     		bx	lr
 2513              	.LVL104:
 2514              	.L249:
2012:Drivers/STM32U5xx_HAL_Driver/Src/stm32u5xx_hal_pwr_ex.c ****   {
 2515              		.loc 1 2012 3 is_stmt 0 view .LVU521
 2516 0048 B3F5803F 		cmp	r3, #65536
 2517 004c 1CD0     		beq	.L237
 2518 004e B3F5003F 		cmp	r3, #131072
 2519 0052 07D1     		bne	.L251
2036:Drivers/STM32U5xx_HAL_Driver/Src/stm32u5xx_hal_pwr_ex.c **** 
 2520              		.loc 1 2036 7 is_stmt 1 view .LVU522
2039:Drivers/STM32U5xx_HAL_Driver/Src/stm32u5xx_hal_pwr_ex.c ****       SET_BIT(PWR->CR2, (dummy << PWR_CR2_SRAM2PDS1_Pos));
 2521              		.loc 1 2039 7 view .LVU523
 2522              	.LVL105:
2040:Drivers/STM32U5xx_HAL_Driver/Src/stm32u5xx_hal_pwr_ex.c **** 
 2523              		.loc 1 2040 7 view .LVU524
 2524 0054 204A     		ldr	r2, .L253
 2525 0056 5368     		ldr	r3, [r2, #4]
 2526 0058 0001     		lsls	r0, r0, #4
 2527              	.LVL106:
2040:Drivers/STM32U5xx_HAL_Driver/Src/stm32u5xx_hal_pwr_ex.c **** 
 2528              		.loc 1 2040 7 is_stmt 0 view .LVU525
 2529 005a 00F03000 		and	r0, r0, #48
 2530 005e 1843     		orrs	r0, r0, r3
 2531 0060 5060     		str	r0, [r2, #4]
2042:Drivers/STM32U5xx_HAL_Driver/Src/stm32u5xx_hal_pwr_ex.c ****     }
 2532              		.loc 1 2042 7 is_stmt 1 view .LVU526
 2533 0062 7047     		bx	lr
 2534              	.LVL107:
 2535              	.L251:
2042:Drivers/STM32U5xx_HAL_Driver/Src/stm32u5xx_hal_pwr_ex.c ****     }
 2536              		.loc 1 2042 7 is_stmt 0 view .LVU527
 2537 0064 7047     		bx	lr
 2538              	.L250:
 2539 0066 7047     		bx	lr
 2540              	.L247:
2012:Drivers/STM32U5xx_HAL_Driver/Src/stm32u5xx_hal_pwr_ex.c ****   {
 2541              		.loc 1 2012 3 view .LVU528
 2542 0068 B3F5001F 		cmp	r3, #2097152
 2543 006c 23D0     		beq	.L243
ARM GAS  /var/folders/j8/bx6g0dyx2gg_pdn7l_y1sb9c0000gn/T//cc9zwmjj.s 			page 88


 2544 006e B3F5800F 		cmp	r3, #4194304
 2545 0072 07D1     		bne	.L252
2112:Drivers/STM32U5xx_HAL_Driver/Src/stm32u5xx_hal_pwr_ex.c **** 
 2546              		.loc 1 2112 7 is_stmt 1 view .LVU529
2115:Drivers/STM32U5xx_HAL_Driver/Src/stm32u5xx_hal_pwr_ex.c ****       SET_BIT(PWR->CR2, (dummy << PWR_CR2_DMA2DRAMPDS_Pos));
 2547              		.loc 1 2115 7 view .LVU530
 2548              	.LVL108:
2116:Drivers/STM32U5xx_HAL_Driver/Src/stm32u5xx_hal_pwr_ex.c **** 
 2549              		.loc 1 2116 7 view .LVU531
 2550 0074 184A     		ldr	r2, .L253
 2551 0076 5368     		ldr	r3, [r2, #4]
 2552 0078 8002     		lsls	r0, r0, #10
 2553              	.LVL109:
2116:Drivers/STM32U5xx_HAL_Driver/Src/stm32u5xx_hal_pwr_ex.c **** 
 2554              		.loc 1 2116 7 is_stmt 0 view .LVU532
 2555 007a 00F48060 		and	r0, r0, #1024
 2556 007e 1843     		orrs	r0, r0, r3
 2557 0080 5060     		str	r0, [r2, #4]
2118:Drivers/STM32U5xx_HAL_Driver/Src/stm32u5xx_hal_pwr_ex.c ****     }
 2558              		.loc 1 2118 7 is_stmt 1 view .LVU533
 2559 0082 7047     		bx	lr
 2560              	.LVL110:
 2561              	.L252:
2118:Drivers/STM32U5xx_HAL_Driver/Src/stm32u5xx_hal_pwr_ex.c ****     }
 2562              		.loc 1 2118 7 is_stmt 0 view .LVU534
 2563 0084 7047     		bx	lr
 2564              	.L248:
 2565 0086 7047     		bx	lr
 2566              	.L237:
2018:Drivers/STM32U5xx_HAL_Driver/Src/stm32u5xx_hal_pwr_ex.c **** 
 2567              		.loc 1 2018 7 is_stmt 1 view .LVU535
2021:Drivers/STM32U5xx_HAL_Driver/Src/stm32u5xx_hal_pwr_ex.c ****       SET_BIT(PWR->CR2, dummy);
 2568              		.loc 1 2021 7 view .LVU536
2021:Drivers/STM32U5xx_HAL_Driver/Src/stm32u5xx_hal_pwr_ex.c ****       SET_BIT(PWR->CR2, dummy);
 2569              		.loc 1 2021 15 is_stmt 0 view .LVU537
 2570 0088 00F00700 		and	r0, r0, #7
 2571              	.LVL111:
2022:Drivers/STM32U5xx_HAL_Driver/Src/stm32u5xx_hal_pwr_ex.c **** #if defined (PWR_CR4_SRAM1PDS4)
 2572              		.loc 1 2022 7 is_stmt 1 view .LVU538
 2573 008c 124A     		ldr	r2, .L253
 2574 008e 5368     		ldr	r3, [r2, #4]
 2575 0090 1843     		orrs	r0, r0, r3
 2576              	.LVL112:
2022:Drivers/STM32U5xx_HAL_Driver/Src/stm32u5xx_hal_pwr_ex.c **** #if defined (PWR_CR4_SRAM1PDS4)
 2577              		.loc 1 2022 7 is_stmt 0 view .LVU539
 2578 0092 5060     		str	r0, [r2, #4]
2029:Drivers/STM32U5xx_HAL_Driver/Src/stm32u5xx_hal_pwr_ex.c ****     }
 2579              		.loc 1 2029 7 is_stmt 1 view .LVU540
 2580 0094 7047     		bx	lr
 2581              	.LVL113:
 2582              	.L235:
2050:Drivers/STM32U5xx_HAL_Driver/Src/stm32u5xx_hal_pwr_ex.c **** 
 2583              		.loc 1 2050 7 view .LVU541
2053:Drivers/STM32U5xx_HAL_Driver/Src/stm32u5xx_hal_pwr_ex.c ****                                                 PAGE05_ID | PAGE06_ID | PAGE07_ID | PAGE08_ID);
 2584              		.loc 1 2053 7 view .LVU542
2055:Drivers/STM32U5xx_HAL_Driver/Src/stm32u5xx_hal_pwr_ex.c **** 
 2585              		.loc 1 2055 7 view .LVU543
ARM GAS  /var/folders/j8/bx6g0dyx2gg_pdn7l_y1sb9c0000gn/T//cc9zwmjj.s 			page 89


 2586 0096 104A     		ldr	r2, .L253
 2587 0098 5368     		ldr	r3, [r2, #4]
 2588 009a 0004     		lsls	r0, r0, #16
 2589              	.LVL114:
2055:Drivers/STM32U5xx_HAL_Driver/Src/stm32u5xx_hal_pwr_ex.c **** 
 2590              		.loc 1 2055 7 is_stmt 0 view .LVU544
 2591 009c 00F47F00 		and	r0, r0, #16711680
 2592 00a0 1843     		orrs	r0, r0, r3
 2593 00a2 5060     		str	r0, [r2, #4]
2064:Drivers/STM32U5xx_HAL_Driver/Src/stm32u5xx_hal_pwr_ex.c ****     }
 2594              		.loc 1 2064 7 is_stmt 1 view .LVU545
 2595 00a4 7047     		bx	lr
 2596              	.LVL115:
 2597              	.L233:
2085:Drivers/STM32U5xx_HAL_Driver/Src/stm32u5xx_hal_pwr_ex.c **** 
 2598              		.loc 1 2085 7 view .LVU546
2088:Drivers/STM32U5xx_HAL_Driver/Src/stm32u5xx_hal_pwr_ex.c ****       SET_BIT(PWR->CR2, (dummy << PWR_CR2_ICRAMPDS_Pos));
 2599              		.loc 1 2088 7 view .LVU547
2089:Drivers/STM32U5xx_HAL_Driver/Src/stm32u5xx_hal_pwr_ex.c **** 
 2600              		.loc 1 2089 7 view .LVU548
 2601 00a6 0C4A     		ldr	r2, .L253
 2602 00a8 5368     		ldr	r3, [r2, #4]
 2603 00aa 0002     		lsls	r0, r0, #8
 2604              	.LVL116:
2089:Drivers/STM32U5xx_HAL_Driver/Src/stm32u5xx_hal_pwr_ex.c **** 
 2605              		.loc 1 2089 7 is_stmt 0 view .LVU549
 2606 00ac 00F48070 		and	r0, r0, #256
 2607 00b0 1843     		orrs	r0, r0, r3
 2608 00b2 5060     		str	r0, [r2, #4]
2091:Drivers/STM32U5xx_HAL_Driver/Src/stm32u5xx_hal_pwr_ex.c ****     }
 2609              		.loc 1 2091 7 is_stmt 1 view .LVU550
 2610 00b4 7047     		bx	lr
 2611              	.LVL117:
 2612              	.L243:
2098:Drivers/STM32U5xx_HAL_Driver/Src/stm32u5xx_hal_pwr_ex.c **** 
 2613              		.loc 1 2098 7 view .LVU551
2101:Drivers/STM32U5xx_HAL_Driver/Src/stm32u5xx_hal_pwr_ex.c ****       SET_BIT(PWR->CR2, (dummy << PWR_CR2_DC1RAMPDS_Pos));
 2614              		.loc 1 2101 7 view .LVU552
2102:Drivers/STM32U5xx_HAL_Driver/Src/stm32u5xx_hal_pwr_ex.c **** 
 2615              		.loc 1 2102 7 view .LVU553
 2616 00b6 084A     		ldr	r2, .L253
 2617 00b8 5368     		ldr	r3, [r2, #4]
 2618 00ba 4002     		lsls	r0, r0, #9
 2619              	.LVL118:
2102:Drivers/STM32U5xx_HAL_Driver/Src/stm32u5xx_hal_pwr_ex.c **** 
 2620              		.loc 1 2102 7 is_stmt 0 view .LVU554
 2621 00bc 00F40070 		and	r0, r0, #512
 2622 00c0 1843     		orrs	r0, r0, r3
 2623 00c2 5060     		str	r0, [r2, #4]
2104:Drivers/STM32U5xx_HAL_Driver/Src/stm32u5xx_hal_pwr_ex.c ****     }
 2624              		.loc 1 2104 7 is_stmt 1 view .LVU555
 2625 00c4 7047     		bx	lr
 2626              	.LVL119:
 2627              	.L241:
2126:Drivers/STM32U5xx_HAL_Driver/Src/stm32u5xx_hal_pwr_ex.c **** 
 2628              		.loc 1 2126 7 view .LVU556
2129:Drivers/STM32U5xx_HAL_Driver/Src/stm32u5xx_hal_pwr_ex.c ****       SET_BIT(PWR->CR2, (dummy << PWR_CR2_PRAMPDS_Pos));
ARM GAS  /var/folders/j8/bx6g0dyx2gg_pdn7l_y1sb9c0000gn/T//cc9zwmjj.s 			page 90


 2629              		.loc 1 2129 7 view .LVU557
2130:Drivers/STM32U5xx_HAL_Driver/Src/stm32u5xx_hal_pwr_ex.c **** 
 2630              		.loc 1 2130 7 view .LVU558
 2631 00c6 044A     		ldr	r2, .L253
 2632 00c8 5368     		ldr	r3, [r2, #4]
 2633 00ca C002     		lsls	r0, r0, #11
 2634              	.LVL120:
2130:Drivers/STM32U5xx_HAL_Driver/Src/stm32u5xx_hal_pwr_ex.c **** 
 2635              		.loc 1 2130 7 is_stmt 0 view .LVU559
 2636 00cc 00F40060 		and	r0, r0, #2048
 2637 00d0 1843     		orrs	r0, r0, r3
 2638 00d2 5060     		str	r0, [r2, #4]
2132:Drivers/STM32U5xx_HAL_Driver/Src/stm32u5xx_hal_pwr_ex.c ****     }
 2639              		.loc 1 2132 7 is_stmt 1 view .LVU560
 2640 00d4 7047     		bx	lr
 2641              	.L254:
 2642 00d6 00BF     		.align	2
 2643              	.L253:
 2644 00d8 00080246 		.word	1174538240
 2645              		.cfi_endproc
 2646              	.LFE203:
 2648              		.section	.text.HAL_PWREx_EnableRAMsContentRunRetention,"ax",%progbits
 2649              		.align	1
 2650              		.global	HAL_PWREx_EnableRAMsContentRunRetention
 2651              		.syntax unified
 2652              		.thumb
 2653              		.thumb_func
 2655              	HAL_PWREx_EnableRAMsContentRunRetention:
 2656              	.LVL121:
 2657              	.LFB204:
2247:Drivers/STM32U5xx_HAL_Driver/Src/stm32u5xx_hal_pwr_ex.c **** 
2248:Drivers/STM32U5xx_HAL_Driver/Src/stm32u5xx_hal_pwr_ex.c **** /**
2249:Drivers/STM32U5xx_HAL_Driver/Src/stm32u5xx_hal_pwr_ex.c ****   * @brief  Enable RAMs full content retention in Run mode.
2250:Drivers/STM32U5xx_HAL_Driver/Src/stm32u5xx_hal_pwr_ex.c ****   * @param  RAMSelection : Specifies the SRAM content to be retained in Run mode.
2251:Drivers/STM32U5xx_HAL_Driver/Src/stm32u5xx_hal_pwr_ex.c ****   *                        This parameter can be one or a combination of the following values :
2252:Drivers/STM32U5xx_HAL_Driver/Src/stm32u5xx_hal_pwr_ex.c ****   *                        @arg PWR_SRAM1_FULL_RUN : SRAM1 full content retention.
2253:Drivers/STM32U5xx_HAL_Driver/Src/stm32u5xx_hal_pwr_ex.c ****   *                        @arg PWR_SRAM2_FULL_RUN : SRAM2 full content retention.
2254:Drivers/STM32U5xx_HAL_Driver/Src/stm32u5xx_hal_pwr_ex.c ****   *                        @arg PWR_SRAM3_FULL_RUN : SRAM3 full content retention (available only f
2255:Drivers/STM32U5xx_HAL_Driver/Src/stm32u5xx_hal_pwr_ex.c ****   *                                                             STM32U585xx STM32U59xxx, STM32U5Axx
2256:Drivers/STM32U5xx_HAL_Driver/Src/stm32u5xx_hal_pwr_ex.c ****                                                                 and STM32U5Gxxx devices).
2257:Drivers/STM32U5xx_HAL_Driver/Src/stm32u5xx_hal_pwr_ex.c ****   *                        @arg PWR_SRAM4_FULL_RUN : SRAM4 full content retention.
2258:Drivers/STM32U5xx_HAL_Driver/Src/stm32u5xx_hal_pwr_ex.c ****   *                        @arg PWR_SRAM5_FULL_RUN : SRAM5 full content retention (available only f
2259:Drivers/STM32U5xx_HAL_Driver/Src/stm32u5xx_hal_pwr_ex.c ****   *                                                            STM32U59xxx, STM32U5Axxx, STM32U5Fxx
2260:Drivers/STM32U5xx_HAL_Driver/Src/stm32u5xx_hal_pwr_ex.c ****   *                                                            and STM32U5Gxxx devices).
2261:Drivers/STM32U5xx_HAL_Driver/Src/stm32u5xx_hal_pwr_ex.c ****   *                        @arg PWR_SRAM6_FULL_RUN : SRAM6 full content retention (available only f
2262:Drivers/STM32U5xx_HAL_Driver/Src/stm32u5xx_hal_pwr_ex.c ****   *                                                            STM32U5Fxxx and STM32U5Gxxx devices)
2263:Drivers/STM32U5xx_HAL_Driver/Src/stm32u5xx_hal_pwr_ex.c ****   * @retval None.
2264:Drivers/STM32U5xx_HAL_Driver/Src/stm32u5xx_hal_pwr_ex.c ****   */
2265:Drivers/STM32U5xx_HAL_Driver/Src/stm32u5xx_hal_pwr_ex.c **** void HAL_PWREx_EnableRAMsContentRunRetention(uint32_t RAMSelection)
2266:Drivers/STM32U5xx_HAL_Driver/Src/stm32u5xx_hal_pwr_ex.c **** {
 2658              		.loc 1 2266 1 view -0
 2659              		.cfi_startproc
 2660              		@ args = 0, pretend = 0, frame = 0
 2661              		@ frame_needed = 0, uses_anonymous_args = 0
 2662              		@ link register save eliminated.
2267:Drivers/STM32U5xx_HAL_Driver/Src/stm32u5xx_hal_pwr_ex.c ****   /* Check the parameters */
2268:Drivers/STM32U5xx_HAL_Driver/Src/stm32u5xx_hal_pwr_ex.c ****   assert_param(IS_PWR_RAM_RUN_RETENTION(RAMSelection));
ARM GAS  /var/folders/j8/bx6g0dyx2gg_pdn7l_y1sb9c0000gn/T//cc9zwmjj.s 			page 91


 2663              		.loc 1 2268 3 view .LVU562
2269:Drivers/STM32U5xx_HAL_Driver/Src/stm32u5xx_hal_pwr_ex.c **** 
2270:Drivers/STM32U5xx_HAL_Driver/Src/stm32u5xx_hal_pwr_ex.c ****   /* Enable RAM retention in Run mode */
2271:Drivers/STM32U5xx_HAL_Driver/Src/stm32u5xx_hal_pwr_ex.c ****   CLEAR_BIT(PWR->CR1, RAMSelection);
 2664              		.loc 1 2271 3 view .LVU563
 2665 0000 024A     		ldr	r2, .L256
 2666 0002 1368     		ldr	r3, [r2]
 2667 0004 23EA0003 		bic	r3, r3, r0
 2668 0008 1360     		str	r3, [r2]
2272:Drivers/STM32U5xx_HAL_Driver/Src/stm32u5xx_hal_pwr_ex.c **** }
 2669              		.loc 1 2272 1 is_stmt 0 view .LVU564
 2670 000a 7047     		bx	lr
 2671              	.L257:
 2672              		.align	2
 2673              	.L256:
 2674 000c 00080246 		.word	1174538240
 2675              		.cfi_endproc
 2676              	.LFE204:
 2678              		.section	.text.HAL_PWREx_DisableRAMsContentRunRetention,"ax",%progbits
 2679              		.align	1
 2680              		.global	HAL_PWREx_DisableRAMsContentRunRetention
 2681              		.syntax unified
 2682              		.thumb
 2683              		.thumb_func
 2685              	HAL_PWREx_DisableRAMsContentRunRetention:
 2686              	.LVL122:
 2687              	.LFB205:
2273:Drivers/STM32U5xx_HAL_Driver/Src/stm32u5xx_hal_pwr_ex.c **** 
2274:Drivers/STM32U5xx_HAL_Driver/Src/stm32u5xx_hal_pwr_ex.c **** /**
2275:Drivers/STM32U5xx_HAL_Driver/Src/stm32u5xx_hal_pwr_ex.c ****   * @brief  Disable RAMs full content retention in Run mode.
2276:Drivers/STM32U5xx_HAL_Driver/Src/stm32u5xx_hal_pwr_ex.c ****   * @param  RAMSelection : Specifies the SRAM content to be lost in Run mode.
2277:Drivers/STM32U5xx_HAL_Driver/Src/stm32u5xx_hal_pwr_ex.c ****   *                        This parameter can be one or a combination of the following values :
2278:Drivers/STM32U5xx_HAL_Driver/Src/stm32u5xx_hal_pwr_ex.c ****   *                        @arg PWR_SRAM1_FULL_RUN : SRAM1 full content lost.
2279:Drivers/STM32U5xx_HAL_Driver/Src/stm32u5xx_hal_pwr_ex.c ****   *                        @arg PWR_SRAM2_FULL_RUN : SRAM2 full content lost.
2280:Drivers/STM32U5xx_HAL_Driver/Src/stm32u5xx_hal_pwr_ex.c ****   *                        @arg PWR_SRAM3_FULL_RUN : SRAM3 full content lost (available only for ST
2281:Drivers/STM32U5xx_HAL_Driver/Src/stm32u5xx_hal_pwr_ex.c ****   *                                                             STM32U585xx STM32U59xxx, STM32U5Axx
2282:Drivers/STM32U5xx_HAL_Driver/Src/stm32u5xx_hal_pwr_ex.c ****                                                                 and STM32U5Gxxx devices).
2283:Drivers/STM32U5xx_HAL_Driver/Src/stm32u5xx_hal_pwr_ex.c ****   *                        @arg PWR_SRAM4_FULL_RUN : SRAM4 full content lost.
2284:Drivers/STM32U5xx_HAL_Driver/Src/stm32u5xx_hal_pwr_ex.c ****   *                        @arg PWR_SRAM5_FULL_RUN : SRAM5 full content retention (available only f
2285:Drivers/STM32U5xx_HAL_Driver/Src/stm32u5xx_hal_pwr_ex.c ****   *                                                            STM32U59xxx, STM32U5Axxx, STM32U5Fxx
2286:Drivers/STM32U5xx_HAL_Driver/Src/stm32u5xx_hal_pwr_ex.c ****   *                                                            and STM32U5Gxxx devices).
2287:Drivers/STM32U5xx_HAL_Driver/Src/stm32u5xx_hal_pwr_ex.c ****   *                        @arg PWR_SRAM6_FULL_RUN : SRAM6 full content retention (available only f
2288:Drivers/STM32U5xx_HAL_Driver/Src/stm32u5xx_hal_pwr_ex.c ****   *                                                            STM32U5Fxxx and STM32U5Gxxx devices)
2289:Drivers/STM32U5xx_HAL_Driver/Src/stm32u5xx_hal_pwr_ex.c ****   * @retval None.
2290:Drivers/STM32U5xx_HAL_Driver/Src/stm32u5xx_hal_pwr_ex.c ****   */
2291:Drivers/STM32U5xx_HAL_Driver/Src/stm32u5xx_hal_pwr_ex.c **** void HAL_PWREx_DisableRAMsContentRunRetention(uint32_t RAMSelection)
2292:Drivers/STM32U5xx_HAL_Driver/Src/stm32u5xx_hal_pwr_ex.c **** {
 2688              		.loc 1 2292 1 is_stmt 1 view -0
 2689              		.cfi_startproc
 2690              		@ args = 0, pretend = 0, frame = 0
 2691              		@ frame_needed = 0, uses_anonymous_args = 0
 2692              		@ link register save eliminated.
2293:Drivers/STM32U5xx_HAL_Driver/Src/stm32u5xx_hal_pwr_ex.c ****   /* Check the parameters */
2294:Drivers/STM32U5xx_HAL_Driver/Src/stm32u5xx_hal_pwr_ex.c ****   assert_param(IS_PWR_RAM_RUN_RETENTION(RAMSelection));
 2693              		.loc 1 2294 3 view .LVU566
2295:Drivers/STM32U5xx_HAL_Driver/Src/stm32u5xx_hal_pwr_ex.c **** 
2296:Drivers/STM32U5xx_HAL_Driver/Src/stm32u5xx_hal_pwr_ex.c ****   /* Disable RAM retention in Run mode */
ARM GAS  /var/folders/j8/bx6g0dyx2gg_pdn7l_y1sb9c0000gn/T//cc9zwmjj.s 			page 92


2297:Drivers/STM32U5xx_HAL_Driver/Src/stm32u5xx_hal_pwr_ex.c ****   SET_BIT(PWR->CR1, RAMSelection);
 2694              		.loc 1 2297 3 view .LVU567
 2695 0000 024A     		ldr	r2, .L259
 2696 0002 1368     		ldr	r3, [r2]
 2697 0004 0343     		orrs	r3, r3, r0
 2698 0006 1360     		str	r3, [r2]
2298:Drivers/STM32U5xx_HAL_Driver/Src/stm32u5xx_hal_pwr_ex.c **** }
 2699              		.loc 1 2298 1 is_stmt 0 view .LVU568
 2700 0008 7047     		bx	lr
 2701              	.L260:
 2702 000a 00BF     		.align	2
 2703              	.L259:
 2704 000c 00080246 		.word	1174538240
 2705              		.cfi_endproc
 2706              	.LFE205:
 2708              		.section	.text.HAL_PWREx_EnableBkupRAMRetention,"ax",%progbits
 2709              		.align	1
 2710              		.global	HAL_PWREx_EnableBkupRAMRetention
 2711              		.syntax unified
 2712              		.thumb
 2713              		.thumb_func
 2715              	HAL_PWREx_EnableBkupRAMRetention:
 2716              	.LFB206:
2299:Drivers/STM32U5xx_HAL_Driver/Src/stm32u5xx_hal_pwr_ex.c **** 
2300:Drivers/STM32U5xx_HAL_Driver/Src/stm32u5xx_hal_pwr_ex.c **** /**
2301:Drivers/STM32U5xx_HAL_Driver/Src/stm32u5xx_hal_pwr_ex.c ****   * @brief  Enable the Backup RAM retention in Standby, Shutdown and VBAT modes.
2302:Drivers/STM32U5xx_HAL_Driver/Src/stm32u5xx_hal_pwr_ex.c ****   * @note   If BREN is reset, the backup RAM can still be used in Run, Sleep and
2303:Drivers/STM32U5xx_HAL_Driver/Src/stm32u5xx_hal_pwr_ex.c ****   *         Stop modes. However, its content is lost in Standby, Shutdown and
2304:Drivers/STM32U5xx_HAL_Driver/Src/stm32u5xx_hal_pwr_ex.c ****   *         VBAT modes.
2305:Drivers/STM32U5xx_HAL_Driver/Src/stm32u5xx_hal_pwr_ex.c ****   * @note   This bit can be enabled only when LDO regulator is selected as
2306:Drivers/STM32U5xx_HAL_Driver/Src/stm32u5xx_hal_pwr_ex.c ****   *         source supply.
2307:Drivers/STM32U5xx_HAL_Driver/Src/stm32u5xx_hal_pwr_ex.c ****   * @retval HAL Status.
2308:Drivers/STM32U5xx_HAL_Driver/Src/stm32u5xx_hal_pwr_ex.c ****   */
2309:Drivers/STM32U5xx_HAL_Driver/Src/stm32u5xx_hal_pwr_ex.c **** HAL_StatusTypeDef HAL_PWREx_EnableBkupRAMRetention(void)
2310:Drivers/STM32U5xx_HAL_Driver/Src/stm32u5xx_hal_pwr_ex.c **** {
 2717              		.loc 1 2310 1 is_stmt 1 view -0
 2718              		.cfi_startproc
 2719              		@ args = 0, pretend = 0, frame = 0
 2720              		@ frame_needed = 0, uses_anonymous_args = 0
 2721 0000 08B5     		push	{r3, lr}
 2722              	.LCFI2:
 2723              		.cfi_def_cfa_offset 8
 2724              		.cfi_offset 3, -8
 2725              		.cfi_offset 14, -4
2311:Drivers/STM32U5xx_HAL_Driver/Src/stm32u5xx_hal_pwr_ex.c ****   /*
2312:Drivers/STM32U5xx_HAL_Driver/Src/stm32u5xx_hal_pwr_ex.c ****     Backup RAM retention in Standby, Shutdown and VBAT should be enabled
2313:Drivers/STM32U5xx_HAL_Driver/Src/stm32u5xx_hal_pwr_ex.c ****     when the Vcore is alimented by the LDO regulator
2314:Drivers/STM32U5xx_HAL_Driver/Src/stm32u5xx_hal_pwr_ex.c ****   */
2315:Drivers/STM32U5xx_HAL_Driver/Src/stm32u5xx_hal_pwr_ex.c ****   if (HAL_PWREx_GetSupplyConfig() == PWR_LDO_SUPPLY)
 2726              		.loc 1 2315 3 view .LVU570
 2727              		.loc 1 2315 7 is_stmt 0 view .LVU571
 2728 0002 FFF7FEFF 		bl	HAL_PWREx_GetSupplyConfig
 2729              	.LVL123:
 2730              		.loc 1 2315 6 view .LVU572
 2731 0006 28B9     		cbnz	r0, .L263
2316:Drivers/STM32U5xx_HAL_Driver/Src/stm32u5xx_hal_pwr_ex.c ****   {
2317:Drivers/STM32U5xx_HAL_Driver/Src/stm32u5xx_hal_pwr_ex.c ****     SET_BIT(PWR->BDCR1, PWR_BDCR1_BREN);
ARM GAS  /var/folders/j8/bx6g0dyx2gg_pdn7l_y1sb9c0000gn/T//cc9zwmjj.s 			page 93


 2732              		.loc 1 2317 5 is_stmt 1 view .LVU573
 2733 0008 034A     		ldr	r2, .L265
 2734 000a 136A     		ldr	r3, [r2, #32]
 2735 000c 43F00103 		orr	r3, r3, #1
 2736 0010 1362     		str	r3, [r2, #32]
2318:Drivers/STM32U5xx_HAL_Driver/Src/stm32u5xx_hal_pwr_ex.c ****   }
2319:Drivers/STM32U5xx_HAL_Driver/Src/stm32u5xx_hal_pwr_ex.c ****   /* SMPS regulator selected */
2320:Drivers/STM32U5xx_HAL_Driver/Src/stm32u5xx_hal_pwr_ex.c ****   else
2321:Drivers/STM32U5xx_HAL_Driver/Src/stm32u5xx_hal_pwr_ex.c ****   {
2322:Drivers/STM32U5xx_HAL_Driver/Src/stm32u5xx_hal_pwr_ex.c ****     return HAL_ERROR;
2323:Drivers/STM32U5xx_HAL_Driver/Src/stm32u5xx_hal_pwr_ex.c ****   }
2324:Drivers/STM32U5xx_HAL_Driver/Src/stm32u5xx_hal_pwr_ex.c **** 
2325:Drivers/STM32U5xx_HAL_Driver/Src/stm32u5xx_hal_pwr_ex.c ****   return HAL_OK;
 2737              		.loc 1 2325 3 view .LVU574
 2738              	.L262:
2326:Drivers/STM32U5xx_HAL_Driver/Src/stm32u5xx_hal_pwr_ex.c **** }
 2739              		.loc 1 2326 1 is_stmt 0 view .LVU575
 2740 0012 08BD     		pop	{r3, pc}
 2741              	.L263:
2322:Drivers/STM32U5xx_HAL_Driver/Src/stm32u5xx_hal_pwr_ex.c ****   }
 2742              		.loc 1 2322 12 view .LVU576
 2743 0014 0120     		movs	r0, #1
 2744 0016 FCE7     		b	.L262
 2745              	.L266:
 2746              		.align	2
 2747              	.L265:
 2748 0018 00080246 		.word	1174538240
 2749              		.cfi_endproc
 2750              	.LFE206:
 2752              		.section	.text.HAL_PWREx_DisableBkupRAMRetention,"ax",%progbits
 2753              		.align	1
 2754              		.global	HAL_PWREx_DisableBkupRAMRetention
 2755              		.syntax unified
 2756              		.thumb
 2757              		.thumb_func
 2759              	HAL_PWREx_DisableBkupRAMRetention:
 2760              	.LFB207:
2327:Drivers/STM32U5xx_HAL_Driver/Src/stm32u5xx_hal_pwr_ex.c **** 
2328:Drivers/STM32U5xx_HAL_Driver/Src/stm32u5xx_hal_pwr_ex.c **** /**
2329:Drivers/STM32U5xx_HAL_Driver/Src/stm32u5xx_hal_pwr_ex.c ****   * @brief  Disable the Backup RAM retention in Standby, Shutdown and VBAT modes.
2330:Drivers/STM32U5xx_HAL_Driver/Src/stm32u5xx_hal_pwr_ex.c ****   * @note   If BREN is reset, the backup RAM can still be used in Run, Sleep and
2331:Drivers/STM32U5xx_HAL_Driver/Src/stm32u5xx_hal_pwr_ex.c ****   *         Stop modes. However, its content is lost in Standby, Shutdown and
2332:Drivers/STM32U5xx_HAL_Driver/Src/stm32u5xx_hal_pwr_ex.c ****   *         VBAT modes. This bit can be writte
2333:Drivers/STM32U5xx_HAL_Driver/Src/stm32u5xx_hal_pwr_ex.c ****   * @retval None.
2334:Drivers/STM32U5xx_HAL_Driver/Src/stm32u5xx_hal_pwr_ex.c ****   */
2335:Drivers/STM32U5xx_HAL_Driver/Src/stm32u5xx_hal_pwr_ex.c **** void HAL_PWREx_DisableBkupRAMRetention(void)
2336:Drivers/STM32U5xx_HAL_Driver/Src/stm32u5xx_hal_pwr_ex.c **** {
 2761              		.loc 1 2336 1 is_stmt 1 view -0
 2762              		.cfi_startproc
 2763              		@ args = 0, pretend = 0, frame = 0
 2764              		@ frame_needed = 0, uses_anonymous_args = 0
 2765              		@ link register save eliminated.
2337:Drivers/STM32U5xx_HAL_Driver/Src/stm32u5xx_hal_pwr_ex.c ****   CLEAR_BIT(PWR->BDCR1, PWR_BDCR1_BREN);
 2766              		.loc 1 2337 3 view .LVU578
 2767 0000 024A     		ldr	r2, .L268
 2768 0002 136A     		ldr	r3, [r2, #32]
 2769 0004 23F00103 		bic	r3, r3, #1
ARM GAS  /var/folders/j8/bx6g0dyx2gg_pdn7l_y1sb9c0000gn/T//cc9zwmjj.s 			page 94


 2770 0008 1362     		str	r3, [r2, #32]
2338:Drivers/STM32U5xx_HAL_Driver/Src/stm32u5xx_hal_pwr_ex.c **** }
 2771              		.loc 1 2338 1 is_stmt 0 view .LVU579
 2772 000a 7047     		bx	lr
 2773              	.L269:
 2774              		.align	2
 2775              	.L268:
 2776 000c 00080246 		.word	1174538240
 2777              		.cfi_endproc
 2778              	.LFE207:
 2780              		.section	.text.HAL_PWREx_EnableFlashFastWakeUp,"ax",%progbits
 2781              		.align	1
 2782              		.global	HAL_PWREx_EnableFlashFastWakeUp
 2783              		.syntax unified
 2784              		.thumb
 2785              		.thumb_func
 2787              	HAL_PWREx_EnableFlashFastWakeUp:
 2788              	.LFB208:
2339:Drivers/STM32U5xx_HAL_Driver/Src/stm32u5xx_hal_pwr_ex.c **** 
2340:Drivers/STM32U5xx_HAL_Driver/Src/stm32u5xx_hal_pwr_ex.c **** /**
2341:Drivers/STM32U5xx_HAL_Driver/Src/stm32u5xx_hal_pwr_ex.c ****   * @brief  Enable the flash memory fast wakeup from Stop 0 and Stop 1 modes.
2342:Drivers/STM32U5xx_HAL_Driver/Src/stm32u5xx_hal_pwr_ex.c ****   * @note   This feature is used to obtain the best trade-off between low-power
2343:Drivers/STM32U5xx_HAL_Driver/Src/stm32u5xx_hal_pwr_ex.c ****   *         consumption and wakeup time when exiting the Stop 0 or Stop 1 modes.
2344:Drivers/STM32U5xx_HAL_Driver/Src/stm32u5xx_hal_pwr_ex.c ****   *         When this feature is enabled, the Flash memory remains in normal
2345:Drivers/STM32U5xx_HAL_Driver/Src/stm32u5xx_hal_pwr_ex.c ****   *         mode in Stop 0 and Stop 1 modes, which offers a faster startup time
2346:Drivers/STM32U5xx_HAL_Driver/Src/stm32u5xx_hal_pwr_ex.c ****   *         with higher consumption.
2347:Drivers/STM32U5xx_HAL_Driver/Src/stm32u5xx_hal_pwr_ex.c ****   * @retval None.
2348:Drivers/STM32U5xx_HAL_Driver/Src/stm32u5xx_hal_pwr_ex.c ****   */
2349:Drivers/STM32U5xx_HAL_Driver/Src/stm32u5xx_hal_pwr_ex.c **** void HAL_PWREx_EnableFlashFastWakeUp(void)
2350:Drivers/STM32U5xx_HAL_Driver/Src/stm32u5xx_hal_pwr_ex.c **** {
 2789              		.loc 1 2350 1 is_stmt 1 view -0
 2790              		.cfi_startproc
 2791              		@ args = 0, pretend = 0, frame = 0
 2792              		@ frame_needed = 0, uses_anonymous_args = 0
 2793              		@ link register save eliminated.
2351:Drivers/STM32U5xx_HAL_Driver/Src/stm32u5xx_hal_pwr_ex.c ****   SET_BIT(PWR->CR2, PWR_CR2_FLASHFWU);
 2794              		.loc 1 2351 3 view .LVU581
 2795 0000 024A     		ldr	r2, .L271
 2796 0002 5368     		ldr	r3, [r2, #4]
 2797 0004 43F48043 		orr	r3, r3, #16384
 2798 0008 5360     		str	r3, [r2, #4]
2352:Drivers/STM32U5xx_HAL_Driver/Src/stm32u5xx_hal_pwr_ex.c **** }
 2799              		.loc 1 2352 1 is_stmt 0 view .LVU582
 2800 000a 7047     		bx	lr
 2801              	.L272:
 2802              		.align	2
 2803              	.L271:
 2804 000c 00080246 		.word	1174538240
 2805              		.cfi_endproc
 2806              	.LFE208:
 2808              		.section	.text.HAL_PWREx_DisableFlashFastWakeUp,"ax",%progbits
 2809              		.align	1
 2810              		.global	HAL_PWREx_DisableFlashFastWakeUp
 2811              		.syntax unified
 2812              		.thumb
 2813              		.thumb_func
 2815              	HAL_PWREx_DisableFlashFastWakeUp:
ARM GAS  /var/folders/j8/bx6g0dyx2gg_pdn7l_y1sb9c0000gn/T//cc9zwmjj.s 			page 95


 2816              	.LFB209:
2353:Drivers/STM32U5xx_HAL_Driver/Src/stm32u5xx_hal_pwr_ex.c **** 
2354:Drivers/STM32U5xx_HAL_Driver/Src/stm32u5xx_hal_pwr_ex.c **** /**
2355:Drivers/STM32U5xx_HAL_Driver/Src/stm32u5xx_hal_pwr_ex.c ****   * @brief  Disable the Flash Power Down in Stop mode.
2356:Drivers/STM32U5xx_HAL_Driver/Src/stm32u5xx_hal_pwr_ex.c ****   * @note   This feature is used to obtain the best trade-off between low-power
2357:Drivers/STM32U5xx_HAL_Driver/Src/stm32u5xx_hal_pwr_ex.c ****   *         consumption and wakeup time when exiting the Stop 0 or Stop 1 modes.
2358:Drivers/STM32U5xx_HAL_Driver/Src/stm32u5xx_hal_pwr_ex.c ****   *         When this feature is disabled, the Flash memory enters low-power
2359:Drivers/STM32U5xx_HAL_Driver/Src/stm32u5xx_hal_pwr_ex.c ****   *         mode in Stop 0 and Stop 1 modes, which causes a slower startup time
2360:Drivers/STM32U5xx_HAL_Driver/Src/stm32u5xx_hal_pwr_ex.c ****   *         with lower consumption.
2361:Drivers/STM32U5xx_HAL_Driver/Src/stm32u5xx_hal_pwr_ex.c ****   * @retval None.
2362:Drivers/STM32U5xx_HAL_Driver/Src/stm32u5xx_hal_pwr_ex.c ****   */
2363:Drivers/STM32U5xx_HAL_Driver/Src/stm32u5xx_hal_pwr_ex.c **** void HAL_PWREx_DisableFlashFastWakeUp(void)
2364:Drivers/STM32U5xx_HAL_Driver/Src/stm32u5xx_hal_pwr_ex.c **** {
 2817              		.loc 1 2364 1 is_stmt 1 view -0
 2818              		.cfi_startproc
 2819              		@ args = 0, pretend = 0, frame = 0
 2820              		@ frame_needed = 0, uses_anonymous_args = 0
 2821              		@ link register save eliminated.
2365:Drivers/STM32U5xx_HAL_Driver/Src/stm32u5xx_hal_pwr_ex.c ****   CLEAR_BIT(PWR->CR2, PWR_CR2_FLASHFWU);
 2822              		.loc 1 2365 3 view .LVU584
 2823 0000 024A     		ldr	r2, .L274
 2824 0002 5368     		ldr	r3, [r2, #4]
 2825 0004 23F48043 		bic	r3, r3, #16384
 2826 0008 5360     		str	r3, [r2, #4]
2366:Drivers/STM32U5xx_HAL_Driver/Src/stm32u5xx_hal_pwr_ex.c **** }
 2827              		.loc 1 2366 1 is_stmt 0 view .LVU585
 2828 000a 7047     		bx	lr
 2829              	.L275:
 2830              		.align	2
 2831              	.L274:
 2832 000c 00080246 		.word	1174538240
 2833              		.cfi_endproc
 2834              	.LFE209:
 2836              		.section	.text.HAL_PWREx_EnableSRAM4FastWakeUp,"ax",%progbits
 2837              		.align	1
 2838              		.global	HAL_PWREx_EnableSRAM4FastWakeUp
 2839              		.syntax unified
 2840              		.thumb
 2841              		.thumb_func
 2843              	HAL_PWREx_EnableSRAM4FastWakeUp:
 2844              	.LFB210:
2367:Drivers/STM32U5xx_HAL_Driver/Src/stm32u5xx_hal_pwr_ex.c **** 
2368:Drivers/STM32U5xx_HAL_Driver/Src/stm32u5xx_hal_pwr_ex.c **** /**
2369:Drivers/STM32U5xx_HAL_Driver/Src/stm32u5xx_hal_pwr_ex.c ****   * @brief  Enable the SRAM4 memory fast wakeup from Stop 0, Stop 1 and Stop 2 modes.
2370:Drivers/STM32U5xx_HAL_Driver/Src/stm32u5xx_hal_pwr_ex.c ****   * @note   This bit is used to obtain the best trade-off between low-power consumption
2371:Drivers/STM32U5xx_HAL_Driver/Src/stm32u5xx_hal_pwr_ex.c ****   *         and wakeup time. SRAM4 wakeup time increases the wakeup time when exiting
2372:Drivers/STM32U5xx_HAL_Driver/Src/stm32u5xx_hal_pwr_ex.c ****   *         Stop 0, Stop 1 and Stop 2 modes, and also increases the LPDMA access time
2373:Drivers/STM32U5xx_HAL_Driver/Src/stm32u5xx_hal_pwr_ex.c ****   *         to SRAM4 during Stop modes.
2374:Drivers/STM32U5xx_HAL_Driver/Src/stm32u5xx_hal_pwr_ex.c ****   * @retval None.
2375:Drivers/STM32U5xx_HAL_Driver/Src/stm32u5xx_hal_pwr_ex.c ****   */
2376:Drivers/STM32U5xx_HAL_Driver/Src/stm32u5xx_hal_pwr_ex.c **** void HAL_PWREx_EnableSRAM4FastWakeUp(void)
2377:Drivers/STM32U5xx_HAL_Driver/Src/stm32u5xx_hal_pwr_ex.c **** {
 2845              		.loc 1 2377 1 is_stmt 1 view -0
 2846              		.cfi_startproc
 2847              		@ args = 0, pretend = 0, frame = 0
 2848              		@ frame_needed = 0, uses_anonymous_args = 0
 2849              		@ link register save eliminated.
ARM GAS  /var/folders/j8/bx6g0dyx2gg_pdn7l_y1sb9c0000gn/T//cc9zwmjj.s 			page 96


2378:Drivers/STM32U5xx_HAL_Driver/Src/stm32u5xx_hal_pwr_ex.c ****   SET_BIT(PWR->CR2, PWR_CR2_SRAM4FWU);
 2850              		.loc 1 2378 3 view .LVU587
 2851 0000 024A     		ldr	r2, .L277
 2852 0002 5368     		ldr	r3, [r2, #4]
 2853 0004 43F40053 		orr	r3, r3, #8192
 2854 0008 5360     		str	r3, [r2, #4]
2379:Drivers/STM32U5xx_HAL_Driver/Src/stm32u5xx_hal_pwr_ex.c **** }
 2855              		.loc 1 2379 1 is_stmt 0 view .LVU588
 2856 000a 7047     		bx	lr
 2857              	.L278:
 2858              		.align	2
 2859              	.L277:
 2860 000c 00080246 		.word	1174538240
 2861              		.cfi_endproc
 2862              	.LFE210:
 2864              		.section	.text.HAL_PWREx_DisableSRAM4FastWakeUp,"ax",%progbits
 2865              		.align	1
 2866              		.global	HAL_PWREx_DisableSRAM4FastWakeUp
 2867              		.syntax unified
 2868              		.thumb
 2869              		.thumb_func
 2871              	HAL_PWREx_DisableSRAM4FastWakeUp:
 2872              	.LFB211:
2380:Drivers/STM32U5xx_HAL_Driver/Src/stm32u5xx_hal_pwr_ex.c **** 
2381:Drivers/STM32U5xx_HAL_Driver/Src/stm32u5xx_hal_pwr_ex.c **** /**
2382:Drivers/STM32U5xx_HAL_Driver/Src/stm32u5xx_hal_pwr_ex.c ****   * @brief  Disable the SRAM4 memory fast wakeup from Stop 0, Stop 1 and Stop 2 modes.
2383:Drivers/STM32U5xx_HAL_Driver/Src/stm32u5xx_hal_pwr_ex.c ****   * @note   This bit is used to obtain the best trade-off between low-power consumption
2384:Drivers/STM32U5xx_HAL_Driver/Src/stm32u5xx_hal_pwr_ex.c ****   *         and wakeup time. SRAM4 wakeup time increases the wakeup time when exiting
2385:Drivers/STM32U5xx_HAL_Driver/Src/stm32u5xx_hal_pwr_ex.c ****   *         Stop 0, Stop 1 and Stop 2 modes, and also increases the LPDMA access time
2386:Drivers/STM32U5xx_HAL_Driver/Src/stm32u5xx_hal_pwr_ex.c ****   *         to SRAM4 during Stop modes.
2387:Drivers/STM32U5xx_HAL_Driver/Src/stm32u5xx_hal_pwr_ex.c ****   * @retval None.
2388:Drivers/STM32U5xx_HAL_Driver/Src/stm32u5xx_hal_pwr_ex.c ****   */
2389:Drivers/STM32U5xx_HAL_Driver/Src/stm32u5xx_hal_pwr_ex.c **** void HAL_PWREx_DisableSRAM4FastWakeUp(void)
2390:Drivers/STM32U5xx_HAL_Driver/Src/stm32u5xx_hal_pwr_ex.c **** {
 2873              		.loc 1 2390 1 is_stmt 1 view -0
 2874              		.cfi_startproc
 2875              		@ args = 0, pretend = 0, frame = 0
 2876              		@ frame_needed = 0, uses_anonymous_args = 0
 2877              		@ link register save eliminated.
2391:Drivers/STM32U5xx_HAL_Driver/Src/stm32u5xx_hal_pwr_ex.c ****   CLEAR_BIT(PWR->CR2, PWR_CR2_SRAM4FWU);
 2878              		.loc 1 2391 3 view .LVU590
 2879 0000 024A     		ldr	r2, .L280
 2880 0002 5368     		ldr	r3, [r2, #4]
 2881 0004 23F40053 		bic	r3, r3, #8192
 2882 0008 5360     		str	r3, [r2, #4]
2392:Drivers/STM32U5xx_HAL_Driver/Src/stm32u5xx_hal_pwr_ex.c **** }
 2883              		.loc 1 2392 1 is_stmt 0 view .LVU591
 2884 000a 7047     		bx	lr
 2885              	.L281:
 2886              		.align	2
 2887              	.L280:
 2888 000c 00080246 		.word	1174538240
 2889              		.cfi_endproc
 2890              	.LFE211:
 2892              		.section	.text.HAL_PWREx_EnablePullUpPullDownConfig,"ax",%progbits
 2893              		.align	1
 2894              		.global	HAL_PWREx_EnablePullUpPullDownConfig
ARM GAS  /var/folders/j8/bx6g0dyx2gg_pdn7l_y1sb9c0000gn/T//cc9zwmjj.s 			page 97


 2895              		.syntax unified
 2896              		.thumb
 2897              		.thumb_func
 2899              	HAL_PWREx_EnablePullUpPullDownConfig:
 2900              	.LFB212:
2393:Drivers/STM32U5xx_HAL_Driver/Src/stm32u5xx_hal_pwr_ex.c **** /**
2394:Drivers/STM32U5xx_HAL_Driver/Src/stm32u5xx_hal_pwr_ex.c ****   * @}
2395:Drivers/STM32U5xx_HAL_Driver/Src/stm32u5xx_hal_pwr_ex.c ****   */
2396:Drivers/STM32U5xx_HAL_Driver/Src/stm32u5xx_hal_pwr_ex.c **** 
2397:Drivers/STM32U5xx_HAL_Driver/Src/stm32u5xx_hal_pwr_ex.c **** /** @defgroup PWREx_Exported_Functions_Group5 I/O Pull-Up Pull-Down Configuration Functions
2398:Drivers/STM32U5xx_HAL_Driver/Src/stm32u5xx_hal_pwr_ex.c ****   * @brief    I/O pull-up / pull-down configuration functions
2399:Drivers/STM32U5xx_HAL_Driver/Src/stm32u5xx_hal_pwr_ex.c ****   *
2400:Drivers/STM32U5xx_HAL_Driver/Src/stm32u5xx_hal_pwr_ex.c **** @verbatim
2401:Drivers/STM32U5xx_HAL_Driver/Src/stm32u5xx_hal_pwr_ex.c ****  ===============================================================================
2402:Drivers/STM32U5xx_HAL_Driver/Src/stm32u5xx_hal_pwr_ex.c ****             ##### IO Pull-Up Pull-Down Configuration Functions #####
2403:Drivers/STM32U5xx_HAL_Driver/Src/stm32u5xx_hal_pwr_ex.c ****  ===============================================================================
2404:Drivers/STM32U5xx_HAL_Driver/Src/stm32u5xx_hal_pwr_ex.c ****     [..]
2405:Drivers/STM32U5xx_HAL_Driver/Src/stm32u5xx_hal_pwr_ex.c ****       In Standby and Shutdown mode, pull up and pull down can be configured to
2406:Drivers/STM32U5xx_HAL_Driver/Src/stm32u5xx_hal_pwr_ex.c ****       maintain an I/O in the selected state. If the APC bit in the PWR_APCR
2407:Drivers/STM32U5xx_HAL_Driver/Src/stm32u5xx_hal_pwr_ex.c ****       register is set, the I/Os can be configured either with a pull-up through
2408:Drivers/STM32U5xx_HAL_Driver/Src/stm32u5xx_hal_pwr_ex.c ****       PWR_PUCRx registers (x=A,B,C,D,E,F,G,H,I,J), or with a pull-down through
2409:Drivers/STM32U5xx_HAL_Driver/Src/stm32u5xx_hal_pwr_ex.c ****       PWR_PDCRx registers (x=A,B,C,D,E,F,G,H,I,J)), or can be kept in analog state
2410:Drivers/STM32U5xx_HAL_Driver/Src/stm32u5xx_hal_pwr_ex.c ****       if none of the PWR_PUCRx or PWR_PDCRx register is set.
2411:Drivers/STM32U5xx_HAL_Driver/Src/stm32u5xx_hal_pwr_ex.c ****       (+) Port J is available only for STM32U59xxx, STM32U5Axxx, STM32U5Fxxx
2412:Drivers/STM32U5xx_HAL_Driver/Src/stm32u5xx_hal_pwr_ex.c ****       and STM32U5Gxxx devices.
2413:Drivers/STM32U5xx_HAL_Driver/Src/stm32u5xx_hal_pwr_ex.c **** 
2414:Drivers/STM32U5xx_HAL_Driver/Src/stm32u5xx_hal_pwr_ex.c ****     [..]
2415:Drivers/STM32U5xx_HAL_Driver/Src/stm32u5xx_hal_pwr_ex.c ****       The pull-down configuration has highest priority over pull-up
2416:Drivers/STM32U5xx_HAL_Driver/Src/stm32u5xx_hal_pwr_ex.c ****       configuration in case both PWR_PUCRx and PWR_PDCRx are set for the same
2417:Drivers/STM32U5xx_HAL_Driver/Src/stm32u5xx_hal_pwr_ex.c ****       I/O.
2418:Drivers/STM32U5xx_HAL_Driver/Src/stm32u5xx_hal_pwr_ex.c ****       This configuration is lost when exiting the Shutdown but not from Standby
2419:Drivers/STM32U5xx_HAL_Driver/Src/stm32u5xx_hal_pwr_ex.c ****       mode.
2420:Drivers/STM32U5xx_HAL_Driver/Src/stm32u5xx_hal_pwr_ex.c **** 
2421:Drivers/STM32U5xx_HAL_Driver/Src/stm32u5xx_hal_pwr_ex.c **** @endverbatim
2422:Drivers/STM32U5xx_HAL_Driver/Src/stm32u5xx_hal_pwr_ex.c ****   * @{
2423:Drivers/STM32U5xx_HAL_Driver/Src/stm32u5xx_hal_pwr_ex.c ****   */
2424:Drivers/STM32U5xx_HAL_Driver/Src/stm32u5xx_hal_pwr_ex.c **** 
2425:Drivers/STM32U5xx_HAL_Driver/Src/stm32u5xx_hal_pwr_ex.c **** /**
2426:Drivers/STM32U5xx_HAL_Driver/Src/stm32u5xx_hal_pwr_ex.c ****   * @brief  Enable pull-up and pull-down configuration.
2427:Drivers/STM32U5xx_HAL_Driver/Src/stm32u5xx_hal_pwr_ex.c ****   * @note   When APC bit is set, the I/O pull-up and pull-down configurations
2428:Drivers/STM32U5xx_HAL_Driver/Src/stm32u5xx_hal_pwr_ex.c ****   *         defined in PWR_PUCRx and PWR_PDCRx registers are applied in Standby
2429:Drivers/STM32U5xx_HAL_Driver/Src/stm32u5xx_hal_pwr_ex.c ****   *         and Shutdown modes.
2430:Drivers/STM32U5xx_HAL_Driver/Src/stm32u5xx_hal_pwr_ex.c ****   * @note   Pull-up set by PUy bit of PWR_PUCRx register is not activated if the
2431:Drivers/STM32U5xx_HAL_Driver/Src/stm32u5xx_hal_pwr_ex.c ****   *         corresponding PDy bit of PWR_PDCRx register is also set (pull-down
2432:Drivers/STM32U5xx_HAL_Driver/Src/stm32u5xx_hal_pwr_ex.c ****   *         configuration priority is higher). HAL_PWREx_EnableGPIOPullUp() and
2433:Drivers/STM32U5xx_HAL_Driver/Src/stm32u5xx_hal_pwr_ex.c ****   *         HAL_PWREx_EnableGPIOPullDown() API's ensure there is no conflict
2434:Drivers/STM32U5xx_HAL_Driver/Src/stm32u5xx_hal_pwr_ex.c ****   *         when setting PUy or PDy bit.
2435:Drivers/STM32U5xx_HAL_Driver/Src/stm32u5xx_hal_pwr_ex.c ****   * @retval None.
2436:Drivers/STM32U5xx_HAL_Driver/Src/stm32u5xx_hal_pwr_ex.c ****   */
2437:Drivers/STM32U5xx_HAL_Driver/Src/stm32u5xx_hal_pwr_ex.c **** void HAL_PWREx_EnablePullUpPullDownConfig(void)
2438:Drivers/STM32U5xx_HAL_Driver/Src/stm32u5xx_hal_pwr_ex.c **** {
 2901              		.loc 1 2438 1 is_stmt 1 view -0
 2902              		.cfi_startproc
 2903              		@ args = 0, pretend = 0, frame = 0
 2904              		@ frame_needed = 0, uses_anonymous_args = 0
 2905              		@ link register save eliminated.
2439:Drivers/STM32U5xx_HAL_Driver/Src/stm32u5xx_hal_pwr_ex.c ****   SET_BIT(PWR->APCR, PWR_APCR_APC);
ARM GAS  /var/folders/j8/bx6g0dyx2gg_pdn7l_y1sb9c0000gn/T//cc9zwmjj.s 			page 98


 2906              		.loc 1 2439 3 view .LVU593
 2907 0000 024A     		ldr	r2, .L283
 2908 0002 D36C     		ldr	r3, [r2, #76]
 2909 0004 43F00103 		orr	r3, r3, #1
 2910 0008 D364     		str	r3, [r2, #76]
2440:Drivers/STM32U5xx_HAL_Driver/Src/stm32u5xx_hal_pwr_ex.c **** }
 2911              		.loc 1 2440 1 is_stmt 0 view .LVU594
 2912 000a 7047     		bx	lr
 2913              	.L284:
 2914              		.align	2
 2915              	.L283:
 2916 000c 00080246 		.word	1174538240
 2917              		.cfi_endproc
 2918              	.LFE212:
 2920              		.section	.text.HAL_PWREx_DisablePullUpPullDownConfig,"ax",%progbits
 2921              		.align	1
 2922              		.global	HAL_PWREx_DisablePullUpPullDownConfig
 2923              		.syntax unified
 2924              		.thumb
 2925              		.thumb_func
 2927              	HAL_PWREx_DisablePullUpPullDownConfig:
 2928              	.LFB213:
2441:Drivers/STM32U5xx_HAL_Driver/Src/stm32u5xx_hal_pwr_ex.c **** 
2442:Drivers/STM32U5xx_HAL_Driver/Src/stm32u5xx_hal_pwr_ex.c **** /**
2443:Drivers/STM32U5xx_HAL_Driver/Src/stm32u5xx_hal_pwr_ex.c ****   * @brief  Disable pull-up and pull-down configuration.
2444:Drivers/STM32U5xx_HAL_Driver/Src/stm32u5xx_hal_pwr_ex.c ****   * @note   When APC bit is cleared, the I/O pull-up and pull-down configurations
2445:Drivers/STM32U5xx_HAL_Driver/Src/stm32u5xx_hal_pwr_ex.c ****   *         defined in PWR_PUCRx and PWR_PDCRx registers are not applied in
2446:Drivers/STM32U5xx_HAL_Driver/Src/stm32u5xx_hal_pwr_ex.c ****   *         Standby and Shutdown modes.
2447:Drivers/STM32U5xx_HAL_Driver/Src/stm32u5xx_hal_pwr_ex.c ****   * @retval None.
2448:Drivers/STM32U5xx_HAL_Driver/Src/stm32u5xx_hal_pwr_ex.c ****   */
2449:Drivers/STM32U5xx_HAL_Driver/Src/stm32u5xx_hal_pwr_ex.c **** void HAL_PWREx_DisablePullUpPullDownConfig(void)
2450:Drivers/STM32U5xx_HAL_Driver/Src/stm32u5xx_hal_pwr_ex.c **** {
 2929              		.loc 1 2450 1 is_stmt 1 view -0
 2930              		.cfi_startproc
 2931              		@ args = 0, pretend = 0, frame = 0
 2932              		@ frame_needed = 0, uses_anonymous_args = 0
 2933              		@ link register save eliminated.
2451:Drivers/STM32U5xx_HAL_Driver/Src/stm32u5xx_hal_pwr_ex.c ****   CLEAR_BIT(PWR->APCR, PWR_APCR_APC);
 2934              		.loc 1 2451 3 view .LVU596
 2935 0000 024A     		ldr	r2, .L286
 2936 0002 D36C     		ldr	r3, [r2, #76]
 2937 0004 23F00103 		bic	r3, r3, #1
 2938 0008 D364     		str	r3, [r2, #76]
2452:Drivers/STM32U5xx_HAL_Driver/Src/stm32u5xx_hal_pwr_ex.c **** }
 2939              		.loc 1 2452 1 is_stmt 0 view .LVU597
 2940 000a 7047     		bx	lr
 2941              	.L287:
 2942              		.align	2
 2943              	.L286:
 2944 000c 00080246 		.word	1174538240
 2945              		.cfi_endproc
 2946              	.LFE213:
 2948              		.section	.text.HAL_PWREx_EnableGPIOPullUp,"ax",%progbits
 2949              		.align	1
 2950              		.global	HAL_PWREx_EnableGPIOPullUp
 2951              		.syntax unified
 2952              		.thumb
ARM GAS  /var/folders/j8/bx6g0dyx2gg_pdn7l_y1sb9c0000gn/T//cc9zwmjj.s 			page 99


 2953              		.thumb_func
 2955              	HAL_PWREx_EnableGPIOPullUp:
 2956              	.LVL124:
 2957              	.LFB214:
2453:Drivers/STM32U5xx_HAL_Driver/Src/stm32u5xx_hal_pwr_ex.c **** 
2454:Drivers/STM32U5xx_HAL_Driver/Src/stm32u5xx_hal_pwr_ex.c **** /**
2455:Drivers/STM32U5xx_HAL_Driver/Src/stm32u5xx_hal_pwr_ex.c ****   * @brief  Enable GPIO pull-up state in Standby and Shutdown modes.
2456:Drivers/STM32U5xx_HAL_Driver/Src/stm32u5xx_hal_pwr_ex.c ****   * @note   Set the relevant PUy bits of PWR_PUCRx register to configure the I/O
2457:Drivers/STM32U5xx_HAL_Driver/Src/stm32u5xx_hal_pwr_ex.c ****   *         in pull-up state in Standby and Shutdown modes.
2458:Drivers/STM32U5xx_HAL_Driver/Src/stm32u5xx_hal_pwr_ex.c ****   * @note   This state is effective in Standby and Shutdown modes only if APC
2459:Drivers/STM32U5xx_HAL_Driver/Src/stm32u5xx_hal_pwr_ex.c ****   *         bit is set through HAL_PWREx_EnablePullUpPullDownConfig() API.
2460:Drivers/STM32U5xx_HAL_Driver/Src/stm32u5xx_hal_pwr_ex.c ****   * @note   The configuration is lost when exiting the Shutdown mode due to the
2461:Drivers/STM32U5xx_HAL_Driver/Src/stm32u5xx_hal_pwr_ex.c ****   *         power-on reset, maintained when exiting the Standby mode.
2462:Drivers/STM32U5xx_HAL_Driver/Src/stm32u5xx_hal_pwr_ex.c ****   * @note   To avoid any conflict at Standby and Shutdown modes exits, the
2463:Drivers/STM32U5xx_HAL_Driver/Src/stm32u5xx_hal_pwr_ex.c ****   *         corresponding PDy bit of PWR_PDCRx register is cleared unless it is
2464:Drivers/STM32U5xx_HAL_Driver/Src/stm32u5xx_hal_pwr_ex.c ****   *         reserved.
2465:Drivers/STM32U5xx_HAL_Driver/Src/stm32u5xx_hal_pwr_ex.c ****   * @note   Even if a PUy bit to set is reserved, the other PUy bits entered as
2466:Drivers/STM32U5xx_HAL_Driver/Src/stm32u5xx_hal_pwr_ex.c ****   *         input parameter at the same time are set.
2467:Drivers/STM32U5xx_HAL_Driver/Src/stm32u5xx_hal_pwr_ex.c ****   * @param  GPIO_Port : Specify the IO port.
2468:Drivers/STM32U5xx_HAL_Driver/Src/stm32u5xx_hal_pwr_ex.c ****   *                     This parameter can be a value of
2469:Drivers/STM32U5xx_HAL_Driver/Src/stm32u5xx_hal_pwr_ex.c ****   *                     @ref PWREx_GPIO_Port.
2470:Drivers/STM32U5xx_HAL_Driver/Src/stm32u5xx_hal_pwr_ex.c ****   * @param  GPIO_Pin  : Specify the I/O pins numbers.
2471:Drivers/STM32U5xx_HAL_Driver/Src/stm32u5xx_hal_pwr_ex.c ****   *                     This parameter can be a value of
2472:Drivers/STM32U5xx_HAL_Driver/Src/stm32u5xx_hal_pwr_ex.c ****   *                     @ref PWREx_GPIO_Pin_Mask.
2473:Drivers/STM32U5xx_HAL_Driver/Src/stm32u5xx_hal_pwr_ex.c ****   * @retval HAL Status.
2474:Drivers/STM32U5xx_HAL_Driver/Src/stm32u5xx_hal_pwr_ex.c ****   */
2475:Drivers/STM32U5xx_HAL_Driver/Src/stm32u5xx_hal_pwr_ex.c **** HAL_StatusTypeDef HAL_PWREx_EnableGPIOPullUp(uint32_t GPIO_Port, uint32_t GPIO_Pin)
2476:Drivers/STM32U5xx_HAL_Driver/Src/stm32u5xx_hal_pwr_ex.c **** {
 2958              		.loc 1 2476 1 is_stmt 1 view -0
 2959              		.cfi_startproc
 2960              		@ args = 0, pretend = 0, frame = 0
 2961              		@ frame_needed = 0, uses_anonymous_args = 0
 2962              		@ link register save eliminated.
2477:Drivers/STM32U5xx_HAL_Driver/Src/stm32u5xx_hal_pwr_ex.c ****   /* Check the parameters */
2478:Drivers/STM32U5xx_HAL_Driver/Src/stm32u5xx_hal_pwr_ex.c ****   assert_param(IS_PWR_GPIO_PORT(GPIO_Port));
 2963              		.loc 1 2478 3 view .LVU599
2479:Drivers/STM32U5xx_HAL_Driver/Src/stm32u5xx_hal_pwr_ex.c ****   assert_param(IS_PWR_GPIO_PIN_MASK(GPIO_Pin));
 2964              		.loc 1 2479 3 view .LVU600
2480:Drivers/STM32U5xx_HAL_Driver/Src/stm32u5xx_hal_pwr_ex.c **** 
2481:Drivers/STM32U5xx_HAL_Driver/Src/stm32u5xx_hal_pwr_ex.c ****   /* Check GPIO port */
2482:Drivers/STM32U5xx_HAL_Driver/Src/stm32u5xx_hal_pwr_ex.c ****   switch (GPIO_Port)
 2965              		.loc 1 2482 3 view .LVU601
 2966 0000 0828     		cmp	r0, #8
 2967 0002 73D8     		bhi	.L300
 2968 0004 DFE800F0 		tbb	[pc, r0]
 2969              	.L291:
 2970 0008 05       		.byte	(.L299-.L291)/2
 2971 0009 13       		.byte	(.L298-.L291)/2
 2972 000a 1F       		.byte	(.L297-.L291)/2
 2973 000b 29       		.byte	(.L296-.L291)/2
 2974 000c 33       		.byte	(.L295-.L291)/2
 2975 000d 3D       		.byte	(.L294-.L291)/2
 2976 000e 47       		.byte	(.L293-.L291)/2
 2977 000f 55       		.byte	(.L292-.L291)/2
 2978 0010 63       		.byte	(.L290-.L291)/2
 2979 0011 00       		.p2align 1
 2980              	.L299:
ARM GAS  /var/folders/j8/bx6g0dyx2gg_pdn7l_y1sb9c0000gn/T//cc9zwmjj.s 			page 100


2483:Drivers/STM32U5xx_HAL_Driver/Src/stm32u5xx_hal_pwr_ex.c ****   {
2484:Drivers/STM32U5xx_HAL_Driver/Src/stm32u5xx_hal_pwr_ex.c ****     case PWR_GPIO_A: /* Apply Pull Up to GPIO port A */
2485:Drivers/STM32U5xx_HAL_Driver/Src/stm32u5xx_hal_pwr_ex.c ****       SET_BIT(PWR->PUCRA, (GPIO_Pin & (~(PWR_GPIO_BIT_14))));
 2981              		.loc 1 2485 7 view .LVU602
 2982 0012 374B     		ldr	r3, .L301
 2983 0014 1A6D     		ldr	r2, [r3, #80]
 2984 0016 21F48040 		bic	r0, r1, #16384
 2985              	.LVL125:
 2986              		.loc 1 2485 7 is_stmt 0 view .LVU603
 2987 001a 0243     		orrs	r2, r2, r0
 2988 001c 1A65     		str	r2, [r3, #80]
2486:Drivers/STM32U5xx_HAL_Driver/Src/stm32u5xx_hal_pwr_ex.c ****       CLEAR_BIT(PWR->PDCRA, (GPIO_Pin & (~(PWR_GPIO_BIT_13 | PWR_GPIO_BIT_15))));
 2989              		.loc 1 2486 7 is_stmt 1 view .LVU604
 2990 001e 5A6D     		ldr	r2, [r3, #84]
 2991 0020 21F42041 		bic	r1, r1, #40960
 2992              	.LVL126:
 2993              		.loc 1 2486 7 is_stmt 0 view .LVU605
 2994 0024 22EA0101 		bic	r1, r2, r1
 2995 0028 5965     		str	r1, [r3, #84]
2487:Drivers/STM32U5xx_HAL_Driver/Src/stm32u5xx_hal_pwr_ex.c ****       break;
 2996              		.loc 1 2487 7 is_stmt 1 view .LVU606
2488:Drivers/STM32U5xx_HAL_Driver/Src/stm32u5xx_hal_pwr_ex.c **** 
2489:Drivers/STM32U5xx_HAL_Driver/Src/stm32u5xx_hal_pwr_ex.c ****     case PWR_GPIO_B: /* Apply Pull Up to GPIO port B */
2490:Drivers/STM32U5xx_HAL_Driver/Src/stm32u5xx_hal_pwr_ex.c ****       SET_BIT(PWR->PUCRB, GPIO_Pin);
2491:Drivers/STM32U5xx_HAL_Driver/Src/stm32u5xx_hal_pwr_ex.c ****       CLEAR_BIT(PWR->PDCRB, (GPIO_Pin & (~(PWR_GPIO_BIT_4))));
2492:Drivers/STM32U5xx_HAL_Driver/Src/stm32u5xx_hal_pwr_ex.c ****       break;
2493:Drivers/STM32U5xx_HAL_Driver/Src/stm32u5xx_hal_pwr_ex.c **** 
2494:Drivers/STM32U5xx_HAL_Driver/Src/stm32u5xx_hal_pwr_ex.c ****     case PWR_GPIO_C: /* Apply Pull Up to GPIO port C */
2495:Drivers/STM32U5xx_HAL_Driver/Src/stm32u5xx_hal_pwr_ex.c ****       SET_BIT(PWR->PUCRC, GPIO_Pin);
2496:Drivers/STM32U5xx_HAL_Driver/Src/stm32u5xx_hal_pwr_ex.c ****       CLEAR_BIT(PWR->PDCRC, GPIO_Pin);
2497:Drivers/STM32U5xx_HAL_Driver/Src/stm32u5xx_hal_pwr_ex.c ****       break;
2498:Drivers/STM32U5xx_HAL_Driver/Src/stm32u5xx_hal_pwr_ex.c **** 
2499:Drivers/STM32U5xx_HAL_Driver/Src/stm32u5xx_hal_pwr_ex.c ****     case PWR_GPIO_D: /* Apply Pull Up to GPIO port D */
2500:Drivers/STM32U5xx_HAL_Driver/Src/stm32u5xx_hal_pwr_ex.c ****       SET_BIT(PWR->PUCRD, GPIO_Pin);
2501:Drivers/STM32U5xx_HAL_Driver/Src/stm32u5xx_hal_pwr_ex.c ****       CLEAR_BIT(PWR->PDCRD, GPIO_Pin);
2502:Drivers/STM32U5xx_HAL_Driver/Src/stm32u5xx_hal_pwr_ex.c ****       break;
2503:Drivers/STM32U5xx_HAL_Driver/Src/stm32u5xx_hal_pwr_ex.c **** 
2504:Drivers/STM32U5xx_HAL_Driver/Src/stm32u5xx_hal_pwr_ex.c ****     case PWR_GPIO_E: /* Apply Pull Up to GPIO port E */
2505:Drivers/STM32U5xx_HAL_Driver/Src/stm32u5xx_hal_pwr_ex.c ****       SET_BIT(PWR->PUCRE, GPIO_Pin);
2506:Drivers/STM32U5xx_HAL_Driver/Src/stm32u5xx_hal_pwr_ex.c ****       CLEAR_BIT(PWR->PDCRE, GPIO_Pin);
2507:Drivers/STM32U5xx_HAL_Driver/Src/stm32u5xx_hal_pwr_ex.c ****       break;
2508:Drivers/STM32U5xx_HAL_Driver/Src/stm32u5xx_hal_pwr_ex.c **** 
2509:Drivers/STM32U5xx_HAL_Driver/Src/stm32u5xx_hal_pwr_ex.c **** #ifdef PWR_PUCRF_PU0
2510:Drivers/STM32U5xx_HAL_Driver/Src/stm32u5xx_hal_pwr_ex.c ****     case PWR_GPIO_F: /* Apply Pull Up to GPIO port F */
2511:Drivers/STM32U5xx_HAL_Driver/Src/stm32u5xx_hal_pwr_ex.c ****       SET_BIT(PWR->PUCRF, GPIO_Pin);
2512:Drivers/STM32U5xx_HAL_Driver/Src/stm32u5xx_hal_pwr_ex.c ****       CLEAR_BIT(PWR->PDCRF, GPIO_Pin);
2513:Drivers/STM32U5xx_HAL_Driver/Src/stm32u5xx_hal_pwr_ex.c ****       break;
2514:Drivers/STM32U5xx_HAL_Driver/Src/stm32u5xx_hal_pwr_ex.c **** #endif /* PWR_PUCRF_PU0 */
2515:Drivers/STM32U5xx_HAL_Driver/Src/stm32u5xx_hal_pwr_ex.c **** 
2516:Drivers/STM32U5xx_HAL_Driver/Src/stm32u5xx_hal_pwr_ex.c ****     case PWR_GPIO_G: /* Apply Pull Up to GPIO port G */
2517:Drivers/STM32U5xx_HAL_Driver/Src/stm32u5xx_hal_pwr_ex.c ****       SET_BIT(PWR->PUCRG, GPIO_Pin);
2518:Drivers/STM32U5xx_HAL_Driver/Src/stm32u5xx_hal_pwr_ex.c ****       CLEAR_BIT(PWR->PDCRG, GPIO_Pin);
2519:Drivers/STM32U5xx_HAL_Driver/Src/stm32u5xx_hal_pwr_ex.c ****       break;
2520:Drivers/STM32U5xx_HAL_Driver/Src/stm32u5xx_hal_pwr_ex.c **** 
2521:Drivers/STM32U5xx_HAL_Driver/Src/stm32u5xx_hal_pwr_ex.c ****     case PWR_GPIO_H: /* Apply Pull Up to GPIO port H */
2522:Drivers/STM32U5xx_HAL_Driver/Src/stm32u5xx_hal_pwr_ex.c ****       SET_BIT(PWR->PUCRH, GPIO_Pin);
2523:Drivers/STM32U5xx_HAL_Driver/Src/stm32u5xx_hal_pwr_ex.c ****       CLEAR_BIT(PWR->PDCRH, GPIO_Pin);
ARM GAS  /var/folders/j8/bx6g0dyx2gg_pdn7l_y1sb9c0000gn/T//cc9zwmjj.s 			page 101


2524:Drivers/STM32U5xx_HAL_Driver/Src/stm32u5xx_hal_pwr_ex.c ****       break;
2525:Drivers/STM32U5xx_HAL_Driver/Src/stm32u5xx_hal_pwr_ex.c **** 
2526:Drivers/STM32U5xx_HAL_Driver/Src/stm32u5xx_hal_pwr_ex.c **** #ifdef PWR_PUCRI_PU0
2527:Drivers/STM32U5xx_HAL_Driver/Src/stm32u5xx_hal_pwr_ex.c ****     case PWR_GPIO_I: /* Apply Pull Up to GPIO port I */
2528:Drivers/STM32U5xx_HAL_Driver/Src/stm32u5xx_hal_pwr_ex.c ****       SET_BIT(PWR->PUCRI, (GPIO_Pin & PWR_PORTI_AVAILABLE_PINS));
2529:Drivers/STM32U5xx_HAL_Driver/Src/stm32u5xx_hal_pwr_ex.c ****       CLEAR_BIT(PWR->PDCRI, (GPIO_Pin & PWR_PORTI_AVAILABLE_PINS));
2530:Drivers/STM32U5xx_HAL_Driver/Src/stm32u5xx_hal_pwr_ex.c ****       break;
2531:Drivers/STM32U5xx_HAL_Driver/Src/stm32u5xx_hal_pwr_ex.c **** #endif /* PWR_PUCRI_PU0 */
2532:Drivers/STM32U5xx_HAL_Driver/Src/stm32u5xx_hal_pwr_ex.c **** 
2533:Drivers/STM32U5xx_HAL_Driver/Src/stm32u5xx_hal_pwr_ex.c **** #if defined (PWR_PUCRJ_PU0)
2534:Drivers/STM32U5xx_HAL_Driver/Src/stm32u5xx_hal_pwr_ex.c ****     case PWR_GPIO_J: /* Apply Pull Up to GPIO port J */
2535:Drivers/STM32U5xx_HAL_Driver/Src/stm32u5xx_hal_pwr_ex.c ****       SET_BIT(PWR->PUCRJ, (GPIO_Pin & PWR_PORTJ_AVAILABLE_PINS));
2536:Drivers/STM32U5xx_HAL_Driver/Src/stm32u5xx_hal_pwr_ex.c ****       CLEAR_BIT(PWR->PDCRJ, (GPIO_Pin & PWR_PORTJ_AVAILABLE_PINS));
2537:Drivers/STM32U5xx_HAL_Driver/Src/stm32u5xx_hal_pwr_ex.c ****       break;
2538:Drivers/STM32U5xx_HAL_Driver/Src/stm32u5xx_hal_pwr_ex.c **** #endif /* defined (PWR_PUCRJ_PU0) */
2539:Drivers/STM32U5xx_HAL_Driver/Src/stm32u5xx_hal_pwr_ex.c **** 
2540:Drivers/STM32U5xx_HAL_Driver/Src/stm32u5xx_hal_pwr_ex.c ****     default:
2541:Drivers/STM32U5xx_HAL_Driver/Src/stm32u5xx_hal_pwr_ex.c ****       return HAL_ERROR;
2542:Drivers/STM32U5xx_HAL_Driver/Src/stm32u5xx_hal_pwr_ex.c ****       break;
2543:Drivers/STM32U5xx_HAL_Driver/Src/stm32u5xx_hal_pwr_ex.c ****   }
2544:Drivers/STM32U5xx_HAL_Driver/Src/stm32u5xx_hal_pwr_ex.c **** 
2545:Drivers/STM32U5xx_HAL_Driver/Src/stm32u5xx_hal_pwr_ex.c ****   return HAL_OK;
 2997              		.loc 1 2545 10 is_stmt 0 view .LVU607
 2998 002a 0020     		movs	r0, #0
2487:Drivers/STM32U5xx_HAL_Driver/Src/stm32u5xx_hal_pwr_ex.c ****       break;
 2999              		.loc 1 2487 7 view .LVU608
 3000 002c 7047     		bx	lr
 3001              	.LVL127:
 3002              	.L298:
2490:Drivers/STM32U5xx_HAL_Driver/Src/stm32u5xx_hal_pwr_ex.c ****       CLEAR_BIT(PWR->PDCRB, (GPIO_Pin & (~(PWR_GPIO_BIT_4))));
 3003              		.loc 1 2490 7 is_stmt 1 view .LVU609
 3004 002e 304B     		ldr	r3, .L301
 3005 0030 9A6D     		ldr	r2, [r3, #88]
 3006 0032 0A43     		orrs	r2, r2, r1
 3007 0034 9A65     		str	r2, [r3, #88]
2491:Drivers/STM32U5xx_HAL_Driver/Src/stm32u5xx_hal_pwr_ex.c ****       break;
 3008              		.loc 1 2491 7 view .LVU610
 3009 0036 DA6D     		ldr	r2, [r3, #92]
 3010 0038 21F01001 		bic	r1, r1, #16
 3011              	.LVL128:
2491:Drivers/STM32U5xx_HAL_Driver/Src/stm32u5xx_hal_pwr_ex.c ****       break;
 3012              		.loc 1 2491 7 is_stmt 0 view .LVU611
 3013 003c 22EA0101 		bic	r1, r2, r1
 3014 0040 D965     		str	r1, [r3, #92]
2492:Drivers/STM32U5xx_HAL_Driver/Src/stm32u5xx_hal_pwr_ex.c **** 
 3015              		.loc 1 2492 7 is_stmt 1 view .LVU612
 3016              		.loc 1 2545 10 is_stmt 0 view .LVU613
 3017 0042 0020     		movs	r0, #0
 3018              	.LVL129:
2492:Drivers/STM32U5xx_HAL_Driver/Src/stm32u5xx_hal_pwr_ex.c **** 
 3019              		.loc 1 2492 7 view .LVU614
 3020 0044 7047     		bx	lr
 3021              	.LVL130:
 3022              	.L297:
2495:Drivers/STM32U5xx_HAL_Driver/Src/stm32u5xx_hal_pwr_ex.c ****       CLEAR_BIT(PWR->PDCRC, GPIO_Pin);
 3023              		.loc 1 2495 7 is_stmt 1 view .LVU615
 3024 0046 2A4B     		ldr	r3, .L301
ARM GAS  /var/folders/j8/bx6g0dyx2gg_pdn7l_y1sb9c0000gn/T//cc9zwmjj.s 			page 102


 3025 0048 1A6E     		ldr	r2, [r3, #96]
 3026 004a 0A43     		orrs	r2, r2, r1
 3027 004c 1A66     		str	r2, [r3, #96]
2496:Drivers/STM32U5xx_HAL_Driver/Src/stm32u5xx_hal_pwr_ex.c ****       break;
 3028              		.loc 1 2496 7 view .LVU616
 3029 004e 5A6E     		ldr	r2, [r3, #100]
 3030 0050 22EA0101 		bic	r1, r2, r1
 3031              	.LVL131:
2496:Drivers/STM32U5xx_HAL_Driver/Src/stm32u5xx_hal_pwr_ex.c ****       break;
 3032              		.loc 1 2496 7 is_stmt 0 view .LVU617
 3033 0054 5966     		str	r1, [r3, #100]
2497:Drivers/STM32U5xx_HAL_Driver/Src/stm32u5xx_hal_pwr_ex.c **** 
 3034              		.loc 1 2497 7 is_stmt 1 view .LVU618
 3035              		.loc 1 2545 10 is_stmt 0 view .LVU619
 3036 0056 0020     		movs	r0, #0
 3037              	.LVL132:
2497:Drivers/STM32U5xx_HAL_Driver/Src/stm32u5xx_hal_pwr_ex.c **** 
 3038              		.loc 1 2497 7 view .LVU620
 3039 0058 7047     		bx	lr
 3040              	.LVL133:
 3041              	.L296:
2500:Drivers/STM32U5xx_HAL_Driver/Src/stm32u5xx_hal_pwr_ex.c ****       CLEAR_BIT(PWR->PDCRD, GPIO_Pin);
 3042              		.loc 1 2500 7 is_stmt 1 view .LVU621
 3043 005a 254B     		ldr	r3, .L301
 3044 005c 9A6E     		ldr	r2, [r3, #104]
 3045 005e 0A43     		orrs	r2, r2, r1
 3046 0060 9A66     		str	r2, [r3, #104]
2501:Drivers/STM32U5xx_HAL_Driver/Src/stm32u5xx_hal_pwr_ex.c ****       break;
 3047              		.loc 1 2501 7 view .LVU622
 3048 0062 DA6E     		ldr	r2, [r3, #108]
 3049 0064 22EA0101 		bic	r1, r2, r1
 3050              	.LVL134:
2501:Drivers/STM32U5xx_HAL_Driver/Src/stm32u5xx_hal_pwr_ex.c ****       break;
 3051              		.loc 1 2501 7 is_stmt 0 view .LVU623
 3052 0068 D966     		str	r1, [r3, #108]
2502:Drivers/STM32U5xx_HAL_Driver/Src/stm32u5xx_hal_pwr_ex.c **** 
 3053              		.loc 1 2502 7 is_stmt 1 view .LVU624
 3054              		.loc 1 2545 10 is_stmt 0 view .LVU625
 3055 006a 0020     		movs	r0, #0
 3056              	.LVL135:
2502:Drivers/STM32U5xx_HAL_Driver/Src/stm32u5xx_hal_pwr_ex.c **** 
 3057              		.loc 1 2502 7 view .LVU626
 3058 006c 7047     		bx	lr
 3059              	.LVL136:
 3060              	.L295:
2505:Drivers/STM32U5xx_HAL_Driver/Src/stm32u5xx_hal_pwr_ex.c ****       CLEAR_BIT(PWR->PDCRE, GPIO_Pin);
 3061              		.loc 1 2505 7 is_stmt 1 view .LVU627
 3062 006e 204B     		ldr	r3, .L301
 3063 0070 1A6F     		ldr	r2, [r3, #112]
 3064 0072 0A43     		orrs	r2, r2, r1
 3065 0074 1A67     		str	r2, [r3, #112]
2506:Drivers/STM32U5xx_HAL_Driver/Src/stm32u5xx_hal_pwr_ex.c ****       break;
 3066              		.loc 1 2506 7 view .LVU628
 3067 0076 5A6F     		ldr	r2, [r3, #116]
 3068 0078 22EA0101 		bic	r1, r2, r1
 3069              	.LVL137:
2506:Drivers/STM32U5xx_HAL_Driver/Src/stm32u5xx_hal_pwr_ex.c ****       break;
ARM GAS  /var/folders/j8/bx6g0dyx2gg_pdn7l_y1sb9c0000gn/T//cc9zwmjj.s 			page 103


 3070              		.loc 1 2506 7 is_stmt 0 view .LVU629
 3071 007c 5967     		str	r1, [r3, #116]
2507:Drivers/STM32U5xx_HAL_Driver/Src/stm32u5xx_hal_pwr_ex.c **** 
 3072              		.loc 1 2507 7 is_stmt 1 view .LVU630
 3073              		.loc 1 2545 10 is_stmt 0 view .LVU631
 3074 007e 0020     		movs	r0, #0
 3075              	.LVL138:
2507:Drivers/STM32U5xx_HAL_Driver/Src/stm32u5xx_hal_pwr_ex.c **** 
 3076              		.loc 1 2507 7 view .LVU632
 3077 0080 7047     		bx	lr
 3078              	.LVL139:
 3079              	.L294:
2511:Drivers/STM32U5xx_HAL_Driver/Src/stm32u5xx_hal_pwr_ex.c ****       CLEAR_BIT(PWR->PDCRF, GPIO_Pin);
 3080              		.loc 1 2511 7 is_stmt 1 view .LVU633
 3081 0082 1B4B     		ldr	r3, .L301
 3082 0084 9A6F     		ldr	r2, [r3, #120]
 3083 0086 0A43     		orrs	r2, r2, r1
 3084 0088 9A67     		str	r2, [r3, #120]
2512:Drivers/STM32U5xx_HAL_Driver/Src/stm32u5xx_hal_pwr_ex.c ****       break;
 3085              		.loc 1 2512 7 view .LVU634
 3086 008a DA6F     		ldr	r2, [r3, #124]
 3087 008c 22EA0101 		bic	r1, r2, r1
 3088              	.LVL140:
2512:Drivers/STM32U5xx_HAL_Driver/Src/stm32u5xx_hal_pwr_ex.c ****       break;
 3089              		.loc 1 2512 7 is_stmt 0 view .LVU635
 3090 0090 D967     		str	r1, [r3, #124]
2513:Drivers/STM32U5xx_HAL_Driver/Src/stm32u5xx_hal_pwr_ex.c **** #endif /* PWR_PUCRF_PU0 */
 3091              		.loc 1 2513 7 is_stmt 1 view .LVU636
 3092              		.loc 1 2545 10 is_stmt 0 view .LVU637
 3093 0092 0020     		movs	r0, #0
 3094              	.LVL141:
2513:Drivers/STM32U5xx_HAL_Driver/Src/stm32u5xx_hal_pwr_ex.c **** #endif /* PWR_PUCRF_PU0 */
 3095              		.loc 1 2513 7 view .LVU638
 3096 0094 7047     		bx	lr
 3097              	.LVL142:
 3098              	.L293:
2517:Drivers/STM32U5xx_HAL_Driver/Src/stm32u5xx_hal_pwr_ex.c ****       CLEAR_BIT(PWR->PDCRG, GPIO_Pin);
 3099              		.loc 1 2517 7 is_stmt 1 view .LVU639
 3100 0096 164B     		ldr	r3, .L301
 3101 0098 D3F88020 		ldr	r2, [r3, #128]
 3102 009c 0A43     		orrs	r2, r2, r1
 3103 009e C3F88020 		str	r2, [r3, #128]
2518:Drivers/STM32U5xx_HAL_Driver/Src/stm32u5xx_hal_pwr_ex.c ****       break;
 3104              		.loc 1 2518 7 view .LVU640
 3105 00a2 D3F88420 		ldr	r2, [r3, #132]
 3106 00a6 22EA0101 		bic	r1, r2, r1
 3107              	.LVL143:
2518:Drivers/STM32U5xx_HAL_Driver/Src/stm32u5xx_hal_pwr_ex.c ****       break;
 3108              		.loc 1 2518 7 is_stmt 0 view .LVU641
 3109 00aa C3F88410 		str	r1, [r3, #132]
2519:Drivers/STM32U5xx_HAL_Driver/Src/stm32u5xx_hal_pwr_ex.c **** 
 3110              		.loc 1 2519 7 is_stmt 1 view .LVU642
 3111              		.loc 1 2545 10 is_stmt 0 view .LVU643
 3112 00ae 0020     		movs	r0, #0
 3113              	.LVL144:
2519:Drivers/STM32U5xx_HAL_Driver/Src/stm32u5xx_hal_pwr_ex.c **** 
 3114              		.loc 1 2519 7 view .LVU644
ARM GAS  /var/folders/j8/bx6g0dyx2gg_pdn7l_y1sb9c0000gn/T//cc9zwmjj.s 			page 104


 3115 00b0 7047     		bx	lr
 3116              	.LVL145:
 3117              	.L292:
2522:Drivers/STM32U5xx_HAL_Driver/Src/stm32u5xx_hal_pwr_ex.c ****       CLEAR_BIT(PWR->PDCRH, GPIO_Pin);
 3118              		.loc 1 2522 7 is_stmt 1 view .LVU645
 3119 00b2 0F4B     		ldr	r3, .L301
 3120 00b4 D3F88820 		ldr	r2, [r3, #136]
 3121 00b8 0A43     		orrs	r2, r2, r1
 3122 00ba C3F88820 		str	r2, [r3, #136]
2523:Drivers/STM32U5xx_HAL_Driver/Src/stm32u5xx_hal_pwr_ex.c ****       break;
 3123              		.loc 1 2523 7 view .LVU646
 3124 00be D3F88C20 		ldr	r2, [r3, #140]
 3125 00c2 22EA0101 		bic	r1, r2, r1
 3126              	.LVL146:
2523:Drivers/STM32U5xx_HAL_Driver/Src/stm32u5xx_hal_pwr_ex.c ****       break;
 3127              		.loc 1 2523 7 is_stmt 0 view .LVU647
 3128 00c6 C3F88C10 		str	r1, [r3, #140]
2524:Drivers/STM32U5xx_HAL_Driver/Src/stm32u5xx_hal_pwr_ex.c **** 
 3129              		.loc 1 2524 7 is_stmt 1 view .LVU648
 3130              		.loc 1 2545 10 is_stmt 0 view .LVU649
 3131 00ca 0020     		movs	r0, #0
 3132              	.LVL147:
2524:Drivers/STM32U5xx_HAL_Driver/Src/stm32u5xx_hal_pwr_ex.c **** 
 3133              		.loc 1 2524 7 view .LVU650
 3134 00cc 7047     		bx	lr
 3135              	.LVL148:
 3136              	.L290:
2528:Drivers/STM32U5xx_HAL_Driver/Src/stm32u5xx_hal_pwr_ex.c ****       CLEAR_BIT(PWR->PDCRI, (GPIO_Pin & PWR_PORTI_AVAILABLE_PINS));
 3137              		.loc 1 2528 7 is_stmt 1 view .LVU651
 3138 00ce 084B     		ldr	r3, .L301
 3139 00d0 D3F89020 		ldr	r2, [r3, #144]
 3140 00d4 C9B2     		uxtb	r1, r1
 3141              	.LVL149:
2528:Drivers/STM32U5xx_HAL_Driver/Src/stm32u5xx_hal_pwr_ex.c ****       CLEAR_BIT(PWR->PDCRI, (GPIO_Pin & PWR_PORTI_AVAILABLE_PINS));
 3142              		.loc 1 2528 7 is_stmt 0 view .LVU652
 3143 00d6 0A43     		orrs	r2, r2, r1
 3144 00d8 C3F89020 		str	r2, [r3, #144]
2529:Drivers/STM32U5xx_HAL_Driver/Src/stm32u5xx_hal_pwr_ex.c ****       break;
 3145              		.loc 1 2529 7 is_stmt 1 view .LVU653
 3146 00dc D3F89420 		ldr	r2, [r3, #148]
 3147 00e0 22EA0101 		bic	r1, r2, r1
 3148 00e4 C3F89410 		str	r1, [r3, #148]
2530:Drivers/STM32U5xx_HAL_Driver/Src/stm32u5xx_hal_pwr_ex.c **** #endif /* PWR_PUCRI_PU0 */
 3149              		.loc 1 2530 7 view .LVU654
 3150              		.loc 1 2545 10 is_stmt 0 view .LVU655
 3151 00e8 0020     		movs	r0, #0
 3152              	.LVL150:
2530:Drivers/STM32U5xx_HAL_Driver/Src/stm32u5xx_hal_pwr_ex.c **** #endif /* PWR_PUCRI_PU0 */
 3153              		.loc 1 2530 7 view .LVU656
 3154 00ea 7047     		bx	lr
 3155              	.LVL151:
 3156              	.L300:
2482:Drivers/STM32U5xx_HAL_Driver/Src/stm32u5xx_hal_pwr_ex.c ****   {
 3157              		.loc 1 2482 3 view .LVU657
 3158 00ec 0120     		movs	r0, #1
 3159              	.LVL152:
2546:Drivers/STM32U5xx_HAL_Driver/Src/stm32u5xx_hal_pwr_ex.c **** }
ARM GAS  /var/folders/j8/bx6g0dyx2gg_pdn7l_y1sb9c0000gn/T//cc9zwmjj.s 			page 105


 3160              		.loc 1 2546 1 view .LVU658
 3161 00ee 7047     		bx	lr
 3162              	.L302:
 3163              		.align	2
 3164              	.L301:
 3165 00f0 00080246 		.word	1174538240
 3166              		.cfi_endproc
 3167              	.LFE214:
 3169              		.section	.text.HAL_PWREx_DisableGPIOPullUp,"ax",%progbits
 3170              		.align	1
 3171              		.global	HAL_PWREx_DisableGPIOPullUp
 3172              		.syntax unified
 3173              		.thumb
 3174              		.thumb_func
 3176              	HAL_PWREx_DisableGPIOPullUp:
 3177              	.LVL153:
 3178              	.LFB215:
2547:Drivers/STM32U5xx_HAL_Driver/Src/stm32u5xx_hal_pwr_ex.c **** 
2548:Drivers/STM32U5xx_HAL_Driver/Src/stm32u5xx_hal_pwr_ex.c **** /**
2549:Drivers/STM32U5xx_HAL_Driver/Src/stm32u5xx_hal_pwr_ex.c ****   * @brief Disable GPIO pull-up state in Standby mode and Shutdown modes.
2550:Drivers/STM32U5xx_HAL_Driver/Src/stm32u5xx_hal_pwr_ex.c ****   * @note  Reset the relevant PUy bits of PWR_PUCRx register used to configure
2551:Drivers/STM32U5xx_HAL_Driver/Src/stm32u5xx_hal_pwr_ex.c ****   *        the I/O in pull-up state in Standby and Shutdown modes.
2552:Drivers/STM32U5xx_HAL_Driver/Src/stm32u5xx_hal_pwr_ex.c ****   * @note  Even if a PUy bit to reset is reserved, the other PUy bits entered as
2553:Drivers/STM32U5xx_HAL_Driver/Src/stm32u5xx_hal_pwr_ex.c ****   *        input parameter at the same time are reset.
2554:Drivers/STM32U5xx_HAL_Driver/Src/stm32u5xx_hal_pwr_ex.c ****   * @param  GPIO_Port : Specify the IO port.
2555:Drivers/STM32U5xx_HAL_Driver/Src/stm32u5xx_hal_pwr_ex.c ****   *                     This parameter can be a value of
2556:Drivers/STM32U5xx_HAL_Driver/Src/stm32u5xx_hal_pwr_ex.c ****   *                     @ref PWREx_GPIO_Port.
2557:Drivers/STM32U5xx_HAL_Driver/Src/stm32u5xx_hal_pwr_ex.c ****   * @param  GPIO_Pin  : Specify the I/O pins numbers.
2558:Drivers/STM32U5xx_HAL_Driver/Src/stm32u5xx_hal_pwr_ex.c ****   *                     This parameter can be a value of
2559:Drivers/STM32U5xx_HAL_Driver/Src/stm32u5xx_hal_pwr_ex.c ****   *                     @ref PWREx_GPIO_Pin_Mask.
2560:Drivers/STM32U5xx_HAL_Driver/Src/stm32u5xx_hal_pwr_ex.c ****   * @retval HAL Status.
2561:Drivers/STM32U5xx_HAL_Driver/Src/stm32u5xx_hal_pwr_ex.c ****   */
2562:Drivers/STM32U5xx_HAL_Driver/Src/stm32u5xx_hal_pwr_ex.c **** HAL_StatusTypeDef HAL_PWREx_DisableGPIOPullUp(uint32_t GPIO_Port, uint32_t GPIO_Pin)
2563:Drivers/STM32U5xx_HAL_Driver/Src/stm32u5xx_hal_pwr_ex.c **** {
 3179              		.loc 1 2563 1 is_stmt 1 view -0
 3180              		.cfi_startproc
 3181              		@ args = 0, pretend = 0, frame = 0
 3182              		@ frame_needed = 0, uses_anonymous_args = 0
 3183              		@ link register save eliminated.
2564:Drivers/STM32U5xx_HAL_Driver/Src/stm32u5xx_hal_pwr_ex.c ****   /* Check the parameters */
2565:Drivers/STM32U5xx_HAL_Driver/Src/stm32u5xx_hal_pwr_ex.c ****   assert_param(IS_PWR_GPIO_PORT(GPIO_Port));
 3184              		.loc 1 2565 3 view .LVU660
2566:Drivers/STM32U5xx_HAL_Driver/Src/stm32u5xx_hal_pwr_ex.c ****   assert_param(IS_PWR_GPIO_PIN_MASK(GPIO_Pin));
 3185              		.loc 1 2566 3 view .LVU661
2567:Drivers/STM32U5xx_HAL_Driver/Src/stm32u5xx_hal_pwr_ex.c **** 
2568:Drivers/STM32U5xx_HAL_Driver/Src/stm32u5xx_hal_pwr_ex.c ****   /* Check GPIO port */
2569:Drivers/STM32U5xx_HAL_Driver/Src/stm32u5xx_hal_pwr_ex.c ****   switch (GPIO_Port)
 3186              		.loc 1 2569 3 view .LVU662
 3187 0000 0828     		cmp	r0, #8
 3188 0002 4ED8     		bhi	.L315
 3189 0004 DFE800F0 		tbb	[pc, r0]
 3190              	.L306:
 3191 0008 05       		.byte	(.L314-.L306)/2
 3192 0009 0E       		.byte	(.L313-.L306)/2
 3193 000a 15       		.byte	(.L312-.L306)/2
 3194 000b 1C       		.byte	(.L311-.L306)/2
 3195 000c 23       		.byte	(.L310-.L306)/2
ARM GAS  /var/folders/j8/bx6g0dyx2gg_pdn7l_y1sb9c0000gn/T//cc9zwmjj.s 			page 106


 3196 000d 2A       		.byte	(.L309-.L306)/2
 3197 000e 31       		.byte	(.L308-.L306)/2
 3198 000f 3A       		.byte	(.L307-.L306)/2
 3199 0010 43       		.byte	(.L305-.L306)/2
 3200 0011 00       		.p2align 1
 3201              	.L314:
2570:Drivers/STM32U5xx_HAL_Driver/Src/stm32u5xx_hal_pwr_ex.c ****   {
2571:Drivers/STM32U5xx_HAL_Driver/Src/stm32u5xx_hal_pwr_ex.c ****     case PWR_GPIO_A: /* Disable Pull Up for GPIO port A */
2572:Drivers/STM32U5xx_HAL_Driver/Src/stm32u5xx_hal_pwr_ex.c ****       CLEAR_BIT(PWR->PUCRA, (GPIO_Pin & (~(PWR_GPIO_BIT_14))));
 3202              		.loc 1 2572 7 view .LVU663
 3203 0012 254A     		ldr	r2, .L316
 3204 0014 136D     		ldr	r3, [r2, #80]
 3205 0016 21F48041 		bic	r1, r1, #16384
 3206              	.LVL154:
 3207              		.loc 1 2572 7 is_stmt 0 view .LVU664
 3208 001a 23EA0101 		bic	r1, r3, r1
 3209 001e 1165     		str	r1, [r2, #80]
2573:Drivers/STM32U5xx_HAL_Driver/Src/stm32u5xx_hal_pwr_ex.c ****       break;
 3210              		.loc 1 2573 7 is_stmt 1 view .LVU665
2574:Drivers/STM32U5xx_HAL_Driver/Src/stm32u5xx_hal_pwr_ex.c **** 
2575:Drivers/STM32U5xx_HAL_Driver/Src/stm32u5xx_hal_pwr_ex.c ****     case PWR_GPIO_B: /* Disable Pull Up for GPIO port B */
2576:Drivers/STM32U5xx_HAL_Driver/Src/stm32u5xx_hal_pwr_ex.c ****       CLEAR_BIT(PWR->PUCRB, GPIO_Pin);
2577:Drivers/STM32U5xx_HAL_Driver/Src/stm32u5xx_hal_pwr_ex.c ****       break;
2578:Drivers/STM32U5xx_HAL_Driver/Src/stm32u5xx_hal_pwr_ex.c **** 
2579:Drivers/STM32U5xx_HAL_Driver/Src/stm32u5xx_hal_pwr_ex.c ****     case PWR_GPIO_C: /* Disable Pull Up for GPIO port C */
2580:Drivers/STM32U5xx_HAL_Driver/Src/stm32u5xx_hal_pwr_ex.c ****       CLEAR_BIT(PWR->PUCRC, GPIO_Pin);
2581:Drivers/STM32U5xx_HAL_Driver/Src/stm32u5xx_hal_pwr_ex.c ****       break;
2582:Drivers/STM32U5xx_HAL_Driver/Src/stm32u5xx_hal_pwr_ex.c **** 
2583:Drivers/STM32U5xx_HAL_Driver/Src/stm32u5xx_hal_pwr_ex.c ****     case PWR_GPIO_D: /* Disable Pull Up for GPIO port D */
2584:Drivers/STM32U5xx_HAL_Driver/Src/stm32u5xx_hal_pwr_ex.c ****       CLEAR_BIT(PWR->PUCRD, GPIO_Pin);
2585:Drivers/STM32U5xx_HAL_Driver/Src/stm32u5xx_hal_pwr_ex.c ****       break;
2586:Drivers/STM32U5xx_HAL_Driver/Src/stm32u5xx_hal_pwr_ex.c **** 
2587:Drivers/STM32U5xx_HAL_Driver/Src/stm32u5xx_hal_pwr_ex.c ****     case PWR_GPIO_E: /* Disable Pull Up for GPIO port E */
2588:Drivers/STM32U5xx_HAL_Driver/Src/stm32u5xx_hal_pwr_ex.c ****       CLEAR_BIT(PWR->PUCRE, GPIO_Pin);
2589:Drivers/STM32U5xx_HAL_Driver/Src/stm32u5xx_hal_pwr_ex.c ****       break;
2590:Drivers/STM32U5xx_HAL_Driver/Src/stm32u5xx_hal_pwr_ex.c **** 
2591:Drivers/STM32U5xx_HAL_Driver/Src/stm32u5xx_hal_pwr_ex.c **** #ifdef PWR_PUCRF_PU0
2592:Drivers/STM32U5xx_HAL_Driver/Src/stm32u5xx_hal_pwr_ex.c ****     case PWR_GPIO_F: /* Disable Pull Up for GPIO port F */
2593:Drivers/STM32U5xx_HAL_Driver/Src/stm32u5xx_hal_pwr_ex.c ****       CLEAR_BIT(PWR->PUCRF, GPIO_Pin);
2594:Drivers/STM32U5xx_HAL_Driver/Src/stm32u5xx_hal_pwr_ex.c ****       break;
2595:Drivers/STM32U5xx_HAL_Driver/Src/stm32u5xx_hal_pwr_ex.c **** #endif /* PWR_PUCRF_PU0 */
2596:Drivers/STM32U5xx_HAL_Driver/Src/stm32u5xx_hal_pwr_ex.c **** 
2597:Drivers/STM32U5xx_HAL_Driver/Src/stm32u5xx_hal_pwr_ex.c ****     case PWR_GPIO_G: /* Disable Pull Up for GPIO port G */
2598:Drivers/STM32U5xx_HAL_Driver/Src/stm32u5xx_hal_pwr_ex.c ****       CLEAR_BIT(PWR->PUCRG, GPIO_Pin);
2599:Drivers/STM32U5xx_HAL_Driver/Src/stm32u5xx_hal_pwr_ex.c ****       break;
2600:Drivers/STM32U5xx_HAL_Driver/Src/stm32u5xx_hal_pwr_ex.c **** 
2601:Drivers/STM32U5xx_HAL_Driver/Src/stm32u5xx_hal_pwr_ex.c ****     case PWR_GPIO_H: /* Disable Pull Up for GPIO port H */
2602:Drivers/STM32U5xx_HAL_Driver/Src/stm32u5xx_hal_pwr_ex.c ****       CLEAR_BIT(PWR->PUCRH, GPIO_Pin);
2603:Drivers/STM32U5xx_HAL_Driver/Src/stm32u5xx_hal_pwr_ex.c ****       break;
2604:Drivers/STM32U5xx_HAL_Driver/Src/stm32u5xx_hal_pwr_ex.c **** 
2605:Drivers/STM32U5xx_HAL_Driver/Src/stm32u5xx_hal_pwr_ex.c **** #ifdef PWR_PUCRI_PU0
2606:Drivers/STM32U5xx_HAL_Driver/Src/stm32u5xx_hal_pwr_ex.c ****     case PWR_GPIO_I: /* Disable Pull Up for GPIO port I */
2607:Drivers/STM32U5xx_HAL_Driver/Src/stm32u5xx_hal_pwr_ex.c ****       CLEAR_BIT(PWR->PUCRI, (GPIO_Pin & PWR_PORTI_AVAILABLE_PINS));
2608:Drivers/STM32U5xx_HAL_Driver/Src/stm32u5xx_hal_pwr_ex.c ****       break;
2609:Drivers/STM32U5xx_HAL_Driver/Src/stm32u5xx_hal_pwr_ex.c **** #endif /* PWR_PUCRI_PU0 */
2610:Drivers/STM32U5xx_HAL_Driver/Src/stm32u5xx_hal_pwr_ex.c **** 
2611:Drivers/STM32U5xx_HAL_Driver/Src/stm32u5xx_hal_pwr_ex.c **** #if defined (PWR_PUCRJ_PU0)
ARM GAS  /var/folders/j8/bx6g0dyx2gg_pdn7l_y1sb9c0000gn/T//cc9zwmjj.s 			page 107


2612:Drivers/STM32U5xx_HAL_Driver/Src/stm32u5xx_hal_pwr_ex.c ****     case PWR_GPIO_J: /* Disable Pull Up for GPIO port J */
2613:Drivers/STM32U5xx_HAL_Driver/Src/stm32u5xx_hal_pwr_ex.c ****       CLEAR_BIT(PWR->PUCRJ, (GPIO_Pin & PWR_PORTJ_AVAILABLE_PINS));
2614:Drivers/STM32U5xx_HAL_Driver/Src/stm32u5xx_hal_pwr_ex.c ****       break;
2615:Drivers/STM32U5xx_HAL_Driver/Src/stm32u5xx_hal_pwr_ex.c **** #endif /* defined (PWR_PUCRJ_PU0) */
2616:Drivers/STM32U5xx_HAL_Driver/Src/stm32u5xx_hal_pwr_ex.c **** 
2617:Drivers/STM32U5xx_HAL_Driver/Src/stm32u5xx_hal_pwr_ex.c ****     default:
2618:Drivers/STM32U5xx_HAL_Driver/Src/stm32u5xx_hal_pwr_ex.c ****       return HAL_ERROR;
2619:Drivers/STM32U5xx_HAL_Driver/Src/stm32u5xx_hal_pwr_ex.c ****       break;
2620:Drivers/STM32U5xx_HAL_Driver/Src/stm32u5xx_hal_pwr_ex.c ****   }
2621:Drivers/STM32U5xx_HAL_Driver/Src/stm32u5xx_hal_pwr_ex.c **** 
2622:Drivers/STM32U5xx_HAL_Driver/Src/stm32u5xx_hal_pwr_ex.c ****   return HAL_OK;
 3211              		.loc 1 2622 10 is_stmt 0 view .LVU666
 3212 0020 0020     		movs	r0, #0
 3213              	.LVL155:
2573:Drivers/STM32U5xx_HAL_Driver/Src/stm32u5xx_hal_pwr_ex.c ****       break;
 3214              		.loc 1 2573 7 view .LVU667
 3215 0022 7047     		bx	lr
 3216              	.LVL156:
 3217              	.L313:
2576:Drivers/STM32U5xx_HAL_Driver/Src/stm32u5xx_hal_pwr_ex.c ****       break;
 3218              		.loc 1 2576 7 is_stmt 1 view .LVU668
 3219 0024 204A     		ldr	r2, .L316
 3220 0026 936D     		ldr	r3, [r2, #88]
 3221 0028 23EA0101 		bic	r1, r3, r1
 3222              	.LVL157:
2576:Drivers/STM32U5xx_HAL_Driver/Src/stm32u5xx_hal_pwr_ex.c ****       break;
 3223              		.loc 1 2576 7 is_stmt 0 view .LVU669
 3224 002c 9165     		str	r1, [r2, #88]
2577:Drivers/STM32U5xx_HAL_Driver/Src/stm32u5xx_hal_pwr_ex.c **** 
 3225              		.loc 1 2577 7 is_stmt 1 view .LVU670
 3226              		.loc 1 2622 10 is_stmt 0 view .LVU671
 3227 002e 0020     		movs	r0, #0
 3228              	.LVL158:
2577:Drivers/STM32U5xx_HAL_Driver/Src/stm32u5xx_hal_pwr_ex.c **** 
 3229              		.loc 1 2577 7 view .LVU672
 3230 0030 7047     		bx	lr
 3231              	.LVL159:
 3232              	.L312:
2580:Drivers/STM32U5xx_HAL_Driver/Src/stm32u5xx_hal_pwr_ex.c ****       break;
 3233              		.loc 1 2580 7 is_stmt 1 view .LVU673
 3234 0032 1D4A     		ldr	r2, .L316
 3235 0034 136E     		ldr	r3, [r2, #96]
 3236 0036 23EA0101 		bic	r1, r3, r1
 3237              	.LVL160:
2580:Drivers/STM32U5xx_HAL_Driver/Src/stm32u5xx_hal_pwr_ex.c ****       break;
 3238              		.loc 1 2580 7 is_stmt 0 view .LVU674
 3239 003a 1166     		str	r1, [r2, #96]
2581:Drivers/STM32U5xx_HAL_Driver/Src/stm32u5xx_hal_pwr_ex.c **** 
 3240              		.loc 1 2581 7 is_stmt 1 view .LVU675
 3241              		.loc 1 2622 10 is_stmt 0 view .LVU676
 3242 003c 0020     		movs	r0, #0
 3243              	.LVL161:
2581:Drivers/STM32U5xx_HAL_Driver/Src/stm32u5xx_hal_pwr_ex.c **** 
 3244              		.loc 1 2581 7 view .LVU677
 3245 003e 7047     		bx	lr
 3246              	.LVL162:
 3247              	.L311:
ARM GAS  /var/folders/j8/bx6g0dyx2gg_pdn7l_y1sb9c0000gn/T//cc9zwmjj.s 			page 108


2584:Drivers/STM32U5xx_HAL_Driver/Src/stm32u5xx_hal_pwr_ex.c ****       break;
 3248              		.loc 1 2584 7 is_stmt 1 view .LVU678
 3249 0040 194A     		ldr	r2, .L316
 3250 0042 936E     		ldr	r3, [r2, #104]
 3251 0044 23EA0101 		bic	r1, r3, r1
 3252              	.LVL163:
2584:Drivers/STM32U5xx_HAL_Driver/Src/stm32u5xx_hal_pwr_ex.c ****       break;
 3253              		.loc 1 2584 7 is_stmt 0 view .LVU679
 3254 0048 9166     		str	r1, [r2, #104]
2585:Drivers/STM32U5xx_HAL_Driver/Src/stm32u5xx_hal_pwr_ex.c **** 
 3255              		.loc 1 2585 7 is_stmt 1 view .LVU680
 3256              		.loc 1 2622 10 is_stmt 0 view .LVU681
 3257 004a 0020     		movs	r0, #0
 3258              	.LVL164:
2585:Drivers/STM32U5xx_HAL_Driver/Src/stm32u5xx_hal_pwr_ex.c **** 
 3259              		.loc 1 2585 7 view .LVU682
 3260 004c 7047     		bx	lr
 3261              	.LVL165:
 3262              	.L310:
2588:Drivers/STM32U5xx_HAL_Driver/Src/stm32u5xx_hal_pwr_ex.c ****       break;
 3263              		.loc 1 2588 7 is_stmt 1 view .LVU683
 3264 004e 164A     		ldr	r2, .L316
 3265 0050 136F     		ldr	r3, [r2, #112]
 3266 0052 23EA0101 		bic	r1, r3, r1
 3267              	.LVL166:
2588:Drivers/STM32U5xx_HAL_Driver/Src/stm32u5xx_hal_pwr_ex.c ****       break;
 3268              		.loc 1 2588 7 is_stmt 0 view .LVU684
 3269 0056 1167     		str	r1, [r2, #112]
2589:Drivers/STM32U5xx_HAL_Driver/Src/stm32u5xx_hal_pwr_ex.c **** 
 3270              		.loc 1 2589 7 is_stmt 1 view .LVU685
 3271              		.loc 1 2622 10 is_stmt 0 view .LVU686
 3272 0058 0020     		movs	r0, #0
 3273              	.LVL167:
2589:Drivers/STM32U5xx_HAL_Driver/Src/stm32u5xx_hal_pwr_ex.c **** 
 3274              		.loc 1 2589 7 view .LVU687
 3275 005a 7047     		bx	lr
 3276              	.LVL168:
 3277              	.L309:
2593:Drivers/STM32U5xx_HAL_Driver/Src/stm32u5xx_hal_pwr_ex.c ****       break;
 3278              		.loc 1 2593 7 is_stmt 1 view .LVU688
 3279 005c 124A     		ldr	r2, .L316
 3280 005e 936F     		ldr	r3, [r2, #120]
 3281 0060 23EA0101 		bic	r1, r3, r1
 3282              	.LVL169:
2593:Drivers/STM32U5xx_HAL_Driver/Src/stm32u5xx_hal_pwr_ex.c ****       break;
 3283              		.loc 1 2593 7 is_stmt 0 view .LVU689
 3284 0064 9167     		str	r1, [r2, #120]
2594:Drivers/STM32U5xx_HAL_Driver/Src/stm32u5xx_hal_pwr_ex.c **** #endif /* PWR_PUCRF_PU0 */
 3285              		.loc 1 2594 7 is_stmt 1 view .LVU690
 3286              		.loc 1 2622 10 is_stmt 0 view .LVU691
 3287 0066 0020     		movs	r0, #0
 3288              	.LVL170:
2594:Drivers/STM32U5xx_HAL_Driver/Src/stm32u5xx_hal_pwr_ex.c **** #endif /* PWR_PUCRF_PU0 */
 3289              		.loc 1 2594 7 view .LVU692
 3290 0068 7047     		bx	lr
 3291              	.LVL171:
 3292              	.L308:
ARM GAS  /var/folders/j8/bx6g0dyx2gg_pdn7l_y1sb9c0000gn/T//cc9zwmjj.s 			page 109


2598:Drivers/STM32U5xx_HAL_Driver/Src/stm32u5xx_hal_pwr_ex.c ****       break;
 3293              		.loc 1 2598 7 is_stmt 1 view .LVU693
 3294 006a 0F4A     		ldr	r2, .L316
 3295 006c D2F88030 		ldr	r3, [r2, #128]
 3296 0070 23EA0101 		bic	r1, r3, r1
 3297              	.LVL172:
2598:Drivers/STM32U5xx_HAL_Driver/Src/stm32u5xx_hal_pwr_ex.c ****       break;
 3298              		.loc 1 2598 7 is_stmt 0 view .LVU694
 3299 0074 C2F88010 		str	r1, [r2, #128]
2599:Drivers/STM32U5xx_HAL_Driver/Src/stm32u5xx_hal_pwr_ex.c **** 
 3300              		.loc 1 2599 7 is_stmt 1 view .LVU695
 3301              		.loc 1 2622 10 is_stmt 0 view .LVU696
 3302 0078 0020     		movs	r0, #0
 3303              	.LVL173:
2599:Drivers/STM32U5xx_HAL_Driver/Src/stm32u5xx_hal_pwr_ex.c **** 
 3304              		.loc 1 2599 7 view .LVU697
 3305 007a 7047     		bx	lr
 3306              	.LVL174:
 3307              	.L307:
2602:Drivers/STM32U5xx_HAL_Driver/Src/stm32u5xx_hal_pwr_ex.c ****       break;
 3308              		.loc 1 2602 7 is_stmt 1 view .LVU698
 3309 007c 0A4A     		ldr	r2, .L316
 3310 007e D2F88830 		ldr	r3, [r2, #136]
 3311 0082 23EA0101 		bic	r1, r3, r1
 3312              	.LVL175:
2602:Drivers/STM32U5xx_HAL_Driver/Src/stm32u5xx_hal_pwr_ex.c ****       break;
 3313              		.loc 1 2602 7 is_stmt 0 view .LVU699
 3314 0086 C2F88810 		str	r1, [r2, #136]
2603:Drivers/STM32U5xx_HAL_Driver/Src/stm32u5xx_hal_pwr_ex.c **** 
 3315              		.loc 1 2603 7 is_stmt 1 view .LVU700
 3316              		.loc 1 2622 10 is_stmt 0 view .LVU701
 3317 008a 0020     		movs	r0, #0
 3318              	.LVL176:
2603:Drivers/STM32U5xx_HAL_Driver/Src/stm32u5xx_hal_pwr_ex.c **** 
 3319              		.loc 1 2603 7 view .LVU702
 3320 008c 7047     		bx	lr
 3321              	.LVL177:
 3322              	.L305:
2607:Drivers/STM32U5xx_HAL_Driver/Src/stm32u5xx_hal_pwr_ex.c ****       break;
 3323              		.loc 1 2607 7 is_stmt 1 view .LVU703
 3324 008e 064A     		ldr	r2, .L316
 3325 0090 D2F89030 		ldr	r3, [r2, #144]
 3326 0094 C9B2     		uxtb	r1, r1
 3327              	.LVL178:
2607:Drivers/STM32U5xx_HAL_Driver/Src/stm32u5xx_hal_pwr_ex.c ****       break;
 3328              		.loc 1 2607 7 is_stmt 0 view .LVU704
 3329 0096 23EA0101 		bic	r1, r3, r1
 3330 009a C2F89010 		str	r1, [r2, #144]
2608:Drivers/STM32U5xx_HAL_Driver/Src/stm32u5xx_hal_pwr_ex.c **** #endif /* PWR_PUCRI_PU0 */
 3331              		.loc 1 2608 7 is_stmt 1 view .LVU705
 3332              		.loc 1 2622 10 is_stmt 0 view .LVU706
 3333 009e 0020     		movs	r0, #0
 3334              	.LVL179:
2608:Drivers/STM32U5xx_HAL_Driver/Src/stm32u5xx_hal_pwr_ex.c **** #endif /* PWR_PUCRI_PU0 */
 3335              		.loc 1 2608 7 view .LVU707
 3336 00a0 7047     		bx	lr
 3337              	.LVL180:
ARM GAS  /var/folders/j8/bx6g0dyx2gg_pdn7l_y1sb9c0000gn/T//cc9zwmjj.s 			page 110


 3338              	.L315:
2569:Drivers/STM32U5xx_HAL_Driver/Src/stm32u5xx_hal_pwr_ex.c ****   {
 3339              		.loc 1 2569 3 view .LVU708
 3340 00a2 0120     		movs	r0, #1
 3341              	.LVL181:
2623:Drivers/STM32U5xx_HAL_Driver/Src/stm32u5xx_hal_pwr_ex.c **** }
 3342              		.loc 1 2623 1 view .LVU709
 3343 00a4 7047     		bx	lr
 3344              	.L317:
 3345 00a6 00BF     		.align	2
 3346              	.L316:
 3347 00a8 00080246 		.word	1174538240
 3348              		.cfi_endproc
 3349              	.LFE215:
 3351              		.section	.text.HAL_PWREx_EnableGPIOPullDown,"ax",%progbits
 3352              		.align	1
 3353              		.global	HAL_PWREx_EnableGPIOPullDown
 3354              		.syntax unified
 3355              		.thumb
 3356              		.thumb_func
 3358              	HAL_PWREx_EnableGPIOPullDown:
 3359              	.LVL182:
 3360              	.LFB216:
2624:Drivers/STM32U5xx_HAL_Driver/Src/stm32u5xx_hal_pwr_ex.c **** 
2625:Drivers/STM32U5xx_HAL_Driver/Src/stm32u5xx_hal_pwr_ex.c **** /**
2626:Drivers/STM32U5xx_HAL_Driver/Src/stm32u5xx_hal_pwr_ex.c ****   * @brief Enable GPIO pull-down state in Standby and Shutdown modes.
2627:Drivers/STM32U5xx_HAL_Driver/Src/stm32u5xx_hal_pwr_ex.c ****   * @note  Set the relevant PDy bits of PWR_PDCRx register to configure the I/O
2628:Drivers/STM32U5xx_HAL_Driver/Src/stm32u5xx_hal_pwr_ex.c ****   *        in pull-down state in Standby and Shutdown modes.
2629:Drivers/STM32U5xx_HAL_Driver/Src/stm32u5xx_hal_pwr_ex.c ****   * @note  This state is effective in Standby and Shutdown modes only if APC bit
2630:Drivers/STM32U5xx_HAL_Driver/Src/stm32u5xx_hal_pwr_ex.c ****   *        is set through HAL_PWREx_EnablePullUpPullDownConfig() API.
2631:Drivers/STM32U5xx_HAL_Driver/Src/stm32u5xx_hal_pwr_ex.c ****   * @note  The configuration is lost when exiting the Shutdown mode due to the
2632:Drivers/STM32U5xx_HAL_Driver/Src/stm32u5xx_hal_pwr_ex.c ****   *        power-on reset, maintained when exiting the Standby mode.
2633:Drivers/STM32U5xx_HAL_Driver/Src/stm32u5xx_hal_pwr_ex.c ****   * @note  To avoid any conflict at Standby and Shutdown modes exits, the
2634:Drivers/STM32U5xx_HAL_Driver/Src/stm32u5xx_hal_pwr_ex.c ****   *        corresponding PUy bit of PWR_PUCRx register is cleared unless it is
2635:Drivers/STM32U5xx_HAL_Driver/Src/stm32u5xx_hal_pwr_ex.c ****   *        reserved.
2636:Drivers/STM32U5xx_HAL_Driver/Src/stm32u5xx_hal_pwr_ex.c ****   * @note  Even if a PDy bit to set is reserved, the other PDy bits entered as
2637:Drivers/STM32U5xx_HAL_Driver/Src/stm32u5xx_hal_pwr_ex.c ****   *        input parameter at the same time are set.
2638:Drivers/STM32U5xx_HAL_Driver/Src/stm32u5xx_hal_pwr_ex.c ****   * @param  GPIO_Port : Specify the IO port.
2639:Drivers/STM32U5xx_HAL_Driver/Src/stm32u5xx_hal_pwr_ex.c ****   *                     This parameter can be a value of
2640:Drivers/STM32U5xx_HAL_Driver/Src/stm32u5xx_hal_pwr_ex.c ****   *                     @ref PWREx_GPIO_Port.
2641:Drivers/STM32U5xx_HAL_Driver/Src/stm32u5xx_hal_pwr_ex.c ****   * @param  GPIO_Pin  : Specify the I/O pins numbers.
2642:Drivers/STM32U5xx_HAL_Driver/Src/stm32u5xx_hal_pwr_ex.c ****   *                     This parameter can be a value of
2643:Drivers/STM32U5xx_HAL_Driver/Src/stm32u5xx_hal_pwr_ex.c ****   *                     @ref PWREx_GPIO_Pin_Mask.
2644:Drivers/STM32U5xx_HAL_Driver/Src/stm32u5xx_hal_pwr_ex.c ****   * @retval HAL Status.
2645:Drivers/STM32U5xx_HAL_Driver/Src/stm32u5xx_hal_pwr_ex.c ****   */
2646:Drivers/STM32U5xx_HAL_Driver/Src/stm32u5xx_hal_pwr_ex.c **** HAL_StatusTypeDef HAL_PWREx_EnableGPIOPullDown(uint32_t GPIO_Port, uint32_t GPIO_Pin)
2647:Drivers/STM32U5xx_HAL_Driver/Src/stm32u5xx_hal_pwr_ex.c **** {
 3361              		.loc 1 2647 1 is_stmt 1 view -0
 3362              		.cfi_startproc
 3363              		@ args = 0, pretend = 0, frame = 0
 3364              		@ frame_needed = 0, uses_anonymous_args = 0
 3365              		@ link register save eliminated.
2648:Drivers/STM32U5xx_HAL_Driver/Src/stm32u5xx_hal_pwr_ex.c ****   /* Check the parameters */
2649:Drivers/STM32U5xx_HAL_Driver/Src/stm32u5xx_hal_pwr_ex.c ****   assert_param(IS_PWR_GPIO_PORT(GPIO_Port));
 3366              		.loc 1 2649 3 view .LVU711
2650:Drivers/STM32U5xx_HAL_Driver/Src/stm32u5xx_hal_pwr_ex.c ****   assert_param(IS_PWR_GPIO_PIN_MASK(GPIO_Pin));
 3367              		.loc 1 2650 3 view .LVU712
ARM GAS  /var/folders/j8/bx6g0dyx2gg_pdn7l_y1sb9c0000gn/T//cc9zwmjj.s 			page 111


2651:Drivers/STM32U5xx_HAL_Driver/Src/stm32u5xx_hal_pwr_ex.c **** 
2652:Drivers/STM32U5xx_HAL_Driver/Src/stm32u5xx_hal_pwr_ex.c ****   /* Check GPIO port */
2653:Drivers/STM32U5xx_HAL_Driver/Src/stm32u5xx_hal_pwr_ex.c ****   switch (GPIO_Port)
 3368              		.loc 1 2653 3 view .LVU713
 3369 0000 0828     		cmp	r0, #8
 3370 0002 73D8     		bhi	.L330
 3371 0004 DFE800F0 		tbb	[pc, r0]
 3372              	.L321:
 3373 0008 05       		.byte	(.L329-.L321)/2
 3374 0009 13       		.byte	(.L328-.L321)/2
 3375 000a 1F       		.byte	(.L327-.L321)/2
 3376 000b 29       		.byte	(.L326-.L321)/2
 3377 000c 33       		.byte	(.L325-.L321)/2
 3378 000d 3D       		.byte	(.L324-.L321)/2
 3379 000e 47       		.byte	(.L323-.L321)/2
 3380 000f 55       		.byte	(.L322-.L321)/2
 3381 0010 63       		.byte	(.L320-.L321)/2
 3382 0011 00       		.p2align 1
 3383              	.L329:
2654:Drivers/STM32U5xx_HAL_Driver/Src/stm32u5xx_hal_pwr_ex.c ****   {
2655:Drivers/STM32U5xx_HAL_Driver/Src/stm32u5xx_hal_pwr_ex.c ****     case PWR_GPIO_A: /* Apply Pull Down to GPIO port A */
2656:Drivers/STM32U5xx_HAL_Driver/Src/stm32u5xx_hal_pwr_ex.c ****       SET_BIT(PWR->PDCRA, (GPIO_Pin & (~(PWR_GPIO_BIT_13 | PWR_GPIO_BIT_15))));
 3384              		.loc 1 2656 7 view .LVU714
 3385 0012 374B     		ldr	r3, .L331
 3386 0014 5A6D     		ldr	r2, [r3, #84]
 3387 0016 21F42040 		bic	r0, r1, #40960
 3388              	.LVL183:
 3389              		.loc 1 2656 7 is_stmt 0 view .LVU715
 3390 001a 0243     		orrs	r2, r2, r0
 3391 001c 5A65     		str	r2, [r3, #84]
2657:Drivers/STM32U5xx_HAL_Driver/Src/stm32u5xx_hal_pwr_ex.c ****       CLEAR_BIT(PWR->PUCRA, (GPIO_Pin & (~(PWR_GPIO_BIT_14))));
 3392              		.loc 1 2657 7 is_stmt 1 view .LVU716
 3393 001e 1A6D     		ldr	r2, [r3, #80]
 3394 0020 21F48041 		bic	r1, r1, #16384
 3395              	.LVL184:
 3396              		.loc 1 2657 7 is_stmt 0 view .LVU717
 3397 0024 22EA0101 		bic	r1, r2, r1
 3398 0028 1965     		str	r1, [r3, #80]
2658:Drivers/STM32U5xx_HAL_Driver/Src/stm32u5xx_hal_pwr_ex.c ****       break;
 3399              		.loc 1 2658 7 is_stmt 1 view .LVU718
2659:Drivers/STM32U5xx_HAL_Driver/Src/stm32u5xx_hal_pwr_ex.c **** 
2660:Drivers/STM32U5xx_HAL_Driver/Src/stm32u5xx_hal_pwr_ex.c ****     case PWR_GPIO_B: /* Apply Pull Down to GPIO port B */
2661:Drivers/STM32U5xx_HAL_Driver/Src/stm32u5xx_hal_pwr_ex.c ****       SET_BIT(PWR->PDCRB, (GPIO_Pin & (~(PWR_GPIO_BIT_4))));
2662:Drivers/STM32U5xx_HAL_Driver/Src/stm32u5xx_hal_pwr_ex.c ****       CLEAR_BIT(PWR->PUCRB, GPIO_Pin);
2663:Drivers/STM32U5xx_HAL_Driver/Src/stm32u5xx_hal_pwr_ex.c ****       break;
2664:Drivers/STM32U5xx_HAL_Driver/Src/stm32u5xx_hal_pwr_ex.c **** 
2665:Drivers/STM32U5xx_HAL_Driver/Src/stm32u5xx_hal_pwr_ex.c ****     case PWR_GPIO_C: /* Apply Pull Down to GPIO port C */
2666:Drivers/STM32U5xx_HAL_Driver/Src/stm32u5xx_hal_pwr_ex.c ****       SET_BIT(PWR->PDCRC, GPIO_Pin);
2667:Drivers/STM32U5xx_HAL_Driver/Src/stm32u5xx_hal_pwr_ex.c ****       CLEAR_BIT(PWR->PUCRC, GPIO_Pin);
2668:Drivers/STM32U5xx_HAL_Driver/Src/stm32u5xx_hal_pwr_ex.c ****       break;
2669:Drivers/STM32U5xx_HAL_Driver/Src/stm32u5xx_hal_pwr_ex.c **** 
2670:Drivers/STM32U5xx_HAL_Driver/Src/stm32u5xx_hal_pwr_ex.c ****     case PWR_GPIO_D: /* Apply Pull Down to GPIO port D */
2671:Drivers/STM32U5xx_HAL_Driver/Src/stm32u5xx_hal_pwr_ex.c ****       SET_BIT(PWR->PDCRD, GPIO_Pin);
2672:Drivers/STM32U5xx_HAL_Driver/Src/stm32u5xx_hal_pwr_ex.c ****       CLEAR_BIT(PWR->PUCRD, GPIO_Pin);
2673:Drivers/STM32U5xx_HAL_Driver/Src/stm32u5xx_hal_pwr_ex.c ****       break;
2674:Drivers/STM32U5xx_HAL_Driver/Src/stm32u5xx_hal_pwr_ex.c **** 
2675:Drivers/STM32U5xx_HAL_Driver/Src/stm32u5xx_hal_pwr_ex.c ****     case PWR_GPIO_E: /* Apply Pull Down to GPIO port E */
ARM GAS  /var/folders/j8/bx6g0dyx2gg_pdn7l_y1sb9c0000gn/T//cc9zwmjj.s 			page 112


2676:Drivers/STM32U5xx_HAL_Driver/Src/stm32u5xx_hal_pwr_ex.c ****       SET_BIT(PWR->PDCRE, GPIO_Pin);
2677:Drivers/STM32U5xx_HAL_Driver/Src/stm32u5xx_hal_pwr_ex.c ****       CLEAR_BIT(PWR->PUCRE, GPIO_Pin);
2678:Drivers/STM32U5xx_HAL_Driver/Src/stm32u5xx_hal_pwr_ex.c ****       break;
2679:Drivers/STM32U5xx_HAL_Driver/Src/stm32u5xx_hal_pwr_ex.c **** 
2680:Drivers/STM32U5xx_HAL_Driver/Src/stm32u5xx_hal_pwr_ex.c **** #ifdef PWR_PUCRF_PU0
2681:Drivers/STM32U5xx_HAL_Driver/Src/stm32u5xx_hal_pwr_ex.c ****     case PWR_GPIO_F: /* Apply Pull Down to GPIO port F */
2682:Drivers/STM32U5xx_HAL_Driver/Src/stm32u5xx_hal_pwr_ex.c ****       SET_BIT(PWR->PDCRF, GPIO_Pin);
2683:Drivers/STM32U5xx_HAL_Driver/Src/stm32u5xx_hal_pwr_ex.c ****       CLEAR_BIT(PWR->PUCRF, GPIO_Pin);
2684:Drivers/STM32U5xx_HAL_Driver/Src/stm32u5xx_hal_pwr_ex.c ****       break;
2685:Drivers/STM32U5xx_HAL_Driver/Src/stm32u5xx_hal_pwr_ex.c **** #endif /* PWR_PUCRF_PU0 */
2686:Drivers/STM32U5xx_HAL_Driver/Src/stm32u5xx_hal_pwr_ex.c **** 
2687:Drivers/STM32U5xx_HAL_Driver/Src/stm32u5xx_hal_pwr_ex.c ****     case PWR_GPIO_G: /* Apply Pull Down to GPIO port G */
2688:Drivers/STM32U5xx_HAL_Driver/Src/stm32u5xx_hal_pwr_ex.c ****       SET_BIT(PWR->PDCRG, GPIO_Pin);
2689:Drivers/STM32U5xx_HAL_Driver/Src/stm32u5xx_hal_pwr_ex.c ****       CLEAR_BIT(PWR->PUCRG, GPIO_Pin);
2690:Drivers/STM32U5xx_HAL_Driver/Src/stm32u5xx_hal_pwr_ex.c ****       break;
2691:Drivers/STM32U5xx_HAL_Driver/Src/stm32u5xx_hal_pwr_ex.c **** 
2692:Drivers/STM32U5xx_HAL_Driver/Src/stm32u5xx_hal_pwr_ex.c ****     case PWR_GPIO_H: /* Apply Pull Down to GPIO port H */
2693:Drivers/STM32U5xx_HAL_Driver/Src/stm32u5xx_hal_pwr_ex.c ****       SET_BIT(PWR->PDCRH, GPIO_Pin);
2694:Drivers/STM32U5xx_HAL_Driver/Src/stm32u5xx_hal_pwr_ex.c ****       CLEAR_BIT(PWR->PUCRH, GPIO_Pin);
2695:Drivers/STM32U5xx_HAL_Driver/Src/stm32u5xx_hal_pwr_ex.c ****       break;
2696:Drivers/STM32U5xx_HAL_Driver/Src/stm32u5xx_hal_pwr_ex.c **** 
2697:Drivers/STM32U5xx_HAL_Driver/Src/stm32u5xx_hal_pwr_ex.c **** #ifdef PWR_PUCRI_PU0
2698:Drivers/STM32U5xx_HAL_Driver/Src/stm32u5xx_hal_pwr_ex.c ****     case PWR_GPIO_I: /* Apply Pull Down to GPIO port I */
2699:Drivers/STM32U5xx_HAL_Driver/Src/stm32u5xx_hal_pwr_ex.c ****       SET_BIT(PWR->PDCRI, (GPIO_Pin & PWR_PORTI_AVAILABLE_PINS));
2700:Drivers/STM32U5xx_HAL_Driver/Src/stm32u5xx_hal_pwr_ex.c ****       CLEAR_BIT(PWR->PUCRI, (GPIO_Pin & PWR_PORTI_AVAILABLE_PINS));
2701:Drivers/STM32U5xx_HAL_Driver/Src/stm32u5xx_hal_pwr_ex.c ****       break;
2702:Drivers/STM32U5xx_HAL_Driver/Src/stm32u5xx_hal_pwr_ex.c **** #endif /* PWR_PUCRI_PU0 */
2703:Drivers/STM32U5xx_HAL_Driver/Src/stm32u5xx_hal_pwr_ex.c **** 
2704:Drivers/STM32U5xx_HAL_Driver/Src/stm32u5xx_hal_pwr_ex.c **** #if defined (PWR_PUCRJ_PU0)
2705:Drivers/STM32U5xx_HAL_Driver/Src/stm32u5xx_hal_pwr_ex.c ****     case PWR_GPIO_J: /* Apply Pull Down to GPIO port J */
2706:Drivers/STM32U5xx_HAL_Driver/Src/stm32u5xx_hal_pwr_ex.c ****       SET_BIT(PWR->PDCRJ, (GPIO_Pin & PWR_PORTJ_AVAILABLE_PINS));
2707:Drivers/STM32U5xx_HAL_Driver/Src/stm32u5xx_hal_pwr_ex.c ****       CLEAR_BIT(PWR->PUCRJ, (GPIO_Pin & PWR_PORTJ_AVAILABLE_PINS));
2708:Drivers/STM32U5xx_HAL_Driver/Src/stm32u5xx_hal_pwr_ex.c ****       break;
2709:Drivers/STM32U5xx_HAL_Driver/Src/stm32u5xx_hal_pwr_ex.c **** #endif /* defined (PWR_PUCRJ_PU0) */
2710:Drivers/STM32U5xx_HAL_Driver/Src/stm32u5xx_hal_pwr_ex.c **** 
2711:Drivers/STM32U5xx_HAL_Driver/Src/stm32u5xx_hal_pwr_ex.c ****     default:
2712:Drivers/STM32U5xx_HAL_Driver/Src/stm32u5xx_hal_pwr_ex.c ****       return HAL_ERROR;
2713:Drivers/STM32U5xx_HAL_Driver/Src/stm32u5xx_hal_pwr_ex.c ****       break;
2714:Drivers/STM32U5xx_HAL_Driver/Src/stm32u5xx_hal_pwr_ex.c ****   }
2715:Drivers/STM32U5xx_HAL_Driver/Src/stm32u5xx_hal_pwr_ex.c **** 
2716:Drivers/STM32U5xx_HAL_Driver/Src/stm32u5xx_hal_pwr_ex.c ****   return HAL_OK;
 3400              		.loc 1 2716 10 is_stmt 0 view .LVU719
 3401 002a 0020     		movs	r0, #0
2658:Drivers/STM32U5xx_HAL_Driver/Src/stm32u5xx_hal_pwr_ex.c ****       break;
 3402              		.loc 1 2658 7 view .LVU720
 3403 002c 7047     		bx	lr
 3404              	.LVL185:
 3405              	.L328:
2661:Drivers/STM32U5xx_HAL_Driver/Src/stm32u5xx_hal_pwr_ex.c ****       CLEAR_BIT(PWR->PUCRB, GPIO_Pin);
 3406              		.loc 1 2661 7 is_stmt 1 view .LVU721
 3407 002e 304B     		ldr	r3, .L331
 3408 0030 DA6D     		ldr	r2, [r3, #92]
 3409 0032 21F01000 		bic	r0, r1, #16
 3410              	.LVL186:
2661:Drivers/STM32U5xx_HAL_Driver/Src/stm32u5xx_hal_pwr_ex.c ****       CLEAR_BIT(PWR->PUCRB, GPIO_Pin);
 3411              		.loc 1 2661 7 is_stmt 0 view .LVU722
 3412 0036 0243     		orrs	r2, r2, r0
ARM GAS  /var/folders/j8/bx6g0dyx2gg_pdn7l_y1sb9c0000gn/T//cc9zwmjj.s 			page 113


 3413 0038 DA65     		str	r2, [r3, #92]
2662:Drivers/STM32U5xx_HAL_Driver/Src/stm32u5xx_hal_pwr_ex.c ****       break;
 3414              		.loc 1 2662 7 is_stmt 1 view .LVU723
 3415 003a 9A6D     		ldr	r2, [r3, #88]
 3416 003c 22EA0101 		bic	r1, r2, r1
 3417              	.LVL187:
2662:Drivers/STM32U5xx_HAL_Driver/Src/stm32u5xx_hal_pwr_ex.c ****       break;
 3418              		.loc 1 2662 7 is_stmt 0 view .LVU724
 3419 0040 9965     		str	r1, [r3, #88]
2663:Drivers/STM32U5xx_HAL_Driver/Src/stm32u5xx_hal_pwr_ex.c **** 
 3420              		.loc 1 2663 7 is_stmt 1 view .LVU725
 3421              		.loc 1 2716 10 is_stmt 0 view .LVU726
 3422 0042 0020     		movs	r0, #0
2663:Drivers/STM32U5xx_HAL_Driver/Src/stm32u5xx_hal_pwr_ex.c **** 
 3423              		.loc 1 2663 7 view .LVU727
 3424 0044 7047     		bx	lr
 3425              	.LVL188:
 3426              	.L327:
2666:Drivers/STM32U5xx_HAL_Driver/Src/stm32u5xx_hal_pwr_ex.c ****       CLEAR_BIT(PWR->PUCRC, GPIO_Pin);
 3427              		.loc 1 2666 7 is_stmt 1 view .LVU728
 3428 0046 2A4B     		ldr	r3, .L331
 3429 0048 5A6E     		ldr	r2, [r3, #100]
 3430 004a 0A43     		orrs	r2, r2, r1
 3431 004c 5A66     		str	r2, [r3, #100]
2667:Drivers/STM32U5xx_HAL_Driver/Src/stm32u5xx_hal_pwr_ex.c ****       break;
 3432              		.loc 1 2667 7 view .LVU729
 3433 004e 1A6E     		ldr	r2, [r3, #96]
 3434 0050 22EA0101 		bic	r1, r2, r1
 3435              	.LVL189:
2667:Drivers/STM32U5xx_HAL_Driver/Src/stm32u5xx_hal_pwr_ex.c ****       break;
 3436              		.loc 1 2667 7 is_stmt 0 view .LVU730
 3437 0054 1966     		str	r1, [r3, #96]
2668:Drivers/STM32U5xx_HAL_Driver/Src/stm32u5xx_hal_pwr_ex.c **** 
 3438              		.loc 1 2668 7 is_stmt 1 view .LVU731
 3439              		.loc 1 2716 10 is_stmt 0 view .LVU732
 3440 0056 0020     		movs	r0, #0
 3441              	.LVL190:
2668:Drivers/STM32U5xx_HAL_Driver/Src/stm32u5xx_hal_pwr_ex.c **** 
 3442              		.loc 1 2668 7 view .LVU733
 3443 0058 7047     		bx	lr
 3444              	.LVL191:
 3445              	.L326:
2671:Drivers/STM32U5xx_HAL_Driver/Src/stm32u5xx_hal_pwr_ex.c ****       CLEAR_BIT(PWR->PUCRD, GPIO_Pin);
 3446              		.loc 1 2671 7 is_stmt 1 view .LVU734
 3447 005a 254B     		ldr	r3, .L331
 3448 005c DA6E     		ldr	r2, [r3, #108]
 3449 005e 0A43     		orrs	r2, r2, r1
 3450 0060 DA66     		str	r2, [r3, #108]
2672:Drivers/STM32U5xx_HAL_Driver/Src/stm32u5xx_hal_pwr_ex.c ****       break;
 3451              		.loc 1 2672 7 view .LVU735
 3452 0062 9A6E     		ldr	r2, [r3, #104]
 3453 0064 22EA0101 		bic	r1, r2, r1
 3454              	.LVL192:
2672:Drivers/STM32U5xx_HAL_Driver/Src/stm32u5xx_hal_pwr_ex.c ****       break;
 3455              		.loc 1 2672 7 is_stmt 0 view .LVU736
 3456 0068 9966     		str	r1, [r3, #104]
2673:Drivers/STM32U5xx_HAL_Driver/Src/stm32u5xx_hal_pwr_ex.c **** 
ARM GAS  /var/folders/j8/bx6g0dyx2gg_pdn7l_y1sb9c0000gn/T//cc9zwmjj.s 			page 114


 3457              		.loc 1 2673 7 is_stmt 1 view .LVU737
 3458              		.loc 1 2716 10 is_stmt 0 view .LVU738
 3459 006a 0020     		movs	r0, #0
 3460              	.LVL193:
2673:Drivers/STM32U5xx_HAL_Driver/Src/stm32u5xx_hal_pwr_ex.c **** 
 3461              		.loc 1 2673 7 view .LVU739
 3462 006c 7047     		bx	lr
 3463              	.LVL194:
 3464              	.L325:
2676:Drivers/STM32U5xx_HAL_Driver/Src/stm32u5xx_hal_pwr_ex.c ****       CLEAR_BIT(PWR->PUCRE, GPIO_Pin);
 3465              		.loc 1 2676 7 is_stmt 1 view .LVU740
 3466 006e 204B     		ldr	r3, .L331
 3467 0070 5A6F     		ldr	r2, [r3, #116]
 3468 0072 0A43     		orrs	r2, r2, r1
 3469 0074 5A67     		str	r2, [r3, #116]
2677:Drivers/STM32U5xx_HAL_Driver/Src/stm32u5xx_hal_pwr_ex.c ****       break;
 3470              		.loc 1 2677 7 view .LVU741
 3471 0076 1A6F     		ldr	r2, [r3, #112]
 3472 0078 22EA0101 		bic	r1, r2, r1
 3473              	.LVL195:
2677:Drivers/STM32U5xx_HAL_Driver/Src/stm32u5xx_hal_pwr_ex.c ****       break;
 3474              		.loc 1 2677 7 is_stmt 0 view .LVU742
 3475 007c 1967     		str	r1, [r3, #112]
2678:Drivers/STM32U5xx_HAL_Driver/Src/stm32u5xx_hal_pwr_ex.c **** 
 3476              		.loc 1 2678 7 is_stmt 1 view .LVU743
 3477              		.loc 1 2716 10 is_stmt 0 view .LVU744
 3478 007e 0020     		movs	r0, #0
 3479              	.LVL196:
2678:Drivers/STM32U5xx_HAL_Driver/Src/stm32u5xx_hal_pwr_ex.c **** 
 3480              		.loc 1 2678 7 view .LVU745
 3481 0080 7047     		bx	lr
 3482              	.LVL197:
 3483              	.L324:
2682:Drivers/STM32U5xx_HAL_Driver/Src/stm32u5xx_hal_pwr_ex.c ****       CLEAR_BIT(PWR->PUCRF, GPIO_Pin);
 3484              		.loc 1 2682 7 is_stmt 1 view .LVU746
 3485 0082 1B4B     		ldr	r3, .L331
 3486 0084 DA6F     		ldr	r2, [r3, #124]
 3487 0086 0A43     		orrs	r2, r2, r1
 3488 0088 DA67     		str	r2, [r3, #124]
2683:Drivers/STM32U5xx_HAL_Driver/Src/stm32u5xx_hal_pwr_ex.c ****       break;
 3489              		.loc 1 2683 7 view .LVU747
 3490 008a 9A6F     		ldr	r2, [r3, #120]
 3491 008c 22EA0101 		bic	r1, r2, r1
 3492              	.LVL198:
2683:Drivers/STM32U5xx_HAL_Driver/Src/stm32u5xx_hal_pwr_ex.c ****       break;
 3493              		.loc 1 2683 7 is_stmt 0 view .LVU748
 3494 0090 9967     		str	r1, [r3, #120]
2684:Drivers/STM32U5xx_HAL_Driver/Src/stm32u5xx_hal_pwr_ex.c **** #endif /* PWR_PUCRF_PU0 */
 3495              		.loc 1 2684 7 is_stmt 1 view .LVU749
 3496              		.loc 1 2716 10 is_stmt 0 view .LVU750
 3497 0092 0020     		movs	r0, #0
 3498              	.LVL199:
2684:Drivers/STM32U5xx_HAL_Driver/Src/stm32u5xx_hal_pwr_ex.c **** #endif /* PWR_PUCRF_PU0 */
 3499              		.loc 1 2684 7 view .LVU751
 3500 0094 7047     		bx	lr
 3501              	.LVL200:
 3502              	.L323:
ARM GAS  /var/folders/j8/bx6g0dyx2gg_pdn7l_y1sb9c0000gn/T//cc9zwmjj.s 			page 115


2688:Drivers/STM32U5xx_HAL_Driver/Src/stm32u5xx_hal_pwr_ex.c ****       CLEAR_BIT(PWR->PUCRG, GPIO_Pin);
 3503              		.loc 1 2688 7 is_stmt 1 view .LVU752
 3504 0096 164B     		ldr	r3, .L331
 3505 0098 D3F88420 		ldr	r2, [r3, #132]
 3506 009c 0A43     		orrs	r2, r2, r1
 3507 009e C3F88420 		str	r2, [r3, #132]
2689:Drivers/STM32U5xx_HAL_Driver/Src/stm32u5xx_hal_pwr_ex.c ****       break;
 3508              		.loc 1 2689 7 view .LVU753
 3509 00a2 D3F88020 		ldr	r2, [r3, #128]
 3510 00a6 22EA0101 		bic	r1, r2, r1
 3511              	.LVL201:
2689:Drivers/STM32U5xx_HAL_Driver/Src/stm32u5xx_hal_pwr_ex.c ****       break;
 3512              		.loc 1 2689 7 is_stmt 0 view .LVU754
 3513 00aa C3F88010 		str	r1, [r3, #128]
2690:Drivers/STM32U5xx_HAL_Driver/Src/stm32u5xx_hal_pwr_ex.c **** 
 3514              		.loc 1 2690 7 is_stmt 1 view .LVU755
 3515              		.loc 1 2716 10 is_stmt 0 view .LVU756
 3516 00ae 0020     		movs	r0, #0
 3517              	.LVL202:
2690:Drivers/STM32U5xx_HAL_Driver/Src/stm32u5xx_hal_pwr_ex.c **** 
 3518              		.loc 1 2690 7 view .LVU757
 3519 00b0 7047     		bx	lr
 3520              	.LVL203:
 3521              	.L322:
2693:Drivers/STM32U5xx_HAL_Driver/Src/stm32u5xx_hal_pwr_ex.c ****       CLEAR_BIT(PWR->PUCRH, GPIO_Pin);
 3522              		.loc 1 2693 7 is_stmt 1 view .LVU758
 3523 00b2 0F4B     		ldr	r3, .L331
 3524 00b4 D3F88C20 		ldr	r2, [r3, #140]
 3525 00b8 0A43     		orrs	r2, r2, r1
 3526 00ba C3F88C20 		str	r2, [r3, #140]
2694:Drivers/STM32U5xx_HAL_Driver/Src/stm32u5xx_hal_pwr_ex.c ****       break;
 3527              		.loc 1 2694 7 view .LVU759
 3528 00be D3F88820 		ldr	r2, [r3, #136]
 3529 00c2 22EA0101 		bic	r1, r2, r1
 3530              	.LVL204:
2694:Drivers/STM32U5xx_HAL_Driver/Src/stm32u5xx_hal_pwr_ex.c ****       break;
 3531              		.loc 1 2694 7 is_stmt 0 view .LVU760
 3532 00c6 C3F88810 		str	r1, [r3, #136]
2695:Drivers/STM32U5xx_HAL_Driver/Src/stm32u5xx_hal_pwr_ex.c **** 
 3533              		.loc 1 2695 7 is_stmt 1 view .LVU761
 3534              		.loc 1 2716 10 is_stmt 0 view .LVU762
 3535 00ca 0020     		movs	r0, #0
 3536              	.LVL205:
2695:Drivers/STM32U5xx_HAL_Driver/Src/stm32u5xx_hal_pwr_ex.c **** 
 3537              		.loc 1 2695 7 view .LVU763
 3538 00cc 7047     		bx	lr
 3539              	.LVL206:
 3540              	.L320:
2699:Drivers/STM32U5xx_HAL_Driver/Src/stm32u5xx_hal_pwr_ex.c ****       CLEAR_BIT(PWR->PUCRI, (GPIO_Pin & PWR_PORTI_AVAILABLE_PINS));
 3541              		.loc 1 2699 7 is_stmt 1 view .LVU764
 3542 00ce 084B     		ldr	r3, .L331
 3543 00d0 D3F89420 		ldr	r2, [r3, #148]
 3544 00d4 C9B2     		uxtb	r1, r1
 3545              	.LVL207:
2699:Drivers/STM32U5xx_HAL_Driver/Src/stm32u5xx_hal_pwr_ex.c ****       CLEAR_BIT(PWR->PUCRI, (GPIO_Pin & PWR_PORTI_AVAILABLE_PINS));
 3546              		.loc 1 2699 7 is_stmt 0 view .LVU765
 3547 00d6 0A43     		orrs	r2, r2, r1
ARM GAS  /var/folders/j8/bx6g0dyx2gg_pdn7l_y1sb9c0000gn/T//cc9zwmjj.s 			page 116


 3548 00d8 C3F89420 		str	r2, [r3, #148]
2700:Drivers/STM32U5xx_HAL_Driver/Src/stm32u5xx_hal_pwr_ex.c ****       break;
 3549              		.loc 1 2700 7 is_stmt 1 view .LVU766
 3550 00dc D3F89020 		ldr	r2, [r3, #144]
 3551 00e0 22EA0101 		bic	r1, r2, r1
 3552 00e4 C3F89010 		str	r1, [r3, #144]
2701:Drivers/STM32U5xx_HAL_Driver/Src/stm32u5xx_hal_pwr_ex.c **** #endif /* PWR_PUCRI_PU0 */
 3553              		.loc 1 2701 7 view .LVU767
 3554              		.loc 1 2716 10 is_stmt 0 view .LVU768
 3555 00e8 0020     		movs	r0, #0
 3556              	.LVL208:
2701:Drivers/STM32U5xx_HAL_Driver/Src/stm32u5xx_hal_pwr_ex.c **** #endif /* PWR_PUCRI_PU0 */
 3557              		.loc 1 2701 7 view .LVU769
 3558 00ea 7047     		bx	lr
 3559              	.LVL209:
 3560              	.L330:
2653:Drivers/STM32U5xx_HAL_Driver/Src/stm32u5xx_hal_pwr_ex.c ****   {
 3561              		.loc 1 2653 3 view .LVU770
 3562 00ec 0120     		movs	r0, #1
 3563              	.LVL210:
2717:Drivers/STM32U5xx_HAL_Driver/Src/stm32u5xx_hal_pwr_ex.c **** }
 3564              		.loc 1 2717 1 view .LVU771
 3565 00ee 7047     		bx	lr
 3566              	.L332:
 3567              		.align	2
 3568              	.L331:
 3569 00f0 00080246 		.word	1174538240
 3570              		.cfi_endproc
 3571              	.LFE216:
 3573              		.section	.text.HAL_PWREx_DisableGPIOPullDown,"ax",%progbits
 3574              		.align	1
 3575              		.global	HAL_PWREx_DisableGPIOPullDown
 3576              		.syntax unified
 3577              		.thumb
 3578              		.thumb_func
 3580              	HAL_PWREx_DisableGPIOPullDown:
 3581              	.LVL211:
 3582              	.LFB217:
2718:Drivers/STM32U5xx_HAL_Driver/Src/stm32u5xx_hal_pwr_ex.c **** 
2719:Drivers/STM32U5xx_HAL_Driver/Src/stm32u5xx_hal_pwr_ex.c **** /**
2720:Drivers/STM32U5xx_HAL_Driver/Src/stm32u5xx_hal_pwr_ex.c ****   * @brief Disable GPIO pull-down state in Standby and Shutdown modes.
2721:Drivers/STM32U5xx_HAL_Driver/Src/stm32u5xx_hal_pwr_ex.c ****   * @note  Reset the relevant PDy bits of PWR_PDCRx register used to configure the I/O
2722:Drivers/STM32U5xx_HAL_Driver/Src/stm32u5xx_hal_pwr_ex.c ****   *        in pull-down state in Standby and Shutdown modes.
2723:Drivers/STM32U5xx_HAL_Driver/Src/stm32u5xx_hal_pwr_ex.c ****   * @note  Even if a PDy bit to reset is reserved, the other PDy bits entered as input
2724:Drivers/STM32U5xx_HAL_Driver/Src/stm32u5xx_hal_pwr_ex.c ****   *        parameter at the same time are reset.
2725:Drivers/STM32U5xx_HAL_Driver/Src/stm32u5xx_hal_pwr_ex.c ****   * @param  GPIO_Port : Specify the IO port.
2726:Drivers/STM32U5xx_HAL_Driver/Src/stm32u5xx_hal_pwr_ex.c ****   *                     This parameter can be a value of
2727:Drivers/STM32U5xx_HAL_Driver/Src/stm32u5xx_hal_pwr_ex.c ****   *                     @ref PWREx_GPIO_Port.
2728:Drivers/STM32U5xx_HAL_Driver/Src/stm32u5xx_hal_pwr_ex.c ****   * @param  GPIO_Pin  : Specify the I/O pins numbers.
2729:Drivers/STM32U5xx_HAL_Driver/Src/stm32u5xx_hal_pwr_ex.c ****   *                     This parameter can be a value of
2730:Drivers/STM32U5xx_HAL_Driver/Src/stm32u5xx_hal_pwr_ex.c ****   *                     @ref PWREx_GPIO_Pin_Mask.
2731:Drivers/STM32U5xx_HAL_Driver/Src/stm32u5xx_hal_pwr_ex.c ****   * @retval HAL Status.
2732:Drivers/STM32U5xx_HAL_Driver/Src/stm32u5xx_hal_pwr_ex.c ****   */
2733:Drivers/STM32U5xx_HAL_Driver/Src/stm32u5xx_hal_pwr_ex.c **** HAL_StatusTypeDef HAL_PWREx_DisableGPIOPullDown(uint32_t GPIO_Port, uint32_t GPIO_Pin)
2734:Drivers/STM32U5xx_HAL_Driver/Src/stm32u5xx_hal_pwr_ex.c **** {
 3583              		.loc 1 2734 1 is_stmt 1 view -0
 3584              		.cfi_startproc
ARM GAS  /var/folders/j8/bx6g0dyx2gg_pdn7l_y1sb9c0000gn/T//cc9zwmjj.s 			page 117


 3585              		@ args = 0, pretend = 0, frame = 0
 3586              		@ frame_needed = 0, uses_anonymous_args = 0
 3587              		@ link register save eliminated.
2735:Drivers/STM32U5xx_HAL_Driver/Src/stm32u5xx_hal_pwr_ex.c ****   /* Check the parameters */
2736:Drivers/STM32U5xx_HAL_Driver/Src/stm32u5xx_hal_pwr_ex.c ****   assert_param(IS_PWR_GPIO_PORT(GPIO_Port));
 3588              		.loc 1 2736 3 view .LVU773
2737:Drivers/STM32U5xx_HAL_Driver/Src/stm32u5xx_hal_pwr_ex.c ****   assert_param(IS_PWR_GPIO_PIN_MASK(GPIO_Pin));
 3589              		.loc 1 2737 3 view .LVU774
2738:Drivers/STM32U5xx_HAL_Driver/Src/stm32u5xx_hal_pwr_ex.c **** 
2739:Drivers/STM32U5xx_HAL_Driver/Src/stm32u5xx_hal_pwr_ex.c ****   /* Check GPIO port */
2740:Drivers/STM32U5xx_HAL_Driver/Src/stm32u5xx_hal_pwr_ex.c ****   switch (GPIO_Port)
 3590              		.loc 1 2740 3 view .LVU775
 3591 0000 0828     		cmp	r0, #8
 3592 0002 50D8     		bhi	.L345
 3593 0004 DFE800F0 		tbb	[pc, r0]
 3594              	.L336:
 3595 0008 05       		.byte	(.L344-.L336)/2
 3596 0009 0E       		.byte	(.L343-.L336)/2
 3597 000a 17       		.byte	(.L342-.L336)/2
 3598 000b 1E       		.byte	(.L341-.L336)/2
 3599 000c 25       		.byte	(.L340-.L336)/2
 3600 000d 2C       		.byte	(.L339-.L336)/2
 3601 000e 33       		.byte	(.L338-.L336)/2
 3602 000f 3C       		.byte	(.L337-.L336)/2
 3603 0010 45       		.byte	(.L335-.L336)/2
 3604 0011 00       		.p2align 1
 3605              	.L344:
2741:Drivers/STM32U5xx_HAL_Driver/Src/stm32u5xx_hal_pwr_ex.c ****   {
2742:Drivers/STM32U5xx_HAL_Driver/Src/stm32u5xx_hal_pwr_ex.c ****     case PWR_GPIO_A: /* Disable Pull Down for GPIO port A */
2743:Drivers/STM32U5xx_HAL_Driver/Src/stm32u5xx_hal_pwr_ex.c ****       CLEAR_BIT(PWR->PDCRA, (GPIO_Pin & (~(PWR_GPIO_BIT_13 | PWR_GPIO_BIT_15))));
 3606              		.loc 1 2743 7 view .LVU776
 3607 0012 264A     		ldr	r2, .L346
 3608 0014 536D     		ldr	r3, [r2, #84]
 3609 0016 21F42041 		bic	r1, r1, #40960
 3610              	.LVL212:
 3611              		.loc 1 2743 7 is_stmt 0 view .LVU777
 3612 001a 23EA0101 		bic	r1, r3, r1
 3613 001e 5165     		str	r1, [r2, #84]
2744:Drivers/STM32U5xx_HAL_Driver/Src/stm32u5xx_hal_pwr_ex.c ****       break;
 3614              		.loc 1 2744 7 is_stmt 1 view .LVU778
2745:Drivers/STM32U5xx_HAL_Driver/Src/stm32u5xx_hal_pwr_ex.c **** 
2746:Drivers/STM32U5xx_HAL_Driver/Src/stm32u5xx_hal_pwr_ex.c ****     case PWR_GPIO_B: /* Disable Pull Down for GPIO port B */
2747:Drivers/STM32U5xx_HAL_Driver/Src/stm32u5xx_hal_pwr_ex.c ****       CLEAR_BIT(PWR->PDCRB, (GPIO_Pin & (~(PWR_GPIO_BIT_4))));
2748:Drivers/STM32U5xx_HAL_Driver/Src/stm32u5xx_hal_pwr_ex.c ****       break;
2749:Drivers/STM32U5xx_HAL_Driver/Src/stm32u5xx_hal_pwr_ex.c **** 
2750:Drivers/STM32U5xx_HAL_Driver/Src/stm32u5xx_hal_pwr_ex.c ****     case PWR_GPIO_C: /* Disable Pull Down for GPIO port C */
2751:Drivers/STM32U5xx_HAL_Driver/Src/stm32u5xx_hal_pwr_ex.c ****       CLEAR_BIT(PWR->PDCRC, GPIO_Pin);
2752:Drivers/STM32U5xx_HAL_Driver/Src/stm32u5xx_hal_pwr_ex.c ****       break;
2753:Drivers/STM32U5xx_HAL_Driver/Src/stm32u5xx_hal_pwr_ex.c **** 
2754:Drivers/STM32U5xx_HAL_Driver/Src/stm32u5xx_hal_pwr_ex.c ****     case PWR_GPIO_D: /* Disable Pull Down for GPIO port D */
2755:Drivers/STM32U5xx_HAL_Driver/Src/stm32u5xx_hal_pwr_ex.c ****       CLEAR_BIT(PWR->PDCRD, GPIO_Pin);
2756:Drivers/STM32U5xx_HAL_Driver/Src/stm32u5xx_hal_pwr_ex.c ****       break;
2757:Drivers/STM32U5xx_HAL_Driver/Src/stm32u5xx_hal_pwr_ex.c **** 
2758:Drivers/STM32U5xx_HAL_Driver/Src/stm32u5xx_hal_pwr_ex.c ****     case PWR_GPIO_E: /* Disable Pull Down for GPIO port E */
2759:Drivers/STM32U5xx_HAL_Driver/Src/stm32u5xx_hal_pwr_ex.c ****       CLEAR_BIT(PWR->PDCRE, GPIO_Pin);
2760:Drivers/STM32U5xx_HAL_Driver/Src/stm32u5xx_hal_pwr_ex.c ****       break;
2761:Drivers/STM32U5xx_HAL_Driver/Src/stm32u5xx_hal_pwr_ex.c **** 
ARM GAS  /var/folders/j8/bx6g0dyx2gg_pdn7l_y1sb9c0000gn/T//cc9zwmjj.s 			page 118


2762:Drivers/STM32U5xx_HAL_Driver/Src/stm32u5xx_hal_pwr_ex.c **** #ifdef PWR_PUCRF_PU0
2763:Drivers/STM32U5xx_HAL_Driver/Src/stm32u5xx_hal_pwr_ex.c ****     case PWR_GPIO_F: /* Disable Pull Down for GPIO port F */
2764:Drivers/STM32U5xx_HAL_Driver/Src/stm32u5xx_hal_pwr_ex.c ****       CLEAR_BIT(PWR->PDCRF, GPIO_Pin);
2765:Drivers/STM32U5xx_HAL_Driver/Src/stm32u5xx_hal_pwr_ex.c ****       break;
2766:Drivers/STM32U5xx_HAL_Driver/Src/stm32u5xx_hal_pwr_ex.c **** #endif /* PWR_PUCRF_PU0 */
2767:Drivers/STM32U5xx_HAL_Driver/Src/stm32u5xx_hal_pwr_ex.c **** 
2768:Drivers/STM32U5xx_HAL_Driver/Src/stm32u5xx_hal_pwr_ex.c ****     case PWR_GPIO_G: /* Disable Pull Down for GPIO port G */
2769:Drivers/STM32U5xx_HAL_Driver/Src/stm32u5xx_hal_pwr_ex.c ****       CLEAR_BIT(PWR->PDCRG, GPIO_Pin);
2770:Drivers/STM32U5xx_HAL_Driver/Src/stm32u5xx_hal_pwr_ex.c ****       break;
2771:Drivers/STM32U5xx_HAL_Driver/Src/stm32u5xx_hal_pwr_ex.c **** 
2772:Drivers/STM32U5xx_HAL_Driver/Src/stm32u5xx_hal_pwr_ex.c ****     case PWR_GPIO_H: /* Disable Pull Down for GPIO port H */
2773:Drivers/STM32U5xx_HAL_Driver/Src/stm32u5xx_hal_pwr_ex.c ****       CLEAR_BIT(PWR->PDCRH, GPIO_Pin);
2774:Drivers/STM32U5xx_HAL_Driver/Src/stm32u5xx_hal_pwr_ex.c ****       break;
2775:Drivers/STM32U5xx_HAL_Driver/Src/stm32u5xx_hal_pwr_ex.c **** 
2776:Drivers/STM32U5xx_HAL_Driver/Src/stm32u5xx_hal_pwr_ex.c **** #ifdef PWR_PUCRI_PU0
2777:Drivers/STM32U5xx_HAL_Driver/Src/stm32u5xx_hal_pwr_ex.c ****     case PWR_GPIO_I: /* Disable Pull Down for GPIO port I */
2778:Drivers/STM32U5xx_HAL_Driver/Src/stm32u5xx_hal_pwr_ex.c ****       CLEAR_BIT(PWR->PDCRI, (GPIO_Pin & PWR_PORTI_AVAILABLE_PINS));
2779:Drivers/STM32U5xx_HAL_Driver/Src/stm32u5xx_hal_pwr_ex.c ****       break;
2780:Drivers/STM32U5xx_HAL_Driver/Src/stm32u5xx_hal_pwr_ex.c **** #endif /* PWR_PUCRI_PU0 */
2781:Drivers/STM32U5xx_HAL_Driver/Src/stm32u5xx_hal_pwr_ex.c **** 
2782:Drivers/STM32U5xx_HAL_Driver/Src/stm32u5xx_hal_pwr_ex.c **** #if defined (PWR_PUCRJ_PU0)
2783:Drivers/STM32U5xx_HAL_Driver/Src/stm32u5xx_hal_pwr_ex.c ****     case PWR_GPIO_J: /* Disable Pull Down for GPIO port J */
2784:Drivers/STM32U5xx_HAL_Driver/Src/stm32u5xx_hal_pwr_ex.c ****       CLEAR_BIT(PWR->PDCRJ, (GPIO_Pin & PWR_PORTJ_AVAILABLE_PINS));
2785:Drivers/STM32U5xx_HAL_Driver/Src/stm32u5xx_hal_pwr_ex.c ****       break;
2786:Drivers/STM32U5xx_HAL_Driver/Src/stm32u5xx_hal_pwr_ex.c **** #endif /* defined (PWR_PUCRJ_PU0) */
2787:Drivers/STM32U5xx_HAL_Driver/Src/stm32u5xx_hal_pwr_ex.c **** 
2788:Drivers/STM32U5xx_HAL_Driver/Src/stm32u5xx_hal_pwr_ex.c ****     default:
2789:Drivers/STM32U5xx_HAL_Driver/Src/stm32u5xx_hal_pwr_ex.c ****       return HAL_ERROR;
2790:Drivers/STM32U5xx_HAL_Driver/Src/stm32u5xx_hal_pwr_ex.c ****       break;
2791:Drivers/STM32U5xx_HAL_Driver/Src/stm32u5xx_hal_pwr_ex.c ****   }
2792:Drivers/STM32U5xx_HAL_Driver/Src/stm32u5xx_hal_pwr_ex.c **** 
2793:Drivers/STM32U5xx_HAL_Driver/Src/stm32u5xx_hal_pwr_ex.c ****   return HAL_OK;
 3615              		.loc 1 2793 10 is_stmt 0 view .LVU779
 3616 0020 0020     		movs	r0, #0
 3617              	.LVL213:
2744:Drivers/STM32U5xx_HAL_Driver/Src/stm32u5xx_hal_pwr_ex.c ****       break;
 3618              		.loc 1 2744 7 view .LVU780
 3619 0022 7047     		bx	lr
 3620              	.LVL214:
 3621              	.L343:
2747:Drivers/STM32U5xx_HAL_Driver/Src/stm32u5xx_hal_pwr_ex.c ****       break;
 3622              		.loc 1 2747 7 is_stmt 1 view .LVU781
 3623 0024 214A     		ldr	r2, .L346
 3624 0026 D36D     		ldr	r3, [r2, #92]
 3625 0028 21F01001 		bic	r1, r1, #16
 3626              	.LVL215:
2747:Drivers/STM32U5xx_HAL_Driver/Src/stm32u5xx_hal_pwr_ex.c ****       break;
 3627              		.loc 1 2747 7 is_stmt 0 view .LVU782
 3628 002c 23EA0101 		bic	r1, r3, r1
 3629 0030 D165     		str	r1, [r2, #92]
2748:Drivers/STM32U5xx_HAL_Driver/Src/stm32u5xx_hal_pwr_ex.c **** 
 3630              		.loc 1 2748 7 is_stmt 1 view .LVU783
 3631              		.loc 1 2793 10 is_stmt 0 view .LVU784
 3632 0032 0020     		movs	r0, #0
 3633              	.LVL216:
2748:Drivers/STM32U5xx_HAL_Driver/Src/stm32u5xx_hal_pwr_ex.c **** 
 3634              		.loc 1 2748 7 view .LVU785
ARM GAS  /var/folders/j8/bx6g0dyx2gg_pdn7l_y1sb9c0000gn/T//cc9zwmjj.s 			page 119


 3635 0034 7047     		bx	lr
 3636              	.LVL217:
 3637              	.L342:
2751:Drivers/STM32U5xx_HAL_Driver/Src/stm32u5xx_hal_pwr_ex.c ****       break;
 3638              		.loc 1 2751 7 is_stmt 1 view .LVU786
 3639 0036 1D4A     		ldr	r2, .L346
 3640 0038 536E     		ldr	r3, [r2, #100]
 3641 003a 23EA0101 		bic	r1, r3, r1
 3642              	.LVL218:
2751:Drivers/STM32U5xx_HAL_Driver/Src/stm32u5xx_hal_pwr_ex.c ****       break;
 3643              		.loc 1 2751 7 is_stmt 0 view .LVU787
 3644 003e 5166     		str	r1, [r2, #100]
2752:Drivers/STM32U5xx_HAL_Driver/Src/stm32u5xx_hal_pwr_ex.c **** 
 3645              		.loc 1 2752 7 is_stmt 1 view .LVU788
 3646              		.loc 1 2793 10 is_stmt 0 view .LVU789
 3647 0040 0020     		movs	r0, #0
 3648              	.LVL219:
2752:Drivers/STM32U5xx_HAL_Driver/Src/stm32u5xx_hal_pwr_ex.c **** 
 3649              		.loc 1 2752 7 view .LVU790
 3650 0042 7047     		bx	lr
 3651              	.LVL220:
 3652              	.L341:
2755:Drivers/STM32U5xx_HAL_Driver/Src/stm32u5xx_hal_pwr_ex.c ****       break;
 3653              		.loc 1 2755 7 is_stmt 1 view .LVU791
 3654 0044 194A     		ldr	r2, .L346
 3655 0046 D36E     		ldr	r3, [r2, #108]
 3656 0048 23EA0101 		bic	r1, r3, r1
 3657              	.LVL221:
2755:Drivers/STM32U5xx_HAL_Driver/Src/stm32u5xx_hal_pwr_ex.c ****       break;
 3658              		.loc 1 2755 7 is_stmt 0 view .LVU792
 3659 004c D166     		str	r1, [r2, #108]
2756:Drivers/STM32U5xx_HAL_Driver/Src/stm32u5xx_hal_pwr_ex.c **** 
 3660              		.loc 1 2756 7 is_stmt 1 view .LVU793
 3661              		.loc 1 2793 10 is_stmt 0 view .LVU794
 3662 004e 0020     		movs	r0, #0
 3663              	.LVL222:
2756:Drivers/STM32U5xx_HAL_Driver/Src/stm32u5xx_hal_pwr_ex.c **** 
 3664              		.loc 1 2756 7 view .LVU795
 3665 0050 7047     		bx	lr
 3666              	.LVL223:
 3667              	.L340:
2759:Drivers/STM32U5xx_HAL_Driver/Src/stm32u5xx_hal_pwr_ex.c ****       break;
 3668              		.loc 1 2759 7 is_stmt 1 view .LVU796
 3669 0052 164A     		ldr	r2, .L346
 3670 0054 536F     		ldr	r3, [r2, #116]
 3671 0056 23EA0101 		bic	r1, r3, r1
 3672              	.LVL224:
2759:Drivers/STM32U5xx_HAL_Driver/Src/stm32u5xx_hal_pwr_ex.c ****       break;
 3673              		.loc 1 2759 7 is_stmt 0 view .LVU797
 3674 005a 5167     		str	r1, [r2, #116]
2760:Drivers/STM32U5xx_HAL_Driver/Src/stm32u5xx_hal_pwr_ex.c **** 
 3675              		.loc 1 2760 7 is_stmt 1 view .LVU798
 3676              		.loc 1 2793 10 is_stmt 0 view .LVU799
 3677 005c 0020     		movs	r0, #0
 3678              	.LVL225:
2760:Drivers/STM32U5xx_HAL_Driver/Src/stm32u5xx_hal_pwr_ex.c **** 
 3679              		.loc 1 2760 7 view .LVU800
ARM GAS  /var/folders/j8/bx6g0dyx2gg_pdn7l_y1sb9c0000gn/T//cc9zwmjj.s 			page 120


 3680 005e 7047     		bx	lr
 3681              	.LVL226:
 3682              	.L339:
2764:Drivers/STM32U5xx_HAL_Driver/Src/stm32u5xx_hal_pwr_ex.c ****       break;
 3683              		.loc 1 2764 7 is_stmt 1 view .LVU801
 3684 0060 124A     		ldr	r2, .L346
 3685 0062 D36F     		ldr	r3, [r2, #124]
 3686 0064 23EA0101 		bic	r1, r3, r1
 3687              	.LVL227:
2764:Drivers/STM32U5xx_HAL_Driver/Src/stm32u5xx_hal_pwr_ex.c ****       break;
 3688              		.loc 1 2764 7 is_stmt 0 view .LVU802
 3689 0068 D167     		str	r1, [r2, #124]
2765:Drivers/STM32U5xx_HAL_Driver/Src/stm32u5xx_hal_pwr_ex.c **** #endif /* PWR_PUCRF_PU0 */
 3690              		.loc 1 2765 7 is_stmt 1 view .LVU803
 3691              		.loc 1 2793 10 is_stmt 0 view .LVU804
 3692 006a 0020     		movs	r0, #0
 3693              	.LVL228:
2765:Drivers/STM32U5xx_HAL_Driver/Src/stm32u5xx_hal_pwr_ex.c **** #endif /* PWR_PUCRF_PU0 */
 3694              		.loc 1 2765 7 view .LVU805
 3695 006c 7047     		bx	lr
 3696              	.LVL229:
 3697              	.L338:
2769:Drivers/STM32U5xx_HAL_Driver/Src/stm32u5xx_hal_pwr_ex.c ****       break;
 3698              		.loc 1 2769 7 is_stmt 1 view .LVU806
 3699 006e 0F4A     		ldr	r2, .L346
 3700 0070 D2F88430 		ldr	r3, [r2, #132]
 3701 0074 23EA0101 		bic	r1, r3, r1
 3702              	.LVL230:
2769:Drivers/STM32U5xx_HAL_Driver/Src/stm32u5xx_hal_pwr_ex.c ****       break;
 3703              		.loc 1 2769 7 is_stmt 0 view .LVU807
 3704 0078 C2F88410 		str	r1, [r2, #132]
2770:Drivers/STM32U5xx_HAL_Driver/Src/stm32u5xx_hal_pwr_ex.c **** 
 3705              		.loc 1 2770 7 is_stmt 1 view .LVU808
 3706              		.loc 1 2793 10 is_stmt 0 view .LVU809
 3707 007c 0020     		movs	r0, #0
 3708              	.LVL231:
2770:Drivers/STM32U5xx_HAL_Driver/Src/stm32u5xx_hal_pwr_ex.c **** 
 3709              		.loc 1 2770 7 view .LVU810
 3710 007e 7047     		bx	lr
 3711              	.LVL232:
 3712              	.L337:
2773:Drivers/STM32U5xx_HAL_Driver/Src/stm32u5xx_hal_pwr_ex.c ****       break;
 3713              		.loc 1 2773 7 is_stmt 1 view .LVU811
 3714 0080 0A4A     		ldr	r2, .L346
 3715 0082 D2F88C30 		ldr	r3, [r2, #140]
 3716 0086 23EA0101 		bic	r1, r3, r1
 3717              	.LVL233:
2773:Drivers/STM32U5xx_HAL_Driver/Src/stm32u5xx_hal_pwr_ex.c ****       break;
 3718              		.loc 1 2773 7 is_stmt 0 view .LVU812
 3719 008a C2F88C10 		str	r1, [r2, #140]
2774:Drivers/STM32U5xx_HAL_Driver/Src/stm32u5xx_hal_pwr_ex.c **** 
 3720              		.loc 1 2774 7 is_stmt 1 view .LVU813
 3721              		.loc 1 2793 10 is_stmt 0 view .LVU814
 3722 008e 0020     		movs	r0, #0
 3723              	.LVL234:
2774:Drivers/STM32U5xx_HAL_Driver/Src/stm32u5xx_hal_pwr_ex.c **** 
 3724              		.loc 1 2774 7 view .LVU815
ARM GAS  /var/folders/j8/bx6g0dyx2gg_pdn7l_y1sb9c0000gn/T//cc9zwmjj.s 			page 121


 3725 0090 7047     		bx	lr
 3726              	.LVL235:
 3727              	.L335:
2778:Drivers/STM32U5xx_HAL_Driver/Src/stm32u5xx_hal_pwr_ex.c ****       break;
 3728              		.loc 1 2778 7 is_stmt 1 view .LVU816
 3729 0092 064A     		ldr	r2, .L346
 3730 0094 D2F89430 		ldr	r3, [r2, #148]
 3731 0098 C9B2     		uxtb	r1, r1
 3732              	.LVL236:
2778:Drivers/STM32U5xx_HAL_Driver/Src/stm32u5xx_hal_pwr_ex.c ****       break;
 3733              		.loc 1 2778 7 is_stmt 0 view .LVU817
 3734 009a 23EA0101 		bic	r1, r3, r1
 3735 009e C2F89410 		str	r1, [r2, #148]
2779:Drivers/STM32U5xx_HAL_Driver/Src/stm32u5xx_hal_pwr_ex.c **** #endif /* PWR_PUCRI_PU0 */
 3736              		.loc 1 2779 7 is_stmt 1 view .LVU818
 3737              		.loc 1 2793 10 is_stmt 0 view .LVU819
 3738 00a2 0020     		movs	r0, #0
 3739              	.LVL237:
2779:Drivers/STM32U5xx_HAL_Driver/Src/stm32u5xx_hal_pwr_ex.c **** #endif /* PWR_PUCRI_PU0 */
 3740              		.loc 1 2779 7 view .LVU820
 3741 00a4 7047     		bx	lr
 3742              	.LVL238:
 3743              	.L345:
2740:Drivers/STM32U5xx_HAL_Driver/Src/stm32u5xx_hal_pwr_ex.c ****   {
 3744              		.loc 1 2740 3 view .LVU821
 3745 00a6 0120     		movs	r0, #1
 3746              	.LVL239:
2794:Drivers/STM32U5xx_HAL_Driver/Src/stm32u5xx_hal_pwr_ex.c **** }
 3747              		.loc 1 2794 1 view .LVU822
 3748 00a8 7047     		bx	lr
 3749              	.L347:
 3750 00aa 00BF     		.align	2
 3751              	.L346:
 3752 00ac 00080246 		.word	1174538240
 3753              		.cfi_endproc
 3754              	.LFE217:
 3756              		.text
 3757              	.Letext0:
 3758              		.file 2 "/opt/homebrew/Cellar/arm-none-eabi-gcc/10.3-2021.10/gcc/arm-none-eabi/include/machine/_de
 3759              		.file 3 "/opt/homebrew/Cellar/arm-none-eabi-gcc/10.3-2021.10/gcc/arm-none-eabi/include/sys/_stdint
 3760              		.file 4 "Drivers/CMSIS/Include/core_cm33.h"
 3761              		.file 5 "Drivers/CMSIS/Device/ST/STM32U5xx/Include/stm32u585xx.h"
 3762              		.file 6 "Drivers/STM32U5xx_HAL_Driver/Inc/stm32u5xx_hal_def.h"
 3763              		.file 7 "Drivers/STM32U5xx_HAL_Driver/Inc/stm32u5xx_hal_pwr_ex.h"
 3764              		.file 8 "Drivers/CMSIS/Device/ST/STM32U5xx/Include/system_stm32u5xx.h"
 3765              		.file 9 "Drivers/STM32U5xx_HAL_Driver/Inc/stm32u5xx_hal_pwr.h"
ARM GAS  /var/folders/j8/bx6g0dyx2gg_pdn7l_y1sb9c0000gn/T//cc9zwmjj.s 			page 122


DEFINED SYMBOLS
                            *ABS*:0000000000000000 stm32u5xx_hal_pwr_ex.c
/var/folders/j8/bx6g0dyx2gg_pdn7l_y1sb9c0000gn/T//cc9zwmjj.s:21     .text.HAL_PWREx_ControlVoltageScaling:0000000000000000 $t
/var/folders/j8/bx6g0dyx2gg_pdn7l_y1sb9c0000gn/T//cc9zwmjj.s:27     .text.HAL_PWREx_ControlVoltageScaling:0000000000000000 HAL_PWREx_ControlVoltageScaling
/var/folders/j8/bx6g0dyx2gg_pdn7l_y1sb9c0000gn/T//cc9zwmjj.s:176    .text.HAL_PWREx_ControlVoltageScaling:0000000000000094 $d
/var/folders/j8/bx6g0dyx2gg_pdn7l_y1sb9c0000gn/T//cc9zwmjj.s:183    .text.HAL_PWREx_GetVoltageRange:0000000000000000 $t
/var/folders/j8/bx6g0dyx2gg_pdn7l_y1sb9c0000gn/T//cc9zwmjj.s:189    .text.HAL_PWREx_GetVoltageRange:0000000000000000 HAL_PWREx_GetVoltageRange
/var/folders/j8/bx6g0dyx2gg_pdn7l_y1sb9c0000gn/T//cc9zwmjj.s:206    .text.HAL_PWREx_GetVoltageRange:000000000000000c $d
/var/folders/j8/bx6g0dyx2gg_pdn7l_y1sb9c0000gn/T//cc9zwmjj.s:211    .text.HAL_PWREx_ConfigSupply:0000000000000000 $t
/var/folders/j8/bx6g0dyx2gg_pdn7l_y1sb9c0000gn/T//cc9zwmjj.s:217    .text.HAL_PWREx_ConfigSupply:0000000000000000 HAL_PWREx_ConfigSupply
/var/folders/j8/bx6g0dyx2gg_pdn7l_y1sb9c0000gn/T//cc9zwmjj.s:315    .text.HAL_PWREx_ConfigSupply:0000000000000060 $d
/var/folders/j8/bx6g0dyx2gg_pdn7l_y1sb9c0000gn/T//cc9zwmjj.s:322    .text.HAL_PWREx_GetSupplyConfig:0000000000000000 $t
/var/folders/j8/bx6g0dyx2gg_pdn7l_y1sb9c0000gn/T//cc9zwmjj.s:328    .text.HAL_PWREx_GetSupplyConfig:0000000000000000 HAL_PWREx_GetSupplyConfig
/var/folders/j8/bx6g0dyx2gg_pdn7l_y1sb9c0000gn/T//cc9zwmjj.s:345    .text.HAL_PWREx_GetSupplyConfig:000000000000000c $d
/var/folders/j8/bx6g0dyx2gg_pdn7l_y1sb9c0000gn/T//cc9zwmjj.s:350    .text.HAL_PWREx_EnableFastSoftStart:0000000000000000 $t
/var/folders/j8/bx6g0dyx2gg_pdn7l_y1sb9c0000gn/T//cc9zwmjj.s:356    .text.HAL_PWREx_EnableFastSoftStart:0000000000000000 HAL_PWREx_EnableFastSoftStart
/var/folders/j8/bx6g0dyx2gg_pdn7l_y1sb9c0000gn/T//cc9zwmjj.s:373    .text.HAL_PWREx_EnableFastSoftStart:000000000000000c $d
/var/folders/j8/bx6g0dyx2gg_pdn7l_y1sb9c0000gn/T//cc9zwmjj.s:378    .text.HAL_PWREx_DisableFastSoftStart:0000000000000000 $t
/var/folders/j8/bx6g0dyx2gg_pdn7l_y1sb9c0000gn/T//cc9zwmjj.s:384    .text.HAL_PWREx_DisableFastSoftStart:0000000000000000 HAL_PWREx_DisableFastSoftStart
/var/folders/j8/bx6g0dyx2gg_pdn7l_y1sb9c0000gn/T//cc9zwmjj.s:401    .text.HAL_PWREx_DisableFastSoftStart:000000000000000c $d
/var/folders/j8/bx6g0dyx2gg_pdn7l_y1sb9c0000gn/T//cc9zwmjj.s:406    .text.HAL_PWREx_EnterSTOP1Mode:0000000000000000 $t
/var/folders/j8/bx6g0dyx2gg_pdn7l_y1sb9c0000gn/T//cc9zwmjj.s:412    .text.HAL_PWREx_EnterSTOP1Mode:0000000000000000 HAL_PWREx_EnterSTOP1Mode
/var/folders/j8/bx6g0dyx2gg_pdn7l_y1sb9c0000gn/T//cc9zwmjj.s:471    .text.HAL_PWREx_EnterSTOP1Mode:0000000000000034 $d
/var/folders/j8/bx6g0dyx2gg_pdn7l_y1sb9c0000gn/T//cc9zwmjj.s:477    .text.HAL_PWREx_EnterSTOP2Mode:0000000000000000 $t
/var/folders/j8/bx6g0dyx2gg_pdn7l_y1sb9c0000gn/T//cc9zwmjj.s:483    .text.HAL_PWREx_EnterSTOP2Mode:0000000000000000 HAL_PWREx_EnterSTOP2Mode
/var/folders/j8/bx6g0dyx2gg_pdn7l_y1sb9c0000gn/T//cc9zwmjj.s:542    .text.HAL_PWREx_EnterSTOP2Mode:0000000000000034 $d
/var/folders/j8/bx6g0dyx2gg_pdn7l_y1sb9c0000gn/T//cc9zwmjj.s:548    .text.HAL_PWREx_EnterSTOP3Mode:0000000000000000 $t
/var/folders/j8/bx6g0dyx2gg_pdn7l_y1sb9c0000gn/T//cc9zwmjj.s:554    .text.HAL_PWREx_EnterSTOP3Mode:0000000000000000 HAL_PWREx_EnterSTOP3Mode
/var/folders/j8/bx6g0dyx2gg_pdn7l_y1sb9c0000gn/T//cc9zwmjj.s:613    .text.HAL_PWREx_EnterSTOP3Mode:0000000000000034 $d
/var/folders/j8/bx6g0dyx2gg_pdn7l_y1sb9c0000gn/T//cc9zwmjj.s:619    .text.HAL_PWREx_EnterSHUTDOWNMode:0000000000000000 $t
/var/folders/j8/bx6g0dyx2gg_pdn7l_y1sb9c0000gn/T//cc9zwmjj.s:625    .text.HAL_PWREx_EnterSHUTDOWNMode:0000000000000000 HAL_PWREx_EnterSHUTDOWNMode
/var/folders/j8/bx6g0dyx2gg_pdn7l_y1sb9c0000gn/T//cc9zwmjj.s:655    .text.HAL_PWREx_EnterSHUTDOWNMode:000000000000001c $d
/var/folders/j8/bx6g0dyx2gg_pdn7l_y1sb9c0000gn/T//cc9zwmjj.s:661    .text.HAL_PWREx_ConfigSRDDomain:0000000000000000 $t
/var/folders/j8/bx6g0dyx2gg_pdn7l_y1sb9c0000gn/T//cc9zwmjj.s:667    .text.HAL_PWREx_ConfigSRDDomain:0000000000000000 HAL_PWREx_ConfigSRDDomain
/var/folders/j8/bx6g0dyx2gg_pdn7l_y1sb9c0000gn/T//cc9zwmjj.s:687    .text.HAL_PWREx_ConfigSRDDomain:0000000000000010 $d
/var/folders/j8/bx6g0dyx2gg_pdn7l_y1sb9c0000gn/T//cc9zwmjj.s:692    .text.HAL_PWREx_EnableUltraLowPowerMode:0000000000000000 $t
/var/folders/j8/bx6g0dyx2gg_pdn7l_y1sb9c0000gn/T//cc9zwmjj.s:698    .text.HAL_PWREx_EnableUltraLowPowerMode:0000000000000000 HAL_PWREx_EnableUltraLowPowerMode
/var/folders/j8/bx6g0dyx2gg_pdn7l_y1sb9c0000gn/T//cc9zwmjj.s:715    .text.HAL_PWREx_EnableUltraLowPowerMode:000000000000000c $d
/var/folders/j8/bx6g0dyx2gg_pdn7l_y1sb9c0000gn/T//cc9zwmjj.s:720    .text.HAL_PWREx_DisableUltraLowPowerMode:0000000000000000 $t
/var/folders/j8/bx6g0dyx2gg_pdn7l_y1sb9c0000gn/T//cc9zwmjj.s:726    .text.HAL_PWREx_DisableUltraLowPowerMode:0000000000000000 HAL_PWREx_DisableUltraLowPowerMode
/var/folders/j8/bx6g0dyx2gg_pdn7l_y1sb9c0000gn/T//cc9zwmjj.s:743    .text.HAL_PWREx_DisableUltraLowPowerMode:000000000000000c $d
/var/folders/j8/bx6g0dyx2gg_pdn7l_y1sb9c0000gn/T//cc9zwmjj.s:748    .text.HAL_PWREx_S3WUCallback:0000000000000000 $t
/var/folders/j8/bx6g0dyx2gg_pdn7l_y1sb9c0000gn/T//cc9zwmjj.s:754    .text.HAL_PWREx_S3WUCallback:0000000000000000 HAL_PWREx_S3WUCallback
/var/folders/j8/bx6g0dyx2gg_pdn7l_y1sb9c0000gn/T//cc9zwmjj.s:769    .text.HAL_PWREx_S3WU_IRQHandler:0000000000000000 $t
/var/folders/j8/bx6g0dyx2gg_pdn7l_y1sb9c0000gn/T//cc9zwmjj.s:775    .text.HAL_PWREx_S3WU_IRQHandler:0000000000000000 HAL_PWREx_S3WU_IRQHandler
/var/folders/j8/bx6g0dyx2gg_pdn7l_y1sb9c0000gn/T//cc9zwmjj.s:983    .text.HAL_PWREx_S3WU_IRQHandler:0000000000000118 $d
/var/folders/j8/bx6g0dyx2gg_pdn7l_y1sb9c0000gn/T//cc9zwmjj.s:988    .text.HAL_PWREx_ConfigPVM:0000000000000000 $t
/var/folders/j8/bx6g0dyx2gg_pdn7l_y1sb9c0000gn/T//cc9zwmjj.s:994    .text.HAL_PWREx_ConfigPVM:0000000000000000 HAL_PWREx_ConfigPVM
/var/folders/j8/bx6g0dyx2gg_pdn7l_y1sb9c0000gn/T//cc9zwmjj.s:1357   .text.HAL_PWREx_ConfigPVM:0000000000000240 $d
/var/folders/j8/bx6g0dyx2gg_pdn7l_y1sb9c0000gn/T//cc9zwmjj.s:1362   .text.HAL_PWREx_EnableVddUSB:0000000000000000 $t
/var/folders/j8/bx6g0dyx2gg_pdn7l_y1sb9c0000gn/T//cc9zwmjj.s:1368   .text.HAL_PWREx_EnableVddUSB:0000000000000000 HAL_PWREx_EnableVddUSB
/var/folders/j8/bx6g0dyx2gg_pdn7l_y1sb9c0000gn/T//cc9zwmjj.s:1385   .text.HAL_PWREx_EnableVddUSB:000000000000000c $d
/var/folders/j8/bx6g0dyx2gg_pdn7l_y1sb9c0000gn/T//cc9zwmjj.s:1390   .text.HAL_PWREx_DisableVddUSB:0000000000000000 $t
/var/folders/j8/bx6g0dyx2gg_pdn7l_y1sb9c0000gn/T//cc9zwmjj.s:1396   .text.HAL_PWREx_DisableVddUSB:0000000000000000 HAL_PWREx_DisableVddUSB
/var/folders/j8/bx6g0dyx2gg_pdn7l_y1sb9c0000gn/T//cc9zwmjj.s:1413   .text.HAL_PWREx_DisableVddUSB:000000000000000c $d
/var/folders/j8/bx6g0dyx2gg_pdn7l_y1sb9c0000gn/T//cc9zwmjj.s:1418   .text.HAL_PWREx_EnableVddIO2:0000000000000000 $t
/var/folders/j8/bx6g0dyx2gg_pdn7l_y1sb9c0000gn/T//cc9zwmjj.s:1424   .text.HAL_PWREx_EnableVddIO2:0000000000000000 HAL_PWREx_EnableVddIO2
ARM GAS  /var/folders/j8/bx6g0dyx2gg_pdn7l_y1sb9c0000gn/T//cc9zwmjj.s 			page 123


/var/folders/j8/bx6g0dyx2gg_pdn7l_y1sb9c0000gn/T//cc9zwmjj.s:1441   .text.HAL_PWREx_EnableVddIO2:000000000000000c $d
/var/folders/j8/bx6g0dyx2gg_pdn7l_y1sb9c0000gn/T//cc9zwmjj.s:1446   .text.HAL_PWREx_DisableVddIO2:0000000000000000 $t
/var/folders/j8/bx6g0dyx2gg_pdn7l_y1sb9c0000gn/T//cc9zwmjj.s:1452   .text.HAL_PWREx_DisableVddIO2:0000000000000000 HAL_PWREx_DisableVddIO2
/var/folders/j8/bx6g0dyx2gg_pdn7l_y1sb9c0000gn/T//cc9zwmjj.s:1469   .text.HAL_PWREx_DisableVddIO2:000000000000000c $d
/var/folders/j8/bx6g0dyx2gg_pdn7l_y1sb9c0000gn/T//cc9zwmjj.s:1474   .text.HAL_PWREx_EnableVddA:0000000000000000 $t
/var/folders/j8/bx6g0dyx2gg_pdn7l_y1sb9c0000gn/T//cc9zwmjj.s:1480   .text.HAL_PWREx_EnableVddA:0000000000000000 HAL_PWREx_EnableVddA
/var/folders/j8/bx6g0dyx2gg_pdn7l_y1sb9c0000gn/T//cc9zwmjj.s:1497   .text.HAL_PWREx_EnableVddA:000000000000000c $d
/var/folders/j8/bx6g0dyx2gg_pdn7l_y1sb9c0000gn/T//cc9zwmjj.s:1502   .text.HAL_PWREx_DisableVddA:0000000000000000 $t
/var/folders/j8/bx6g0dyx2gg_pdn7l_y1sb9c0000gn/T//cc9zwmjj.s:1508   .text.HAL_PWREx_DisableVddA:0000000000000000 HAL_PWREx_DisableVddA
/var/folders/j8/bx6g0dyx2gg_pdn7l_y1sb9c0000gn/T//cc9zwmjj.s:1525   .text.HAL_PWREx_DisableVddA:000000000000000c $d
/var/folders/j8/bx6g0dyx2gg_pdn7l_y1sb9c0000gn/T//cc9zwmjj.s:1530   .text.HAL_PWREx_EnableUVM:0000000000000000 $t
/var/folders/j8/bx6g0dyx2gg_pdn7l_y1sb9c0000gn/T//cc9zwmjj.s:1536   .text.HAL_PWREx_EnableUVM:0000000000000000 HAL_PWREx_EnableUVM
/var/folders/j8/bx6g0dyx2gg_pdn7l_y1sb9c0000gn/T//cc9zwmjj.s:1553   .text.HAL_PWREx_EnableUVM:000000000000000c $d
/var/folders/j8/bx6g0dyx2gg_pdn7l_y1sb9c0000gn/T//cc9zwmjj.s:1558   .text.HAL_PWREx_DisableUVM:0000000000000000 $t
/var/folders/j8/bx6g0dyx2gg_pdn7l_y1sb9c0000gn/T//cc9zwmjj.s:1564   .text.HAL_PWREx_DisableUVM:0000000000000000 HAL_PWREx_DisableUVM
/var/folders/j8/bx6g0dyx2gg_pdn7l_y1sb9c0000gn/T//cc9zwmjj.s:1581   .text.HAL_PWREx_DisableUVM:000000000000000c $d
/var/folders/j8/bx6g0dyx2gg_pdn7l_y1sb9c0000gn/T//cc9zwmjj.s:1586   .text.HAL_PWREx_EnableIO2VM:0000000000000000 $t
/var/folders/j8/bx6g0dyx2gg_pdn7l_y1sb9c0000gn/T//cc9zwmjj.s:1592   .text.HAL_PWREx_EnableIO2VM:0000000000000000 HAL_PWREx_EnableIO2VM
/var/folders/j8/bx6g0dyx2gg_pdn7l_y1sb9c0000gn/T//cc9zwmjj.s:1609   .text.HAL_PWREx_EnableIO2VM:000000000000000c $d
/var/folders/j8/bx6g0dyx2gg_pdn7l_y1sb9c0000gn/T//cc9zwmjj.s:1614   .text.HAL_PWREx_DisableIO2VM:0000000000000000 $t
/var/folders/j8/bx6g0dyx2gg_pdn7l_y1sb9c0000gn/T//cc9zwmjj.s:1620   .text.HAL_PWREx_DisableIO2VM:0000000000000000 HAL_PWREx_DisableIO2VM
/var/folders/j8/bx6g0dyx2gg_pdn7l_y1sb9c0000gn/T//cc9zwmjj.s:1637   .text.HAL_PWREx_DisableIO2VM:000000000000000c $d
/var/folders/j8/bx6g0dyx2gg_pdn7l_y1sb9c0000gn/T//cc9zwmjj.s:1642   .text.HAL_PWREx_EnableAVM1:0000000000000000 $t
/var/folders/j8/bx6g0dyx2gg_pdn7l_y1sb9c0000gn/T//cc9zwmjj.s:1648   .text.HAL_PWREx_EnableAVM1:0000000000000000 HAL_PWREx_EnableAVM1
/var/folders/j8/bx6g0dyx2gg_pdn7l_y1sb9c0000gn/T//cc9zwmjj.s:1665   .text.HAL_PWREx_EnableAVM1:000000000000000c $d
/var/folders/j8/bx6g0dyx2gg_pdn7l_y1sb9c0000gn/T//cc9zwmjj.s:1670   .text.HAL_PWREx_DisableAVM1:0000000000000000 $t
/var/folders/j8/bx6g0dyx2gg_pdn7l_y1sb9c0000gn/T//cc9zwmjj.s:1676   .text.HAL_PWREx_DisableAVM1:0000000000000000 HAL_PWREx_DisableAVM1
/var/folders/j8/bx6g0dyx2gg_pdn7l_y1sb9c0000gn/T//cc9zwmjj.s:1693   .text.HAL_PWREx_DisableAVM1:000000000000000c $d
/var/folders/j8/bx6g0dyx2gg_pdn7l_y1sb9c0000gn/T//cc9zwmjj.s:1698   .text.HAL_PWREx_EnableAVM2:0000000000000000 $t
/var/folders/j8/bx6g0dyx2gg_pdn7l_y1sb9c0000gn/T//cc9zwmjj.s:1704   .text.HAL_PWREx_EnableAVM2:0000000000000000 HAL_PWREx_EnableAVM2
/var/folders/j8/bx6g0dyx2gg_pdn7l_y1sb9c0000gn/T//cc9zwmjj.s:1721   .text.HAL_PWREx_EnableAVM2:000000000000000c $d
/var/folders/j8/bx6g0dyx2gg_pdn7l_y1sb9c0000gn/T//cc9zwmjj.s:1726   .text.HAL_PWREx_DisableAVM2:0000000000000000 $t
/var/folders/j8/bx6g0dyx2gg_pdn7l_y1sb9c0000gn/T//cc9zwmjj.s:1732   .text.HAL_PWREx_DisableAVM2:0000000000000000 HAL_PWREx_DisableAVM2
/var/folders/j8/bx6g0dyx2gg_pdn7l_y1sb9c0000gn/T//cc9zwmjj.s:1749   .text.HAL_PWREx_DisableAVM2:000000000000000c $d
/var/folders/j8/bx6g0dyx2gg_pdn7l_y1sb9c0000gn/T//cc9zwmjj.s:1754   .text.HAL_PWREx_EnableMonitoring:0000000000000000 $t
/var/folders/j8/bx6g0dyx2gg_pdn7l_y1sb9c0000gn/T//cc9zwmjj.s:1760   .text.HAL_PWREx_EnableMonitoring:0000000000000000 HAL_PWREx_EnableMonitoring
/var/folders/j8/bx6g0dyx2gg_pdn7l_y1sb9c0000gn/T//cc9zwmjj.s:1777   .text.HAL_PWREx_EnableMonitoring:000000000000000c $d
/var/folders/j8/bx6g0dyx2gg_pdn7l_y1sb9c0000gn/T//cc9zwmjj.s:1782   .text.HAL_PWREx_DisableMonitoring:0000000000000000 $t
/var/folders/j8/bx6g0dyx2gg_pdn7l_y1sb9c0000gn/T//cc9zwmjj.s:1788   .text.HAL_PWREx_DisableMonitoring:0000000000000000 HAL_PWREx_DisableMonitoring
/var/folders/j8/bx6g0dyx2gg_pdn7l_y1sb9c0000gn/T//cc9zwmjj.s:1805   .text.HAL_PWREx_DisableMonitoring:000000000000000c $d
/var/folders/j8/bx6g0dyx2gg_pdn7l_y1sb9c0000gn/T//cc9zwmjj.s:1810   .text.HAL_PWREx_EnableUCPDStandbyMode:0000000000000000 $t
/var/folders/j8/bx6g0dyx2gg_pdn7l_y1sb9c0000gn/T//cc9zwmjj.s:1816   .text.HAL_PWREx_EnableUCPDStandbyMode:0000000000000000 HAL_PWREx_EnableUCPDStandbyMode
/var/folders/j8/bx6g0dyx2gg_pdn7l_y1sb9c0000gn/T//cc9zwmjj.s:1833   .text.HAL_PWREx_EnableUCPDStandbyMode:000000000000000c $d
/var/folders/j8/bx6g0dyx2gg_pdn7l_y1sb9c0000gn/T//cc9zwmjj.s:1838   .text.HAL_PWREx_DisableUCPDStandbyMode:0000000000000000 $t
/var/folders/j8/bx6g0dyx2gg_pdn7l_y1sb9c0000gn/T//cc9zwmjj.s:1844   .text.HAL_PWREx_DisableUCPDStandbyMode:0000000000000000 HAL_PWREx_DisableUCPDStandbyMode
/var/folders/j8/bx6g0dyx2gg_pdn7l_y1sb9c0000gn/T//cc9zwmjj.s:1861   .text.HAL_PWREx_DisableUCPDStandbyMode:000000000000000c $d
/var/folders/j8/bx6g0dyx2gg_pdn7l_y1sb9c0000gn/T//cc9zwmjj.s:1866   .text.HAL_PWREx_EnableUCPDDeadBattery:0000000000000000 $t
/var/folders/j8/bx6g0dyx2gg_pdn7l_y1sb9c0000gn/T//cc9zwmjj.s:1872   .text.HAL_PWREx_EnableUCPDDeadBattery:0000000000000000 HAL_PWREx_EnableUCPDDeadBattery
/var/folders/j8/bx6g0dyx2gg_pdn7l_y1sb9c0000gn/T//cc9zwmjj.s:1889   .text.HAL_PWREx_EnableUCPDDeadBattery:000000000000000c $d
/var/folders/j8/bx6g0dyx2gg_pdn7l_y1sb9c0000gn/T//cc9zwmjj.s:1894   .text.HAL_PWREx_DisableUCPDDeadBattery:0000000000000000 $t
/var/folders/j8/bx6g0dyx2gg_pdn7l_y1sb9c0000gn/T//cc9zwmjj.s:1900   .text.HAL_PWREx_DisableUCPDDeadBattery:0000000000000000 HAL_PWREx_DisableUCPDDeadBattery
/var/folders/j8/bx6g0dyx2gg_pdn7l_y1sb9c0000gn/T//cc9zwmjj.s:1917   .text.HAL_PWREx_DisableUCPDDeadBattery:000000000000000c $d
/var/folders/j8/bx6g0dyx2gg_pdn7l_y1sb9c0000gn/T//cc9zwmjj.s:1922   .text.HAL_PWREx_EnableBatteryCharging:0000000000000000 $t
/var/folders/j8/bx6g0dyx2gg_pdn7l_y1sb9c0000gn/T//cc9zwmjj.s:1928   .text.HAL_PWREx_EnableBatteryCharging:0000000000000000 HAL_PWREx_EnableBatteryCharging
/var/folders/j8/bx6g0dyx2gg_pdn7l_y1sb9c0000gn/T//cc9zwmjj.s:1952   .text.HAL_PWREx_EnableBatteryCharging:0000000000000018 $d
/var/folders/j8/bx6g0dyx2gg_pdn7l_y1sb9c0000gn/T//cc9zwmjj.s:1957   .text.HAL_PWREx_DisableBatteryCharging:0000000000000000 $t
/var/folders/j8/bx6g0dyx2gg_pdn7l_y1sb9c0000gn/T//cc9zwmjj.s:1963   .text.HAL_PWREx_DisableBatteryCharging:0000000000000000 HAL_PWREx_DisableBatteryCharging
ARM GAS  /var/folders/j8/bx6g0dyx2gg_pdn7l_y1sb9c0000gn/T//cc9zwmjj.s 			page 124


/var/folders/j8/bx6g0dyx2gg_pdn7l_y1sb9c0000gn/T//cc9zwmjj.s:1980   .text.HAL_PWREx_DisableBatteryCharging:000000000000000c $d
/var/folders/j8/bx6g0dyx2gg_pdn7l_y1sb9c0000gn/T//cc9zwmjj.s:1985   .text.HAL_PWREx_UVMCallback:0000000000000000 $t
/var/folders/j8/bx6g0dyx2gg_pdn7l_y1sb9c0000gn/T//cc9zwmjj.s:1991   .text.HAL_PWREx_UVMCallback:0000000000000000 HAL_PWREx_UVMCallback
/var/folders/j8/bx6g0dyx2gg_pdn7l_y1sb9c0000gn/T//cc9zwmjj.s:2004   .text.HAL_PWREx_IO2VMCallback:0000000000000000 $t
/var/folders/j8/bx6g0dyx2gg_pdn7l_y1sb9c0000gn/T//cc9zwmjj.s:2010   .text.HAL_PWREx_IO2VMCallback:0000000000000000 HAL_PWREx_IO2VMCallback
/var/folders/j8/bx6g0dyx2gg_pdn7l_y1sb9c0000gn/T//cc9zwmjj.s:2023   .text.HAL_PWREx_AVM1Callback:0000000000000000 $t
/var/folders/j8/bx6g0dyx2gg_pdn7l_y1sb9c0000gn/T//cc9zwmjj.s:2029   .text.HAL_PWREx_AVM1Callback:0000000000000000 HAL_PWREx_AVM1Callback
/var/folders/j8/bx6g0dyx2gg_pdn7l_y1sb9c0000gn/T//cc9zwmjj.s:2042   .text.HAL_PWREx_AVM2Callback:0000000000000000 $t
/var/folders/j8/bx6g0dyx2gg_pdn7l_y1sb9c0000gn/T//cc9zwmjj.s:2048   .text.HAL_PWREx_AVM2Callback:0000000000000000 HAL_PWREx_AVM2Callback
/var/folders/j8/bx6g0dyx2gg_pdn7l_y1sb9c0000gn/T//cc9zwmjj.s:2061   .text.HAL_PWREx_PVD_PVM_IRQHandler:0000000000000000 $t
/var/folders/j8/bx6g0dyx2gg_pdn7l_y1sb9c0000gn/T//cc9zwmjj.s:2067   .text.HAL_PWREx_PVD_PVM_IRQHandler:0000000000000000 HAL_PWREx_PVD_PVM_IRQHandler
/var/folders/j8/bx6g0dyx2gg_pdn7l_y1sb9c0000gn/T//cc9zwmjj.s:2180   .text.HAL_PWREx_PVD_PVM_IRQHandler:000000000000007c $d
/var/folders/j8/bx6g0dyx2gg_pdn7l_y1sb9c0000gn/T//cc9zwmjj.s:2185   .text.HAL_PWREx_EnableSRAM2ContentStandbyRetention:0000000000000000 $t
/var/folders/j8/bx6g0dyx2gg_pdn7l_y1sb9c0000gn/T//cc9zwmjj.s:2191   .text.HAL_PWREx_EnableSRAM2ContentStandbyRetention:0000000000000000 HAL_PWREx_EnableSRAM2ContentStandbyRetention
/var/folders/j8/bx6g0dyx2gg_pdn7l_y1sb9c0000gn/T//cc9zwmjj.s:2210   .text.HAL_PWREx_EnableSRAM2ContentStandbyRetention:000000000000000c $d
/var/folders/j8/bx6g0dyx2gg_pdn7l_y1sb9c0000gn/T//cc9zwmjj.s:2215   .text.HAL_PWREx_DisableSRAM2ContentStandbyRetention:0000000000000000 $t
/var/folders/j8/bx6g0dyx2gg_pdn7l_y1sb9c0000gn/T//cc9zwmjj.s:2221   .text.HAL_PWREx_DisableSRAM2ContentStandbyRetention:0000000000000000 HAL_PWREx_DisableSRAM2ContentStandbyRetention
/var/folders/j8/bx6g0dyx2gg_pdn7l_y1sb9c0000gn/T//cc9zwmjj.s:2240   .text.HAL_PWREx_DisableSRAM2ContentStandbyRetention:000000000000000c $d
/var/folders/j8/bx6g0dyx2gg_pdn7l_y1sb9c0000gn/T//cc9zwmjj.s:2245   .text.HAL_PWREx_EnableRAMsContentStopRetention:0000000000000000 $t
/var/folders/j8/bx6g0dyx2gg_pdn7l_y1sb9c0000gn/T//cc9zwmjj.s:2251   .text.HAL_PWREx_EnableRAMsContentStopRetention:0000000000000000 HAL_PWREx_EnableRAMsContentStopRetention
/var/folders/j8/bx6g0dyx2gg_pdn7l_y1sb9c0000gn/T//cc9zwmjj.s:2442   .text.HAL_PWREx_EnableRAMsContentStopRetention:00000000000000e8 $d
/var/folders/j8/bx6g0dyx2gg_pdn7l_y1sb9c0000gn/T//cc9zwmjj.s:2447   .text.HAL_PWREx_DisableRAMsContentStopRetention:0000000000000000 $t
/var/folders/j8/bx6g0dyx2gg_pdn7l_y1sb9c0000gn/T//cc9zwmjj.s:2453   .text.HAL_PWREx_DisableRAMsContentStopRetention:0000000000000000 HAL_PWREx_DisableRAMsContentStopRetention
/var/folders/j8/bx6g0dyx2gg_pdn7l_y1sb9c0000gn/T//cc9zwmjj.s:2644   .text.HAL_PWREx_DisableRAMsContentStopRetention:00000000000000d8 $d
/var/folders/j8/bx6g0dyx2gg_pdn7l_y1sb9c0000gn/T//cc9zwmjj.s:2649   .text.HAL_PWREx_EnableRAMsContentRunRetention:0000000000000000 $t
/var/folders/j8/bx6g0dyx2gg_pdn7l_y1sb9c0000gn/T//cc9zwmjj.s:2655   .text.HAL_PWREx_EnableRAMsContentRunRetention:0000000000000000 HAL_PWREx_EnableRAMsContentRunRetention
/var/folders/j8/bx6g0dyx2gg_pdn7l_y1sb9c0000gn/T//cc9zwmjj.s:2674   .text.HAL_PWREx_EnableRAMsContentRunRetention:000000000000000c $d
/var/folders/j8/bx6g0dyx2gg_pdn7l_y1sb9c0000gn/T//cc9zwmjj.s:2679   .text.HAL_PWREx_DisableRAMsContentRunRetention:0000000000000000 $t
/var/folders/j8/bx6g0dyx2gg_pdn7l_y1sb9c0000gn/T//cc9zwmjj.s:2685   .text.HAL_PWREx_DisableRAMsContentRunRetention:0000000000000000 HAL_PWREx_DisableRAMsContentRunRetention
/var/folders/j8/bx6g0dyx2gg_pdn7l_y1sb9c0000gn/T//cc9zwmjj.s:2704   .text.HAL_PWREx_DisableRAMsContentRunRetention:000000000000000c $d
/var/folders/j8/bx6g0dyx2gg_pdn7l_y1sb9c0000gn/T//cc9zwmjj.s:2709   .text.HAL_PWREx_EnableBkupRAMRetention:0000000000000000 $t
/var/folders/j8/bx6g0dyx2gg_pdn7l_y1sb9c0000gn/T//cc9zwmjj.s:2715   .text.HAL_PWREx_EnableBkupRAMRetention:0000000000000000 HAL_PWREx_EnableBkupRAMRetention
/var/folders/j8/bx6g0dyx2gg_pdn7l_y1sb9c0000gn/T//cc9zwmjj.s:2748   .text.HAL_PWREx_EnableBkupRAMRetention:0000000000000018 $d
/var/folders/j8/bx6g0dyx2gg_pdn7l_y1sb9c0000gn/T//cc9zwmjj.s:2753   .text.HAL_PWREx_DisableBkupRAMRetention:0000000000000000 $t
/var/folders/j8/bx6g0dyx2gg_pdn7l_y1sb9c0000gn/T//cc9zwmjj.s:2759   .text.HAL_PWREx_DisableBkupRAMRetention:0000000000000000 HAL_PWREx_DisableBkupRAMRetention
/var/folders/j8/bx6g0dyx2gg_pdn7l_y1sb9c0000gn/T//cc9zwmjj.s:2776   .text.HAL_PWREx_DisableBkupRAMRetention:000000000000000c $d
/var/folders/j8/bx6g0dyx2gg_pdn7l_y1sb9c0000gn/T//cc9zwmjj.s:2781   .text.HAL_PWREx_EnableFlashFastWakeUp:0000000000000000 $t
/var/folders/j8/bx6g0dyx2gg_pdn7l_y1sb9c0000gn/T//cc9zwmjj.s:2787   .text.HAL_PWREx_EnableFlashFastWakeUp:0000000000000000 HAL_PWREx_EnableFlashFastWakeUp
/var/folders/j8/bx6g0dyx2gg_pdn7l_y1sb9c0000gn/T//cc9zwmjj.s:2804   .text.HAL_PWREx_EnableFlashFastWakeUp:000000000000000c $d
/var/folders/j8/bx6g0dyx2gg_pdn7l_y1sb9c0000gn/T//cc9zwmjj.s:2809   .text.HAL_PWREx_DisableFlashFastWakeUp:0000000000000000 $t
/var/folders/j8/bx6g0dyx2gg_pdn7l_y1sb9c0000gn/T//cc9zwmjj.s:2815   .text.HAL_PWREx_DisableFlashFastWakeUp:0000000000000000 HAL_PWREx_DisableFlashFastWakeUp
/var/folders/j8/bx6g0dyx2gg_pdn7l_y1sb9c0000gn/T//cc9zwmjj.s:2832   .text.HAL_PWREx_DisableFlashFastWakeUp:000000000000000c $d
/var/folders/j8/bx6g0dyx2gg_pdn7l_y1sb9c0000gn/T//cc9zwmjj.s:2837   .text.HAL_PWREx_EnableSRAM4FastWakeUp:0000000000000000 $t
/var/folders/j8/bx6g0dyx2gg_pdn7l_y1sb9c0000gn/T//cc9zwmjj.s:2843   .text.HAL_PWREx_EnableSRAM4FastWakeUp:0000000000000000 HAL_PWREx_EnableSRAM4FastWakeUp
/var/folders/j8/bx6g0dyx2gg_pdn7l_y1sb9c0000gn/T//cc9zwmjj.s:2860   .text.HAL_PWREx_EnableSRAM4FastWakeUp:000000000000000c $d
/var/folders/j8/bx6g0dyx2gg_pdn7l_y1sb9c0000gn/T//cc9zwmjj.s:2865   .text.HAL_PWREx_DisableSRAM4FastWakeUp:0000000000000000 $t
/var/folders/j8/bx6g0dyx2gg_pdn7l_y1sb9c0000gn/T//cc9zwmjj.s:2871   .text.HAL_PWREx_DisableSRAM4FastWakeUp:0000000000000000 HAL_PWREx_DisableSRAM4FastWakeUp
/var/folders/j8/bx6g0dyx2gg_pdn7l_y1sb9c0000gn/T//cc9zwmjj.s:2888   .text.HAL_PWREx_DisableSRAM4FastWakeUp:000000000000000c $d
/var/folders/j8/bx6g0dyx2gg_pdn7l_y1sb9c0000gn/T//cc9zwmjj.s:2893   .text.HAL_PWREx_EnablePullUpPullDownConfig:0000000000000000 $t
/var/folders/j8/bx6g0dyx2gg_pdn7l_y1sb9c0000gn/T//cc9zwmjj.s:2899   .text.HAL_PWREx_EnablePullUpPullDownConfig:0000000000000000 HAL_PWREx_EnablePullUpPullDownConfig
/var/folders/j8/bx6g0dyx2gg_pdn7l_y1sb9c0000gn/T//cc9zwmjj.s:2916   .text.HAL_PWREx_EnablePullUpPullDownConfig:000000000000000c $d
/var/folders/j8/bx6g0dyx2gg_pdn7l_y1sb9c0000gn/T//cc9zwmjj.s:2921   .text.HAL_PWREx_DisablePullUpPullDownConfig:0000000000000000 $t
/var/folders/j8/bx6g0dyx2gg_pdn7l_y1sb9c0000gn/T//cc9zwmjj.s:2927   .text.HAL_PWREx_DisablePullUpPullDownConfig:0000000000000000 HAL_PWREx_DisablePullUpPullDownConfig
/var/folders/j8/bx6g0dyx2gg_pdn7l_y1sb9c0000gn/T//cc9zwmjj.s:2944   .text.HAL_PWREx_DisablePullUpPullDownConfig:000000000000000c $d
/var/folders/j8/bx6g0dyx2gg_pdn7l_y1sb9c0000gn/T//cc9zwmjj.s:2949   .text.HAL_PWREx_EnableGPIOPullUp:0000000000000000 $t
/var/folders/j8/bx6g0dyx2gg_pdn7l_y1sb9c0000gn/T//cc9zwmjj.s:2955   .text.HAL_PWREx_EnableGPIOPullUp:0000000000000000 HAL_PWREx_EnableGPIOPullUp
/var/folders/j8/bx6g0dyx2gg_pdn7l_y1sb9c0000gn/T//cc9zwmjj.s:2970   .text.HAL_PWREx_EnableGPIOPullUp:0000000000000008 $d
ARM GAS  /var/folders/j8/bx6g0dyx2gg_pdn7l_y1sb9c0000gn/T//cc9zwmjj.s 			page 125


/var/folders/j8/bx6g0dyx2gg_pdn7l_y1sb9c0000gn/T//cc9zwmjj.s:3165   .text.HAL_PWREx_EnableGPIOPullUp:00000000000000f0 $d
/var/folders/j8/bx6g0dyx2gg_pdn7l_y1sb9c0000gn/T//cc9zwmjj.s:3170   .text.HAL_PWREx_DisableGPIOPullUp:0000000000000000 $t
/var/folders/j8/bx6g0dyx2gg_pdn7l_y1sb9c0000gn/T//cc9zwmjj.s:3176   .text.HAL_PWREx_DisableGPIOPullUp:0000000000000000 HAL_PWREx_DisableGPIOPullUp
/var/folders/j8/bx6g0dyx2gg_pdn7l_y1sb9c0000gn/T//cc9zwmjj.s:3191   .text.HAL_PWREx_DisableGPIOPullUp:0000000000000008 $d
/var/folders/j8/bx6g0dyx2gg_pdn7l_y1sb9c0000gn/T//cc9zwmjj.s:3347   .text.HAL_PWREx_DisableGPIOPullUp:00000000000000a8 $d
/var/folders/j8/bx6g0dyx2gg_pdn7l_y1sb9c0000gn/T//cc9zwmjj.s:3352   .text.HAL_PWREx_EnableGPIOPullDown:0000000000000000 $t
/var/folders/j8/bx6g0dyx2gg_pdn7l_y1sb9c0000gn/T//cc9zwmjj.s:3358   .text.HAL_PWREx_EnableGPIOPullDown:0000000000000000 HAL_PWREx_EnableGPIOPullDown
/var/folders/j8/bx6g0dyx2gg_pdn7l_y1sb9c0000gn/T//cc9zwmjj.s:3373   .text.HAL_PWREx_EnableGPIOPullDown:0000000000000008 $d
/var/folders/j8/bx6g0dyx2gg_pdn7l_y1sb9c0000gn/T//cc9zwmjj.s:3569   .text.HAL_PWREx_EnableGPIOPullDown:00000000000000f0 $d
/var/folders/j8/bx6g0dyx2gg_pdn7l_y1sb9c0000gn/T//cc9zwmjj.s:3574   .text.HAL_PWREx_DisableGPIOPullDown:0000000000000000 $t
/var/folders/j8/bx6g0dyx2gg_pdn7l_y1sb9c0000gn/T//cc9zwmjj.s:3580   .text.HAL_PWREx_DisableGPIOPullDown:0000000000000000 HAL_PWREx_DisableGPIOPullDown
/var/folders/j8/bx6g0dyx2gg_pdn7l_y1sb9c0000gn/T//cc9zwmjj.s:3595   .text.HAL_PWREx_DisableGPIOPullDown:0000000000000008 $d
/var/folders/j8/bx6g0dyx2gg_pdn7l_y1sb9c0000gn/T//cc9zwmjj.s:3752   .text.HAL_PWREx_DisableGPIOPullDown:00000000000000ac $d
/var/folders/j8/bx6g0dyx2gg_pdn7l_y1sb9c0000gn/T//cc9zwmjj.s:2979   .text.HAL_PWREx_EnableGPIOPullUp:0000000000000011 $d
/var/folders/j8/bx6g0dyx2gg_pdn7l_y1sb9c0000gn/T//cc9zwmjj.s:2979   .text.HAL_PWREx_EnableGPIOPullUp:0000000000000012 $t
/var/folders/j8/bx6g0dyx2gg_pdn7l_y1sb9c0000gn/T//cc9zwmjj.s:3200   .text.HAL_PWREx_DisableGPIOPullUp:0000000000000011 $d
/var/folders/j8/bx6g0dyx2gg_pdn7l_y1sb9c0000gn/T//cc9zwmjj.s:3200   .text.HAL_PWREx_DisableGPIOPullUp:0000000000000012 $t
/var/folders/j8/bx6g0dyx2gg_pdn7l_y1sb9c0000gn/T//cc9zwmjj.s:3382   .text.HAL_PWREx_EnableGPIOPullDown:0000000000000011 $d
/var/folders/j8/bx6g0dyx2gg_pdn7l_y1sb9c0000gn/T//cc9zwmjj.s:3382   .text.HAL_PWREx_EnableGPIOPullDown:0000000000000012 $t
/var/folders/j8/bx6g0dyx2gg_pdn7l_y1sb9c0000gn/T//cc9zwmjj.s:3604   .text.HAL_PWREx_DisableGPIOPullDown:0000000000000011 $d
/var/folders/j8/bx6g0dyx2gg_pdn7l_y1sb9c0000gn/T//cc9zwmjj.s:3604   .text.HAL_PWREx_DisableGPIOPullDown:0000000000000012 $t

UNDEFINED SYMBOLS
SystemCoreClock
HAL_PWR_PVDCallback
