ARM GAS  /var/folders/j8/bx6g0dyx2gg_pdn7l_y1sb9c0000gn/T//ccCtU4IH.s 			page 1


   1              		.cpu cortex-m33
   2              		.arch armv8-m.main
   3              		.fpu fpv5-sp-d16
   4              		.arch_extension dsp
   5              		.eabi_attribute 27, 1
   6              		.eabi_attribute 28, 1
   7              		.eabi_attribute 20, 1
   8              		.eabi_attribute 21, 1
   9              		.eabi_attribute 23, 3
  10              		.eabi_attribute 24, 1
  11              		.eabi_attribute 25, 1
  12              		.eabi_attribute 26, 1
  13              		.eabi_attribute 30, 1
  14              		.eabi_attribute 34, 1
  15              		.eabi_attribute 18, 4
  16              		.file	"stm32u5xx_hal_gpio.c"
  17              		.text
  18              	.Ltext0:
  19              		.cfi_sections	.debug_frame
  20              		.section	.text.HAL_GPIO_Init,"ax",%progbits
  21              		.align	1
  22              		.global	HAL_GPIO_Init
  23              		.syntax unified
  24              		.thumb
  25              		.thumb_func
  27              	HAL_GPIO_Init:
  28              	.LVL0:
  29              	.LFB157:
  30              		.file 1 "Drivers/STM32U5xx_HAL_Driver/Src/stm32u5xx_hal_gpio.c"
   1:Drivers/STM32U5xx_HAL_Driver/Src/stm32u5xx_hal_gpio.c **** /**
   2:Drivers/STM32U5xx_HAL_Driver/Src/stm32u5xx_hal_gpio.c ****   ******************************************************************************
   3:Drivers/STM32U5xx_HAL_Driver/Src/stm32u5xx_hal_gpio.c ****   * @file    stm32u5xx_hal_gpio.c
   4:Drivers/STM32U5xx_HAL_Driver/Src/stm32u5xx_hal_gpio.c ****   * @author  MCD Application Team
   5:Drivers/STM32U5xx_HAL_Driver/Src/stm32u5xx_hal_gpio.c ****   * @brief   GPIO HAL module driver.
   6:Drivers/STM32U5xx_HAL_Driver/Src/stm32u5xx_hal_gpio.c ****   *          This file provides firmware functions to manage the following
   7:Drivers/STM32U5xx_HAL_Driver/Src/stm32u5xx_hal_gpio.c ****   *          functionalities of the General Purpose Input/Output (GPIO) peripheral:
   8:Drivers/STM32U5xx_HAL_Driver/Src/stm32u5xx_hal_gpio.c ****   *           + Initialization and de-initialization functions
   9:Drivers/STM32U5xx_HAL_Driver/Src/stm32u5xx_hal_gpio.c ****   *           + IO operation functions
  10:Drivers/STM32U5xx_HAL_Driver/Src/stm32u5xx_hal_gpio.c ****   ******************************************************************************
  11:Drivers/STM32U5xx_HAL_Driver/Src/stm32u5xx_hal_gpio.c ****   * @attention
  12:Drivers/STM32U5xx_HAL_Driver/Src/stm32u5xx_hal_gpio.c ****   *
  13:Drivers/STM32U5xx_HAL_Driver/Src/stm32u5xx_hal_gpio.c ****   * Copyright (c) 2021 STMicroelectronics.
  14:Drivers/STM32U5xx_HAL_Driver/Src/stm32u5xx_hal_gpio.c ****   * All rights reserved.
  15:Drivers/STM32U5xx_HAL_Driver/Src/stm32u5xx_hal_gpio.c ****   *
  16:Drivers/STM32U5xx_HAL_Driver/Src/stm32u5xx_hal_gpio.c ****   * This software is licensed under terms that can be found in the LICENSE file
  17:Drivers/STM32U5xx_HAL_Driver/Src/stm32u5xx_hal_gpio.c ****   * in the root directory of this software component.
  18:Drivers/STM32U5xx_HAL_Driver/Src/stm32u5xx_hal_gpio.c ****   * If no LICENSE file comes with this software, it is provided AS-IS.
  19:Drivers/STM32U5xx_HAL_Driver/Src/stm32u5xx_hal_gpio.c ****   *
  20:Drivers/STM32U5xx_HAL_Driver/Src/stm32u5xx_hal_gpio.c ****   ******************************************************************************
  21:Drivers/STM32U5xx_HAL_Driver/Src/stm32u5xx_hal_gpio.c ****   @verbatim
  22:Drivers/STM32U5xx_HAL_Driver/Src/stm32u5xx_hal_gpio.c ****   ==============================================================================
  23:Drivers/STM32U5xx_HAL_Driver/Src/stm32u5xx_hal_gpio.c ****                     ##### GPIO Peripheral features #####
  24:Drivers/STM32U5xx_HAL_Driver/Src/stm32u5xx_hal_gpio.c ****   ==============================================================================
  25:Drivers/STM32U5xx_HAL_Driver/Src/stm32u5xx_hal_gpio.c ****   [..]
  26:Drivers/STM32U5xx_HAL_Driver/Src/stm32u5xx_hal_gpio.c ****     (+) Each port bit of the general-purpose I/O (GPIO) ports can be individually
  27:Drivers/STM32U5xx_HAL_Driver/Src/stm32u5xx_hal_gpio.c ****         configured by software in several modes:
  28:Drivers/STM32U5xx_HAL_Driver/Src/stm32u5xx_hal_gpio.c ****         (++) Input mode
ARM GAS  /var/folders/j8/bx6g0dyx2gg_pdn7l_y1sb9c0000gn/T//ccCtU4IH.s 			page 2


  29:Drivers/STM32U5xx_HAL_Driver/Src/stm32u5xx_hal_gpio.c ****         (++) Analog mode
  30:Drivers/STM32U5xx_HAL_Driver/Src/stm32u5xx_hal_gpio.c ****         (++) Output mode
  31:Drivers/STM32U5xx_HAL_Driver/Src/stm32u5xx_hal_gpio.c ****         (++) Alternate function mode
  32:Drivers/STM32U5xx_HAL_Driver/Src/stm32u5xx_hal_gpio.c ****         (++) External interrupt/event lines
  33:Drivers/STM32U5xx_HAL_Driver/Src/stm32u5xx_hal_gpio.c **** 
  34:Drivers/STM32U5xx_HAL_Driver/Src/stm32u5xx_hal_gpio.c ****     (+) During and just after reset, the alternate functions and external interrupt
  35:Drivers/STM32U5xx_HAL_Driver/Src/stm32u5xx_hal_gpio.c ****         lines are not active and the I/O ports are configured in input floating mode.
  36:Drivers/STM32U5xx_HAL_Driver/Src/stm32u5xx_hal_gpio.c **** 
  37:Drivers/STM32U5xx_HAL_Driver/Src/stm32u5xx_hal_gpio.c ****     (+) All GPIO pins have weak internal pull-up and pull-down resistors, which can be
  38:Drivers/STM32U5xx_HAL_Driver/Src/stm32u5xx_hal_gpio.c ****         activated or not.
  39:Drivers/STM32U5xx_HAL_Driver/Src/stm32u5xx_hal_gpio.c **** 
  40:Drivers/STM32U5xx_HAL_Driver/Src/stm32u5xx_hal_gpio.c ****     (+) In Output or Alternate mode, each IO can be configured on open-drain or push-pull
  41:Drivers/STM32U5xx_HAL_Driver/Src/stm32u5xx_hal_gpio.c ****         type and the IO speed can be selected depending on the VDD value.
  42:Drivers/STM32U5xx_HAL_Driver/Src/stm32u5xx_hal_gpio.c **** 
  43:Drivers/STM32U5xx_HAL_Driver/Src/stm32u5xx_hal_gpio.c ****     (+) The microcontroller IO pins are connected to onboard peripherals/modules through a
  44:Drivers/STM32U5xx_HAL_Driver/Src/stm32u5xx_hal_gpio.c ****         multiplexer that allows only one peripheral alternate function (AF) connected
  45:Drivers/STM32U5xx_HAL_Driver/Src/stm32u5xx_hal_gpio.c ****        to an IO pin at a time. In this way, there can be no conflict between peripherals
  46:Drivers/STM32U5xx_HAL_Driver/Src/stm32u5xx_hal_gpio.c ****        sharing the same IO pin.
  47:Drivers/STM32U5xx_HAL_Driver/Src/stm32u5xx_hal_gpio.c **** 
  48:Drivers/STM32U5xx_HAL_Driver/Src/stm32u5xx_hal_gpio.c ****     (+) All ports have external interrupt/event capability. To use external interrupt
  49:Drivers/STM32U5xx_HAL_Driver/Src/stm32u5xx_hal_gpio.c ****         lines, the port must be configured in input mode. All available GPIO pins are
  50:Drivers/STM32U5xx_HAL_Driver/Src/stm32u5xx_hal_gpio.c ****         connected to the 16 external interrupt/event lines from EXTI0 to EXTI15.
  51:Drivers/STM32U5xx_HAL_Driver/Src/stm32u5xx_hal_gpio.c **** 
  52:Drivers/STM32U5xx_HAL_Driver/Src/stm32u5xx_hal_gpio.c ****     (+) The external interrupt/event controller consists of up to 39 edge detectors
  53:Drivers/STM32U5xx_HAL_Driver/Src/stm32u5xx_hal_gpio.c ****         (16 lines are connected to GPIO) for generating event/interrupt requests (each
  54:Drivers/STM32U5xx_HAL_Driver/Src/stm32u5xx_hal_gpio.c ****         input line can be independently configured to select the type (interrupt or event)
  55:Drivers/STM32U5xx_HAL_Driver/Src/stm32u5xx_hal_gpio.c ****         and the corresponding trigger event (rising or falling or both). Each line can
  56:Drivers/STM32U5xx_HAL_Driver/Src/stm32u5xx_hal_gpio.c ****         also be masked independently.
  57:Drivers/STM32U5xx_HAL_Driver/Src/stm32u5xx_hal_gpio.c **** 
  58:Drivers/STM32U5xx_HAL_Driver/Src/stm32u5xx_hal_gpio.c ****                      ##### How to use this driver #####
  59:Drivers/STM32U5xx_HAL_Driver/Src/stm32u5xx_hal_gpio.c ****   ==============================================================================
  60:Drivers/STM32U5xx_HAL_Driver/Src/stm32u5xx_hal_gpio.c ****   [..]
  61:Drivers/STM32U5xx_HAL_Driver/Src/stm32u5xx_hal_gpio.c ****     (#) Enable the GPIO AHB clock using the following function: __HAL_RCC_GPIOx_CLK_ENABLE().
  62:Drivers/STM32U5xx_HAL_Driver/Src/stm32u5xx_hal_gpio.c **** 
  63:Drivers/STM32U5xx_HAL_Driver/Src/stm32u5xx_hal_gpio.c ****     (#) Configure the GPIO pin(s) using HAL_GPIO_Init().
  64:Drivers/STM32U5xx_HAL_Driver/Src/stm32u5xx_hal_gpio.c ****         (++) Configure the IO mode using "Mode" member from GPIO_InitTypeDef structure
  65:Drivers/STM32U5xx_HAL_Driver/Src/stm32u5xx_hal_gpio.c ****         (++) Activate Pull-up, Pull-down resistor using "Pull" member from GPIO_InitTypeDef
  66:Drivers/STM32U5xx_HAL_Driver/Src/stm32u5xx_hal_gpio.c ****              structure.
  67:Drivers/STM32U5xx_HAL_Driver/Src/stm32u5xx_hal_gpio.c ****         (++) In case of Output or alternate function mode selection: the speed is
  68:Drivers/STM32U5xx_HAL_Driver/Src/stm32u5xx_hal_gpio.c ****              configured through "Speed" member from GPIO_InitTypeDef structure.
  69:Drivers/STM32U5xx_HAL_Driver/Src/stm32u5xx_hal_gpio.c ****         (++) In alternate mode is selection, the alternate function connected to the IO
  70:Drivers/STM32U5xx_HAL_Driver/Src/stm32u5xx_hal_gpio.c ****              is configured through "Alternate" member from GPIO_InitTypeDef structure.
  71:Drivers/STM32U5xx_HAL_Driver/Src/stm32u5xx_hal_gpio.c ****         (++) Analog mode is required when a pin is to be used as ADC channel
  72:Drivers/STM32U5xx_HAL_Driver/Src/stm32u5xx_hal_gpio.c ****              or DAC output.
  73:Drivers/STM32U5xx_HAL_Driver/Src/stm32u5xx_hal_gpio.c ****         (++) In case of external interrupt/event selection the "Mode" member from
  74:Drivers/STM32U5xx_HAL_Driver/Src/stm32u5xx_hal_gpio.c ****              GPIO_InitTypeDef structure select the type (interrupt or event) and
  75:Drivers/STM32U5xx_HAL_Driver/Src/stm32u5xx_hal_gpio.c ****              the corresponding trigger event (rising or falling or both).
  76:Drivers/STM32U5xx_HAL_Driver/Src/stm32u5xx_hal_gpio.c **** 
  77:Drivers/STM32U5xx_HAL_Driver/Src/stm32u5xx_hal_gpio.c ****     (#) In case of external interrupt/event mode selection, configure NVIC IRQ priority
  78:Drivers/STM32U5xx_HAL_Driver/Src/stm32u5xx_hal_gpio.c ****         mapped to the EXTI line using HAL_NVIC_SetPriority() and enable it using
  79:Drivers/STM32U5xx_HAL_Driver/Src/stm32u5xx_hal_gpio.c ****         HAL_NVIC_EnableIRQ().
  80:Drivers/STM32U5xx_HAL_Driver/Src/stm32u5xx_hal_gpio.c **** 
  81:Drivers/STM32U5xx_HAL_Driver/Src/stm32u5xx_hal_gpio.c ****     (#) To get the level of a pin configured in input mode use HAL_GPIO_ReadPin().
  82:Drivers/STM32U5xx_HAL_Driver/Src/stm32u5xx_hal_gpio.c **** 
  83:Drivers/STM32U5xx_HAL_Driver/Src/stm32u5xx_hal_gpio.c ****     (#) To set/reset the level of a pin configured in output mode use
  84:Drivers/STM32U5xx_HAL_Driver/Src/stm32u5xx_hal_gpio.c ****         HAL_GPIO_WritePin()/HAL_GPIO_TogglePin().
  85:Drivers/STM32U5xx_HAL_Driver/Src/stm32u5xx_hal_gpio.c **** 
ARM GAS  /var/folders/j8/bx6g0dyx2gg_pdn7l_y1sb9c0000gn/T//ccCtU4IH.s 			page 3


  86:Drivers/STM32U5xx_HAL_Driver/Src/stm32u5xx_hal_gpio.c ****     (#) To set the level of several pins and reset level of several other pins in
  87:Drivers/STM32U5xx_HAL_Driver/Src/stm32u5xx_hal_gpio.c ****         same cycle, use HAL_GPIO_WriteMultipleStatePin().
  88:Drivers/STM32U5xx_HAL_Driver/Src/stm32u5xx_hal_gpio.c **** 
  89:Drivers/STM32U5xx_HAL_Driver/Src/stm32u5xx_hal_gpio.c ****     (#) To lock pin configuration until next reset use HAL_GPIO_LockPin().
  90:Drivers/STM32U5xx_HAL_Driver/Src/stm32u5xx_hal_gpio.c **** 
  91:Drivers/STM32U5xx_HAL_Driver/Src/stm32u5xx_hal_gpio.c ****     (#) During and just after reset, the alternate functions are not
  92:Drivers/STM32U5xx_HAL_Driver/Src/stm32u5xx_hal_gpio.c ****         active and the GPIO pins are configured in input floating mode (except JTAG
  93:Drivers/STM32U5xx_HAL_Driver/Src/stm32u5xx_hal_gpio.c ****         pins).
  94:Drivers/STM32U5xx_HAL_Driver/Src/stm32u5xx_hal_gpio.c **** 
  95:Drivers/STM32U5xx_HAL_Driver/Src/stm32u5xx_hal_gpio.c ****     (#) The LSE oscillator pins OSC32_IN and OSC32_OUT can be used as general purpose
  96:Drivers/STM32U5xx_HAL_Driver/Src/stm32u5xx_hal_gpio.c ****         (PC14 and PC15, respectively) when the LSE oscillator is off. The LSE has
  97:Drivers/STM32U5xx_HAL_Driver/Src/stm32u5xx_hal_gpio.c ****         priority over the GPIO function.
  98:Drivers/STM32U5xx_HAL_Driver/Src/stm32u5xx_hal_gpio.c **** 
  99:Drivers/STM32U5xx_HAL_Driver/Src/stm32u5xx_hal_gpio.c ****     (#) The HSE oscillator pins OSC_IN/OSC_OUT can be used as
 100:Drivers/STM32U5xx_HAL_Driver/Src/stm32u5xx_hal_gpio.c ****         general purpose PH0 and PH1, respectively, when the HSE oscillator is off.
 101:Drivers/STM32U5xx_HAL_Driver/Src/stm32u5xx_hal_gpio.c ****         The HSE has priority over the GPIO function.
 102:Drivers/STM32U5xx_HAL_Driver/Src/stm32u5xx_hal_gpio.c **** 
 103:Drivers/STM32U5xx_HAL_Driver/Src/stm32u5xx_hal_gpio.c ****   @endverbatim
 104:Drivers/STM32U5xx_HAL_Driver/Src/stm32u5xx_hal_gpio.c ****   ******************************************************************************
 105:Drivers/STM32U5xx_HAL_Driver/Src/stm32u5xx_hal_gpio.c ****   */
 106:Drivers/STM32U5xx_HAL_Driver/Src/stm32u5xx_hal_gpio.c **** 
 107:Drivers/STM32U5xx_HAL_Driver/Src/stm32u5xx_hal_gpio.c **** /* Includes ------------------------------------------------------------------*/
 108:Drivers/STM32U5xx_HAL_Driver/Src/stm32u5xx_hal_gpio.c **** #include "stm32u5xx_hal.h"
 109:Drivers/STM32U5xx_HAL_Driver/Src/stm32u5xx_hal_gpio.c **** 
 110:Drivers/STM32U5xx_HAL_Driver/Src/stm32u5xx_hal_gpio.c **** /** @addtogroup STM32U5xx_HAL_Driver
 111:Drivers/STM32U5xx_HAL_Driver/Src/stm32u5xx_hal_gpio.c ****   * @{
 112:Drivers/STM32U5xx_HAL_Driver/Src/stm32u5xx_hal_gpio.c ****   */
 113:Drivers/STM32U5xx_HAL_Driver/Src/stm32u5xx_hal_gpio.c **** 
 114:Drivers/STM32U5xx_HAL_Driver/Src/stm32u5xx_hal_gpio.c **** /** @addtogroup GPIO
 115:Drivers/STM32U5xx_HAL_Driver/Src/stm32u5xx_hal_gpio.c ****   * @{
 116:Drivers/STM32U5xx_HAL_Driver/Src/stm32u5xx_hal_gpio.c ****   */
 117:Drivers/STM32U5xx_HAL_Driver/Src/stm32u5xx_hal_gpio.c **** 
 118:Drivers/STM32U5xx_HAL_Driver/Src/stm32u5xx_hal_gpio.c **** #ifdef HAL_GPIO_MODULE_ENABLED
 119:Drivers/STM32U5xx_HAL_Driver/Src/stm32u5xx_hal_gpio.c **** 
 120:Drivers/STM32U5xx_HAL_Driver/Src/stm32u5xx_hal_gpio.c **** /* Private typedef -----------------------------------------------------------*/
 121:Drivers/STM32U5xx_HAL_Driver/Src/stm32u5xx_hal_gpio.c **** /* Private defines -----------------------------------------------------------*/
 122:Drivers/STM32U5xx_HAL_Driver/Src/stm32u5xx_hal_gpio.c **** /** @defgroup GPIO_Private_Defines GPIO Private Defines
 123:Drivers/STM32U5xx_HAL_Driver/Src/stm32u5xx_hal_gpio.c ****   * @{
 124:Drivers/STM32U5xx_HAL_Driver/Src/stm32u5xx_hal_gpio.c ****   */
 125:Drivers/STM32U5xx_HAL_Driver/Src/stm32u5xx_hal_gpio.c **** #define GPIO_MODE             (0x00000003U)
 126:Drivers/STM32U5xx_HAL_Driver/Src/stm32u5xx_hal_gpio.c **** #define EXTI_MODE             (0x10000000U)
 127:Drivers/STM32U5xx_HAL_Driver/Src/stm32u5xx_hal_gpio.c **** #define GPIO_MODE_IT          (0x00010000U)
 128:Drivers/STM32U5xx_HAL_Driver/Src/stm32u5xx_hal_gpio.c **** #define GPIO_MODE_EVT         (0x00020000U)
 129:Drivers/STM32U5xx_HAL_Driver/Src/stm32u5xx_hal_gpio.c **** #define RISING_EDGE           (0x00100000U)
 130:Drivers/STM32U5xx_HAL_Driver/Src/stm32u5xx_hal_gpio.c **** #define FALLING_EDGE          (0x00200000U)
 131:Drivers/STM32U5xx_HAL_Driver/Src/stm32u5xx_hal_gpio.c **** #define GPIO_OUTPUT_TYPE      (0x00000010U)
 132:Drivers/STM32U5xx_HAL_Driver/Src/stm32u5xx_hal_gpio.c **** #define GPIO_NUMBER           (16U)
 133:Drivers/STM32U5xx_HAL_Driver/Src/stm32u5xx_hal_gpio.c **** 
 134:Drivers/STM32U5xx_HAL_Driver/Src/stm32u5xx_hal_gpio.c **** /**
 135:Drivers/STM32U5xx_HAL_Driver/Src/stm32u5xx_hal_gpio.c ****   * @}
 136:Drivers/STM32U5xx_HAL_Driver/Src/stm32u5xx_hal_gpio.c ****   */
 137:Drivers/STM32U5xx_HAL_Driver/Src/stm32u5xx_hal_gpio.c **** 
 138:Drivers/STM32U5xx_HAL_Driver/Src/stm32u5xx_hal_gpio.c **** /* Private macros ------------------------------------------------------------*/
 139:Drivers/STM32U5xx_HAL_Driver/Src/stm32u5xx_hal_gpio.c **** /* Private variables ---------------------------------------------------------*/
 140:Drivers/STM32U5xx_HAL_Driver/Src/stm32u5xx_hal_gpio.c **** /** @defgroup GPIO_Private_Variables GPIO Private Variables
 141:Drivers/STM32U5xx_HAL_Driver/Src/stm32u5xx_hal_gpio.c ****   * @{
 142:Drivers/STM32U5xx_HAL_Driver/Src/stm32u5xx_hal_gpio.c ****   */
ARM GAS  /var/folders/j8/bx6g0dyx2gg_pdn7l_y1sb9c0000gn/T//ccCtU4IH.s 			page 4


 143:Drivers/STM32U5xx_HAL_Driver/Src/stm32u5xx_hal_gpio.c **** 
 144:Drivers/STM32U5xx_HAL_Driver/Src/stm32u5xx_hal_gpio.c **** /* LPGPIO Mapping */
 145:Drivers/STM32U5xx_HAL_Driver/Src/stm32u5xx_hal_gpio.c **** static const LPGPIO_MapTypeDef LPGPIO_Map[GPIO_NUMBER] =
 146:Drivers/STM32U5xx_HAL_Driver/Src/stm32u5xx_hal_gpio.c **** {
 147:Drivers/STM32U5xx_HAL_Driver/Src/stm32u5xx_hal_gpio.c ****   /* LPGPIO Pins Port    Pin */
 148:Drivers/STM32U5xx_HAL_Driver/Src/stm32u5xx_hal_gpio.c ****   /* Pin 0:*/    {GPIOA,   1},
 149:Drivers/STM32U5xx_HAL_Driver/Src/stm32u5xx_hal_gpio.c ****   /* Pin 1:*/    {GPIOA,   3},
 150:Drivers/STM32U5xx_HAL_Driver/Src/stm32u5xx_hal_gpio.c ****   /* Pin 2:*/    {GPIOA,   6},
 151:Drivers/STM32U5xx_HAL_Driver/Src/stm32u5xx_hal_gpio.c ****   /* Pin 3:*/    {GPIOB,   1},
 152:Drivers/STM32U5xx_HAL_Driver/Src/stm32u5xx_hal_gpio.c ****   /* Pin 4:*/    {GPIOB,  10},
 153:Drivers/STM32U5xx_HAL_Driver/Src/stm32u5xx_hal_gpio.c ****   /* Pin 5:*/    {GPIOC,   2},
 154:Drivers/STM32U5xx_HAL_Driver/Src/stm32u5xx_hal_gpio.c ****   /* Pin 6:*/    {GPIOD,  13},
 155:Drivers/STM32U5xx_HAL_Driver/Src/stm32u5xx_hal_gpio.c ****   /* Pin 7:*/    {GPIOD,   2},
 156:Drivers/STM32U5xx_HAL_Driver/Src/stm32u5xx_hal_gpio.c ****   /* Pin 8:*/    {GPIOC,  10},
 157:Drivers/STM32U5xx_HAL_Driver/Src/stm32u5xx_hal_gpio.c ****   /* Pin 9:*/    {GPIOB,   0},
 158:Drivers/STM32U5xx_HAL_Driver/Src/stm32u5xx_hal_gpio.c ****   /* Pin 10:*/   {GPIOC,  12},
 159:Drivers/STM32U5xx_HAL_Driver/Src/stm32u5xx_hal_gpio.c ****   /* Pin 11:*/   {GPIOB,   3},
 160:Drivers/STM32U5xx_HAL_Driver/Src/stm32u5xx_hal_gpio.c ****   /* Pin 12:*/   {GPIOB,   4},
 161:Drivers/STM32U5xx_HAL_Driver/Src/stm32u5xx_hal_gpio.c ****   /* Pin 13:*/   {GPIOE,   0},
 162:Drivers/STM32U5xx_HAL_Driver/Src/stm32u5xx_hal_gpio.c ****   /* Pin 14:*/   {GPIOE,   2},
 163:Drivers/STM32U5xx_HAL_Driver/Src/stm32u5xx_hal_gpio.c ****   /* Pin 15:*/   {GPIOE,   3},
 164:Drivers/STM32U5xx_HAL_Driver/Src/stm32u5xx_hal_gpio.c **** };
 165:Drivers/STM32U5xx_HAL_Driver/Src/stm32u5xx_hal_gpio.c **** 
 166:Drivers/STM32U5xx_HAL_Driver/Src/stm32u5xx_hal_gpio.c **** /**
 167:Drivers/STM32U5xx_HAL_Driver/Src/stm32u5xx_hal_gpio.c ****   * @}
 168:Drivers/STM32U5xx_HAL_Driver/Src/stm32u5xx_hal_gpio.c ****   */
 169:Drivers/STM32U5xx_HAL_Driver/Src/stm32u5xx_hal_gpio.c **** 
 170:Drivers/STM32U5xx_HAL_Driver/Src/stm32u5xx_hal_gpio.c **** /* Private function prototypes -----------------------------------------------*/
 171:Drivers/STM32U5xx_HAL_Driver/Src/stm32u5xx_hal_gpio.c **** /* Exported functions --------------------------------------------------------*/
 172:Drivers/STM32U5xx_HAL_Driver/Src/stm32u5xx_hal_gpio.c **** 
 173:Drivers/STM32U5xx_HAL_Driver/Src/stm32u5xx_hal_gpio.c **** /** @addtogroup GPIO_Exported_Functions
 174:Drivers/STM32U5xx_HAL_Driver/Src/stm32u5xx_hal_gpio.c ****   * @{
 175:Drivers/STM32U5xx_HAL_Driver/Src/stm32u5xx_hal_gpio.c ****   */
 176:Drivers/STM32U5xx_HAL_Driver/Src/stm32u5xx_hal_gpio.c **** 
 177:Drivers/STM32U5xx_HAL_Driver/Src/stm32u5xx_hal_gpio.c **** /** @defgroup GPIO_Exported_Functions_Group1 Initialization/de-initialization functions
 178:Drivers/STM32U5xx_HAL_Driver/Src/stm32u5xx_hal_gpio.c ****   *  @brief    Initialization and Configuration functions
 179:Drivers/STM32U5xx_HAL_Driver/Src/stm32u5xx_hal_gpio.c ****   *
 180:Drivers/STM32U5xx_HAL_Driver/Src/stm32u5xx_hal_gpio.c **** @verbatim
 181:Drivers/STM32U5xx_HAL_Driver/Src/stm32u5xx_hal_gpio.c ****  ===============================================================================
 182:Drivers/STM32U5xx_HAL_Driver/Src/stm32u5xx_hal_gpio.c ****               ##### Initialization and de-initialization functions #####
 183:Drivers/STM32U5xx_HAL_Driver/Src/stm32u5xx_hal_gpio.c ****  ===============================================================================
 184:Drivers/STM32U5xx_HAL_Driver/Src/stm32u5xx_hal_gpio.c **** 
 185:Drivers/STM32U5xx_HAL_Driver/Src/stm32u5xx_hal_gpio.c **** @endverbatim
 186:Drivers/STM32U5xx_HAL_Driver/Src/stm32u5xx_hal_gpio.c ****   * @{
 187:Drivers/STM32U5xx_HAL_Driver/Src/stm32u5xx_hal_gpio.c ****   */
 188:Drivers/STM32U5xx_HAL_Driver/Src/stm32u5xx_hal_gpio.c **** 
 189:Drivers/STM32U5xx_HAL_Driver/Src/stm32u5xx_hal_gpio.c **** /**
 190:Drivers/STM32U5xx_HAL_Driver/Src/stm32u5xx_hal_gpio.c ****   * @brief  Initialize the GPIOx/LPGPIOx peripheral according to the specified parameters in the pG
 191:Drivers/STM32U5xx_HAL_Driver/Src/stm32u5xx_hal_gpio.c ****   * @note   If GPIOx/LPGPIOx peripheral pin is used in EXTI_MODE and the pin is secure in case
 192:Drivers/STM32U5xx_HAL_Driver/Src/stm32u5xx_hal_gpio.c ****   *         the system implements the security (TZEN=1), it is up to the secure application to
 193:Drivers/STM32U5xx_HAL_Driver/Src/stm32u5xx_hal_gpio.c ****   *         insure that the corresponding EXTI line is set secure.
 194:Drivers/STM32U5xx_HAL_Driver/Src/stm32u5xx_hal_gpio.c ****   * @param  GPIOx or LPGPIOx: where x can be (A..I) for the GPIO and (1) for LPGPIO to select the c
 195:Drivers/STM32U5xx_HAL_Driver/Src/stm32u5xx_hal_gpio.c ****   *         peripheral for STM32U5 family
 196:Drivers/STM32U5xx_HAL_Driver/Src/stm32u5xx_hal_gpio.c ****   * @param  pGPIO_Init: pointer to a GPIO_InitTypeDef structure that contains
 197:Drivers/STM32U5xx_HAL_Driver/Src/stm32u5xx_hal_gpio.c ****   *         the configuration information for the specified GPIO peripheral.
 198:Drivers/STM32U5xx_HAL_Driver/Src/stm32u5xx_hal_gpio.c ****   * @retval None
 199:Drivers/STM32U5xx_HAL_Driver/Src/stm32u5xx_hal_gpio.c ****   */
ARM GAS  /var/folders/j8/bx6g0dyx2gg_pdn7l_y1sb9c0000gn/T//ccCtU4IH.s 			page 5


 200:Drivers/STM32U5xx_HAL_Driver/Src/stm32u5xx_hal_gpio.c **** void HAL_GPIO_Init(GPIO_TypeDef  *GPIOx, const GPIO_InitTypeDef *pGPIO_Init)
 201:Drivers/STM32U5xx_HAL_Driver/Src/stm32u5xx_hal_gpio.c **** {
  31              		.loc 1 201 1 view -0
  32              		.cfi_startproc
  33              		@ args = 0, pretend = 0, frame = 0
  34              		@ frame_needed = 0, uses_anonymous_args = 0
  35              		.loc 1 201 1 is_stmt 0 view .LVU1
  36 0000 F0B5     		push	{r4, r5, r6, r7, lr}
  37              	.LCFI0:
  38              		.cfi_def_cfa_offset 20
  39              		.cfi_offset 4, -20
  40              		.cfi_offset 5, -16
  41              		.cfi_offset 6, -12
  42              		.cfi_offset 7, -8
  43              		.cfi_offset 14, -4
 202:Drivers/STM32U5xx_HAL_Driver/Src/stm32u5xx_hal_gpio.c ****   uint32_t tmp;
  44              		.loc 1 202 3 is_stmt 1 view .LVU2
 203:Drivers/STM32U5xx_HAL_Driver/Src/stm32u5xx_hal_gpio.c ****   uint32_t iocurrent;
  45              		.loc 1 203 3 view .LVU3
 204:Drivers/STM32U5xx_HAL_Driver/Src/stm32u5xx_hal_gpio.c ****   uint32_t pin_position;
  46              		.loc 1 204 3 view .LVU4
 205:Drivers/STM32U5xx_HAL_Driver/Src/stm32u5xx_hal_gpio.c ****   uint32_t position = 0U;
  47              		.loc 1 205 3 view .LVU5
  48              	.LVL1:
 206:Drivers/STM32U5xx_HAL_Driver/Src/stm32u5xx_hal_gpio.c ****   GPIO_TypeDef  *p_gpio;
  49              		.loc 1 206 3 view .LVU6
 207:Drivers/STM32U5xx_HAL_Driver/Src/stm32u5xx_hal_gpio.c **** 
 208:Drivers/STM32U5xx_HAL_Driver/Src/stm32u5xx_hal_gpio.c ****   /* Check the parameters */
 209:Drivers/STM32U5xx_HAL_Driver/Src/stm32u5xx_hal_gpio.c ****   assert_param(IS_GPIO_ALL_INSTANCE(GPIOx));
  50              		.loc 1 209 3 view .LVU7
 210:Drivers/STM32U5xx_HAL_Driver/Src/stm32u5xx_hal_gpio.c ****   assert_param(IS_GPIO_PIN(pGPIO_Init->Pin));
  51              		.loc 1 210 3 view .LVU8
 211:Drivers/STM32U5xx_HAL_Driver/Src/stm32u5xx_hal_gpio.c ****   assert_param(IS_GPIO_MODE(pGPIO_Init->Mode));
  52              		.loc 1 211 3 view .LVU9
 212:Drivers/STM32U5xx_HAL_Driver/Src/stm32u5xx_hal_gpio.c **** 
 213:Drivers/STM32U5xx_HAL_Driver/Src/stm32u5xx_hal_gpio.c ****   /* Save GPIO port address */
 214:Drivers/STM32U5xx_HAL_Driver/Src/stm32u5xx_hal_gpio.c ****   p_gpio = GPIOx;
  53              		.loc 1 214 3 view .LVU10
 215:Drivers/STM32U5xx_HAL_Driver/Src/stm32u5xx_hal_gpio.c **** 
 216:Drivers/STM32U5xx_HAL_Driver/Src/stm32u5xx_hal_gpio.c ****   /* Configure the port pins */
 217:Drivers/STM32U5xx_HAL_Driver/Src/stm32u5xx_hal_gpio.c ****   while (((pGPIO_Init->Pin) >> position) != 0U)
  54              		.loc 1 217 3 view .LVU11
 214:Drivers/STM32U5xx_HAL_Driver/Src/stm32u5xx_hal_gpio.c **** 
  55              		.loc 1 214 10 is_stmt 0 view .LVU12
  56 0002 0446     		mov	r4, r0
 205:Drivers/STM32U5xx_HAL_Driver/Src/stm32u5xx_hal_gpio.c ****   GPIO_TypeDef  *p_gpio;
  57              		.loc 1 205 12 view .LVU13
  58 0004 0023     		movs	r3, #0
  59              		.loc 1 217 9 view .LVU14
  60 0006 D8E0     		b	.L2
  61              	.LVL2:
  62              	.L20:
 218:Drivers/STM32U5xx_HAL_Driver/Src/stm32u5xx_hal_gpio.c ****   {
 219:Drivers/STM32U5xx_HAL_Driver/Src/stm32u5xx_hal_gpio.c ****     /* Get current io position */
 220:Drivers/STM32U5xx_HAL_Driver/Src/stm32u5xx_hal_gpio.c ****     iocurrent = (pGPIO_Init->Pin) & (1UL << position);
 221:Drivers/STM32U5xx_HAL_Driver/Src/stm32u5xx_hal_gpio.c **** 
 222:Drivers/STM32U5xx_HAL_Driver/Src/stm32u5xx_hal_gpio.c ****     /* Save Pin Position */
ARM GAS  /var/folders/j8/bx6g0dyx2gg_pdn7l_y1sb9c0000gn/T//ccCtU4IH.s 			page 6


 223:Drivers/STM32U5xx_HAL_Driver/Src/stm32u5xx_hal_gpio.c ****     pin_position = position;
 224:Drivers/STM32U5xx_HAL_Driver/Src/stm32u5xx_hal_gpio.c **** 
 225:Drivers/STM32U5xx_HAL_Driver/Src/stm32u5xx_hal_gpio.c ****     if (iocurrent != 0U)
 226:Drivers/STM32U5xx_HAL_Driver/Src/stm32u5xx_hal_gpio.c ****     {
 227:Drivers/STM32U5xx_HAL_Driver/Src/stm32u5xx_hal_gpio.c ****       /*--------------------- GPIO Mode Configuration ------------------------*/
 228:Drivers/STM32U5xx_HAL_Driver/Src/stm32u5xx_hal_gpio.c ****       /* In case of Alternate function mode selection */
 229:Drivers/STM32U5xx_HAL_Driver/Src/stm32u5xx_hal_gpio.c ****       if (GPIOx == LPGPIO1)
 230:Drivers/STM32U5xx_HAL_Driver/Src/stm32u5xx_hal_gpio.c ****       {
 231:Drivers/STM32U5xx_HAL_Driver/Src/stm32u5xx_hal_gpio.c ****         /* MODER configuration */
 232:Drivers/STM32U5xx_HAL_Driver/Src/stm32u5xx_hal_gpio.c ****         tmp = GPIOx->MODER;
  63              		.loc 1 232 9 is_stmt 1 view .LVU15
  64              		.loc 1 232 13 is_stmt 0 view .LVU16
  65 0008 0468     		ldr	r4, [r0]
  66              	.LVL3:
 233:Drivers/STM32U5xx_HAL_Driver/Src/stm32u5xx_hal_gpio.c ****         tmp &= ~(LPGPIO_MODER_MOD0 << position);
  67              		.loc 1 233 9 is_stmt 1 view .LVU17
  68              		.loc 1 233 13 is_stmt 0 view .LVU18
  69 000a 24EA0C0C 		bic	ip, r4, ip
  70              	.LVL4:
 234:Drivers/STM32U5xx_HAL_Driver/Src/stm32u5xx_hal_gpio.c ****         tmp |= ((pGPIO_Init->Mode & GPIO_MODE_OUTPUT_PP) << position);
  71              		.loc 1 234 9 is_stmt 1 view .LVU19
  72              		.loc 1 234 28 is_stmt 0 view .LVU20
  73 000e 4C68     		ldr	r4, [r1, #4]
  74              		.loc 1 234 35 view .LVU21
  75 0010 04F00104 		and	r4, r4, #1
  76              		.loc 1 234 58 view .LVU22
  77 0014 9C40     		lsls	r4, r4, r3
  78              		.loc 1 234 13 view .LVU23
  79 0016 44EA0C04 		orr	r4, r4, ip
  80              	.LVL5:
 235:Drivers/STM32U5xx_HAL_Driver/Src/stm32u5xx_hal_gpio.c ****         GPIOx->MODER = tmp;
  81              		.loc 1 235 9 is_stmt 1 view .LVU24
  82              		.loc 1 235 22 is_stmt 0 view .LVU25
  83 001a 0460     		str	r4, [r0]
 236:Drivers/STM32U5xx_HAL_Driver/Src/stm32u5xx_hal_gpio.c **** 
 237:Drivers/STM32U5xx_HAL_Driver/Src/stm32u5xx_hal_gpio.c ****         /* Save GPIO Port and pin index */
 238:Drivers/STM32U5xx_HAL_Driver/Src/stm32u5xx_hal_gpio.c ****         p_gpio = LPGPIO_Map[position].GPIO_PORT;
  84              		.loc 1 238 9 is_stmt 1 view .LVU26
  85              		.loc 1 238 16 is_stmt 0 view .LVU27
  86 001c 7D4D     		ldr	r5, .L21
  87 001e 55F83340 		ldr	r4, [r5, r3, lsl #3]
  88              	.LVL6:
 239:Drivers/STM32U5xx_HAL_Driver/Src/stm32u5xx_hal_gpio.c ****         pin_position = LPGPIO_Map[position].Pin_Pos;
  89              		.loc 1 239 9 is_stmt 1 view .LVU28
  90              		.loc 1 239 22 is_stmt 0 view .LVU29
  91 0022 05EBC305 		add	r5, r5, r3, lsl #3
  92 0026 6D68     		ldr	r5, [r5, #4]
  93              	.LVL7:
 240:Drivers/STM32U5xx_HAL_Driver/Src/stm32u5xx_hal_gpio.c **** 
 241:Drivers/STM32U5xx_HAL_Driver/Src/stm32u5xx_hal_gpio.c ****         /* Configure Alternate function mapped with the current IO */
 242:Drivers/STM32U5xx_HAL_Driver/Src/stm32u5xx_hal_gpio.c ****         tmp = p_gpio->AFR[(pin_position) >> 3U];
  94              		.loc 1 242 9 is_stmt 1 view .LVU30
  95              		.loc 1 242 42 is_stmt 0 view .LVU31
  96 0028 EF08     		lsrs	r7, r5, #3
  97              		.loc 1 242 13 view .LVU32
  98 002a 0837     		adds	r7, r7, #8
  99 002c 54F827E0 		ldr	lr, [r4, r7, lsl #2]
ARM GAS  /var/folders/j8/bx6g0dyx2gg_pdn7l_y1sb9c0000gn/T//ccCtU4IH.s 			page 7


 100              	.LVL8:
 243:Drivers/STM32U5xx_HAL_Driver/Src/stm32u5xx_hal_gpio.c ****         tmp &= ~(0x0FUL << (((pin_position) & 0x07U) * 4U));
 101              		.loc 1 243 9 is_stmt 1 view .LVU33
 102              		.loc 1 243 45 is_stmt 0 view .LVU34
 103 0030 05F00706 		and	r6, r5, #7
 104              		.loc 1 243 54 view .LVU35
 105 0034 4FEA860C 		lsl	ip, r6, #2
 106              		.loc 1 243 25 view .LVU36
 107 0038 0F26     		movs	r6, #15
 108 003a 06FA0CF6 		lsl	r6, r6, ip
 109              		.loc 1 243 13 view .LVU37
 110 003e 2EEA060E 		bic	lr, lr, r6
 111              	.LVL9:
 244:Drivers/STM32U5xx_HAL_Driver/Src/stm32u5xx_hal_gpio.c ****         tmp |= ((GPIO_AF11_LPGPIO1 & 0x0FUL) << (((pin_position) & 0x07U) * 4U));
 112              		.loc 1 244 9 is_stmt 1 view .LVU38
 113              		.loc 1 244 46 is_stmt 0 view .LVU39
 114 0042 0B26     		movs	r6, #11
 115 0044 06FA0CF6 		lsl	r6, r6, ip
 116              		.loc 1 244 13 view .LVU40
 117 0048 46EA0E06 		orr	r6, r6, lr
 118              	.LVL10:
 245:Drivers/STM32U5xx_HAL_Driver/Src/stm32u5xx_hal_gpio.c ****         p_gpio->AFR[(pin_position) >> 3U] = tmp;
 119              		.loc 1 245 9 is_stmt 1 view .LVU41
 120              		.loc 1 245 43 is_stmt 0 view .LVU42
 121 004c 44F82760 		str	r6, [r4, r7, lsl #2]
 246:Drivers/STM32U5xx_HAL_Driver/Src/stm32u5xx_hal_gpio.c **** 
 247:Drivers/STM32U5xx_HAL_Driver/Src/stm32u5xx_hal_gpio.c ****         /* Configure IO Direction mode (Alternate) */
 248:Drivers/STM32U5xx_HAL_Driver/Src/stm32u5xx_hal_gpio.c ****         tmp = p_gpio->MODER;
 122              		.loc 1 248 9 is_stmt 1 view .LVU43
 123              		.loc 1 248 13 is_stmt 0 view .LVU44
 124 0050 2768     		ldr	r7, [r4]
 125              	.LVL11:
 249:Drivers/STM32U5xx_HAL_Driver/Src/stm32u5xx_hal_gpio.c ****         tmp &= ~(GPIO_MODER_MODE0 << (pin_position * GPIO_MODER_MODE1_Pos));
 126              		.loc 1 249 9 is_stmt 1 view .LVU45
 127              		.loc 1 249 52 is_stmt 0 view .LVU46
 128 0052 4FEA450C 		lsl	ip, r5, #1
 129              		.loc 1 249 35 view .LVU47
 130 0056 0326     		movs	r6, #3
 131 0058 06FA0CF6 		lsl	r6, r6, ip
 132              		.loc 1 249 13 view .LVU48
 133 005c 27EA0607 		bic	r7, r7, r6
 134              	.LVL12:
 250:Drivers/STM32U5xx_HAL_Driver/Src/stm32u5xx_hal_gpio.c ****         tmp |= ((GPIO_MODE_AF_PP & 0x0FUL) << (pin_position * GPIO_MODER_MODE1_Pos));
 135              		.loc 1 250 9 is_stmt 1 view .LVU49
 136              		.loc 1 250 44 is_stmt 0 view .LVU50
 137 0060 0226     		movs	r6, #2
 138 0062 06FA0CF6 		lsl	r6, r6, ip
 139              		.loc 1 250 13 view .LVU51
 140 0066 3E43     		orrs	r6, r6, r7
 141              	.LVL13:
 251:Drivers/STM32U5xx_HAL_Driver/Src/stm32u5xx_hal_gpio.c ****         p_gpio->MODER = tmp;
 142              		.loc 1 251 9 is_stmt 1 view .LVU52
 143              		.loc 1 251 23 is_stmt 0 view .LVU53
 144 0068 2660     		str	r6, [r4]
 145 006a 1FE0     		b	.L5
 146              	.LVL14:
 147              	.L6:
ARM GAS  /var/folders/j8/bx6g0dyx2gg_pdn7l_y1sb9c0000gn/T//ccCtU4IH.s 			page 8


 252:Drivers/STM32U5xx_HAL_Driver/Src/stm32u5xx_hal_gpio.c ****       }
 253:Drivers/STM32U5xx_HAL_Driver/Src/stm32u5xx_hal_gpio.c ****       else if ((pGPIO_Init->Mode == GPIO_MODE_AF_PP) || (pGPIO_Init->Mode == GPIO_MODE_AF_OD))
 254:Drivers/STM32U5xx_HAL_Driver/Src/stm32u5xx_hal_gpio.c ****       {
 255:Drivers/STM32U5xx_HAL_Driver/Src/stm32u5xx_hal_gpio.c ****         /* Check the parameters */
 256:Drivers/STM32U5xx_HAL_Driver/Src/stm32u5xx_hal_gpio.c ****         assert_param(IS_GPIO_ALL_INSTANCE(GPIOx));
 148              		.loc 1 256 9 is_stmt 1 view .LVU54
 257:Drivers/STM32U5xx_HAL_Driver/Src/stm32u5xx_hal_gpio.c ****         assert_param(IS_GPIO_AF_INSTANCE(GPIOx));
 149              		.loc 1 257 9 view .LVU55
 258:Drivers/STM32U5xx_HAL_Driver/Src/stm32u5xx_hal_gpio.c ****         assert_param(IS_GPIO_AF(pGPIO_Init->Alternate));
 150              		.loc 1 258 9 view .LVU56
 259:Drivers/STM32U5xx_HAL_Driver/Src/stm32u5xx_hal_gpio.c **** 
 260:Drivers/STM32U5xx_HAL_Driver/Src/stm32u5xx_hal_gpio.c ****         /* Configure Alternate function mapped with the current IO */
 261:Drivers/STM32U5xx_HAL_Driver/Src/stm32u5xx_hal_gpio.c ****         tmp = GPIOx->AFR[position >> 3U];
 151              		.loc 1 261 9 view .LVU57
 152              		.loc 1 261 35 is_stmt 0 view .LVU58
 153 006c DE08     		lsrs	r6, r3, #3
 154              		.loc 1 261 13 view .LVU59
 155 006e 0836     		adds	r6, r6, #8
 156 0070 50F826C0 		ldr	ip, [r0, r6, lsl #2]
 157              	.LVL15:
 262:Drivers/STM32U5xx_HAL_Driver/Src/stm32u5xx_hal_gpio.c ****         tmp &= ~(0x0FUL << ((position & 0x07U) * GPIO_AFRL_AFSEL1_Pos));
 158              		.loc 1 262 9 is_stmt 1 view .LVU60
 159              		.loc 1 262 39 is_stmt 0 view .LVU61
 160 0074 03F00705 		and	r5, r3, #7
 161              		.loc 1 262 48 view .LVU62
 162 0078 AF00     		lsls	r7, r5, #2
 163              		.loc 1 262 25 view .LVU63
 164 007a 0F25     		movs	r5, #15
 165 007c BD40     		lsls	r5, r5, r7
 166              		.loc 1 262 13 view .LVU64
 167 007e 2CEA050C 		bic	ip, ip, r5
 168              	.LVL16:
 263:Drivers/STM32U5xx_HAL_Driver/Src/stm32u5xx_hal_gpio.c ****         tmp |= ((pGPIO_Init->Alternate & 0x0FUL) << ((position & 0x07U) * GPIO_AFRL_AFSEL1_Pos));
 169              		.loc 1 263 9 is_stmt 1 view .LVU65
 170              		.loc 1 263 28 is_stmt 0 view .LVU66
 171 0082 0D69     		ldr	r5, [r1, #16]
 172              		.loc 1 263 40 view .LVU67
 173 0084 05F00F05 		and	r5, r5, #15
 174              		.loc 1 263 50 view .LVU68
 175 0088 BD40     		lsls	r5, r5, r7
 176              		.loc 1 263 13 view .LVU69
 177 008a 45EA0C05 		orr	r5, r5, ip
 178              	.LVL17:
 264:Drivers/STM32U5xx_HAL_Driver/Src/stm32u5xx_hal_gpio.c ****         GPIOx->AFR[position >> 3U] = tmp;
 179              		.loc 1 264 9 is_stmt 1 view .LVU70
 180              		.loc 1 264 36 is_stmt 0 view .LVU71
 181 008e 40F82650 		str	r5, [r0, r6, lsl #2]
 265:Drivers/STM32U5xx_HAL_Driver/Src/stm32u5xx_hal_gpio.c **** 
 266:Drivers/STM32U5xx_HAL_Driver/Src/stm32u5xx_hal_gpio.c ****         /* Configure IO Direction mode (Alternate) */
 267:Drivers/STM32U5xx_HAL_Driver/Src/stm32u5xx_hal_gpio.c ****         tmp = p_gpio->MODER;
 182              		.loc 1 267 9 is_stmt 1 view .LVU72
 183              		.loc 1 267 13 is_stmt 0 view .LVU73
 184 0092 2668     		ldr	r6, [r4]
 185              	.LVL18:
 268:Drivers/STM32U5xx_HAL_Driver/Src/stm32u5xx_hal_gpio.c ****         tmp &= ~(GPIO_MODER_MODE0 << (pin_position * GPIO_MODER_MODE1_Pos));
 186              		.loc 1 268 9 is_stmt 1 view .LVU74
 187              		.loc 1 268 52 is_stmt 0 view .LVU75
ARM GAS  /var/folders/j8/bx6g0dyx2gg_pdn7l_y1sb9c0000gn/T//ccCtU4IH.s 			page 9


 188 0094 5F00     		lsls	r7, r3, #1
 189              		.loc 1 268 35 view .LVU76
 190 0096 0325     		movs	r5, #3
 191 0098 BD40     		lsls	r5, r5, r7
 192              		.loc 1 268 13 view .LVU77
 193 009a 26EA0506 		bic	r6, r6, r5
 194              	.LVL19:
 269:Drivers/STM32U5xx_HAL_Driver/Src/stm32u5xx_hal_gpio.c ****         tmp |= ((pGPIO_Init->Mode & GPIO_MODE) << (pin_position * GPIO_MODER_MODE1_Pos));
 195              		.loc 1 269 9 is_stmt 1 view .LVU78
 196              		.loc 1 269 28 is_stmt 0 view .LVU79
 197 009e 4D68     		ldr	r5, [r1, #4]
 198              		.loc 1 269 35 view .LVU80
 199 00a0 05F00305 		and	r5, r5, #3
 200              		.loc 1 269 48 view .LVU81
 201 00a4 BD40     		lsls	r5, r5, r7
 202              		.loc 1 269 13 view .LVU82
 203 00a6 3543     		orrs	r5, r5, r6
 204              	.LVL20:
 270:Drivers/STM32U5xx_HAL_Driver/Src/stm32u5xx_hal_gpio.c ****         p_gpio->MODER = tmp;
 205              		.loc 1 270 9 is_stmt 1 view .LVU83
 206              		.loc 1 270 23 is_stmt 0 view .LVU84
 207 00a8 2560     		str	r5, [r4]
 223:Drivers/STM32U5xx_HAL_Driver/Src/stm32u5xx_hal_gpio.c **** 
 208              		.loc 1 223 18 view .LVU85
 209 00aa 1D46     		mov	r5, r3
 210              	.LVL21:
 211              	.L5:
 271:Drivers/STM32U5xx_HAL_Driver/Src/stm32u5xx_hal_gpio.c ****       }
 272:Drivers/STM32U5xx_HAL_Driver/Src/stm32u5xx_hal_gpio.c ****       else
 273:Drivers/STM32U5xx_HAL_Driver/Src/stm32u5xx_hal_gpio.c ****       {
 274:Drivers/STM32U5xx_HAL_Driver/Src/stm32u5xx_hal_gpio.c ****         /* Check the parameters */
 275:Drivers/STM32U5xx_HAL_Driver/Src/stm32u5xx_hal_gpio.c ****         assert_param(IS_GPIO_ALL_INSTANCE(GPIOx));
 276:Drivers/STM32U5xx_HAL_Driver/Src/stm32u5xx_hal_gpio.c **** 
 277:Drivers/STM32U5xx_HAL_Driver/Src/stm32u5xx_hal_gpio.c ****         /* Configure IO Direction mode (Input, Output, Alternate or Analog) */
 278:Drivers/STM32U5xx_HAL_Driver/Src/stm32u5xx_hal_gpio.c ****         tmp = p_gpio->MODER;
 279:Drivers/STM32U5xx_HAL_Driver/Src/stm32u5xx_hal_gpio.c ****         tmp &= ~(GPIO_MODER_MODE0 << (pin_position * GPIO_MODER_MODE1_Pos));
 280:Drivers/STM32U5xx_HAL_Driver/Src/stm32u5xx_hal_gpio.c ****         tmp |= ((pGPIO_Init->Mode & GPIO_MODE) << (pin_position * GPIO_MODER_MODE1_Pos));
 281:Drivers/STM32U5xx_HAL_Driver/Src/stm32u5xx_hal_gpio.c ****         p_gpio->MODER = tmp;
 282:Drivers/STM32U5xx_HAL_Driver/Src/stm32u5xx_hal_gpio.c ****       }
 283:Drivers/STM32U5xx_HAL_Driver/Src/stm32u5xx_hal_gpio.c **** 
 284:Drivers/STM32U5xx_HAL_Driver/Src/stm32u5xx_hal_gpio.c ****       /* In case of Output or Alternate function mode selection */
 285:Drivers/STM32U5xx_HAL_Driver/Src/stm32u5xx_hal_gpio.c ****       if ((pGPIO_Init->Mode == GPIO_MODE_OUTPUT_PP) || (pGPIO_Init->Mode == GPIO_MODE_AF_PP) ||
 212              		.loc 1 285 7 is_stmt 1 view .LVU86
 213              		.loc 1 285 22 is_stmt 0 view .LVU87
 214 00ac 4E68     		ldr	r6, [r1, #4]
 215              		.loc 1 285 53 view .LVU88
 216 00ae 06F1FF3C 		add	ip, r6, #-1
 217              		.loc 1 285 10 view .LVU89
 218 00b2 BCF1010F 		cmp	ip, #1
 219 00b6 03D9     		bls	.L8
 220              		.loc 1 285 94 discriminator 1 view .LVU90
 221 00b8 112E     		cmp	r6, #17
 222 00ba 01D0     		beq	.L8
 286:Drivers/STM32U5xx_HAL_Driver/Src/stm32u5xx_hal_gpio.c ****           (pGPIO_Init->Mode == GPIO_MODE_OUTPUT_OD) || (pGPIO_Init->Mode == GPIO_MODE_AF_OD))
 223              		.loc 1 286 53 view .LVU91
 224 00bc 122E     		cmp	r6, #18
 225 00be 1CD1     		bne	.L9
ARM GAS  /var/folders/j8/bx6g0dyx2gg_pdn7l_y1sb9c0000gn/T//ccCtU4IH.s 			page 10


 226              	.L8:
 287:Drivers/STM32U5xx_HAL_Driver/Src/stm32u5xx_hal_gpio.c ****       {
 288:Drivers/STM32U5xx_HAL_Driver/Src/stm32u5xx_hal_gpio.c ****         /* Check the Speed parameter */
 289:Drivers/STM32U5xx_HAL_Driver/Src/stm32u5xx_hal_gpio.c ****         assert_param(IS_GPIO_SPEED(pGPIO_Init->Speed));
 227              		.loc 1 289 9 is_stmt 1 view .LVU92
 290:Drivers/STM32U5xx_HAL_Driver/Src/stm32u5xx_hal_gpio.c **** 
 291:Drivers/STM32U5xx_HAL_Driver/Src/stm32u5xx_hal_gpio.c ****         /* Configure the IO Speed */
 292:Drivers/STM32U5xx_HAL_Driver/Src/stm32u5xx_hal_gpio.c ****         tmp = p_gpio->OSPEEDR;
 228              		.loc 1 292 9 view .LVU93
 229              		.loc 1 292 13 is_stmt 0 view .LVU94
 230 00c0 A668     		ldr	r6, [r4, #8]
 231              	.LVL22:
 293:Drivers/STM32U5xx_HAL_Driver/Src/stm32u5xx_hal_gpio.c ****         tmp &= ~(GPIO_OSPEEDR_OSPEED0 << (pin_position * GPIO_OSPEEDR_OSPEED1_Pos));
 232              		.loc 1 293 9 is_stmt 1 view .LVU95
 233              		.loc 1 293 56 is_stmt 0 view .LVU96
 234 00c2 4FEA450E 		lsl	lr, r5, #1
 235              		.loc 1 293 39 view .LVU97
 236 00c6 4FF0030C 		mov	ip, #3
 237 00ca 0CFA0EFC 		lsl	ip, ip, lr
 238              		.loc 1 293 13 view .LVU98
 239 00ce 26EA0C0C 		bic	ip, r6, ip
 240              	.LVL23:
 294:Drivers/STM32U5xx_HAL_Driver/Src/stm32u5xx_hal_gpio.c ****         tmp |= (pGPIO_Init->Speed << (pin_position * GPIO_OSPEEDR_OSPEED1_Pos));
 241              		.loc 1 294 9 is_stmt 1 view .LVU99
 242              		.loc 1 294 27 is_stmt 0 view .LVU100
 243 00d2 CE68     		ldr	r6, [r1, #12]
 244              		.loc 1 294 35 view .LVU101
 245 00d4 06FA0EF6 		lsl	r6, r6, lr
 246              		.loc 1 294 13 view .LVU102
 247 00d8 46EA0C06 		orr	r6, r6, ip
 248              	.LVL24:
 295:Drivers/STM32U5xx_HAL_Driver/Src/stm32u5xx_hal_gpio.c ****         p_gpio->OSPEEDR = tmp;
 249              		.loc 1 295 9 is_stmt 1 view .LVU103
 250              		.loc 1 295 25 is_stmt 0 view .LVU104
 251 00dc A660     		str	r6, [r4, #8]
 296:Drivers/STM32U5xx_HAL_Driver/Src/stm32u5xx_hal_gpio.c **** 
 297:Drivers/STM32U5xx_HAL_Driver/Src/stm32u5xx_hal_gpio.c ****         /* Configure the IO Output Type */
 298:Drivers/STM32U5xx_HAL_Driver/Src/stm32u5xx_hal_gpio.c ****         tmp = p_gpio->OTYPER;
 252              		.loc 1 298 9 is_stmt 1 view .LVU105
 253              		.loc 1 298 13 is_stmt 0 view .LVU106
 254 00de 6668     		ldr	r6, [r4, #4]
 255              	.LVL25:
 299:Drivers/STM32U5xx_HAL_Driver/Src/stm32u5xx_hal_gpio.c ****         tmp &= ~(GPIO_OTYPER_OT0 << pin_position);
 256              		.loc 1 299 9 is_stmt 1 view .LVU107
 257              		.loc 1 299 34 is_stmt 0 view .LVU108
 258 00e0 4FF0010C 		mov	ip, #1
 259 00e4 0CFA05FC 		lsl	ip, ip, r5
 260              		.loc 1 299 13 view .LVU109
 261 00e8 26EA0C0C 		bic	ip, r6, ip
 262              	.LVL26:
 300:Drivers/STM32U5xx_HAL_Driver/Src/stm32u5xx_hal_gpio.c ****         tmp |= (((pGPIO_Init->Mode & GPIO_OUTPUT_TYPE) >> 4U) << pin_position);
 263              		.loc 1 300 9 is_stmt 1 view .LVU110
 264              		.loc 1 300 29 is_stmt 0 view .LVU111
 265 00ec 4E68     		ldr	r6, [r1, #4]
 266              		.loc 1 300 56 view .LVU112
 267 00ee C6F30016 		ubfx	r6, r6, #4, #1
 268              		.loc 1 300 63 view .LVU113
ARM GAS  /var/folders/j8/bx6g0dyx2gg_pdn7l_y1sb9c0000gn/T//ccCtU4IH.s 			page 11


 269 00f2 AE40     		lsls	r6, r6, r5
 270              		.loc 1 300 13 view .LVU114
 271 00f4 46EA0C06 		orr	r6, r6, ip
 272              	.LVL27:
 301:Drivers/STM32U5xx_HAL_Driver/Src/stm32u5xx_hal_gpio.c ****         p_gpio->OTYPER = tmp;
 273              		.loc 1 301 9 is_stmt 1 view .LVU115
 274              		.loc 1 301 24 is_stmt 0 view .LVU116
 275 00f8 6660     		str	r6, [r4, #4]
 276              	.LVL28:
 277              	.L9:
 302:Drivers/STM32U5xx_HAL_Driver/Src/stm32u5xx_hal_gpio.c ****       }
 303:Drivers/STM32U5xx_HAL_Driver/Src/stm32u5xx_hal_gpio.c **** 
 304:Drivers/STM32U5xx_HAL_Driver/Src/stm32u5xx_hal_gpio.c ****       if ((pGPIO_Init->Mode != GPIO_MODE_ANALOG) || 
 278              		.loc 1 304 7 is_stmt 1 view .LVU117
 279              		.loc 1 304 22 is_stmt 0 view .LVU118
 280 00fa 4E68     		ldr	r6, [r1, #4]
 281              		.loc 1 304 10 view .LVU119
 282 00fc 032E     		cmp	r6, #3
 283 00fe 00F08280 		beq	.L18
 284              	.L10:
 305:Drivers/STM32U5xx_HAL_Driver/Src/stm32u5xx_hal_gpio.c ****           ((pGPIO_Init->Mode == GPIO_MODE_ANALOG) && (pGPIO_Init->Pull != GPIO_PULLUP)))
 306:Drivers/STM32U5xx_HAL_Driver/Src/stm32u5xx_hal_gpio.c ****       {
 307:Drivers/STM32U5xx_HAL_Driver/Src/stm32u5xx_hal_gpio.c ****         /* Check the Pull parameters */
 308:Drivers/STM32U5xx_HAL_Driver/Src/stm32u5xx_hal_gpio.c ****         assert_param(IS_GPIO_PULL(pGPIO_Init->Pull));
 285              		.loc 1 308 9 is_stmt 1 view .LVU120
 309:Drivers/STM32U5xx_HAL_Driver/Src/stm32u5xx_hal_gpio.c **** 
 310:Drivers/STM32U5xx_HAL_Driver/Src/stm32u5xx_hal_gpio.c ****         /* Activate the Pull-up or Pull down resistor for the current IO */
 311:Drivers/STM32U5xx_HAL_Driver/Src/stm32u5xx_hal_gpio.c ****         tmp = p_gpio->PUPDR;
 286              		.loc 1 311 9 view .LVU121
 287              		.loc 1 311 13 is_stmt 0 view .LVU122
 288 0102 E668     		ldr	r6, [r4, #12]
 289              	.LVL29:
 312:Drivers/STM32U5xx_HAL_Driver/Src/stm32u5xx_hal_gpio.c ****         tmp &= ~(GPIO_PUPDR_PUPD0 << (pin_position * GPIO_PUPDR_PUPD1_Pos));
 290              		.loc 1 312 9 is_stmt 1 view .LVU123
 291              		.loc 1 312 52 is_stmt 0 view .LVU124
 292 0104 6D00     		lsls	r5, r5, #1
 293              	.LVL30:
 294              		.loc 1 312 35 view .LVU125
 295 0106 4FF0030C 		mov	ip, #3
 296 010a 0CFA05FC 		lsl	ip, ip, r5
 297              		.loc 1 312 13 view .LVU126
 298 010e 26EA0C0C 		bic	ip, r6, ip
 299              	.LVL31:
 313:Drivers/STM32U5xx_HAL_Driver/Src/stm32u5xx_hal_gpio.c ****         tmp |= ((pGPIO_Init->Pull) << (pin_position * GPIO_PUPDR_PUPD1_Pos));
 300              		.loc 1 313 9 is_stmt 1 view .LVU127
 301              		.loc 1 313 28 is_stmt 0 view .LVU128
 302 0112 8E68     		ldr	r6, [r1, #8]
 303              		.loc 1 313 36 view .LVU129
 304 0114 06FA05F5 		lsl	r5, r6, r5
 305              		.loc 1 313 13 view .LVU130
 306 0118 45EA0C05 		orr	r5, r5, ip
 307              	.LVL32:
 314:Drivers/STM32U5xx_HAL_Driver/Src/stm32u5xx_hal_gpio.c ****         p_gpio->PUPDR = tmp;
 308              		.loc 1 314 9 is_stmt 1 view .LVU131
 309              		.loc 1 314 23 is_stmt 0 view .LVU132
 310 011c E560     		str	r5, [r4, #12]
 311              	.LVL33:
ARM GAS  /var/folders/j8/bx6g0dyx2gg_pdn7l_y1sb9c0000gn/T//ccCtU4IH.s 			page 12


 312              	.L11:
 315:Drivers/STM32U5xx_HAL_Driver/Src/stm32u5xx_hal_gpio.c ****       }
 316:Drivers/STM32U5xx_HAL_Driver/Src/stm32u5xx_hal_gpio.c **** 
 317:Drivers/STM32U5xx_HAL_Driver/Src/stm32u5xx_hal_gpio.c ****       /*--------------------- EXTI Mode Configuration ------------------------*/
 318:Drivers/STM32U5xx_HAL_Driver/Src/stm32u5xx_hal_gpio.c ****       /* Configure the External Interrupt or event for the current IO */
 319:Drivers/STM32U5xx_HAL_Driver/Src/stm32u5xx_hal_gpio.c ****       if ((pGPIO_Init->Mode & EXTI_MODE) == EXTI_MODE)
 313              		.loc 1 319 7 is_stmt 1 view .LVU133
 314              		.loc 1 319 22 is_stmt 0 view .LVU134
 315 011e 4D68     		ldr	r5, [r1, #4]
 316              		.loc 1 319 10 view .LVU135
 317 0120 15F0805F 		tst	r5, #268435456
 318 0124 48D0     		beq	.L3
 320:Drivers/STM32U5xx_HAL_Driver/Src/stm32u5xx_hal_gpio.c ****       {
 321:Drivers/STM32U5xx_HAL_Driver/Src/stm32u5xx_hal_gpio.c ****         tmp = EXTI->EXTICR[position >> 2U];
 319              		.loc 1 321 9 is_stmt 1 view .LVU136
 320              		.loc 1 321 37 is_stmt 0 view .LVU137
 321 0126 9E08     		lsrs	r6, r3, #2
 322              		.loc 1 321 13 view .LVU138
 323 0128 3B4F     		ldr	r7, .L21+4
 324 012a 1836     		adds	r6, r6, #24
 325 012c 57F826E0 		ldr	lr, [r7, r6, lsl #2]
 326              	.LVL34:
 322:Drivers/STM32U5xx_HAL_Driver/Src/stm32u5xx_hal_gpio.c ****         tmp &= ~((0x0FUL) << (EXTI_EXTICR1_EXTI1_Pos * (position & 0x03U)));
 327              		.loc 1 322 9 is_stmt 1 view .LVU139
 328              		.loc 1 322 66 is_stmt 0 view .LVU140
 329 0130 03F00305 		and	r5, r3, #3
 330              		.loc 1 322 54 view .LVU141
 331 0134 4FEAC50C 		lsl	ip, r5, #3
 332              		.loc 1 322 27 view .LVU142
 333 0138 0F25     		movs	r5, #15
 334 013a 05FA0CF5 		lsl	r5, r5, ip
 335              		.loc 1 322 13 view .LVU143
 336 013e 2EEA050E 		bic	lr, lr, r5
 337              	.LVL35:
 323:Drivers/STM32U5xx_HAL_Driver/Src/stm32u5xx_hal_gpio.c ****         tmp |= (GPIO_GET_INDEX(GPIOx) << (EXTI_EXTICR1_EXTI1_Pos * (position & 0x03U)));
 338              		.loc 1 323 9 is_stmt 1 view .LVU144
 339              		.loc 1 323 17 is_stmt 0 view .LVU145
 340 0142 364D     		ldr	r5, .L21+8
 341 0144 05EA9025 		and	r5, r5, r0, lsr #10
 342              		.loc 1 323 39 view .LVU146
 343 0148 05FA0CF5 		lsl	r5, r5, ip
 344              		.loc 1 323 13 view .LVU147
 345 014c 45EA0E05 		orr	r5, r5, lr
 346              	.LVL36:
 324:Drivers/STM32U5xx_HAL_Driver/Src/stm32u5xx_hal_gpio.c ****         EXTI->EXTICR[position >> 2U] = tmp;
 347              		.loc 1 324 9 is_stmt 1 view .LVU148
 348              		.loc 1 324 38 is_stmt 0 view .LVU149
 349 0150 47F82650 		str	r5, [r7, r6, lsl #2]
 325:Drivers/STM32U5xx_HAL_Driver/Src/stm32u5xx_hal_gpio.c **** 
 326:Drivers/STM32U5xx_HAL_Driver/Src/stm32u5xx_hal_gpio.c ****         /* Clear Rising Falling edge configuration */
 327:Drivers/STM32U5xx_HAL_Driver/Src/stm32u5xx_hal_gpio.c ****         tmp = EXTI->RTSR1;
 350              		.loc 1 327 9 is_stmt 1 view .LVU150
 351              		.loc 1 327 13 is_stmt 0 view .LVU151
 352 0154 3E68     		ldr	r6, [r7]
 353              	.LVL37:
 328:Drivers/STM32U5xx_HAL_Driver/Src/stm32u5xx_hal_gpio.c ****         tmp &= ~((uint32_t)iocurrent);
 354              		.loc 1 328 9 is_stmt 1 view .LVU152
ARM GAS  /var/folders/j8/bx6g0dyx2gg_pdn7l_y1sb9c0000gn/T//ccCtU4IH.s 			page 13


 355              		.loc 1 328 16 is_stmt 0 view .LVU153
 356 0156 6FEA020C 		mvn	ip, r2
 357              		.loc 1 328 13 view .LVU154
 358 015a 26EA0207 		bic	r7, r6, r2
 359              	.LVL38:
 329:Drivers/STM32U5xx_HAL_Driver/Src/stm32u5xx_hal_gpio.c ****         if ((pGPIO_Init->Mode & RISING_EDGE) == RISING_EDGE)
 360              		.loc 1 329 9 is_stmt 1 view .LVU155
 361              		.loc 1 329 12 is_stmt 0 view .LVU156
 362 015e 4D68     		ldr	r5, [r1, #4]
 363 0160 15F4801F 		tst	r5, #1048576
 364 0164 01D0     		beq	.L12
 330:Drivers/STM32U5xx_HAL_Driver/Src/stm32u5xx_hal_gpio.c ****         {
 331:Drivers/STM32U5xx_HAL_Driver/Src/stm32u5xx_hal_gpio.c ****           tmp |= iocurrent;
 365              		.loc 1 331 11 is_stmt 1 view .LVU157
 366              		.loc 1 331 15 is_stmt 0 view .LVU158
 367 0166 42EA0607 		orr	r7, r2, r6
 368              	.LVL39:
 369              	.L12:
 332:Drivers/STM32U5xx_HAL_Driver/Src/stm32u5xx_hal_gpio.c ****         }
 333:Drivers/STM32U5xx_HAL_Driver/Src/stm32u5xx_hal_gpio.c ****         EXTI->RTSR1 = tmp;
 370              		.loc 1 333 9 is_stmt 1 view .LVU159
 371              		.loc 1 333 21 is_stmt 0 view .LVU160
 372 016a 2B4E     		ldr	r6, .L21+4
 373 016c 3760     		str	r7, [r6]
 334:Drivers/STM32U5xx_HAL_Driver/Src/stm32u5xx_hal_gpio.c **** 
 335:Drivers/STM32U5xx_HAL_Driver/Src/stm32u5xx_hal_gpio.c ****         tmp = EXTI->FTSR1;
 374              		.loc 1 335 9 is_stmt 1 view .LVU161
 375              		.loc 1 335 13 is_stmt 0 view .LVU162
 376 016e 7668     		ldr	r6, [r6, #4]
 377              	.LVL40:
 336:Drivers/STM32U5xx_HAL_Driver/Src/stm32u5xx_hal_gpio.c ****         tmp &= ~((uint32_t)iocurrent);
 378              		.loc 1 336 9 is_stmt 1 view .LVU163
 379              		.loc 1 336 13 is_stmt 0 view .LVU164
 380 0170 0CEA0607 		and	r7, ip, r6
 381              	.LVL41:
 337:Drivers/STM32U5xx_HAL_Driver/Src/stm32u5xx_hal_gpio.c ****         if ((pGPIO_Init->Mode & FALLING_EDGE) == FALLING_EDGE)
 382              		.loc 1 337 9 is_stmt 1 view .LVU165
 383              		.loc 1 337 12 is_stmt 0 view .LVU166
 384 0174 4D68     		ldr	r5, [r1, #4]
 385 0176 15F4001F 		tst	r5, #2097152
 386 017a 01D0     		beq	.L13
 338:Drivers/STM32U5xx_HAL_Driver/Src/stm32u5xx_hal_gpio.c ****         {
 339:Drivers/STM32U5xx_HAL_Driver/Src/stm32u5xx_hal_gpio.c ****           tmp |= iocurrent;
 387              		.loc 1 339 11 is_stmt 1 view .LVU167
 388              		.loc 1 339 15 is_stmt 0 view .LVU168
 389 017c 42EA0607 		orr	r7, r2, r6
 390              	.LVL42:
 391              	.L13:
 340:Drivers/STM32U5xx_HAL_Driver/Src/stm32u5xx_hal_gpio.c ****         }
 341:Drivers/STM32U5xx_HAL_Driver/Src/stm32u5xx_hal_gpio.c ****         EXTI->FTSR1 = tmp;
 392              		.loc 1 341 9 is_stmt 1 view .LVU169
 393              		.loc 1 341 21 is_stmt 0 view .LVU170
 394 0180 254E     		ldr	r6, .L21+4
 395 0182 7760     		str	r7, [r6, #4]
 342:Drivers/STM32U5xx_HAL_Driver/Src/stm32u5xx_hal_gpio.c **** 
 343:Drivers/STM32U5xx_HAL_Driver/Src/stm32u5xx_hal_gpio.c ****         /* Clear EXTI line configuration */
 344:Drivers/STM32U5xx_HAL_Driver/Src/stm32u5xx_hal_gpio.c ****         tmp = EXTI->EMR1;
ARM GAS  /var/folders/j8/bx6g0dyx2gg_pdn7l_y1sb9c0000gn/T//ccCtU4IH.s 			page 14


 396              		.loc 1 344 9 is_stmt 1 view .LVU171
 397              		.loc 1 344 13 is_stmt 0 view .LVU172
 398 0184 D6F88460 		ldr	r6, [r6, #132]
 399              	.LVL43:
 345:Drivers/STM32U5xx_HAL_Driver/Src/stm32u5xx_hal_gpio.c ****         tmp &= ~((uint32_t)iocurrent);
 400              		.loc 1 345 9 is_stmt 1 view .LVU173
 401              		.loc 1 345 13 is_stmt 0 view .LVU174
 402 0188 0CEA0607 		and	r7, ip, r6
 403              	.LVL44:
 346:Drivers/STM32U5xx_HAL_Driver/Src/stm32u5xx_hal_gpio.c ****         if ((pGPIO_Init->Mode & GPIO_MODE_EVT) == GPIO_MODE_EVT)
 404              		.loc 1 346 9 is_stmt 1 view .LVU175
 405              		.loc 1 346 12 is_stmt 0 view .LVU176
 406 018c 4D68     		ldr	r5, [r1, #4]
 407 018e 15F4003F 		tst	r5, #131072
 408 0192 01D0     		beq	.L14
 347:Drivers/STM32U5xx_HAL_Driver/Src/stm32u5xx_hal_gpio.c ****         {
 348:Drivers/STM32U5xx_HAL_Driver/Src/stm32u5xx_hal_gpio.c ****           tmp |= iocurrent;
 409              		.loc 1 348 11 is_stmt 1 view .LVU177
 410              		.loc 1 348 15 is_stmt 0 view .LVU178
 411 0194 42EA0607 		orr	r7, r2, r6
 412              	.LVL45:
 413              	.L14:
 349:Drivers/STM32U5xx_HAL_Driver/Src/stm32u5xx_hal_gpio.c ****         }
 350:Drivers/STM32U5xx_HAL_Driver/Src/stm32u5xx_hal_gpio.c ****         EXTI->EMR1 = tmp;
 414              		.loc 1 350 9 is_stmt 1 view .LVU179
 415              		.loc 1 350 20 is_stmt 0 view .LVU180
 416 0198 1F4E     		ldr	r6, .L21+4
 417 019a C6F88470 		str	r7, [r6, #132]
 351:Drivers/STM32U5xx_HAL_Driver/Src/stm32u5xx_hal_gpio.c **** 
 352:Drivers/STM32U5xx_HAL_Driver/Src/stm32u5xx_hal_gpio.c ****         tmp = EXTI->IMR1;
 418              		.loc 1 352 9 is_stmt 1 view .LVU181
 419              		.loc 1 352 13 is_stmt 0 view .LVU182
 420 019e D6F88060 		ldr	r6, [r6, #128]
 421              	.LVL46:
 353:Drivers/STM32U5xx_HAL_Driver/Src/stm32u5xx_hal_gpio.c ****         tmp &= ~((uint32_t)iocurrent);
 422              		.loc 1 353 9 is_stmt 1 view .LVU183
 423              		.loc 1 353 13 is_stmt 0 view .LVU184
 424 01a2 0CEA0605 		and	r5, ip, r6
 425              	.LVL47:
 354:Drivers/STM32U5xx_HAL_Driver/Src/stm32u5xx_hal_gpio.c ****         if ((pGPIO_Init->Mode & GPIO_MODE_IT) == GPIO_MODE_IT)
 426              		.loc 1 354 9 is_stmt 1 view .LVU185
 427              		.loc 1 354 24 is_stmt 0 view .LVU186
 428 01a6 4F68     		ldr	r7, [r1, #4]
 429              		.loc 1 354 12 view .LVU187
 430 01a8 17F4803F 		tst	r7, #65536
 431 01ac 01D0     		beq	.L15
 355:Drivers/STM32U5xx_HAL_Driver/Src/stm32u5xx_hal_gpio.c ****         {
 356:Drivers/STM32U5xx_HAL_Driver/Src/stm32u5xx_hal_gpio.c ****           tmp |= iocurrent;
 432              		.loc 1 356 11 is_stmt 1 view .LVU188
 433              		.loc 1 356 15 is_stmt 0 view .LVU189
 434 01ae 42EA0605 		orr	r5, r2, r6
 435              	.LVL48:
 436              	.L15:
 357:Drivers/STM32U5xx_HAL_Driver/Src/stm32u5xx_hal_gpio.c ****         }
 358:Drivers/STM32U5xx_HAL_Driver/Src/stm32u5xx_hal_gpio.c ****         EXTI->IMR1 = tmp;
 437              		.loc 1 358 9 is_stmt 1 view .LVU190
 438              		.loc 1 358 20 is_stmt 0 view .LVU191
ARM GAS  /var/folders/j8/bx6g0dyx2gg_pdn7l_y1sb9c0000gn/T//ccCtU4IH.s 			page 15


 439 01b2 194A     		ldr	r2, .L21+4
 440              	.LVL49:
 441              		.loc 1 358 20 view .LVU192
 442 01b4 C2F88050 		str	r5, [r2, #128]
 443              	.LVL50:
 444              	.L3:
 359:Drivers/STM32U5xx_HAL_Driver/Src/stm32u5xx_hal_gpio.c ****       }
 360:Drivers/STM32U5xx_HAL_Driver/Src/stm32u5xx_hal_gpio.c ****     }
 361:Drivers/STM32U5xx_HAL_Driver/Src/stm32u5xx_hal_gpio.c ****     position++;
 445              		.loc 1 361 5 is_stmt 1 view .LVU193
 446              		.loc 1 361 13 is_stmt 0 view .LVU194
 447 01b8 0133     		adds	r3, r3, #1
 448              	.LVL51:
 449              	.L2:
 217:Drivers/STM32U5xx_HAL_Driver/Src/stm32u5xx_hal_gpio.c ****   {
 450              		.loc 1 217 9 is_stmt 1 view .LVU195
 217:Drivers/STM32U5xx_HAL_Driver/Src/stm32u5xx_hal_gpio.c ****   {
 451              		.loc 1 217 22 is_stmt 0 view .LVU196
 452 01ba 0A68     		ldr	r2, [r1]
 217:Drivers/STM32U5xx_HAL_Driver/Src/stm32u5xx_hal_gpio.c ****   {
 453              		.loc 1 217 9 view .LVU197
 454 01bc 32FA03F5 		lsrs	r5, r2, r3
 455 01c0 26D0     		beq	.L19
 220:Drivers/STM32U5xx_HAL_Driver/Src/stm32u5xx_hal_gpio.c **** 
 456              		.loc 1 220 5 is_stmt 1 view .LVU198
 220:Drivers/STM32U5xx_HAL_Driver/Src/stm32u5xx_hal_gpio.c **** 
 457              		.loc 1 220 42 is_stmt 0 view .LVU199
 458 01c2 4FF0010C 		mov	ip, #1
 459 01c6 0CFA03FC 		lsl	ip, ip, r3
 460              	.LVL52:
 223:Drivers/STM32U5xx_HAL_Driver/Src/stm32u5xx_hal_gpio.c **** 
 461              		.loc 1 223 5 is_stmt 1 view .LVU200
 225:Drivers/STM32U5xx_HAL_Driver/Src/stm32u5xx_hal_gpio.c ****     {
 462              		.loc 1 225 5 view .LVU201
 225:Drivers/STM32U5xx_HAL_Driver/Src/stm32u5xx_hal_gpio.c ****     {
 463              		.loc 1 225 8 is_stmt 0 view .LVU202
 464 01ca 1CEA0202 		ands	r2, ip, r2
 465              	.LVL53:
 225:Drivers/STM32U5xx_HAL_Driver/Src/stm32u5xx_hal_gpio.c ****     {
 466              		.loc 1 225 8 view .LVU203
 467 01ce F3D0     		beq	.L3
 229:Drivers/STM32U5xx_HAL_Driver/Src/stm32u5xx_hal_gpio.c ****       {
 468              		.loc 1 229 7 is_stmt 1 view .LVU204
 229:Drivers/STM32U5xx_HAL_Driver/Src/stm32u5xx_hal_gpio.c ****       {
 469              		.loc 1 229 10 is_stmt 0 view .LVU205
 470 01d0 134D     		ldr	r5, .L21+12
 471 01d2 A842     		cmp	r0, r5
 472 01d4 3FF418AF 		beq	.L20
 253:Drivers/STM32U5xx_HAL_Driver/Src/stm32u5xx_hal_gpio.c ****       {
 473              		.loc 1 253 12 is_stmt 1 view .LVU206
 253:Drivers/STM32U5xx_HAL_Driver/Src/stm32u5xx_hal_gpio.c ****       {
 474              		.loc 1 253 27 is_stmt 0 view .LVU207
 475 01d8 4D68     		ldr	r5, [r1, #4]
 253:Drivers/STM32U5xx_HAL_Driver/Src/stm32u5xx_hal_gpio.c ****       {
 476              		.loc 1 253 15 view .LVU208
 477 01da 022D     		cmp	r5, #2
 478 01dc 3FF446AF 		beq	.L6
ARM GAS  /var/folders/j8/bx6g0dyx2gg_pdn7l_y1sb9c0000gn/T//ccCtU4IH.s 			page 16


 253:Drivers/STM32U5xx_HAL_Driver/Src/stm32u5xx_hal_gpio.c ****       {
 479              		.loc 1 253 54 discriminator 1 view .LVU209
 480 01e0 122D     		cmp	r5, #18
 481 01e2 3FF443AF 		beq	.L6
 275:Drivers/STM32U5xx_HAL_Driver/Src/stm32u5xx_hal_gpio.c **** 
 482              		.loc 1 275 9 is_stmt 1 view .LVU210
 278:Drivers/STM32U5xx_HAL_Driver/Src/stm32u5xx_hal_gpio.c ****         tmp &= ~(GPIO_MODER_MODE0 << (pin_position * GPIO_MODER_MODE1_Pos));
 483              		.loc 1 278 9 view .LVU211
 278:Drivers/STM32U5xx_HAL_Driver/Src/stm32u5xx_hal_gpio.c ****         tmp &= ~(GPIO_MODER_MODE0 << (pin_position * GPIO_MODER_MODE1_Pos));
 484              		.loc 1 278 13 is_stmt 0 view .LVU212
 485 01e6 2668     		ldr	r6, [r4]
 486              	.LVL54:
 279:Drivers/STM32U5xx_HAL_Driver/Src/stm32u5xx_hal_gpio.c ****         tmp |= ((pGPIO_Init->Mode & GPIO_MODE) << (pin_position * GPIO_MODER_MODE1_Pos));
 487              		.loc 1 279 9 is_stmt 1 view .LVU213
 279:Drivers/STM32U5xx_HAL_Driver/Src/stm32u5xx_hal_gpio.c ****         tmp |= ((pGPIO_Init->Mode & GPIO_MODE) << (pin_position * GPIO_MODER_MODE1_Pos));
 488              		.loc 1 279 52 is_stmt 0 view .LVU214
 489 01e8 4FEA430C 		lsl	ip, r3, #1
 279:Drivers/STM32U5xx_HAL_Driver/Src/stm32u5xx_hal_gpio.c ****         tmp |= ((pGPIO_Init->Mode & GPIO_MODE) << (pin_position * GPIO_MODER_MODE1_Pos));
 490              		.loc 1 279 35 view .LVU215
 491 01ec 0327     		movs	r7, #3
 492 01ee 07FA0CF7 		lsl	r7, r7, ip
 279:Drivers/STM32U5xx_HAL_Driver/Src/stm32u5xx_hal_gpio.c ****         tmp |= ((pGPIO_Init->Mode & GPIO_MODE) << (pin_position * GPIO_MODER_MODE1_Pos));
 493              		.loc 1 279 13 view .LVU216
 494 01f2 26EA0706 		bic	r6, r6, r7
 495              	.LVL55:
 280:Drivers/STM32U5xx_HAL_Driver/Src/stm32u5xx_hal_gpio.c ****         p_gpio->MODER = tmp;
 496              		.loc 1 280 9 is_stmt 1 view .LVU217
 280:Drivers/STM32U5xx_HAL_Driver/Src/stm32u5xx_hal_gpio.c ****         p_gpio->MODER = tmp;
 497              		.loc 1 280 35 is_stmt 0 view .LVU218
 498 01f6 05F00305 		and	r5, r5, #3
 280:Drivers/STM32U5xx_HAL_Driver/Src/stm32u5xx_hal_gpio.c ****         p_gpio->MODER = tmp;
 499              		.loc 1 280 48 view .LVU219
 500 01fa 05FA0CF5 		lsl	r5, r5, ip
 280:Drivers/STM32U5xx_HAL_Driver/Src/stm32u5xx_hal_gpio.c ****         p_gpio->MODER = tmp;
 501              		.loc 1 280 13 view .LVU220
 502 01fe 3543     		orrs	r5, r5, r6
 503              	.LVL56:
 281:Drivers/STM32U5xx_HAL_Driver/Src/stm32u5xx_hal_gpio.c ****       }
 504              		.loc 1 281 9 is_stmt 1 view .LVU221
 281:Drivers/STM32U5xx_HAL_Driver/Src/stm32u5xx_hal_gpio.c ****       }
 505              		.loc 1 281 23 is_stmt 0 view .LVU222
 506 0200 2560     		str	r5, [r4]
 223:Drivers/STM32U5xx_HAL_Driver/Src/stm32u5xx_hal_gpio.c **** 
 507              		.loc 1 223 18 view .LVU223
 508 0202 1D46     		mov	r5, r3
 509              	.LVL57:
 223:Drivers/STM32U5xx_HAL_Driver/Src/stm32u5xx_hal_gpio.c **** 
 510              		.loc 1 223 18 view .LVU224
 511 0204 52E7     		b	.L5
 512              	.LVL58:
 513              	.L18:
 305:Drivers/STM32U5xx_HAL_Driver/Src/stm32u5xx_hal_gpio.c ****       {
 514              		.loc 1 305 65 discriminator 1 view .LVU225
 515 0206 8E68     		ldr	r6, [r1, #8]
 304:Drivers/STM32U5xx_HAL_Driver/Src/stm32u5xx_hal_gpio.c ****           ((pGPIO_Init->Mode == GPIO_MODE_ANALOG) && (pGPIO_Init->Pull != GPIO_PULLUP)))
 516              		.loc 1 304 50 discriminator 1 view .LVU226
 517 0208 012E     		cmp	r6, #1
ARM GAS  /var/folders/j8/bx6g0dyx2gg_pdn7l_y1sb9c0000gn/T//ccCtU4IH.s 			page 17


 518 020a 7FF47AAF 		bne	.L10
 519 020e 86E7     		b	.L11
 520              	.LVL59:
 521              	.L19:
 362:Drivers/STM32U5xx_HAL_Driver/Src/stm32u5xx_hal_gpio.c ****   }
 363:Drivers/STM32U5xx_HAL_Driver/Src/stm32u5xx_hal_gpio.c **** }
 522              		.loc 1 363 1 view .LVU227
 523 0210 F0BD     		pop	{r4, r5, r6, r7, pc}
 524              	.LVL60:
 525              	.L22:
 526              		.loc 1 363 1 view .LVU228
 527 0212 00BF     		.align	2
 528              	.L21:
 529 0214 00000000 		.word	.LANCHOR0
 530 0218 00200246 		.word	1174544384
 531 021c 7F7F2F00 		.word	3112831
 532 0220 00000246 		.word	1174536192
 533              		.cfi_endproc
 534              	.LFE157:
 536              		.section	.text.HAL_GPIO_DeInit,"ax",%progbits
 537              		.align	1
 538              		.global	HAL_GPIO_DeInit
 539              		.syntax unified
 540              		.thumb
 541              		.thumb_func
 543              	HAL_GPIO_DeInit:
 544              	.LVL61:
 545              	.LFB158:
 364:Drivers/STM32U5xx_HAL_Driver/Src/stm32u5xx_hal_gpio.c **** 
 365:Drivers/STM32U5xx_HAL_Driver/Src/stm32u5xx_hal_gpio.c **** /**
 366:Drivers/STM32U5xx_HAL_Driver/Src/stm32u5xx_hal_gpio.c ****   * @brief  De-initialize the GPIOx peripheral registers to their default reset values.
 367:Drivers/STM32U5xx_HAL_Driver/Src/stm32u5xx_hal_gpio.c ****   * @param  GPIOx or LPGPIOx: where x can be (A..I) for the GPIO and (1) for LPGPIO to select the t
 368:Drivers/STM32U5xx_HAL_Driver/Src/stm32u5xx_hal_gpio.c ****   *         peripheral for STM32U5 family
 369:Drivers/STM32U5xx_HAL_Driver/Src/stm32u5xx_hal_gpio.c ****   * @param  GPIO_Pin: specifies the port bit to be written.
 370:Drivers/STM32U5xx_HAL_Driver/Src/stm32u5xx_hal_gpio.c ****   *         This parameter can be one of GPIO_PIN_x where x can be (0..15).
 371:Drivers/STM32U5xx_HAL_Driver/Src/stm32u5xx_hal_gpio.c ****   * @retval None
 372:Drivers/STM32U5xx_HAL_Driver/Src/stm32u5xx_hal_gpio.c ****   */
 373:Drivers/STM32U5xx_HAL_Driver/Src/stm32u5xx_hal_gpio.c **** void HAL_GPIO_DeInit(GPIO_TypeDef  *GPIOx, uint32_t GPIO_Pin)
 374:Drivers/STM32U5xx_HAL_Driver/Src/stm32u5xx_hal_gpio.c **** {
 546              		.loc 1 374 1 is_stmt 1 view -0
 547              		.cfi_startproc
 548              		@ args = 0, pretend = 0, frame = 0
 549              		@ frame_needed = 0, uses_anonymous_args = 0
 550              		.loc 1 374 1 is_stmt 0 view .LVU230
 551 0000 F0B5     		push	{r4, r5, r6, r7, lr}
 552              	.LCFI1:
 553              		.cfi_def_cfa_offset 20
 554              		.cfi_offset 4, -20
 555              		.cfi_offset 5, -16
 556              		.cfi_offset 6, -12
 557              		.cfi_offset 7, -8
 558              		.cfi_offset 14, -4
 375:Drivers/STM32U5xx_HAL_Driver/Src/stm32u5xx_hal_gpio.c ****   uint32_t tmp;
 559              		.loc 1 375 3 is_stmt 1 view .LVU231
 376:Drivers/STM32U5xx_HAL_Driver/Src/stm32u5xx_hal_gpio.c ****   uint32_t iocurrent;
 560              		.loc 1 376 3 view .LVU232
 377:Drivers/STM32U5xx_HAL_Driver/Src/stm32u5xx_hal_gpio.c ****   uint32_t pin_position;
ARM GAS  /var/folders/j8/bx6g0dyx2gg_pdn7l_y1sb9c0000gn/T//ccCtU4IH.s 			page 18


 561              		.loc 1 377 3 view .LVU233
 378:Drivers/STM32U5xx_HAL_Driver/Src/stm32u5xx_hal_gpio.c ****   uint32_t position = 0U;
 562              		.loc 1 378 3 view .LVU234
 563              	.LVL62:
 379:Drivers/STM32U5xx_HAL_Driver/Src/stm32u5xx_hal_gpio.c ****   GPIO_TypeDef   *p_gpio;
 564              		.loc 1 379 3 view .LVU235
 380:Drivers/STM32U5xx_HAL_Driver/Src/stm32u5xx_hal_gpio.c **** 
 381:Drivers/STM32U5xx_HAL_Driver/Src/stm32u5xx_hal_gpio.c ****   /* Check the parameters */
 382:Drivers/STM32U5xx_HAL_Driver/Src/stm32u5xx_hal_gpio.c ****   assert_param(IS_GPIO_PIN(GPIO_Pin));
 565              		.loc 1 382 3 view .LVU236
 383:Drivers/STM32U5xx_HAL_Driver/Src/stm32u5xx_hal_gpio.c **** 
 384:Drivers/STM32U5xx_HAL_Driver/Src/stm32u5xx_hal_gpio.c ****   /* Save GPIO port address */
 385:Drivers/STM32U5xx_HAL_Driver/Src/stm32u5xx_hal_gpio.c ****   p_gpio = GPIOx;
 566              		.loc 1 385 3 view .LVU237
 386:Drivers/STM32U5xx_HAL_Driver/Src/stm32u5xx_hal_gpio.c **** 
 387:Drivers/STM32U5xx_HAL_Driver/Src/stm32u5xx_hal_gpio.c ****   /* Configure the port pins */
 388:Drivers/STM32U5xx_HAL_Driver/Src/stm32u5xx_hal_gpio.c ****   while ((GPIO_Pin >> position) != 0U)
 567              		.loc 1 388 3 view .LVU238
 385:Drivers/STM32U5xx_HAL_Driver/Src/stm32u5xx_hal_gpio.c **** 
 568              		.loc 1 385 10 is_stmt 0 view .LVU239
 569 0002 0446     		mov	r4, r0
 378:Drivers/STM32U5xx_HAL_Driver/Src/stm32u5xx_hal_gpio.c ****   GPIO_TypeDef   *p_gpio;
 570              		.loc 1 378 12 view .LVU240
 571 0004 0022     		movs	r2, #0
 572              		.loc 1 388 9 view .LVU241
 573 0006 36E0     		b	.L24
 574              	.LVL63:
 575              	.L32:
 389:Drivers/STM32U5xx_HAL_Driver/Src/stm32u5xx_hal_gpio.c ****   {
 390:Drivers/STM32U5xx_HAL_Driver/Src/stm32u5xx_hal_gpio.c ****     /* Get current io position */
 391:Drivers/STM32U5xx_HAL_Driver/Src/stm32u5xx_hal_gpio.c ****     iocurrent = (GPIO_Pin) & (1UL << position);
 392:Drivers/STM32U5xx_HAL_Driver/Src/stm32u5xx_hal_gpio.c **** 
 393:Drivers/STM32U5xx_HAL_Driver/Src/stm32u5xx_hal_gpio.c ****     /*Save Pin Position */
 394:Drivers/STM32U5xx_HAL_Driver/Src/stm32u5xx_hal_gpio.c ****     pin_position = position;
 395:Drivers/STM32U5xx_HAL_Driver/Src/stm32u5xx_hal_gpio.c **** 
 396:Drivers/STM32U5xx_HAL_Driver/Src/stm32u5xx_hal_gpio.c ****     if (iocurrent != 0U)
 397:Drivers/STM32U5xx_HAL_Driver/Src/stm32u5xx_hal_gpio.c ****     {
 398:Drivers/STM32U5xx_HAL_Driver/Src/stm32u5xx_hal_gpio.c ****       /* In case of LPGPIO port selected */
 399:Drivers/STM32U5xx_HAL_Driver/Src/stm32u5xx_hal_gpio.c ****       if (GPIOx == LPGPIO1)
 400:Drivers/STM32U5xx_HAL_Driver/Src/stm32u5xx_hal_gpio.c ****       {
 401:Drivers/STM32U5xx_HAL_Driver/Src/stm32u5xx_hal_gpio.c ****         /* Configure LP/IO in Input Mode */
 402:Drivers/STM32U5xx_HAL_Driver/Src/stm32u5xx_hal_gpio.c ****         p_gpio  = LPGPIO_Map[pin_position].GPIO_PORT;
 576              		.loc 1 402 9 is_stmt 1 view .LVU242
 577              		.loc 1 402 17 is_stmt 0 view .LVU243
 578 0008 3B4B     		ldr	r3, .L34
 579              	.LVL64:
 580              		.loc 1 402 17 view .LVU244
 581 000a 53F83240 		ldr	r4, [r3, r2, lsl #3]
 582              	.LVL65:
 403:Drivers/STM32U5xx_HAL_Driver/Src/stm32u5xx_hal_gpio.c ****         pin_position = LPGPIO_Map[position].Pin_Pos;
 583              		.loc 1 403 9 is_stmt 1 view .LVU245
 584              		.loc 1 403 22 is_stmt 0 view .LVU246
 585 000e 03EBC203 		add	r3, r3, r2, lsl #3
 586 0012 5D68     		ldr	r5, [r3, #4]
 587              	.LVL66:
 404:Drivers/STM32U5xx_HAL_Driver/Src/stm32u5xx_hal_gpio.c ****         LPGPIO1->MODER &= ~(1U << pin_position);
 588              		.loc 1 404 9 is_stmt 1 view .LVU247
ARM GAS  /var/folders/j8/bx6g0dyx2gg_pdn7l_y1sb9c0000gn/T//ccCtU4IH.s 			page 19


 589              		.loc 1 404 24 is_stmt 0 view .LVU248
 590 0014 394F     		ldr	r7, .L34+4
 591 0016 3B68     		ldr	r3, [r7]
 592              		.loc 1 404 32 view .LVU249
 593 0018 0126     		movs	r6, #1
 594              	.LVL67:
 595              		.loc 1 404 32 view .LVU250
 596 001a AE40     		lsls	r6, r6, r5
 597              	.LVL68:
 598              		.loc 1 404 24 view .LVU251
 599 001c 23EA0603 		bic	r3, r3, r6
 600 0020 3B60     		str	r3, [r7]
 601              	.L27:
 405:Drivers/STM32U5xx_HAL_Driver/Src/stm32u5xx_hal_gpio.c ****       }
 406:Drivers/STM32U5xx_HAL_Driver/Src/stm32u5xx_hal_gpio.c ****       else
 407:Drivers/STM32U5xx_HAL_Driver/Src/stm32u5xx_hal_gpio.c ****       {
 408:Drivers/STM32U5xx_HAL_Driver/Src/stm32u5xx_hal_gpio.c ****         /* Check the parameters */
 409:Drivers/STM32U5xx_HAL_Driver/Src/stm32u5xx_hal_gpio.c ****         assert_param(IS_GPIO_ALL_INSTANCE(GPIOx));
 410:Drivers/STM32U5xx_HAL_Driver/Src/stm32u5xx_hal_gpio.c **** 
 411:Drivers/STM32U5xx_HAL_Driver/Src/stm32u5xx_hal_gpio.c ****         /*------------------------- EXTI Mode Configuration --------------------*/
 412:Drivers/STM32U5xx_HAL_Driver/Src/stm32u5xx_hal_gpio.c ****         /* Clear the External Interrupt or Event for the current IO */
 413:Drivers/STM32U5xx_HAL_Driver/Src/stm32u5xx_hal_gpio.c ****         tmp = EXTI->EXTICR[position >> 2U];
 414:Drivers/STM32U5xx_HAL_Driver/Src/stm32u5xx_hal_gpio.c ****         tmp &= ((0x0FUL) << (8U * (position & 0x03U)));
 415:Drivers/STM32U5xx_HAL_Driver/Src/stm32u5xx_hal_gpio.c ****         if (tmp == (GPIO_GET_INDEX(GPIOx) << (8U * (position & 0x03U))))
 416:Drivers/STM32U5xx_HAL_Driver/Src/stm32u5xx_hal_gpio.c ****         {
 417:Drivers/STM32U5xx_HAL_Driver/Src/stm32u5xx_hal_gpio.c ****           /* Clear EXTI line configuration */
 418:Drivers/STM32U5xx_HAL_Driver/Src/stm32u5xx_hal_gpio.c ****           EXTI->IMR1 &= ~(iocurrent);
 419:Drivers/STM32U5xx_HAL_Driver/Src/stm32u5xx_hal_gpio.c ****           EXTI->EMR1 &= ~(iocurrent);
 420:Drivers/STM32U5xx_HAL_Driver/Src/stm32u5xx_hal_gpio.c **** 
 421:Drivers/STM32U5xx_HAL_Driver/Src/stm32u5xx_hal_gpio.c ****           /* Clear Rising Falling edge configuration */
 422:Drivers/STM32U5xx_HAL_Driver/Src/stm32u5xx_hal_gpio.c ****           EXTI->RTSR1 &= ~(iocurrent);
 423:Drivers/STM32U5xx_HAL_Driver/Src/stm32u5xx_hal_gpio.c ****           EXTI->FTSR1 &= ~(iocurrent);
 424:Drivers/STM32U5xx_HAL_Driver/Src/stm32u5xx_hal_gpio.c **** 
 425:Drivers/STM32U5xx_HAL_Driver/Src/stm32u5xx_hal_gpio.c ****           tmp = (0x0FUL) << (8U * (position & 0x03U));
 426:Drivers/STM32U5xx_HAL_Driver/Src/stm32u5xx_hal_gpio.c ****           EXTI->EXTICR[position >> 2U] &= ~tmp;
 427:Drivers/STM32U5xx_HAL_Driver/Src/stm32u5xx_hal_gpio.c ****         }
 428:Drivers/STM32U5xx_HAL_Driver/Src/stm32u5xx_hal_gpio.c ****       }
 429:Drivers/STM32U5xx_HAL_Driver/Src/stm32u5xx_hal_gpio.c **** 
 430:Drivers/STM32U5xx_HAL_Driver/Src/stm32u5xx_hal_gpio.c ****       /*------------------------- GPIO Mode Configuration --------------------*/
 431:Drivers/STM32U5xx_HAL_Driver/Src/stm32u5xx_hal_gpio.c ****       /* Configure IO in Analog Mode */
 432:Drivers/STM32U5xx_HAL_Driver/Src/stm32u5xx_hal_gpio.c ****       p_gpio->MODER |= (GPIO_MODER_MODE0 << (pin_position * GPIO_MODER_MODE1_Pos));
 602              		.loc 1 432 7 is_stmt 1 view .LVU252
 603              		.loc 1 432 21 is_stmt 0 view .LVU253
 604 0022 2668     		ldr	r6, [r4]
 605              		.loc 1 432 59 view .LVU254
 606 0024 6B00     		lsls	r3, r5, #1
 607              		.loc 1 432 42 view .LVU255
 608 0026 0327     		movs	r7, #3
 609 0028 07FA03F3 		lsl	r3, r7, r3
 610              		.loc 1 432 21 view .LVU256
 611 002c 1E43     		orrs	r6, r6, r3
 612 002e 2660     		str	r6, [r4]
 433:Drivers/STM32U5xx_HAL_Driver/Src/stm32u5xx_hal_gpio.c **** 
 434:Drivers/STM32U5xx_HAL_Driver/Src/stm32u5xx_hal_gpio.c ****       /* Configure the default Alternate Function in current IO */
 435:Drivers/STM32U5xx_HAL_Driver/Src/stm32u5xx_hal_gpio.c ****       p_gpio->AFR[pin_position >> 3U] &= ~(0x0FUL << ((pin_position & 0x07U) * GPIO_AFRL_AFSEL1_Pos
 613              		.loc 1 435 7 is_stmt 1 view .LVU257
 614              		.loc 1 435 39 is_stmt 0 view .LVU258
ARM GAS  /var/folders/j8/bx6g0dyx2gg_pdn7l_y1sb9c0000gn/T//ccCtU4IH.s 			page 20


 615 0030 25FA07FC 		lsr	ip, r5, r7
 616 0034 0CF1080C 		add	ip, ip, #8
 617 0038 54F82C60 		ldr	r6, [r4, ip, lsl #2]
 618              		.loc 1 435 69 view .LVU259
 619 003c 05F0070E 		and	lr, r5, #7
 620              		.loc 1 435 78 view .LVU260
 621 0040 4FEA8E07 		lsl	r7, lr, #2
 622              		.loc 1 435 51 view .LVU261
 623 0044 4FF00F0E 		mov	lr, #15
 624 0048 0EFA07FE 		lsl	lr, lr, r7
 625              		.loc 1 435 39 view .LVU262
 626 004c 26EA0E06 		bic	r6, r6, lr
 627 0050 44F82C60 		str	r6, [r4, ip, lsl #2]
 436:Drivers/STM32U5xx_HAL_Driver/Src/stm32u5xx_hal_gpio.c **** 
 437:Drivers/STM32U5xx_HAL_Driver/Src/stm32u5xx_hal_gpio.c ****       /* Configure the default value for IO Speed */
 438:Drivers/STM32U5xx_HAL_Driver/Src/stm32u5xx_hal_gpio.c ****       p_gpio->OSPEEDR &= ~(GPIO_OSPEEDR_OSPEED0 << (pin_position * GPIO_OSPEEDR_OSPEED1_Pos));
 628              		.loc 1 438 7 is_stmt 1 view .LVU263
 629              		.loc 1 438 23 is_stmt 0 view .LVU264
 630 0054 A668     		ldr	r6, [r4, #8]
 631 0056 26EA0306 		bic	r6, r6, r3
 632 005a A660     		str	r6, [r4, #8]
 439:Drivers/STM32U5xx_HAL_Driver/Src/stm32u5xx_hal_gpio.c **** 
 440:Drivers/STM32U5xx_HAL_Driver/Src/stm32u5xx_hal_gpio.c ****       /* Configure the default value IO Output Type */
 441:Drivers/STM32U5xx_HAL_Driver/Src/stm32u5xx_hal_gpio.c ****       p_gpio->OTYPER  &= ~(GPIO_OTYPER_OT0 << pin_position);
 633              		.loc 1 441 7 is_stmt 1 view .LVU265
 634              		.loc 1 441 23 is_stmt 0 view .LVU266
 635 005c 6668     		ldr	r6, [r4, #4]
 636              		.loc 1 441 44 view .LVU267
 637 005e 4FF0010C 		mov	ip, #1
 638              	.LVL69:
 639              		.loc 1 441 44 view .LVU268
 640 0062 0CFA05F5 		lsl	r5, ip, r5
 641              	.LVL70:
 642              		.loc 1 441 23 view .LVU269
 643 0066 26EA0505 		bic	r5, r6, r5
 644 006a 6560     		str	r5, [r4, #4]
 442:Drivers/STM32U5xx_HAL_Driver/Src/stm32u5xx_hal_gpio.c **** 
 443:Drivers/STM32U5xx_HAL_Driver/Src/stm32u5xx_hal_gpio.c ****       /* Deactivate the Pull-up and Pull-down resistor for the current IO */
 444:Drivers/STM32U5xx_HAL_Driver/Src/stm32u5xx_hal_gpio.c ****       p_gpio->PUPDR &= ~(GPIO_PUPDR_PUPD0 << (pin_position * GPIO_PUPDR_PUPD1_Pos));
 645              		.loc 1 444 7 is_stmt 1 view .LVU270
 646              		.loc 1 444 21 is_stmt 0 view .LVU271
 647 006c E568     		ldr	r5, [r4, #12]
 648 006e 25EA0303 		bic	r3, r5, r3
 649 0072 E360     		str	r3, [r4, #12]
 650              	.LVL71:
 651              	.L25:
 445:Drivers/STM32U5xx_HAL_Driver/Src/stm32u5xx_hal_gpio.c ****     }
 446:Drivers/STM32U5xx_HAL_Driver/Src/stm32u5xx_hal_gpio.c **** 
 447:Drivers/STM32U5xx_HAL_Driver/Src/stm32u5xx_hal_gpio.c ****     position++;
 652              		.loc 1 447 5 is_stmt 1 view .LVU272
 653              		.loc 1 447 13 is_stmt 0 view .LVU273
 654 0074 0132     		adds	r2, r2, #1
 655              	.LVL72:
 656              	.L24:
 388:Drivers/STM32U5xx_HAL_Driver/Src/stm32u5xx_hal_gpio.c ****   {
 657              		.loc 1 388 9 is_stmt 1 view .LVU274
 658 0076 31FA02F3 		lsrs	r3, r1, r2
ARM GAS  /var/folders/j8/bx6g0dyx2gg_pdn7l_y1sb9c0000gn/T//ccCtU4IH.s 			page 21


 659 007a 3BD0     		beq	.L31
 391:Drivers/STM32U5xx_HAL_Driver/Src/stm32u5xx_hal_gpio.c **** 
 660              		.loc 1 391 5 view .LVU275
 391:Drivers/STM32U5xx_HAL_Driver/Src/stm32u5xx_hal_gpio.c **** 
 661              		.loc 1 391 35 is_stmt 0 view .LVU276
 662 007c 0123     		movs	r3, #1
 663 007e 9340     		lsls	r3, r3, r2
 664              	.LVL73:
 394:Drivers/STM32U5xx_HAL_Driver/Src/stm32u5xx_hal_gpio.c **** 
 665              		.loc 1 394 5 is_stmt 1 view .LVU277
 396:Drivers/STM32U5xx_HAL_Driver/Src/stm32u5xx_hal_gpio.c ****     {
 666              		.loc 1 396 5 view .LVU278
 396:Drivers/STM32U5xx_HAL_Driver/Src/stm32u5xx_hal_gpio.c ****     {
 667              		.loc 1 396 8 is_stmt 0 view .LVU279
 668 0080 0B40     		ands	r3, r3, r1
 669              	.LVL74:
 396:Drivers/STM32U5xx_HAL_Driver/Src/stm32u5xx_hal_gpio.c ****     {
 670              		.loc 1 396 8 view .LVU280
 671 0082 F7D0     		beq	.L25
 399:Drivers/STM32U5xx_HAL_Driver/Src/stm32u5xx_hal_gpio.c ****       {
 672              		.loc 1 399 7 is_stmt 1 view .LVU281
 399:Drivers/STM32U5xx_HAL_Driver/Src/stm32u5xx_hal_gpio.c ****       {
 673              		.loc 1 399 10 is_stmt 0 view .LVU282
 674 0084 1D4D     		ldr	r5, .L34+4
 675 0086 A842     		cmp	r0, r5
 676 0088 BED0     		beq	.L32
 409:Drivers/STM32U5xx_HAL_Driver/Src/stm32u5xx_hal_gpio.c **** 
 677              		.loc 1 409 9 is_stmt 1 view .LVU283
 413:Drivers/STM32U5xx_HAL_Driver/Src/stm32u5xx_hal_gpio.c ****         tmp &= ((0x0FUL) << (8U * (position & 0x03U)));
 678              		.loc 1 413 9 view .LVU284
 413:Drivers/STM32U5xx_HAL_Driver/Src/stm32u5xx_hal_gpio.c ****         tmp &= ((0x0FUL) << (8U * (position & 0x03U)));
 679              		.loc 1 413 37 is_stmt 0 view .LVU285
 680 008a 4FEA920E 		lsr	lr, r2, #2
 413:Drivers/STM32U5xx_HAL_Driver/Src/stm32u5xx_hal_gpio.c ****         tmp &= ((0x0FUL) << (8U * (position & 0x03U)));
 681              		.loc 1 413 13 view .LVU286
 682 008e 0EF11806 		add	r6, lr, #24
 683 0092 1B4D     		ldr	r5, .L34+8
 684 0094 55F826C0 		ldr	ip, [r5, r6, lsl #2]
 685              	.LVL75:
 414:Drivers/STM32U5xx_HAL_Driver/Src/stm32u5xx_hal_gpio.c ****         if (tmp == (GPIO_GET_INDEX(GPIOx) << (8U * (position & 0x03U))))
 686              		.loc 1 414 9 is_stmt 1 view .LVU287
 414:Drivers/STM32U5xx_HAL_Driver/Src/stm32u5xx_hal_gpio.c ****         if (tmp == (GPIO_GET_INDEX(GPIOx) << (8U * (position & 0x03U))))
 687              		.loc 1 414 45 is_stmt 0 view .LVU288
 688 0098 02F00305 		and	r5, r2, #3
 414:Drivers/STM32U5xx_HAL_Driver/Src/stm32u5xx_hal_gpio.c ****         if (tmp == (GPIO_GET_INDEX(GPIOx) << (8U * (position & 0x03U))))
 689              		.loc 1 414 33 view .LVU289
 690 009c EE00     		lsls	r6, r5, #3
 414:Drivers/STM32U5xx_HAL_Driver/Src/stm32u5xx_hal_gpio.c ****         if (tmp == (GPIO_GET_INDEX(GPIOx) << (8U * (position & 0x03U))))
 691              		.loc 1 414 26 view .LVU290
 692 009e 0F27     		movs	r7, #15
 693 00a0 B740     		lsls	r7, r7, r6
 414:Drivers/STM32U5xx_HAL_Driver/Src/stm32u5xx_hal_gpio.c ****         if (tmp == (GPIO_GET_INDEX(GPIOx) << (8U * (position & 0x03U))))
 694              		.loc 1 414 13 view .LVU291
 695 00a2 07EA0C0C 		and	ip, r7, ip
 696              	.LVL76:
 415:Drivers/STM32U5xx_HAL_Driver/Src/stm32u5xx_hal_gpio.c ****         {
 697              		.loc 1 415 9 is_stmt 1 view .LVU292
ARM GAS  /var/folders/j8/bx6g0dyx2gg_pdn7l_y1sb9c0000gn/T//ccCtU4IH.s 			page 22


 415:Drivers/STM32U5xx_HAL_Driver/Src/stm32u5xx_hal_gpio.c ****         {
 698              		.loc 1 415 21 is_stmt 0 view .LVU293
 699 00a6 174D     		ldr	r5, .L34+12
 700 00a8 05EA9025 		and	r5, r5, r0, lsr #10
 415:Drivers/STM32U5xx_HAL_Driver/Src/stm32u5xx_hal_gpio.c ****         {
 701              		.loc 1 415 43 view .LVU294
 702 00ac B540     		lsls	r5, r5, r6
 415:Drivers/STM32U5xx_HAL_Driver/Src/stm32u5xx_hal_gpio.c ****         {
 703              		.loc 1 415 12 view .LVU295
 704 00ae 6545     		cmp	r5, ip
 705 00b0 01D0     		beq	.L33
 394:Drivers/STM32U5xx_HAL_Driver/Src/stm32u5xx_hal_gpio.c **** 
 706              		.loc 1 394 18 view .LVU296
 707 00b2 1546     		mov	r5, r2
 708 00b4 B5E7     		b	.L27
 709              	.L33:
 418:Drivers/STM32U5xx_HAL_Driver/Src/stm32u5xx_hal_gpio.c ****           EXTI->EMR1 &= ~(iocurrent);
 710              		.loc 1 418 11 is_stmt 1 view .LVU297
 418:Drivers/STM32U5xx_HAL_Driver/Src/stm32u5xx_hal_gpio.c ****           EXTI->EMR1 &= ~(iocurrent);
 711              		.loc 1 418 22 is_stmt 0 view .LVU298
 712 00b6 124D     		ldr	r5, .L34+8
 713 00b8 D5F88060 		ldr	r6, [r5, #128]
 714 00bc 26EA0306 		bic	r6, r6, r3
 715 00c0 C5F88060 		str	r6, [r5, #128]
 419:Drivers/STM32U5xx_HAL_Driver/Src/stm32u5xx_hal_gpio.c **** 
 716              		.loc 1 419 11 is_stmt 1 view .LVU299
 419:Drivers/STM32U5xx_HAL_Driver/Src/stm32u5xx_hal_gpio.c **** 
 717              		.loc 1 419 22 is_stmt 0 view .LVU300
 718 00c4 D5F88460 		ldr	r6, [r5, #132]
 719 00c8 26EA0306 		bic	r6, r6, r3
 720 00cc C5F88460 		str	r6, [r5, #132]
 422:Drivers/STM32U5xx_HAL_Driver/Src/stm32u5xx_hal_gpio.c ****           EXTI->FTSR1 &= ~(iocurrent);
 721              		.loc 1 422 11 is_stmt 1 view .LVU301
 422:Drivers/STM32U5xx_HAL_Driver/Src/stm32u5xx_hal_gpio.c ****           EXTI->FTSR1 &= ~(iocurrent);
 722              		.loc 1 422 23 is_stmt 0 view .LVU302
 723 00d0 2E68     		ldr	r6, [r5]
 724 00d2 26EA0306 		bic	r6, r6, r3
 725 00d6 2E60     		str	r6, [r5]
 423:Drivers/STM32U5xx_HAL_Driver/Src/stm32u5xx_hal_gpio.c **** 
 726              		.loc 1 423 11 is_stmt 1 view .LVU303
 423:Drivers/STM32U5xx_HAL_Driver/Src/stm32u5xx_hal_gpio.c **** 
 727              		.loc 1 423 23 is_stmt 0 view .LVU304
 728 00d8 6E68     		ldr	r6, [r5, #4]
 729 00da 26EA0303 		bic	r3, r6, r3
 730              	.LVL77:
 423:Drivers/STM32U5xx_HAL_Driver/Src/stm32u5xx_hal_gpio.c **** 
 731              		.loc 1 423 23 view .LVU305
 732 00de 6B60     		str	r3, [r5, #4]
 425:Drivers/STM32U5xx_HAL_Driver/Src/stm32u5xx_hal_gpio.c ****           EXTI->EXTICR[position >> 2U] &= ~tmp;
 733              		.loc 1 425 11 is_stmt 1 view .LVU306
 734              	.LVL78:
 426:Drivers/STM32U5xx_HAL_Driver/Src/stm32u5xx_hal_gpio.c ****         }
 735              		.loc 1 426 11 view .LVU307
 426:Drivers/STM32U5xx_HAL_Driver/Src/stm32u5xx_hal_gpio.c ****         }
 736              		.loc 1 426 40 is_stmt 0 view .LVU308
 737 00e0 0EF1180E 		add	lr, lr, #24
 738 00e4 55F82E30 		ldr	r3, [r5, lr, lsl #2]
ARM GAS  /var/folders/j8/bx6g0dyx2gg_pdn7l_y1sb9c0000gn/T//ccCtU4IH.s 			page 23


 739 00e8 23EA0707 		bic	r7, r3, r7
 740              	.LVL79:
 426:Drivers/STM32U5xx_HAL_Driver/Src/stm32u5xx_hal_gpio.c ****         }
 741              		.loc 1 426 40 view .LVU309
 742 00ec 45F82E70 		str	r7, [r5, lr, lsl #2]
 394:Drivers/STM32U5xx_HAL_Driver/Src/stm32u5xx_hal_gpio.c **** 
 743              		.loc 1 394 18 view .LVU310
 744 00f0 1546     		mov	r5, r2
 745 00f2 96E7     		b	.L27
 746              	.LVL80:
 747              	.L31:
 448:Drivers/STM32U5xx_HAL_Driver/Src/stm32u5xx_hal_gpio.c ****   }
 449:Drivers/STM32U5xx_HAL_Driver/Src/stm32u5xx_hal_gpio.c **** }
 748              		.loc 1 449 1 view .LVU311
 749 00f4 F0BD     		pop	{r4, r5, r6, r7, pc}
 750              	.LVL81:
 751              	.L35:
 752              		.loc 1 449 1 view .LVU312
 753 00f6 00BF     		.align	2
 754              	.L34:
 755 00f8 00000000 		.word	.LANCHOR0
 756 00fc 00000246 		.word	1174536192
 757 0100 00200246 		.word	1174544384
 758 0104 7F7F2F00 		.word	3112831
 759              		.cfi_endproc
 760              	.LFE158:
 762              		.section	.text.HAL_GPIO_ReadPin,"ax",%progbits
 763              		.align	1
 764              		.global	HAL_GPIO_ReadPin
 765              		.syntax unified
 766              		.thumb
 767              		.thumb_func
 769              	HAL_GPIO_ReadPin:
 770              	.LVL82:
 771              	.LFB159:
 450:Drivers/STM32U5xx_HAL_Driver/Src/stm32u5xx_hal_gpio.c **** 
 451:Drivers/STM32U5xx_HAL_Driver/Src/stm32u5xx_hal_gpio.c **** /**
 452:Drivers/STM32U5xx_HAL_Driver/Src/stm32u5xx_hal_gpio.c ****   * @}
 453:Drivers/STM32U5xx_HAL_Driver/Src/stm32u5xx_hal_gpio.c ****   */
 454:Drivers/STM32U5xx_HAL_Driver/Src/stm32u5xx_hal_gpio.c **** 
 455:Drivers/STM32U5xx_HAL_Driver/Src/stm32u5xx_hal_gpio.c **** /** @addtogroup GPIO_Exported_Functions_Group2
 456:Drivers/STM32U5xx_HAL_Driver/Src/stm32u5xx_hal_gpio.c ****   *  @brief GPIO/LPGPIO Read, Write, Toggle, Lock and EXTI management functions.
 457:Drivers/STM32U5xx_HAL_Driver/Src/stm32u5xx_hal_gpio.c ****   *
 458:Drivers/STM32U5xx_HAL_Driver/Src/stm32u5xx_hal_gpio.c **** @verbatim
 459:Drivers/STM32U5xx_HAL_Driver/Src/stm32u5xx_hal_gpio.c ****  ===============================================================================
 460:Drivers/STM32U5xx_HAL_Driver/Src/stm32u5xx_hal_gpio.c ****                        ##### IO operation functions #####
 461:Drivers/STM32U5xx_HAL_Driver/Src/stm32u5xx_hal_gpio.c ****  ===============================================================================
 462:Drivers/STM32U5xx_HAL_Driver/Src/stm32u5xx_hal_gpio.c **** 
 463:Drivers/STM32U5xx_HAL_Driver/Src/stm32u5xx_hal_gpio.c **** @endverbatim
 464:Drivers/STM32U5xx_HAL_Driver/Src/stm32u5xx_hal_gpio.c ****   * @{
 465:Drivers/STM32U5xx_HAL_Driver/Src/stm32u5xx_hal_gpio.c ****   */
 466:Drivers/STM32U5xx_HAL_Driver/Src/stm32u5xx_hal_gpio.c **** 
 467:Drivers/STM32U5xx_HAL_Driver/Src/stm32u5xx_hal_gpio.c **** /**
 468:Drivers/STM32U5xx_HAL_Driver/Src/stm32u5xx_hal_gpio.c ****   * @brief  Read the specified input port pin.
 469:Drivers/STM32U5xx_HAL_Driver/Src/stm32u5xx_hal_gpio.c ****   * @param  GPIOx or LPGPIOx: where x can be (A..I) for the GPIO and (1) for LPGPIO to select the t
 470:Drivers/STM32U5xx_HAL_Driver/Src/stm32u5xx_hal_gpio.c ****   *         peripheral for STM32U5 family
 471:Drivers/STM32U5xx_HAL_Driver/Src/stm32u5xx_hal_gpio.c ****   * @param  GPIO_Pin: specifies the port bit to read.
ARM GAS  /var/folders/j8/bx6g0dyx2gg_pdn7l_y1sb9c0000gn/T//ccCtU4IH.s 			page 24


 472:Drivers/STM32U5xx_HAL_Driver/Src/stm32u5xx_hal_gpio.c ****   *         This parameter can be GPIO_PIN_x where x can be (0..15).
 473:Drivers/STM32U5xx_HAL_Driver/Src/stm32u5xx_hal_gpio.c ****   * @retval The input port pin value.
 474:Drivers/STM32U5xx_HAL_Driver/Src/stm32u5xx_hal_gpio.c ****   */
 475:Drivers/STM32U5xx_HAL_Driver/Src/stm32u5xx_hal_gpio.c **** GPIO_PinState HAL_GPIO_ReadPin(const GPIO_TypeDef *GPIOx, uint16_t GPIO_Pin)
 476:Drivers/STM32U5xx_HAL_Driver/Src/stm32u5xx_hal_gpio.c **** {
 772              		.loc 1 476 1 is_stmt 1 view -0
 773              		.cfi_startproc
 774              		@ args = 0, pretend = 0, frame = 0
 775              		@ frame_needed = 0, uses_anonymous_args = 0
 776              		@ link register save eliminated.
 477:Drivers/STM32U5xx_HAL_Driver/Src/stm32u5xx_hal_gpio.c ****   GPIO_PinState bitstatus;
 777              		.loc 1 477 3 view .LVU314
 478:Drivers/STM32U5xx_HAL_Driver/Src/stm32u5xx_hal_gpio.c **** 
 479:Drivers/STM32U5xx_HAL_Driver/Src/stm32u5xx_hal_gpio.c ****   /* Check the parameters */
 480:Drivers/STM32U5xx_HAL_Driver/Src/stm32u5xx_hal_gpio.c ****   assert_param(IS_GPIO_PIN(GPIO_Pin));
 778              		.loc 1 480 3 view .LVU315
 481:Drivers/STM32U5xx_HAL_Driver/Src/stm32u5xx_hal_gpio.c **** 
 482:Drivers/STM32U5xx_HAL_Driver/Src/stm32u5xx_hal_gpio.c ****   if ((GPIOx->IDR & GPIO_Pin) != 0U)
 779              		.loc 1 482 3 view .LVU316
 780              		.loc 1 482 13 is_stmt 0 view .LVU317
 781 0000 0369     		ldr	r3, [r0, #16]
 782              		.loc 1 482 6 view .LVU318
 783 0002 1942     		tst	r1, r3
 784 0004 01D0     		beq	.L38
 483:Drivers/STM32U5xx_HAL_Driver/Src/stm32u5xx_hal_gpio.c ****   {
 484:Drivers/STM32U5xx_HAL_Driver/Src/stm32u5xx_hal_gpio.c ****     bitstatus = GPIO_PIN_SET;
 785              		.loc 1 484 15 view .LVU319
 786 0006 0120     		movs	r0, #1
 787              	.LVL83:
 788              		.loc 1 484 15 view .LVU320
 789 0008 7047     		bx	lr
 790              	.LVL84:
 791              	.L38:
 485:Drivers/STM32U5xx_HAL_Driver/Src/stm32u5xx_hal_gpio.c ****   }
 486:Drivers/STM32U5xx_HAL_Driver/Src/stm32u5xx_hal_gpio.c ****   else
 487:Drivers/STM32U5xx_HAL_Driver/Src/stm32u5xx_hal_gpio.c ****   {
 488:Drivers/STM32U5xx_HAL_Driver/Src/stm32u5xx_hal_gpio.c ****     bitstatus = GPIO_PIN_RESET;
 792              		.loc 1 488 15 view .LVU321
 793 000a 0020     		movs	r0, #0
 794              	.LVL85:
 489:Drivers/STM32U5xx_HAL_Driver/Src/stm32u5xx_hal_gpio.c ****   }
 490:Drivers/STM32U5xx_HAL_Driver/Src/stm32u5xx_hal_gpio.c **** 
 491:Drivers/STM32U5xx_HAL_Driver/Src/stm32u5xx_hal_gpio.c ****   return bitstatus;
 795              		.loc 1 491 3 is_stmt 1 view .LVU322
 492:Drivers/STM32U5xx_HAL_Driver/Src/stm32u5xx_hal_gpio.c **** }
 796              		.loc 1 492 1 is_stmt 0 view .LVU323
 797 000c 7047     		bx	lr
 798              		.cfi_endproc
 799              	.LFE159:
 801              		.section	.text.HAL_GPIO_WritePin,"ax",%progbits
 802              		.align	1
 803              		.global	HAL_GPIO_WritePin
 804              		.syntax unified
 805              		.thumb
 806              		.thumb_func
 808              	HAL_GPIO_WritePin:
 809              	.LVL86:
ARM GAS  /var/folders/j8/bx6g0dyx2gg_pdn7l_y1sb9c0000gn/T//ccCtU4IH.s 			page 25


 810              	.LFB160:
 493:Drivers/STM32U5xx_HAL_Driver/Src/stm32u5xx_hal_gpio.c **** 
 494:Drivers/STM32U5xx_HAL_Driver/Src/stm32u5xx_hal_gpio.c **** /**
 495:Drivers/STM32U5xx_HAL_Driver/Src/stm32u5xx_hal_gpio.c ****   * @brief  Set or clear the selected data port bit.
 496:Drivers/STM32U5xx_HAL_Driver/Src/stm32u5xx_hal_gpio.c ****   * @note   This function uses GPIOx_BSRR/LPGPIOx_BSRR and GPIOx_BRR/LPGPIOx_BRR registers to allow
 497:Drivers/STM32U5xx_HAL_Driver/Src/stm32u5xx_hal_gpio.c ****   *         accesses. In this way, there is no risk of an IRQ occurring between
 498:Drivers/STM32U5xx_HAL_Driver/Src/stm32u5xx_hal_gpio.c ****   *         the read and the modify access.
 499:Drivers/STM32U5xx_HAL_Driver/Src/stm32u5xx_hal_gpio.c ****   * @param  GPIOx or LPGPIOx: where x can be (A..I) for the GPIO and (1) for LPGPIO to select the t
 500:Drivers/STM32U5xx_HAL_Driver/Src/stm32u5xx_hal_gpio.c ****   *         peripheral for STM32U5 family
 501:Drivers/STM32U5xx_HAL_Driver/Src/stm32u5xx_hal_gpio.c ****   * @param  GPIO_Pin: specifies the port bit to be written.
 502:Drivers/STM32U5xx_HAL_Driver/Src/stm32u5xx_hal_gpio.c ****   *         This parameter can be any combination of GPIO_Pin_x where x can be (0..15).
 503:Drivers/STM32U5xx_HAL_Driver/Src/stm32u5xx_hal_gpio.c ****   * @param  PinState: specifies the value to be written to the selected bit.
 504:Drivers/STM32U5xx_HAL_Driver/Src/stm32u5xx_hal_gpio.c ****   *         This parameter can be one of the GPIO_PinState enum values:
 505:Drivers/STM32U5xx_HAL_Driver/Src/stm32u5xx_hal_gpio.c ****   *            @arg GPIO_PIN_RESET: to clear the port pin
 506:Drivers/STM32U5xx_HAL_Driver/Src/stm32u5xx_hal_gpio.c ****   *            @arg GPIO_PIN_SET: to set the port pin
 507:Drivers/STM32U5xx_HAL_Driver/Src/stm32u5xx_hal_gpio.c ****   * @retval None
 508:Drivers/STM32U5xx_HAL_Driver/Src/stm32u5xx_hal_gpio.c ****   */
 509:Drivers/STM32U5xx_HAL_Driver/Src/stm32u5xx_hal_gpio.c **** void HAL_GPIO_WritePin(GPIO_TypeDef *GPIOx, uint16_t GPIO_Pin, GPIO_PinState PinState)
 510:Drivers/STM32U5xx_HAL_Driver/Src/stm32u5xx_hal_gpio.c **** {
 811              		.loc 1 510 1 is_stmt 1 view -0
 812              		.cfi_startproc
 813              		@ args = 0, pretend = 0, frame = 0
 814              		@ frame_needed = 0, uses_anonymous_args = 0
 815              		@ link register save eliminated.
 511:Drivers/STM32U5xx_HAL_Driver/Src/stm32u5xx_hal_gpio.c ****   /* Check the parameters */
 512:Drivers/STM32U5xx_HAL_Driver/Src/stm32u5xx_hal_gpio.c ****   assert_param(IS_GPIO_PIN(GPIO_Pin));
 816              		.loc 1 512 3 view .LVU325
 513:Drivers/STM32U5xx_HAL_Driver/Src/stm32u5xx_hal_gpio.c ****   assert_param(IS_GPIO_PIN_ACTION(PinState));
 817              		.loc 1 513 3 view .LVU326
 514:Drivers/STM32U5xx_HAL_Driver/Src/stm32u5xx_hal_gpio.c **** 
 515:Drivers/STM32U5xx_HAL_Driver/Src/stm32u5xx_hal_gpio.c ****   if (PinState != GPIO_PIN_RESET)
 818              		.loc 1 515 3 view .LVU327
 819              		.loc 1 515 6 is_stmt 0 view .LVU328
 820 0000 0AB1     		cbz	r2, .L40
 516:Drivers/STM32U5xx_HAL_Driver/Src/stm32u5xx_hal_gpio.c ****   {
 517:Drivers/STM32U5xx_HAL_Driver/Src/stm32u5xx_hal_gpio.c ****     GPIOx->BSRR = (uint32_t)GPIO_Pin;
 821              		.loc 1 517 5 is_stmt 1 view .LVU329
 822              		.loc 1 517 17 is_stmt 0 view .LVU330
 823 0002 8161     		str	r1, [r0, #24]
 824 0004 7047     		bx	lr
 825              	.L40:
 518:Drivers/STM32U5xx_HAL_Driver/Src/stm32u5xx_hal_gpio.c ****   }
 519:Drivers/STM32U5xx_HAL_Driver/Src/stm32u5xx_hal_gpio.c ****   else
 520:Drivers/STM32U5xx_HAL_Driver/Src/stm32u5xx_hal_gpio.c ****   {
 521:Drivers/STM32U5xx_HAL_Driver/Src/stm32u5xx_hal_gpio.c ****     GPIOx->BRR  = (uint32_t)GPIO_Pin;
 826              		.loc 1 521 5 is_stmt 1 view .LVU331
 827              		.loc 1 521 17 is_stmt 0 view .LVU332
 828 0006 8162     		str	r1, [r0, #40]
 522:Drivers/STM32U5xx_HAL_Driver/Src/stm32u5xx_hal_gpio.c ****   }
 523:Drivers/STM32U5xx_HAL_Driver/Src/stm32u5xx_hal_gpio.c **** }
 829              		.loc 1 523 1 view .LVU333
 830 0008 7047     		bx	lr
 831              		.cfi_endproc
 832              	.LFE160:
 834              		.section	.text.HAL_GPIO_WriteMultipleStatePin,"ax",%progbits
 835              		.align	1
 836              		.global	HAL_GPIO_WriteMultipleStatePin
ARM GAS  /var/folders/j8/bx6g0dyx2gg_pdn7l_y1sb9c0000gn/T//ccCtU4IH.s 			page 26


 837              		.syntax unified
 838              		.thumb
 839              		.thumb_func
 841              	HAL_GPIO_WriteMultipleStatePin:
 842              	.LVL87:
 843              	.LFB161:
 524:Drivers/STM32U5xx_HAL_Driver/Src/stm32u5xx_hal_gpio.c **** 
 525:Drivers/STM32U5xx_HAL_Driver/Src/stm32u5xx_hal_gpio.c **** /**
 526:Drivers/STM32U5xx_HAL_Driver/Src/stm32u5xx_hal_gpio.c ****   * @brief  Set and clear several pins of a dedicated port in same cycle.
 527:Drivers/STM32U5xx_HAL_Driver/Src/stm32u5xx_hal_gpio.c ****   * @note   This function uses GPIOx_BSRR and GPIOx_BRR registers to allow atomic read/modify
 528:Drivers/STM32U5xx_HAL_Driver/Src/stm32u5xx_hal_gpio.c ****   *         accesses.
 529:Drivers/STM32U5xx_HAL_Driver/Src/stm32u5xx_hal_gpio.c ****   * @param  GPIOx or LPGPIOx: where x can be (A..I) for the GPIO and (1) for LPGPIO to select the t
 530:Drivers/STM32U5xx_HAL_Driver/Src/stm32u5xx_hal_gpio.c ****   *         peripheral for STM32U5 family
 531:Drivers/STM32U5xx_HAL_Driver/Src/stm32u5xx_hal_gpio.c ****   * @param  PinReset specifies the port bits to be reset
 532:Drivers/STM32U5xx_HAL_Driver/Src/stm32u5xx_hal_gpio.c ****   *         This parameter can be any combination of GPIO_Pin_x where x can be (0..15) or zero.
 533:Drivers/STM32U5xx_HAL_Driver/Src/stm32u5xx_hal_gpio.c ****   * @param  PinSet specifies the port bits to be set
 534:Drivers/STM32U5xx_HAL_Driver/Src/stm32u5xx_hal_gpio.c ****   *         This parameter can be any combination of GPIO_Pin_x where x can be (0..15) or zero.
 535:Drivers/STM32U5xx_HAL_Driver/Src/stm32u5xx_hal_gpio.c ****   * @note   Both PinReset and PinSet combinations shall not get any common bit, else
 536:Drivers/STM32U5xx_HAL_Driver/Src/stm32u5xx_hal_gpio.c ****   *         assert would be triggered.
 537:Drivers/STM32U5xx_HAL_Driver/Src/stm32u5xx_hal_gpio.c ****   * @note   At least one of the two parameters used to set or reset shall be different from zero.
 538:Drivers/STM32U5xx_HAL_Driver/Src/stm32u5xx_hal_gpio.c ****   * @retval None
 539:Drivers/STM32U5xx_HAL_Driver/Src/stm32u5xx_hal_gpio.c ****   */
 540:Drivers/STM32U5xx_HAL_Driver/Src/stm32u5xx_hal_gpio.c **** void HAL_GPIO_WriteMultipleStatePin(GPIO_TypeDef *GPIOx, uint16_t PinReset, uint16_t PinSet)
 541:Drivers/STM32U5xx_HAL_Driver/Src/stm32u5xx_hal_gpio.c **** {
 844              		.loc 1 541 1 is_stmt 1 view -0
 845              		.cfi_startproc
 846              		@ args = 0, pretend = 0, frame = 0
 847              		@ frame_needed = 0, uses_anonymous_args = 0
 848              		@ link register save eliminated.
 542:Drivers/STM32U5xx_HAL_Driver/Src/stm32u5xx_hal_gpio.c ****   uint32_t tmp;
 849              		.loc 1 542 3 view .LVU335
 543:Drivers/STM32U5xx_HAL_Driver/Src/stm32u5xx_hal_gpio.c **** 
 544:Drivers/STM32U5xx_HAL_Driver/Src/stm32u5xx_hal_gpio.c ****   /* Check the parameters */
 545:Drivers/STM32U5xx_HAL_Driver/Src/stm32u5xx_hal_gpio.c ****   /* Make sure at least one parameter is different from zero and that there is no common pin */
 546:Drivers/STM32U5xx_HAL_Driver/Src/stm32u5xx_hal_gpio.c ****   assert_param(IS_GPIO_PIN((uint32_t)PinReset | (uint32_t)PinSet));
 850              		.loc 1 546 3 view .LVU336
 547:Drivers/STM32U5xx_HAL_Driver/Src/stm32u5xx_hal_gpio.c ****   assert_param(IS_GPIO_COMMON_PIN(PinReset, PinSet));
 851              		.loc 1 547 3 view .LVU337
 548:Drivers/STM32U5xx_HAL_Driver/Src/stm32u5xx_hal_gpio.c **** 
 549:Drivers/STM32U5xx_HAL_Driver/Src/stm32u5xx_hal_gpio.c ****   tmp = (((uint32_t)PinReset << 16) | PinSet);
 852              		.loc 1 549 3 view .LVU338
 853              		.loc 1 549 7 is_stmt 0 view .LVU339
 854 0000 42EA0142 		orr	r2, r2, r1, lsl #16
 855              	.LVL88:
 550:Drivers/STM32U5xx_HAL_Driver/Src/stm32u5xx_hal_gpio.c ****   GPIOx->BSRR = tmp;
 856              		.loc 1 550 3 is_stmt 1 view .LVU340
 857              		.loc 1 550 15 is_stmt 0 view .LVU341
 858 0004 8261     		str	r2, [r0, #24]
 551:Drivers/STM32U5xx_HAL_Driver/Src/stm32u5xx_hal_gpio.c **** }
 859              		.loc 1 551 1 view .LVU342
 860 0006 7047     		bx	lr
 861              		.cfi_endproc
 862              	.LFE161:
 864              		.section	.text.HAL_GPIO_TogglePin,"ax",%progbits
 865              		.align	1
 866              		.global	HAL_GPIO_TogglePin
 867              		.syntax unified
ARM GAS  /var/folders/j8/bx6g0dyx2gg_pdn7l_y1sb9c0000gn/T//ccCtU4IH.s 			page 27


 868              		.thumb
 869              		.thumb_func
 871              	HAL_GPIO_TogglePin:
 872              	.LVL89:
 873              	.LFB162:
 552:Drivers/STM32U5xx_HAL_Driver/Src/stm32u5xx_hal_gpio.c **** 
 553:Drivers/STM32U5xx_HAL_Driver/Src/stm32u5xx_hal_gpio.c **** /**
 554:Drivers/STM32U5xx_HAL_Driver/Src/stm32u5xx_hal_gpio.c ****   * @brief  Toggle the specified GPIO pin.
 555:Drivers/STM32U5xx_HAL_Driver/Src/stm32u5xx_hal_gpio.c ****   * @param  GPIOx or LPGPIOx: where x can be (A..I) for the GPIO and (1) for LPGPIO to select the t
 556:Drivers/STM32U5xx_HAL_Driver/Src/stm32u5xx_hal_gpio.c ****   *         peripheral for STM32U5 family
 557:Drivers/STM32U5xx_HAL_Driver/Src/stm32u5xx_hal_gpio.c ****   * @param  GPIO_Pin specifies the pin to be toggled.
 558:Drivers/STM32U5xx_HAL_Driver/Src/stm32u5xx_hal_gpio.c ****   *         This parameter can be any combination of GPIO_Pin_x where x can be (0..15).
 559:Drivers/STM32U5xx_HAL_Driver/Src/stm32u5xx_hal_gpio.c ****   * @retval None
 560:Drivers/STM32U5xx_HAL_Driver/Src/stm32u5xx_hal_gpio.c ****   */
 561:Drivers/STM32U5xx_HAL_Driver/Src/stm32u5xx_hal_gpio.c **** void HAL_GPIO_TogglePin(GPIO_TypeDef *GPIOx, uint16_t GPIO_Pin)
 562:Drivers/STM32U5xx_HAL_Driver/Src/stm32u5xx_hal_gpio.c **** {
 874              		.loc 1 562 1 is_stmt 1 view -0
 875              		.cfi_startproc
 876              		@ args = 0, pretend = 0, frame = 0
 877              		@ frame_needed = 0, uses_anonymous_args = 0
 878              		@ link register save eliminated.
 563:Drivers/STM32U5xx_HAL_Driver/Src/stm32u5xx_hal_gpio.c ****   uint32_t odr;
 879              		.loc 1 563 3 view .LVU344
 564:Drivers/STM32U5xx_HAL_Driver/Src/stm32u5xx_hal_gpio.c **** 
 565:Drivers/STM32U5xx_HAL_Driver/Src/stm32u5xx_hal_gpio.c ****   /* Check the parameters */
 566:Drivers/STM32U5xx_HAL_Driver/Src/stm32u5xx_hal_gpio.c ****   assert_param(IS_GPIO_PIN(GPIO_Pin));
 880              		.loc 1 566 3 view .LVU345
 567:Drivers/STM32U5xx_HAL_Driver/Src/stm32u5xx_hal_gpio.c **** 
 568:Drivers/STM32U5xx_HAL_Driver/Src/stm32u5xx_hal_gpio.c ****   /* get current Output Data Register value */
 569:Drivers/STM32U5xx_HAL_Driver/Src/stm32u5xx_hal_gpio.c ****   odr = GPIOx->ODR;
 881              		.loc 1 569 3 view .LVU346
 882              		.loc 1 569 7 is_stmt 0 view .LVU347
 883 0000 4369     		ldr	r3, [r0, #20]
 884              	.LVL90:
 570:Drivers/STM32U5xx_HAL_Driver/Src/stm32u5xx_hal_gpio.c **** 
 571:Drivers/STM32U5xx_HAL_Driver/Src/stm32u5xx_hal_gpio.c ****   /* Set selected pins that were at low level, and reset ones that were high */
 572:Drivers/STM32U5xx_HAL_Driver/Src/stm32u5xx_hal_gpio.c ****   GPIOx->BSRR = ((odr & GPIO_Pin) << GPIO_NUMBER) | (~odr & GPIO_Pin);
 885              		.loc 1 572 3 is_stmt 1 view .LVU348
 886              		.loc 1 572 23 is_stmt 0 view .LVU349
 887 0002 01EA0302 		and	r2, r1, r3
 888              		.loc 1 572 59 view .LVU350
 889 0006 21EA0301 		bic	r1, r1, r3
 890              	.LVL91:
 891              		.loc 1 572 51 view .LVU351
 892 000a 41EA0241 		orr	r1, r1, r2, lsl #16
 893              		.loc 1 572 15 view .LVU352
 894 000e 8161     		str	r1, [r0, #24]
 573:Drivers/STM32U5xx_HAL_Driver/Src/stm32u5xx_hal_gpio.c **** }
 895              		.loc 1 573 1 view .LVU353
 896 0010 7047     		bx	lr
 897              		.cfi_endproc
 898              	.LFE162:
 900              		.section	.text.HAL_GPIO_LockPin,"ax",%progbits
 901              		.align	1
 902              		.global	HAL_GPIO_LockPin
 903              		.syntax unified
 904              		.thumb
ARM GAS  /var/folders/j8/bx6g0dyx2gg_pdn7l_y1sb9c0000gn/T//ccCtU4IH.s 			page 28


 905              		.thumb_func
 907              	HAL_GPIO_LockPin:
 908              	.LVL92:
 909              	.LFB163:
 574:Drivers/STM32U5xx_HAL_Driver/Src/stm32u5xx_hal_gpio.c **** 
 575:Drivers/STM32U5xx_HAL_Driver/Src/stm32u5xx_hal_gpio.c **** /**
 576:Drivers/STM32U5xx_HAL_Driver/Src/stm32u5xx_hal_gpio.c ****   * @brief  Lock GPIO Pins configuration registers.
 577:Drivers/STM32U5xx_HAL_Driver/Src/stm32u5xx_hal_gpio.c ****   * @note   The locked registers are GPIOx_MODER, GPIOx_OTYPER, GPIOx_OSPEEDR,
 578:Drivers/STM32U5xx_HAL_Driver/Src/stm32u5xx_hal_gpio.c ****   *         GPIOx_PUPDR, GPIOx_AFRL and GPIOx_AFRH.
 579:Drivers/STM32U5xx_HAL_Driver/Src/stm32u5xx_hal_gpio.c ****   * @note   The configuration of the locked GPIO pins can no longer be modified
 580:Drivers/STM32U5xx_HAL_Driver/Src/stm32u5xx_hal_gpio.c ****   *         until the next reset.
 581:Drivers/STM32U5xx_HAL_Driver/Src/stm32u5xx_hal_gpio.c ****   * @param  GPIOx or LPGPIOx: where x can be (A..I) for the GPIO and (1) for LPGPIO to select the t
 582:Drivers/STM32U5xx_HAL_Driver/Src/stm32u5xx_hal_gpio.c ****   *         peripheral for STM32U5 family
 583:Drivers/STM32U5xx_HAL_Driver/Src/stm32u5xx_hal_gpio.c ****   * @param  GPIO_Pin: specifies the port bits to be locked.
 584:Drivers/STM32U5xx_HAL_Driver/Src/stm32u5xx_hal_gpio.c ****   *         This parameter can be any combination of GPIO_Pin_x where x can be (0..15).
 585:Drivers/STM32U5xx_HAL_Driver/Src/stm32u5xx_hal_gpio.c ****   * @retval None
 586:Drivers/STM32U5xx_HAL_Driver/Src/stm32u5xx_hal_gpio.c ****   */
 587:Drivers/STM32U5xx_HAL_Driver/Src/stm32u5xx_hal_gpio.c **** HAL_StatusTypeDef HAL_GPIO_LockPin(GPIO_TypeDef *GPIOx, uint16_t GPIO_Pin)
 588:Drivers/STM32U5xx_HAL_Driver/Src/stm32u5xx_hal_gpio.c **** {
 910              		.loc 1 588 1 is_stmt 1 view -0
 911              		.cfi_startproc
 912              		@ args = 0, pretend = 0, frame = 8
 913              		@ frame_needed = 0, uses_anonymous_args = 0
 914              		@ link register save eliminated.
 915              		.loc 1 588 1 is_stmt 0 view .LVU355
 916 0000 30B4     		push	{r4, r5}
 917              	.LCFI2:
 918              		.cfi_def_cfa_offset 8
 919              		.cfi_offset 4, -8
 920              		.cfi_offset 5, -4
 921 0002 82B0     		sub	sp, sp, #8
 922              	.LCFI3:
 923              		.cfi_def_cfa_offset 16
 589:Drivers/STM32U5xx_HAL_Driver/Src/stm32u5xx_hal_gpio.c ****   uint32_t iocurrent;
 924              		.loc 1 589 3 is_stmt 1 view .LVU356
 590:Drivers/STM32U5xx_HAL_Driver/Src/stm32u5xx_hal_gpio.c ****   uint32_t pin_locked;
 925              		.loc 1 590 3 view .LVU357
 591:Drivers/STM32U5xx_HAL_Driver/Src/stm32u5xx_hal_gpio.c ****   uint32_t pin_position;
 926              		.loc 1 591 3 view .LVU358
 592:Drivers/STM32U5xx_HAL_Driver/Src/stm32u5xx_hal_gpio.c ****   uint32_t position = 0U;
 927              		.loc 1 592 3 view .LVU359
 928              	.LVL93:
 593:Drivers/STM32U5xx_HAL_Driver/Src/stm32u5xx_hal_gpio.c ****   GPIO_TypeDef  *p_gpio;
 929              		.loc 1 593 3 view .LVU360
 594:Drivers/STM32U5xx_HAL_Driver/Src/stm32u5xx_hal_gpio.c ****   __IO uint32_t tmp = GPIO_LCKR_LCKK;
 930              		.loc 1 594 3 view .LVU361
 931              		.loc 1 594 17 is_stmt 0 view .LVU362
 932 0004 4FF48033 		mov	r3, #65536
 933 0008 0193     		str	r3, [sp, #4]
 595:Drivers/STM32U5xx_HAL_Driver/Src/stm32u5xx_hal_gpio.c **** 
 596:Drivers/STM32U5xx_HAL_Driver/Src/stm32u5xx_hal_gpio.c ****   /* Check the parameters */
 597:Drivers/STM32U5xx_HAL_Driver/Src/stm32u5xx_hal_gpio.c ****   assert_param(IS_GPIO_PIN(GPIO_Pin));
 934              		.loc 1 597 3 is_stmt 1 view .LVU363
 598:Drivers/STM32U5xx_HAL_Driver/Src/stm32u5xx_hal_gpio.c **** 
 599:Drivers/STM32U5xx_HAL_Driver/Src/stm32u5xx_hal_gpio.c ****   /* Save GPIO port address */
 600:Drivers/STM32U5xx_HAL_Driver/Src/stm32u5xx_hal_gpio.c ****   p_gpio = GPIOx;
 935              		.loc 1 600 3 view .LVU364
ARM GAS  /var/folders/j8/bx6g0dyx2gg_pdn7l_y1sb9c0000gn/T//ccCtU4IH.s 			page 29


 936              	.LVL94:
 601:Drivers/STM32U5xx_HAL_Driver/Src/stm32u5xx_hal_gpio.c **** 
 602:Drivers/STM32U5xx_HAL_Driver/Src/stm32u5xx_hal_gpio.c ****   /* Configure the port pins */
 603:Drivers/STM32U5xx_HAL_Driver/Src/stm32u5xx_hal_gpio.c ****   while ((GPIO_Pin >> position) != 0U)
 937              		.loc 1 603 3 view .LVU365
 600:Drivers/STM32U5xx_HAL_Driver/Src/stm32u5xx_hal_gpio.c **** 
 938              		.loc 1 600 10 is_stmt 0 view .LVU366
 939 000a 0446     		mov	r4, r0
 592:Drivers/STM32U5xx_HAL_Driver/Src/stm32u5xx_hal_gpio.c ****   GPIO_TypeDef  *p_gpio;
 940              		.loc 1 592 12 view .LVU367
 941 000c 4FF0000C 		mov	ip, #0
 942              		.loc 1 603 9 view .LVU368
 943 0010 1AE0     		b	.L45
 944              	.LVL95:
 945              	.L54:
 604:Drivers/STM32U5xx_HAL_Driver/Src/stm32u5xx_hal_gpio.c ****   {
 605:Drivers/STM32U5xx_HAL_Driver/Src/stm32u5xx_hal_gpio.c ****     /* Get current io position */
 606:Drivers/STM32U5xx_HAL_Driver/Src/stm32u5xx_hal_gpio.c ****     iocurrent = GPIO_Pin & (1UL << position);
 607:Drivers/STM32U5xx_HAL_Driver/Src/stm32u5xx_hal_gpio.c **** 
 608:Drivers/STM32U5xx_HAL_Driver/Src/stm32u5xx_hal_gpio.c ****     if (iocurrent != 0U)
 609:Drivers/STM32U5xx_HAL_Driver/Src/stm32u5xx_hal_gpio.c ****     {
 610:Drivers/STM32U5xx_HAL_Driver/Src/stm32u5xx_hal_gpio.c **** 
 611:Drivers/STM32U5xx_HAL_Driver/Src/stm32u5xx_hal_gpio.c ****       /* In case of LPGPIO Port */
 612:Drivers/STM32U5xx_HAL_Driver/Src/stm32u5xx_hal_gpio.c ****       if (GPIOx == LPGPIO1)
 613:Drivers/STM32U5xx_HAL_Driver/Src/stm32u5xx_hal_gpio.c ****       {
 614:Drivers/STM32U5xx_HAL_Driver/Src/stm32u5xx_hal_gpio.c ****         /* Save GPIO Port and pin index */
 615:Drivers/STM32U5xx_HAL_Driver/Src/stm32u5xx_hal_gpio.c ****         p_gpio = LPGPIO_Map[position].GPIO_PORT;
 946              		.loc 1 615 9 is_stmt 1 view .LVU369
 947              		.loc 1 615 16 is_stmt 0 view .LVU370
 948 0012 194B     		ldr	r3, .L55
 949              	.LVL96:
 950              		.loc 1 615 16 view .LVU371
 951 0014 53F83C40 		ldr	r4, [r3, ip, lsl #3]
 952              	.LVL97:
 616:Drivers/STM32U5xx_HAL_Driver/Src/stm32u5xx_hal_gpio.c ****         pin_position = (1UL << (LPGPIO_Map[position].Pin_Pos));
 953              		.loc 1 616 9 is_stmt 1 view .LVU372
 954              		.loc 1 616 53 is_stmt 0 view .LVU373
 955 0018 03EBCC03 		add	r3, r3, ip, lsl #3
 956 001c 5B68     		ldr	r3, [r3, #4]
 957              		.loc 1 616 22 view .LVU374
 958 001e 0122     		movs	r2, #1
 959              	.LVL98:
 960              		.loc 1 616 22 view .LVU375
 961 0020 02FA03F3 		lsl	r3, r2, r3
 962              	.LVL99:
 617:Drivers/STM32U5xx_HAL_Driver/Src/stm32u5xx_hal_gpio.c **** 
 618:Drivers/STM32U5xx_HAL_Driver/Src/stm32u5xx_hal_gpio.c ****         /* Save gpio pin locked */
 619:Drivers/STM32U5xx_HAL_Driver/Src/stm32u5xx_hal_gpio.c ****         pin_locked = p_gpio->LCKR;
 963              		.loc 1 619 9 is_stmt 1 view .LVU376
 964              		.loc 1 619 20 is_stmt 0 view .LVU377
 965 0024 E269     		ldr	r2, [r4, #28]
 966              	.LVL100:
 620:Drivers/STM32U5xx_HAL_Driver/Src/stm32u5xx_hal_gpio.c **** 
 621:Drivers/STM32U5xx_HAL_Driver/Src/stm32u5xx_hal_gpio.c ****         /* Apply lock key write sequence */
 622:Drivers/STM32U5xx_HAL_Driver/Src/stm32u5xx_hal_gpio.c ****         tmp |= (pin_locked | pin_position);
 967              		.loc 1 622 9 is_stmt 1 view .LVU378
 968              		.loc 1 622 28 is_stmt 0 view .LVU379
ARM GAS  /var/folders/j8/bx6g0dyx2gg_pdn7l_y1sb9c0000gn/T//ccCtU4IH.s 			page 30


 969 0026 1A43     		orrs	r2, r2, r3
 970              	.LVL101:
 971              		.loc 1 622 13 view .LVU380
 972 0028 019D     		ldr	r5, [sp, #4]
 973 002a 2A43     		orrs	r2, r2, r5
 974 002c 0192     		str	r2, [sp, #4]
 975              	.L48:
 623:Drivers/STM32U5xx_HAL_Driver/Src/stm32u5xx_hal_gpio.c ****       }
 624:Drivers/STM32U5xx_HAL_Driver/Src/stm32u5xx_hal_gpio.c ****       else
 625:Drivers/STM32U5xx_HAL_Driver/Src/stm32u5xx_hal_gpio.c ****       {
 626:Drivers/STM32U5xx_HAL_Driver/Src/stm32u5xx_hal_gpio.c ****         /* Check the parameters */
 627:Drivers/STM32U5xx_HAL_Driver/Src/stm32u5xx_hal_gpio.c ****         assert_param(IS_GPIO_ALL_INSTANCE(GPIOx));
 628:Drivers/STM32U5xx_HAL_Driver/Src/stm32u5xx_hal_gpio.c **** 
 629:Drivers/STM32U5xx_HAL_Driver/Src/stm32u5xx_hal_gpio.c ****         /* Save GPIO Pin pos*/
 630:Drivers/STM32U5xx_HAL_Driver/Src/stm32u5xx_hal_gpio.c ****         pin_position = (1UL << position);
 631:Drivers/STM32U5xx_HAL_Driver/Src/stm32u5xx_hal_gpio.c **** 
 632:Drivers/STM32U5xx_HAL_Driver/Src/stm32u5xx_hal_gpio.c ****         /* Save gpio pin locked */
 633:Drivers/STM32U5xx_HAL_Driver/Src/stm32u5xx_hal_gpio.c ****         pin_locked = p_gpio->LCKR;
 634:Drivers/STM32U5xx_HAL_Driver/Src/stm32u5xx_hal_gpio.c **** 
 635:Drivers/STM32U5xx_HAL_Driver/Src/stm32u5xx_hal_gpio.c ****         /* Apply lock key write sequence */
 636:Drivers/STM32U5xx_HAL_Driver/Src/stm32u5xx_hal_gpio.c ****         tmp |= (pin_locked | pin_position);
 637:Drivers/STM32U5xx_HAL_Driver/Src/stm32u5xx_hal_gpio.c ****       }
 638:Drivers/STM32U5xx_HAL_Driver/Src/stm32u5xx_hal_gpio.c **** 
 639:Drivers/STM32U5xx_HAL_Driver/Src/stm32u5xx_hal_gpio.c ****       /* Set LCKx bit(s): LCKK='1' + LCK[15-0] */
 640:Drivers/STM32U5xx_HAL_Driver/Src/stm32u5xx_hal_gpio.c ****       p_gpio->LCKR = tmp;
 976              		.loc 1 640 7 is_stmt 1 view .LVU381
 977              		.loc 1 640 20 is_stmt 0 view .LVU382
 978 002e 019A     		ldr	r2, [sp, #4]
 979 0030 E261     		str	r2, [r4, #28]
 641:Drivers/STM32U5xx_HAL_Driver/Src/stm32u5xx_hal_gpio.c ****       /* Reset LCKx bit(s): LCKK='0' + LCK[15-0] */
 642:Drivers/STM32U5xx_HAL_Driver/Src/stm32u5xx_hal_gpio.c ****       p_gpio->LCKR = pin_position;
 980              		.loc 1 642 7 is_stmt 1 view .LVU383
 981              		.loc 1 642 20 is_stmt 0 view .LVU384
 982 0032 E361     		str	r3, [r4, #28]
 643:Drivers/STM32U5xx_HAL_Driver/Src/stm32u5xx_hal_gpio.c ****       /* Set LCKx bit(s): LCKK='1' + LCK[15-0] */
 644:Drivers/STM32U5xx_HAL_Driver/Src/stm32u5xx_hal_gpio.c ****       p_gpio->LCKR = tmp;
 983              		.loc 1 644 7 is_stmt 1 view .LVU385
 984              		.loc 1 644 20 is_stmt 0 view .LVU386
 985 0034 019B     		ldr	r3, [sp, #4]
 986              	.LVL102:
 987              		.loc 1 644 20 view .LVU387
 988 0036 E361     		str	r3, [r4, #28]
 989              	.LVL103:
 645:Drivers/STM32U5xx_HAL_Driver/Src/stm32u5xx_hal_gpio.c ****       /* Read LCKK register. This read is mandatory to complete key lock sequence */
 646:Drivers/STM32U5xx_HAL_Driver/Src/stm32u5xx_hal_gpio.c ****       tmp = p_gpio->LCKR;
 990              		.loc 1 646 7 is_stmt 1 view .LVU388
 991              		.loc 1 646 19 is_stmt 0 view .LVU389
 992 0038 E369     		ldr	r3, [r4, #28]
 993              		.loc 1 646 11 view .LVU390
 994 003a 0193     		str	r3, [sp, #4]
 647:Drivers/STM32U5xx_HAL_Driver/Src/stm32u5xx_hal_gpio.c **** 
 648:Drivers/STM32U5xx_HAL_Driver/Src/stm32u5xx_hal_gpio.c ****       /* read again in order to confirm lock is active */
 649:Drivers/STM32U5xx_HAL_Driver/Src/stm32u5xx_hal_gpio.c ****       if ((p_gpio->LCKR & GPIO_LCKR_LCKK) != GPIO_LCKR_LCKK)
 995              		.loc 1 649 7 is_stmt 1 view .LVU391
 996              		.loc 1 649 18 is_stmt 0 view .LVU392
 997 003c E369     		ldr	r3, [r4, #28]
 998              		.loc 1 649 10 view .LVU393
ARM GAS  /var/folders/j8/bx6g0dyx2gg_pdn7l_y1sb9c0000gn/T//ccCtU4IH.s 			page 31


 999 003e 13F4803F 		tst	r3, #65536
 1000 0042 16D0     		beq	.L51
 1001              	.L46:
 650:Drivers/STM32U5xx_HAL_Driver/Src/stm32u5xx_hal_gpio.c ****       {
 651:Drivers/STM32U5xx_HAL_Driver/Src/stm32u5xx_hal_gpio.c ****         return HAL_ERROR;
 652:Drivers/STM32U5xx_HAL_Driver/Src/stm32u5xx_hal_gpio.c ****       }
 653:Drivers/STM32U5xx_HAL_Driver/Src/stm32u5xx_hal_gpio.c ****     }
 654:Drivers/STM32U5xx_HAL_Driver/Src/stm32u5xx_hal_gpio.c ****     position++;
 1002              		.loc 1 654 5 is_stmt 1 view .LVU394
 1003              		.loc 1 654 13 is_stmt 0 view .LVU395
 1004 0044 0CF1010C 		add	ip, ip, #1
 1005              	.LVL104:
 1006              	.L45:
 603:Drivers/STM32U5xx_HAL_Driver/Src/stm32u5xx_hal_gpio.c ****   {
 1007              		.loc 1 603 9 is_stmt 1 view .LVU396
 1008 0048 51FA0CF3 		asrs	r3, r1, ip
 1009 004c 0DD0     		beq	.L53
 606:Drivers/STM32U5xx_HAL_Driver/Src/stm32u5xx_hal_gpio.c **** 
 1010              		.loc 1 606 5 view .LVU397
 606:Drivers/STM32U5xx_HAL_Driver/Src/stm32u5xx_hal_gpio.c **** 
 1011              		.loc 1 606 33 is_stmt 0 view .LVU398
 1012 004e 0123     		movs	r3, #1
 1013 0050 03FA0CF3 		lsl	r3, r3, ip
 1014              	.LVL105:
 608:Drivers/STM32U5xx_HAL_Driver/Src/stm32u5xx_hal_gpio.c ****     {
 1015              		.loc 1 608 5 is_stmt 1 view .LVU399
 608:Drivers/STM32U5xx_HAL_Driver/Src/stm32u5xx_hal_gpio.c ****     {
 1016              		.loc 1 608 8 is_stmt 0 view .LVU400
 1017 0054 1942     		tst	r1, r3
 1018 0056 F5D0     		beq	.L46
 612:Drivers/STM32U5xx_HAL_Driver/Src/stm32u5xx_hal_gpio.c ****       {
 1019              		.loc 1 612 7 is_stmt 1 view .LVU401
 612:Drivers/STM32U5xx_HAL_Driver/Src/stm32u5xx_hal_gpio.c ****       {
 1020              		.loc 1 612 10 is_stmt 0 view .LVU402
 1021 0058 084A     		ldr	r2, .L55+4
 1022 005a 9042     		cmp	r0, r2
 1023 005c D9D0     		beq	.L54
 627:Drivers/STM32U5xx_HAL_Driver/Src/stm32u5xx_hal_gpio.c **** 
 1024              		.loc 1 627 9 is_stmt 1 view .LVU403
 630:Drivers/STM32U5xx_HAL_Driver/Src/stm32u5xx_hal_gpio.c **** 
 1025              		.loc 1 630 9 view .LVU404
 1026              	.LVL106:
 633:Drivers/STM32U5xx_HAL_Driver/Src/stm32u5xx_hal_gpio.c **** 
 1027              		.loc 1 633 9 view .LVU405
 633:Drivers/STM32U5xx_HAL_Driver/Src/stm32u5xx_hal_gpio.c **** 
 1028              		.loc 1 633 20 is_stmt 0 view .LVU406
 1029 005e E269     		ldr	r2, [r4, #28]
 1030              	.LVL107:
 636:Drivers/STM32U5xx_HAL_Driver/Src/stm32u5xx_hal_gpio.c ****       }
 1031              		.loc 1 636 9 is_stmt 1 view .LVU407
 636:Drivers/STM32U5xx_HAL_Driver/Src/stm32u5xx_hal_gpio.c ****       }
 1032              		.loc 1 636 28 is_stmt 0 view .LVU408
 1033 0060 1A43     		orrs	r2, r2, r3
 1034              	.LVL108:
 636:Drivers/STM32U5xx_HAL_Driver/Src/stm32u5xx_hal_gpio.c ****       }
 1035              		.loc 1 636 13 view .LVU409
 1036 0062 019D     		ldr	r5, [sp, #4]
ARM GAS  /var/folders/j8/bx6g0dyx2gg_pdn7l_y1sb9c0000gn/T//ccCtU4IH.s 			page 32


 1037 0064 2A43     		orrs	r2, r2, r5
 1038 0066 0192     		str	r2, [sp, #4]
 1039 0068 E1E7     		b	.L48
 1040              	.LVL109:
 1041              	.L53:
 655:Drivers/STM32U5xx_HAL_Driver/Src/stm32u5xx_hal_gpio.c ****   }
 656:Drivers/STM32U5xx_HAL_Driver/Src/stm32u5xx_hal_gpio.c ****   return HAL_OK;
 1042              		.loc 1 656 10 view .LVU410
 1043 006a 0020     		movs	r0, #0
 1044              	.LVL110:
 1045              	.L49:
 657:Drivers/STM32U5xx_HAL_Driver/Src/stm32u5xx_hal_gpio.c **** }
 1046              		.loc 1 657 1 view .LVU411
 1047 006c 02B0     		add	sp, sp, #8
 1048              	.LCFI4:
 1049              		.cfi_remember_state
 1050              		.cfi_def_cfa_offset 8
 1051              		@ sp needed
 1052 006e 30BC     		pop	{r4, r5}
 1053              	.LCFI5:
 1054              		.cfi_restore 5
 1055              		.cfi_restore 4
 1056              		.cfi_def_cfa_offset 0
 1057              	.LVL111:
 1058              		.loc 1 657 1 view .LVU412
 1059 0070 7047     		bx	lr
 1060              	.LVL112:
 1061              	.L51:
 1062              	.LCFI6:
 1063              		.cfi_restore_state
 651:Drivers/STM32U5xx_HAL_Driver/Src/stm32u5xx_hal_gpio.c ****       }
 1064              		.loc 1 651 16 view .LVU413
 1065 0072 0120     		movs	r0, #1
 1066              	.LVL113:
 651:Drivers/STM32U5xx_HAL_Driver/Src/stm32u5xx_hal_gpio.c ****       }
 1067              		.loc 1 651 16 view .LVU414
 1068 0074 FAE7     		b	.L49
 1069              	.L56:
 1070 0076 00BF     		.align	2
 1071              	.L55:
 1072 0078 00000000 		.word	.LANCHOR0
 1073 007c 00000246 		.word	1174536192
 1074              		.cfi_endproc
 1075              	.LFE163:
 1077              		.section	.text.HAL_GPIO_EnableHighSPeedLowVoltage,"ax",%progbits
 1078              		.align	1
 1079              		.global	HAL_GPIO_EnableHighSPeedLowVoltage
 1080              		.syntax unified
 1081              		.thumb
 1082              		.thumb_func
 1084              	HAL_GPIO_EnableHighSPeedLowVoltage:
 1085              	.LVL114:
 1086              	.LFB164:
 658:Drivers/STM32U5xx_HAL_Driver/Src/stm32u5xx_hal_gpio.c **** 
 659:Drivers/STM32U5xx_HAL_Driver/Src/stm32u5xx_hal_gpio.c **** /**
 660:Drivers/STM32U5xx_HAL_Driver/Src/stm32u5xx_hal_gpio.c ****   * @brief  Enable speed optimization for several pin of dedicated port.
 661:Drivers/STM32U5xx_HAL_Driver/Src/stm32u5xx_hal_gpio.c ****   * @note   Not all I/Os support the HSLV mode. Refer to the I/O structure in the corresponding
ARM GAS  /var/folders/j8/bx6g0dyx2gg_pdn7l_y1sb9c0000gn/T//ccCtU4IH.s 			page 33


 662:Drivers/STM32U5xx_HAL_Driver/Src/stm32u5xx_hal_gpio.c ****   *         datasheet for the list of I/Os supporting this feature. Other I/Os HSLV configuration m
 663:Drivers/STM32U5xx_HAL_Driver/Src/stm32u5xx_hal_gpio.c ****   *         be kept at reset value.
 664:Drivers/STM32U5xx_HAL_Driver/Src/stm32u5xx_hal_gpio.c ****   * @note   It must be used only if the I/O supply voltage is below 2.7 V.
 665:Drivers/STM32U5xx_HAL_Driver/Src/stm32u5xx_hal_gpio.c ****   * @param  GPIOx or LPGPIOx: where x can be (A..I) for the GPIO and (1) for LPGPIO to select the t
 666:Drivers/STM32U5xx_HAL_Driver/Src/stm32u5xx_hal_gpio.c ****   *         peripheral for STM32U5 family
 667:Drivers/STM32U5xx_HAL_Driver/Src/stm32u5xx_hal_gpio.c ****   * @param  GPIO_Pin: specifies the port bit to be written.
 668:Drivers/STM32U5xx_HAL_Driver/Src/stm32u5xx_hal_gpio.c ****   *         This parameter can be any combination of GPIO_Pin_x where x can be (0..15).
 669:Drivers/STM32U5xx_HAL_Driver/Src/stm32u5xx_hal_gpio.c ****   * @retval None
 670:Drivers/STM32U5xx_HAL_Driver/Src/stm32u5xx_hal_gpio.c ****   */
 671:Drivers/STM32U5xx_HAL_Driver/Src/stm32u5xx_hal_gpio.c **** void HAL_GPIO_EnableHighSPeedLowVoltage(GPIO_TypeDef *GPIOx, uint16_t GPIO_Pin)
 672:Drivers/STM32U5xx_HAL_Driver/Src/stm32u5xx_hal_gpio.c **** {
 1087              		.loc 1 672 1 is_stmt 1 view -0
 1088              		.cfi_startproc
 1089              		@ args = 0, pretend = 0, frame = 0
 1090              		@ frame_needed = 0, uses_anonymous_args = 0
 1091              		@ link register save eliminated.
 1092              		.loc 1 672 1 is_stmt 0 view .LVU416
 1093 0000 30B4     		push	{r4, r5}
 1094              	.LCFI7:
 1095              		.cfi_def_cfa_offset 8
 1096              		.cfi_offset 4, -8
 1097              		.cfi_offset 5, -4
 673:Drivers/STM32U5xx_HAL_Driver/Src/stm32u5xx_hal_gpio.c ****   uint32_t iocurrent;
 1098              		.loc 1 673 3 is_stmt 1 view .LVU417
 674:Drivers/STM32U5xx_HAL_Driver/Src/stm32u5xx_hal_gpio.c ****   uint32_t pin_position;
 1099              		.loc 1 674 3 view .LVU418
 675:Drivers/STM32U5xx_HAL_Driver/Src/stm32u5xx_hal_gpio.c ****   uint32_t position = 0U;
 1100              		.loc 1 675 3 view .LVU419
 1101              	.LVL115:
 676:Drivers/STM32U5xx_HAL_Driver/Src/stm32u5xx_hal_gpio.c ****   GPIO_TypeDef  *p_gpio;
 1102              		.loc 1 676 3 view .LVU420
 677:Drivers/STM32U5xx_HAL_Driver/Src/stm32u5xx_hal_gpio.c **** 
 678:Drivers/STM32U5xx_HAL_Driver/Src/stm32u5xx_hal_gpio.c ****   /* Check the parameters */
 679:Drivers/STM32U5xx_HAL_Driver/Src/stm32u5xx_hal_gpio.c ****   assert_param(IS_GPIO_PIN(GPIO_Pin));
 1103              		.loc 1 679 3 view .LVU421
 680:Drivers/STM32U5xx_HAL_Driver/Src/stm32u5xx_hal_gpio.c **** 
 681:Drivers/STM32U5xx_HAL_Driver/Src/stm32u5xx_hal_gpio.c ****   /* Save GPIO port address */
 682:Drivers/STM32U5xx_HAL_Driver/Src/stm32u5xx_hal_gpio.c ****   p_gpio = GPIOx;
 1104              		.loc 1 682 3 view .LVU422
 683:Drivers/STM32U5xx_HAL_Driver/Src/stm32u5xx_hal_gpio.c **** 
 684:Drivers/STM32U5xx_HAL_Driver/Src/stm32u5xx_hal_gpio.c ****   /* Configure the port pins */
 685:Drivers/STM32U5xx_HAL_Driver/Src/stm32u5xx_hal_gpio.c ****   while ((GPIO_Pin >> position) != 0U)
 1105              		.loc 1 685 3 view .LVU423
 682:Drivers/STM32U5xx_HAL_Driver/Src/stm32u5xx_hal_gpio.c **** 
 1106              		.loc 1 682 10 is_stmt 0 view .LVU424
 1107 0002 0546     		mov	r5, r0
 675:Drivers/STM32U5xx_HAL_Driver/Src/stm32u5xx_hal_gpio.c ****   GPIO_TypeDef  *p_gpio;
 1108              		.loc 1 675 12 view .LVU425
 1109 0004 0022     		movs	r2, #0
 1110              		.loc 1 685 9 view .LVU426
 1111 0006 0EE0     		b	.L58
 1112              	.LVL116:
 1113              	.L66:
 1114              	.LBB10:
 1115              	.LBB11:
 1116              		.file 2 "Drivers/CMSIS/Include/cmsis_gcc.h"
   1:Drivers/CMSIS/Include/cmsis_gcc.h **** /**************************************************************************//**
ARM GAS  /var/folders/j8/bx6g0dyx2gg_pdn7l_y1sb9c0000gn/T//ccCtU4IH.s 			page 34


   2:Drivers/CMSIS/Include/cmsis_gcc.h ****  * @file     cmsis_gcc.h
   3:Drivers/CMSIS/Include/cmsis_gcc.h ****  * @brief    CMSIS compiler GCC header file
   4:Drivers/CMSIS/Include/cmsis_gcc.h ****  * @version  V5.4.1
   5:Drivers/CMSIS/Include/cmsis_gcc.h ****  * @date     27. May 2021
   6:Drivers/CMSIS/Include/cmsis_gcc.h ****  ******************************************************************************/
   7:Drivers/CMSIS/Include/cmsis_gcc.h **** /*
   8:Drivers/CMSIS/Include/cmsis_gcc.h ****  * Copyright (c) 2009-2021 Arm Limited. All rights reserved.
   9:Drivers/CMSIS/Include/cmsis_gcc.h ****  *
  10:Drivers/CMSIS/Include/cmsis_gcc.h ****  * SPDX-License-Identifier: Apache-2.0
  11:Drivers/CMSIS/Include/cmsis_gcc.h ****  *
  12:Drivers/CMSIS/Include/cmsis_gcc.h ****  * Licensed under the Apache License, Version 2.0 (the License); you may
  13:Drivers/CMSIS/Include/cmsis_gcc.h ****  * not use this file except in compliance with the License.
  14:Drivers/CMSIS/Include/cmsis_gcc.h ****  * You may obtain a copy of the License at
  15:Drivers/CMSIS/Include/cmsis_gcc.h ****  *
  16:Drivers/CMSIS/Include/cmsis_gcc.h ****  * www.apache.org/licenses/LICENSE-2.0
  17:Drivers/CMSIS/Include/cmsis_gcc.h ****  *
  18:Drivers/CMSIS/Include/cmsis_gcc.h ****  * Unless required by applicable law or agreed to in writing, software
  19:Drivers/CMSIS/Include/cmsis_gcc.h ****  * distributed under the License is distributed on an AS IS BASIS, WITHOUT
  20:Drivers/CMSIS/Include/cmsis_gcc.h ****  * WARRANTIES OR CONDITIONS OF ANY KIND, either express or implied.
  21:Drivers/CMSIS/Include/cmsis_gcc.h ****  * See the License for the specific language governing permissions and
  22:Drivers/CMSIS/Include/cmsis_gcc.h ****  * limitations under the License.
  23:Drivers/CMSIS/Include/cmsis_gcc.h ****  */
  24:Drivers/CMSIS/Include/cmsis_gcc.h **** 
  25:Drivers/CMSIS/Include/cmsis_gcc.h **** #ifndef __CMSIS_GCC_H
  26:Drivers/CMSIS/Include/cmsis_gcc.h **** #define __CMSIS_GCC_H
  27:Drivers/CMSIS/Include/cmsis_gcc.h **** 
  28:Drivers/CMSIS/Include/cmsis_gcc.h **** /* ignore some GCC warnings */
  29:Drivers/CMSIS/Include/cmsis_gcc.h **** #pragma GCC diagnostic push
  30:Drivers/CMSIS/Include/cmsis_gcc.h **** #pragma GCC diagnostic ignored "-Wsign-conversion"
  31:Drivers/CMSIS/Include/cmsis_gcc.h **** #pragma GCC diagnostic ignored "-Wconversion"
  32:Drivers/CMSIS/Include/cmsis_gcc.h **** #pragma GCC diagnostic ignored "-Wunused-parameter"
  33:Drivers/CMSIS/Include/cmsis_gcc.h **** 
  34:Drivers/CMSIS/Include/cmsis_gcc.h **** /* Fallback for __has_builtin */
  35:Drivers/CMSIS/Include/cmsis_gcc.h **** #ifndef __has_builtin
  36:Drivers/CMSIS/Include/cmsis_gcc.h ****   #define __has_builtin(x) (0)
  37:Drivers/CMSIS/Include/cmsis_gcc.h **** #endif
  38:Drivers/CMSIS/Include/cmsis_gcc.h **** 
  39:Drivers/CMSIS/Include/cmsis_gcc.h **** /* CMSIS compiler specific defines */
  40:Drivers/CMSIS/Include/cmsis_gcc.h **** #ifndef   __ASM
  41:Drivers/CMSIS/Include/cmsis_gcc.h ****   #define __ASM                                  __asm
  42:Drivers/CMSIS/Include/cmsis_gcc.h **** #endif
  43:Drivers/CMSIS/Include/cmsis_gcc.h **** #ifndef   __INLINE
  44:Drivers/CMSIS/Include/cmsis_gcc.h ****   #define __INLINE                               inline
  45:Drivers/CMSIS/Include/cmsis_gcc.h **** #endif
  46:Drivers/CMSIS/Include/cmsis_gcc.h **** #ifndef   __STATIC_INLINE
  47:Drivers/CMSIS/Include/cmsis_gcc.h ****   #define __STATIC_INLINE                        static inline
  48:Drivers/CMSIS/Include/cmsis_gcc.h **** #endif
  49:Drivers/CMSIS/Include/cmsis_gcc.h **** #ifndef   __STATIC_FORCEINLINE
  50:Drivers/CMSIS/Include/cmsis_gcc.h ****   #define __STATIC_FORCEINLINE                   __attribute__((always_inline)) static inline
  51:Drivers/CMSIS/Include/cmsis_gcc.h **** #endif
  52:Drivers/CMSIS/Include/cmsis_gcc.h **** #ifndef   __NO_RETURN
  53:Drivers/CMSIS/Include/cmsis_gcc.h ****   #define __NO_RETURN                            __attribute__((__noreturn__))
  54:Drivers/CMSIS/Include/cmsis_gcc.h **** #endif
  55:Drivers/CMSIS/Include/cmsis_gcc.h **** #ifndef   __USED
  56:Drivers/CMSIS/Include/cmsis_gcc.h ****   #define __USED                                 __attribute__((used))
  57:Drivers/CMSIS/Include/cmsis_gcc.h **** #endif
  58:Drivers/CMSIS/Include/cmsis_gcc.h **** #ifndef   __WEAK
ARM GAS  /var/folders/j8/bx6g0dyx2gg_pdn7l_y1sb9c0000gn/T//ccCtU4IH.s 			page 35


  59:Drivers/CMSIS/Include/cmsis_gcc.h ****   #define __WEAK                                 __attribute__((weak))
  60:Drivers/CMSIS/Include/cmsis_gcc.h **** #endif
  61:Drivers/CMSIS/Include/cmsis_gcc.h **** #ifndef   __PACKED
  62:Drivers/CMSIS/Include/cmsis_gcc.h ****   #define __PACKED                               __attribute__((packed, aligned(1)))
  63:Drivers/CMSIS/Include/cmsis_gcc.h **** #endif
  64:Drivers/CMSIS/Include/cmsis_gcc.h **** #ifndef   __PACKED_STRUCT
  65:Drivers/CMSIS/Include/cmsis_gcc.h ****   #define __PACKED_STRUCT                        struct __attribute__((packed, aligned(1)))
  66:Drivers/CMSIS/Include/cmsis_gcc.h **** #endif
  67:Drivers/CMSIS/Include/cmsis_gcc.h **** #ifndef   __PACKED_UNION
  68:Drivers/CMSIS/Include/cmsis_gcc.h ****   #define __PACKED_UNION                         union __attribute__((packed, aligned(1)))
  69:Drivers/CMSIS/Include/cmsis_gcc.h **** #endif
  70:Drivers/CMSIS/Include/cmsis_gcc.h **** #ifndef   __UNALIGNED_UINT32        /* deprecated */
  71:Drivers/CMSIS/Include/cmsis_gcc.h ****   #pragma GCC diagnostic push
  72:Drivers/CMSIS/Include/cmsis_gcc.h ****   #pragma GCC diagnostic ignored "-Wpacked"
  73:Drivers/CMSIS/Include/cmsis_gcc.h ****   #pragma GCC diagnostic ignored "-Wattributes"
  74:Drivers/CMSIS/Include/cmsis_gcc.h ****   struct __attribute__((packed)) T_UINT32 { uint32_t v; };
  75:Drivers/CMSIS/Include/cmsis_gcc.h ****   #pragma GCC diagnostic pop
  76:Drivers/CMSIS/Include/cmsis_gcc.h ****   #define __UNALIGNED_UINT32(x)                  (((struct T_UINT32 *)(x))->v)
  77:Drivers/CMSIS/Include/cmsis_gcc.h **** #endif
  78:Drivers/CMSIS/Include/cmsis_gcc.h **** #ifndef   __UNALIGNED_UINT16_WRITE
  79:Drivers/CMSIS/Include/cmsis_gcc.h ****   #pragma GCC diagnostic push
  80:Drivers/CMSIS/Include/cmsis_gcc.h ****   #pragma GCC diagnostic ignored "-Wpacked"
  81:Drivers/CMSIS/Include/cmsis_gcc.h ****   #pragma GCC diagnostic ignored "-Wattributes"
  82:Drivers/CMSIS/Include/cmsis_gcc.h ****   __PACKED_STRUCT T_UINT16_WRITE { uint16_t v; };
  83:Drivers/CMSIS/Include/cmsis_gcc.h ****   #pragma GCC diagnostic pop
  84:Drivers/CMSIS/Include/cmsis_gcc.h ****   #define __UNALIGNED_UINT16_WRITE(addr, val)    (void)((((struct T_UINT16_WRITE *)(void *)(addr))-
  85:Drivers/CMSIS/Include/cmsis_gcc.h **** #endif
  86:Drivers/CMSIS/Include/cmsis_gcc.h **** #ifndef   __UNALIGNED_UINT16_READ
  87:Drivers/CMSIS/Include/cmsis_gcc.h ****   #pragma GCC diagnostic push
  88:Drivers/CMSIS/Include/cmsis_gcc.h ****   #pragma GCC diagnostic ignored "-Wpacked"
  89:Drivers/CMSIS/Include/cmsis_gcc.h ****   #pragma GCC diagnostic ignored "-Wattributes"
  90:Drivers/CMSIS/Include/cmsis_gcc.h ****   __PACKED_STRUCT T_UINT16_READ { uint16_t v; };
  91:Drivers/CMSIS/Include/cmsis_gcc.h ****   #pragma GCC diagnostic pop
  92:Drivers/CMSIS/Include/cmsis_gcc.h ****   #define __UNALIGNED_UINT16_READ(addr)          (((const struct T_UINT16_READ *)(const void *)(add
  93:Drivers/CMSIS/Include/cmsis_gcc.h **** #endif
  94:Drivers/CMSIS/Include/cmsis_gcc.h **** #ifndef   __UNALIGNED_UINT32_WRITE
  95:Drivers/CMSIS/Include/cmsis_gcc.h ****   #pragma GCC diagnostic push
  96:Drivers/CMSIS/Include/cmsis_gcc.h ****   #pragma GCC diagnostic ignored "-Wpacked"
  97:Drivers/CMSIS/Include/cmsis_gcc.h ****   #pragma GCC diagnostic ignored "-Wattributes"
  98:Drivers/CMSIS/Include/cmsis_gcc.h ****   __PACKED_STRUCT T_UINT32_WRITE { uint32_t v; };
  99:Drivers/CMSIS/Include/cmsis_gcc.h ****   #pragma GCC diagnostic pop
 100:Drivers/CMSIS/Include/cmsis_gcc.h ****   #define __UNALIGNED_UINT32_WRITE(addr, val)    (void)((((struct T_UINT32_WRITE *)(void *)(addr))-
 101:Drivers/CMSIS/Include/cmsis_gcc.h **** #endif
 102:Drivers/CMSIS/Include/cmsis_gcc.h **** #ifndef   __UNALIGNED_UINT32_READ
 103:Drivers/CMSIS/Include/cmsis_gcc.h ****   #pragma GCC diagnostic push
 104:Drivers/CMSIS/Include/cmsis_gcc.h ****   #pragma GCC diagnostic ignored "-Wpacked"
 105:Drivers/CMSIS/Include/cmsis_gcc.h ****   #pragma GCC diagnostic ignored "-Wattributes"
 106:Drivers/CMSIS/Include/cmsis_gcc.h ****   __PACKED_STRUCT T_UINT32_READ { uint32_t v; };
 107:Drivers/CMSIS/Include/cmsis_gcc.h ****   #pragma GCC diagnostic pop
 108:Drivers/CMSIS/Include/cmsis_gcc.h ****   #define __UNALIGNED_UINT32_READ(addr)          (((const struct T_UINT32_READ *)(const void *)(add
 109:Drivers/CMSIS/Include/cmsis_gcc.h **** #endif
 110:Drivers/CMSIS/Include/cmsis_gcc.h **** #ifndef   __ALIGNED
 111:Drivers/CMSIS/Include/cmsis_gcc.h ****   #define __ALIGNED(x)                           __attribute__((aligned(x)))
 112:Drivers/CMSIS/Include/cmsis_gcc.h **** #endif
 113:Drivers/CMSIS/Include/cmsis_gcc.h **** #ifndef   __RESTRICT
 114:Drivers/CMSIS/Include/cmsis_gcc.h ****   #define __RESTRICT                             __restrict
 115:Drivers/CMSIS/Include/cmsis_gcc.h **** #endif
ARM GAS  /var/folders/j8/bx6g0dyx2gg_pdn7l_y1sb9c0000gn/T//ccCtU4IH.s 			page 36


 116:Drivers/CMSIS/Include/cmsis_gcc.h **** #ifndef   __COMPILER_BARRIER
 117:Drivers/CMSIS/Include/cmsis_gcc.h ****   #define __COMPILER_BARRIER()                   __ASM volatile("":::"memory")
 118:Drivers/CMSIS/Include/cmsis_gcc.h **** #endif
 119:Drivers/CMSIS/Include/cmsis_gcc.h **** 
 120:Drivers/CMSIS/Include/cmsis_gcc.h **** /* #########################  Startup and Lowlevel Init  ######################## */
 121:Drivers/CMSIS/Include/cmsis_gcc.h **** 
 122:Drivers/CMSIS/Include/cmsis_gcc.h **** #ifndef __PROGRAM_START
 123:Drivers/CMSIS/Include/cmsis_gcc.h **** 
 124:Drivers/CMSIS/Include/cmsis_gcc.h **** /**
 125:Drivers/CMSIS/Include/cmsis_gcc.h ****   \brief   Initializes data and bss sections
 126:Drivers/CMSIS/Include/cmsis_gcc.h ****   \details This default implementations initialized all data and additional bss
 127:Drivers/CMSIS/Include/cmsis_gcc.h ****            sections relying on .copy.table and .zero.table specified properly
 128:Drivers/CMSIS/Include/cmsis_gcc.h ****            in the used linker script.
 129:Drivers/CMSIS/Include/cmsis_gcc.h **** 
 130:Drivers/CMSIS/Include/cmsis_gcc.h ****  */
 131:Drivers/CMSIS/Include/cmsis_gcc.h **** __STATIC_FORCEINLINE __NO_RETURN void __cmsis_start(void)
 132:Drivers/CMSIS/Include/cmsis_gcc.h **** {
 133:Drivers/CMSIS/Include/cmsis_gcc.h ****   extern void _start(void) __NO_RETURN;
 134:Drivers/CMSIS/Include/cmsis_gcc.h **** 
 135:Drivers/CMSIS/Include/cmsis_gcc.h ****   typedef struct {
 136:Drivers/CMSIS/Include/cmsis_gcc.h ****     uint32_t const* src;
 137:Drivers/CMSIS/Include/cmsis_gcc.h ****     uint32_t* dest;
 138:Drivers/CMSIS/Include/cmsis_gcc.h ****     uint32_t  wlen;
 139:Drivers/CMSIS/Include/cmsis_gcc.h ****   } __copy_table_t;
 140:Drivers/CMSIS/Include/cmsis_gcc.h **** 
 141:Drivers/CMSIS/Include/cmsis_gcc.h ****   typedef struct {
 142:Drivers/CMSIS/Include/cmsis_gcc.h ****     uint32_t* dest;
 143:Drivers/CMSIS/Include/cmsis_gcc.h ****     uint32_t  wlen;
 144:Drivers/CMSIS/Include/cmsis_gcc.h ****   } __zero_table_t;
 145:Drivers/CMSIS/Include/cmsis_gcc.h **** 
 146:Drivers/CMSIS/Include/cmsis_gcc.h ****   extern const __copy_table_t __copy_table_start__;
 147:Drivers/CMSIS/Include/cmsis_gcc.h ****   extern const __copy_table_t __copy_table_end__;
 148:Drivers/CMSIS/Include/cmsis_gcc.h ****   extern const __zero_table_t __zero_table_start__;
 149:Drivers/CMSIS/Include/cmsis_gcc.h ****   extern const __zero_table_t __zero_table_end__;
 150:Drivers/CMSIS/Include/cmsis_gcc.h **** 
 151:Drivers/CMSIS/Include/cmsis_gcc.h ****   for (__copy_table_t const* pTable = &__copy_table_start__; pTable < &__copy_table_end__; ++pTable
 152:Drivers/CMSIS/Include/cmsis_gcc.h ****     for(uint32_t i=0u; i<pTable->wlen; ++i) {
 153:Drivers/CMSIS/Include/cmsis_gcc.h ****       pTable->dest[i] = pTable->src[i];
 154:Drivers/CMSIS/Include/cmsis_gcc.h ****     }
 155:Drivers/CMSIS/Include/cmsis_gcc.h ****   }
 156:Drivers/CMSIS/Include/cmsis_gcc.h **** 
 157:Drivers/CMSIS/Include/cmsis_gcc.h ****   for (__zero_table_t const* pTable = &__zero_table_start__; pTable < &__zero_table_end__; ++pTable
 158:Drivers/CMSIS/Include/cmsis_gcc.h ****     for(uint32_t i=0u; i<pTable->wlen; ++i) {
 159:Drivers/CMSIS/Include/cmsis_gcc.h ****       pTable->dest[i] = 0u;
 160:Drivers/CMSIS/Include/cmsis_gcc.h ****     }
 161:Drivers/CMSIS/Include/cmsis_gcc.h ****   }
 162:Drivers/CMSIS/Include/cmsis_gcc.h **** 
 163:Drivers/CMSIS/Include/cmsis_gcc.h ****   _start();
 164:Drivers/CMSIS/Include/cmsis_gcc.h **** }
 165:Drivers/CMSIS/Include/cmsis_gcc.h **** 
 166:Drivers/CMSIS/Include/cmsis_gcc.h **** #define __PROGRAM_START           __cmsis_start
 167:Drivers/CMSIS/Include/cmsis_gcc.h **** #endif
 168:Drivers/CMSIS/Include/cmsis_gcc.h **** 
 169:Drivers/CMSIS/Include/cmsis_gcc.h **** #ifndef __INITIAL_SP
 170:Drivers/CMSIS/Include/cmsis_gcc.h **** #define __INITIAL_SP              __StackTop
 171:Drivers/CMSIS/Include/cmsis_gcc.h **** #endif
 172:Drivers/CMSIS/Include/cmsis_gcc.h **** 
ARM GAS  /var/folders/j8/bx6g0dyx2gg_pdn7l_y1sb9c0000gn/T//ccCtU4IH.s 			page 37


 173:Drivers/CMSIS/Include/cmsis_gcc.h **** #ifndef __STACK_LIMIT
 174:Drivers/CMSIS/Include/cmsis_gcc.h **** #define __STACK_LIMIT             __StackLimit
 175:Drivers/CMSIS/Include/cmsis_gcc.h **** #endif
 176:Drivers/CMSIS/Include/cmsis_gcc.h **** 
 177:Drivers/CMSIS/Include/cmsis_gcc.h **** #ifndef __VECTOR_TABLE
 178:Drivers/CMSIS/Include/cmsis_gcc.h **** #define __VECTOR_TABLE            __Vectors
 179:Drivers/CMSIS/Include/cmsis_gcc.h **** #endif
 180:Drivers/CMSIS/Include/cmsis_gcc.h **** 
 181:Drivers/CMSIS/Include/cmsis_gcc.h **** #ifndef __VECTOR_TABLE_ATTRIBUTE
 182:Drivers/CMSIS/Include/cmsis_gcc.h **** #define __VECTOR_TABLE_ATTRIBUTE  __attribute__((used, section(".vectors")))
 183:Drivers/CMSIS/Include/cmsis_gcc.h **** #endif
 184:Drivers/CMSIS/Include/cmsis_gcc.h **** 
 185:Drivers/CMSIS/Include/cmsis_gcc.h **** #if defined (__ARM_FEATURE_CMSE) && (__ARM_FEATURE_CMSE == 3U)
 186:Drivers/CMSIS/Include/cmsis_gcc.h **** #ifndef __STACK_SEAL
 187:Drivers/CMSIS/Include/cmsis_gcc.h **** #define __STACK_SEAL              __StackSeal
 188:Drivers/CMSIS/Include/cmsis_gcc.h **** #endif
 189:Drivers/CMSIS/Include/cmsis_gcc.h **** 
 190:Drivers/CMSIS/Include/cmsis_gcc.h **** #ifndef __TZ_STACK_SEAL_SIZE
 191:Drivers/CMSIS/Include/cmsis_gcc.h **** #define __TZ_STACK_SEAL_SIZE      8U
 192:Drivers/CMSIS/Include/cmsis_gcc.h **** #endif
 193:Drivers/CMSIS/Include/cmsis_gcc.h **** 
 194:Drivers/CMSIS/Include/cmsis_gcc.h **** #ifndef __TZ_STACK_SEAL_VALUE
 195:Drivers/CMSIS/Include/cmsis_gcc.h **** #define __TZ_STACK_SEAL_VALUE     0xFEF5EDA5FEF5EDA5ULL
 196:Drivers/CMSIS/Include/cmsis_gcc.h **** #endif
 197:Drivers/CMSIS/Include/cmsis_gcc.h **** 
 198:Drivers/CMSIS/Include/cmsis_gcc.h **** 
 199:Drivers/CMSIS/Include/cmsis_gcc.h **** __STATIC_FORCEINLINE void __TZ_set_STACKSEAL_S (uint32_t* stackTop) {
 200:Drivers/CMSIS/Include/cmsis_gcc.h ****   *((uint64_t *)stackTop) = __TZ_STACK_SEAL_VALUE;
 201:Drivers/CMSIS/Include/cmsis_gcc.h **** }
 202:Drivers/CMSIS/Include/cmsis_gcc.h **** #endif
 203:Drivers/CMSIS/Include/cmsis_gcc.h **** 
 204:Drivers/CMSIS/Include/cmsis_gcc.h **** 
 205:Drivers/CMSIS/Include/cmsis_gcc.h **** /* ##########################  Core Instruction Access  ######################### */
 206:Drivers/CMSIS/Include/cmsis_gcc.h **** /** \defgroup CMSIS_Core_InstructionInterface CMSIS Core Instruction Interface
 207:Drivers/CMSIS/Include/cmsis_gcc.h ****   Access to dedicated instructions
 208:Drivers/CMSIS/Include/cmsis_gcc.h ****   @{
 209:Drivers/CMSIS/Include/cmsis_gcc.h **** */
 210:Drivers/CMSIS/Include/cmsis_gcc.h **** 
 211:Drivers/CMSIS/Include/cmsis_gcc.h **** /* Define macros for porting to both thumb1 and thumb2.
 212:Drivers/CMSIS/Include/cmsis_gcc.h ****  * For thumb1, use low register (r0-r7), specified by constraint "l"
 213:Drivers/CMSIS/Include/cmsis_gcc.h ****  * Otherwise, use general registers, specified by constraint "r" */
 214:Drivers/CMSIS/Include/cmsis_gcc.h **** #if defined (__thumb__) && !defined (__thumb2__)
 215:Drivers/CMSIS/Include/cmsis_gcc.h **** #define __CMSIS_GCC_OUT_REG(r) "=l" (r)
 216:Drivers/CMSIS/Include/cmsis_gcc.h **** #define __CMSIS_GCC_RW_REG(r) "+l" (r)
 217:Drivers/CMSIS/Include/cmsis_gcc.h **** #define __CMSIS_GCC_USE_REG(r) "l" (r)
 218:Drivers/CMSIS/Include/cmsis_gcc.h **** #else
 219:Drivers/CMSIS/Include/cmsis_gcc.h **** #define __CMSIS_GCC_OUT_REG(r) "=r" (r)
 220:Drivers/CMSIS/Include/cmsis_gcc.h **** #define __CMSIS_GCC_RW_REG(r) "+r" (r)
 221:Drivers/CMSIS/Include/cmsis_gcc.h **** #define __CMSIS_GCC_USE_REG(r) "r" (r)
 222:Drivers/CMSIS/Include/cmsis_gcc.h **** #endif
 223:Drivers/CMSIS/Include/cmsis_gcc.h **** 
 224:Drivers/CMSIS/Include/cmsis_gcc.h **** /**
 225:Drivers/CMSIS/Include/cmsis_gcc.h ****   \brief   No Operation
 226:Drivers/CMSIS/Include/cmsis_gcc.h ****   \details No Operation does nothing. This instruction can be used for code alignment purposes.
 227:Drivers/CMSIS/Include/cmsis_gcc.h ****  */
 228:Drivers/CMSIS/Include/cmsis_gcc.h **** #define __NOP()                             __ASM volatile ("nop")
 229:Drivers/CMSIS/Include/cmsis_gcc.h **** 
ARM GAS  /var/folders/j8/bx6g0dyx2gg_pdn7l_y1sb9c0000gn/T//ccCtU4IH.s 			page 38


 230:Drivers/CMSIS/Include/cmsis_gcc.h **** /**
 231:Drivers/CMSIS/Include/cmsis_gcc.h ****   \brief   Wait For Interrupt
 232:Drivers/CMSIS/Include/cmsis_gcc.h ****   \details Wait For Interrupt is a hint instruction that suspends execution until one of a number o
 233:Drivers/CMSIS/Include/cmsis_gcc.h ****  */
 234:Drivers/CMSIS/Include/cmsis_gcc.h **** #define __WFI()                             __ASM volatile ("wfi":::"memory")
 235:Drivers/CMSIS/Include/cmsis_gcc.h **** 
 236:Drivers/CMSIS/Include/cmsis_gcc.h **** 
 237:Drivers/CMSIS/Include/cmsis_gcc.h **** /**
 238:Drivers/CMSIS/Include/cmsis_gcc.h ****   \brief   Wait For Event
 239:Drivers/CMSIS/Include/cmsis_gcc.h ****   \details Wait For Event is a hint instruction that permits the processor to enter
 240:Drivers/CMSIS/Include/cmsis_gcc.h ****            a low-power state until one of a number of events occurs.
 241:Drivers/CMSIS/Include/cmsis_gcc.h ****  */
 242:Drivers/CMSIS/Include/cmsis_gcc.h **** #define __WFE()                             __ASM volatile ("wfe":::"memory")
 243:Drivers/CMSIS/Include/cmsis_gcc.h **** 
 244:Drivers/CMSIS/Include/cmsis_gcc.h **** 
 245:Drivers/CMSIS/Include/cmsis_gcc.h **** /**
 246:Drivers/CMSIS/Include/cmsis_gcc.h ****   \brief   Send Event
 247:Drivers/CMSIS/Include/cmsis_gcc.h ****   \details Send Event is a hint instruction. It causes an event to be signaled to the CPU.
 248:Drivers/CMSIS/Include/cmsis_gcc.h ****  */
 249:Drivers/CMSIS/Include/cmsis_gcc.h **** #define __SEV()                             __ASM volatile ("sev")
 250:Drivers/CMSIS/Include/cmsis_gcc.h **** 
 251:Drivers/CMSIS/Include/cmsis_gcc.h **** 
 252:Drivers/CMSIS/Include/cmsis_gcc.h **** /**
 253:Drivers/CMSIS/Include/cmsis_gcc.h ****   \brief   Instruction Synchronization Barrier
 254:Drivers/CMSIS/Include/cmsis_gcc.h ****   \details Instruction Synchronization Barrier flushes the pipeline in the processor,
 255:Drivers/CMSIS/Include/cmsis_gcc.h ****            so that all instructions following the ISB are fetched from cache or memory,
 256:Drivers/CMSIS/Include/cmsis_gcc.h ****            after the instruction has been completed.
 257:Drivers/CMSIS/Include/cmsis_gcc.h ****  */
 258:Drivers/CMSIS/Include/cmsis_gcc.h **** __STATIC_FORCEINLINE void __ISB(void)
 259:Drivers/CMSIS/Include/cmsis_gcc.h **** {
 260:Drivers/CMSIS/Include/cmsis_gcc.h ****   __ASM volatile ("isb 0xF":::"memory");
 261:Drivers/CMSIS/Include/cmsis_gcc.h **** }
 262:Drivers/CMSIS/Include/cmsis_gcc.h **** 
 263:Drivers/CMSIS/Include/cmsis_gcc.h **** 
 264:Drivers/CMSIS/Include/cmsis_gcc.h **** /**
 265:Drivers/CMSIS/Include/cmsis_gcc.h ****   \brief   Data Synchronization Barrier
 266:Drivers/CMSIS/Include/cmsis_gcc.h ****   \details Acts as a special kind of Data Memory Barrier.
 267:Drivers/CMSIS/Include/cmsis_gcc.h ****            It completes when all explicit memory accesses before this instruction complete.
 268:Drivers/CMSIS/Include/cmsis_gcc.h ****  */
 269:Drivers/CMSIS/Include/cmsis_gcc.h **** __STATIC_FORCEINLINE void __DSB(void)
 270:Drivers/CMSIS/Include/cmsis_gcc.h **** {
 271:Drivers/CMSIS/Include/cmsis_gcc.h ****   __ASM volatile ("dsb 0xF":::"memory");
 272:Drivers/CMSIS/Include/cmsis_gcc.h **** }
 273:Drivers/CMSIS/Include/cmsis_gcc.h **** 
 274:Drivers/CMSIS/Include/cmsis_gcc.h **** 
 275:Drivers/CMSIS/Include/cmsis_gcc.h **** /**
 276:Drivers/CMSIS/Include/cmsis_gcc.h ****   \brief   Data Memory Barrier
 277:Drivers/CMSIS/Include/cmsis_gcc.h ****   \details Ensures the apparent order of the explicit memory operations before
 278:Drivers/CMSIS/Include/cmsis_gcc.h ****            and after the instruction, without ensuring their completion.
 279:Drivers/CMSIS/Include/cmsis_gcc.h ****  */
 280:Drivers/CMSIS/Include/cmsis_gcc.h **** __STATIC_FORCEINLINE void __DMB(void)
 281:Drivers/CMSIS/Include/cmsis_gcc.h **** {
 282:Drivers/CMSIS/Include/cmsis_gcc.h ****   __ASM volatile ("dmb 0xF":::"memory");
 283:Drivers/CMSIS/Include/cmsis_gcc.h **** }
 284:Drivers/CMSIS/Include/cmsis_gcc.h **** 
 285:Drivers/CMSIS/Include/cmsis_gcc.h **** 
 286:Drivers/CMSIS/Include/cmsis_gcc.h **** /**
ARM GAS  /var/folders/j8/bx6g0dyx2gg_pdn7l_y1sb9c0000gn/T//ccCtU4IH.s 			page 39


 287:Drivers/CMSIS/Include/cmsis_gcc.h ****   \brief   Reverse byte order (32 bit)
 288:Drivers/CMSIS/Include/cmsis_gcc.h ****   \details Reverses the byte order in unsigned integer value. For example, 0x12345678 becomes 0x785
 289:Drivers/CMSIS/Include/cmsis_gcc.h ****   \param [in]    value  Value to reverse
 290:Drivers/CMSIS/Include/cmsis_gcc.h ****   \return               Reversed value
 291:Drivers/CMSIS/Include/cmsis_gcc.h ****  */
 292:Drivers/CMSIS/Include/cmsis_gcc.h **** __STATIC_FORCEINLINE uint32_t __REV(uint32_t value)
 293:Drivers/CMSIS/Include/cmsis_gcc.h **** {
 294:Drivers/CMSIS/Include/cmsis_gcc.h **** #if (__GNUC__ > 4) || (__GNUC__ == 4 && __GNUC_MINOR__ >= 5)
 295:Drivers/CMSIS/Include/cmsis_gcc.h ****   return __builtin_bswap32(value);
 296:Drivers/CMSIS/Include/cmsis_gcc.h **** #else
 297:Drivers/CMSIS/Include/cmsis_gcc.h ****   uint32_t result;
 298:Drivers/CMSIS/Include/cmsis_gcc.h **** 
 299:Drivers/CMSIS/Include/cmsis_gcc.h ****   __ASM ("rev %0, %1" : __CMSIS_GCC_OUT_REG (result) : __CMSIS_GCC_USE_REG (value) );
 300:Drivers/CMSIS/Include/cmsis_gcc.h ****   return result;
 301:Drivers/CMSIS/Include/cmsis_gcc.h **** #endif
 302:Drivers/CMSIS/Include/cmsis_gcc.h **** }
 303:Drivers/CMSIS/Include/cmsis_gcc.h **** 
 304:Drivers/CMSIS/Include/cmsis_gcc.h **** 
 305:Drivers/CMSIS/Include/cmsis_gcc.h **** /**
 306:Drivers/CMSIS/Include/cmsis_gcc.h ****   \brief   Reverse byte order (16 bit)
 307:Drivers/CMSIS/Include/cmsis_gcc.h ****   \details Reverses the byte order within each halfword of a word. For example, 0x12345678 becomes 
 308:Drivers/CMSIS/Include/cmsis_gcc.h ****   \param [in]    value  Value to reverse
 309:Drivers/CMSIS/Include/cmsis_gcc.h ****   \return               Reversed value
 310:Drivers/CMSIS/Include/cmsis_gcc.h ****  */
 311:Drivers/CMSIS/Include/cmsis_gcc.h **** __STATIC_FORCEINLINE uint32_t __REV16(uint32_t value)
 312:Drivers/CMSIS/Include/cmsis_gcc.h **** {
 313:Drivers/CMSIS/Include/cmsis_gcc.h ****   uint32_t result;
 314:Drivers/CMSIS/Include/cmsis_gcc.h **** 
 315:Drivers/CMSIS/Include/cmsis_gcc.h ****   __ASM ("rev16 %0, %1" : __CMSIS_GCC_OUT_REG (result) : __CMSIS_GCC_USE_REG (value) );
 316:Drivers/CMSIS/Include/cmsis_gcc.h ****   return result;
 317:Drivers/CMSIS/Include/cmsis_gcc.h **** }
 318:Drivers/CMSIS/Include/cmsis_gcc.h **** 
 319:Drivers/CMSIS/Include/cmsis_gcc.h **** 
 320:Drivers/CMSIS/Include/cmsis_gcc.h **** /**
 321:Drivers/CMSIS/Include/cmsis_gcc.h ****   \brief   Reverse byte order (16 bit)
 322:Drivers/CMSIS/Include/cmsis_gcc.h ****   \details Reverses the byte order in a 16-bit value and returns the signed 16-bit result. For exam
 323:Drivers/CMSIS/Include/cmsis_gcc.h ****   \param [in]    value  Value to reverse
 324:Drivers/CMSIS/Include/cmsis_gcc.h ****   \return               Reversed value
 325:Drivers/CMSIS/Include/cmsis_gcc.h ****  */
 326:Drivers/CMSIS/Include/cmsis_gcc.h **** __STATIC_FORCEINLINE int16_t __REVSH(int16_t value)
 327:Drivers/CMSIS/Include/cmsis_gcc.h **** {
 328:Drivers/CMSIS/Include/cmsis_gcc.h **** #if (__GNUC__ > 4) || (__GNUC__ == 4 && __GNUC_MINOR__ >= 8)
 329:Drivers/CMSIS/Include/cmsis_gcc.h ****   return (int16_t)__builtin_bswap16(value);
 330:Drivers/CMSIS/Include/cmsis_gcc.h **** #else
 331:Drivers/CMSIS/Include/cmsis_gcc.h ****   int16_t result;
 332:Drivers/CMSIS/Include/cmsis_gcc.h **** 
 333:Drivers/CMSIS/Include/cmsis_gcc.h ****   __ASM ("revsh %0, %1" : __CMSIS_GCC_OUT_REG (result) : __CMSIS_GCC_USE_REG (value) );
 334:Drivers/CMSIS/Include/cmsis_gcc.h ****   return result;
 335:Drivers/CMSIS/Include/cmsis_gcc.h **** #endif
 336:Drivers/CMSIS/Include/cmsis_gcc.h **** }
 337:Drivers/CMSIS/Include/cmsis_gcc.h **** 
 338:Drivers/CMSIS/Include/cmsis_gcc.h **** 
 339:Drivers/CMSIS/Include/cmsis_gcc.h **** /**
 340:Drivers/CMSIS/Include/cmsis_gcc.h ****   \brief   Rotate Right in unsigned value (32 bit)
 341:Drivers/CMSIS/Include/cmsis_gcc.h ****   \details Rotate Right (immediate) provides the value of the contents of a register rotated by a v
 342:Drivers/CMSIS/Include/cmsis_gcc.h ****   \param [in]    op1  Value to rotate
 343:Drivers/CMSIS/Include/cmsis_gcc.h ****   \param [in]    op2  Number of Bits to rotate
ARM GAS  /var/folders/j8/bx6g0dyx2gg_pdn7l_y1sb9c0000gn/T//ccCtU4IH.s 			page 40


 344:Drivers/CMSIS/Include/cmsis_gcc.h ****   \return               Rotated value
 345:Drivers/CMSIS/Include/cmsis_gcc.h ****  */
 346:Drivers/CMSIS/Include/cmsis_gcc.h **** __STATIC_FORCEINLINE uint32_t __ROR(uint32_t op1, uint32_t op2)
 347:Drivers/CMSIS/Include/cmsis_gcc.h **** {
 348:Drivers/CMSIS/Include/cmsis_gcc.h ****   op2 %= 32U;
 349:Drivers/CMSIS/Include/cmsis_gcc.h ****   if (op2 == 0U)
 350:Drivers/CMSIS/Include/cmsis_gcc.h ****   {
 351:Drivers/CMSIS/Include/cmsis_gcc.h ****     return op1;
 352:Drivers/CMSIS/Include/cmsis_gcc.h ****   }
 353:Drivers/CMSIS/Include/cmsis_gcc.h ****   return (op1 >> op2) | (op1 << (32U - op2));
 354:Drivers/CMSIS/Include/cmsis_gcc.h **** }
 355:Drivers/CMSIS/Include/cmsis_gcc.h **** 
 356:Drivers/CMSIS/Include/cmsis_gcc.h **** 
 357:Drivers/CMSIS/Include/cmsis_gcc.h **** /**
 358:Drivers/CMSIS/Include/cmsis_gcc.h ****   \brief   Breakpoint
 359:Drivers/CMSIS/Include/cmsis_gcc.h ****   \details Causes the processor to enter Debug state.
 360:Drivers/CMSIS/Include/cmsis_gcc.h ****            Debug tools can use this to investigate system state when the instruction at a particula
 361:Drivers/CMSIS/Include/cmsis_gcc.h ****   \param [in]    value  is ignored by the processor.
 362:Drivers/CMSIS/Include/cmsis_gcc.h ****                  If required, a debugger can use it to store additional information about the break
 363:Drivers/CMSIS/Include/cmsis_gcc.h ****  */
 364:Drivers/CMSIS/Include/cmsis_gcc.h **** #define __BKPT(value)                       __ASM volatile ("bkpt "#value)
 365:Drivers/CMSIS/Include/cmsis_gcc.h **** 
 366:Drivers/CMSIS/Include/cmsis_gcc.h **** 
 367:Drivers/CMSIS/Include/cmsis_gcc.h **** /**
 368:Drivers/CMSIS/Include/cmsis_gcc.h ****   \brief   Reverse bit order of value
 369:Drivers/CMSIS/Include/cmsis_gcc.h ****   \details Reverses the bit order of the given value.
 370:Drivers/CMSIS/Include/cmsis_gcc.h ****   \param [in]    value  Value to reverse
 371:Drivers/CMSIS/Include/cmsis_gcc.h ****   \return               Reversed value
 372:Drivers/CMSIS/Include/cmsis_gcc.h ****  */
 373:Drivers/CMSIS/Include/cmsis_gcc.h **** __STATIC_FORCEINLINE uint32_t __RBIT(uint32_t value)
 374:Drivers/CMSIS/Include/cmsis_gcc.h **** {
 375:Drivers/CMSIS/Include/cmsis_gcc.h ****   uint32_t result;
 376:Drivers/CMSIS/Include/cmsis_gcc.h **** 
 377:Drivers/CMSIS/Include/cmsis_gcc.h **** #if ((defined (__ARM_ARCH_7M__      ) && (__ARM_ARCH_7M__      == 1)) || \
 378:Drivers/CMSIS/Include/cmsis_gcc.h ****      (defined (__ARM_ARCH_7EM__     ) && (__ARM_ARCH_7EM__     == 1)) || \
 379:Drivers/CMSIS/Include/cmsis_gcc.h ****      (defined (__ARM_ARCH_8M_MAIN__ ) && (__ARM_ARCH_8M_MAIN__ == 1))    )
 380:Drivers/CMSIS/Include/cmsis_gcc.h ****    __ASM ("rbit %0, %1" : "=r" (result) : "r" (value) );
 381:Drivers/CMSIS/Include/cmsis_gcc.h **** #else
 382:Drivers/CMSIS/Include/cmsis_gcc.h ****   uint32_t s = (4U /*sizeof(v)*/ * 8U) - 1U; /* extra shift needed at end */
 383:Drivers/CMSIS/Include/cmsis_gcc.h **** 
 384:Drivers/CMSIS/Include/cmsis_gcc.h ****   result = value;                      /* r will be reversed bits of v; first get LSB of v */
 385:Drivers/CMSIS/Include/cmsis_gcc.h ****   for (value >>= 1U; value != 0U; value >>= 1U)
 386:Drivers/CMSIS/Include/cmsis_gcc.h ****   {
 387:Drivers/CMSIS/Include/cmsis_gcc.h ****     result <<= 1U;
 388:Drivers/CMSIS/Include/cmsis_gcc.h ****     result |= value & 1U;
 389:Drivers/CMSIS/Include/cmsis_gcc.h ****     s--;
 390:Drivers/CMSIS/Include/cmsis_gcc.h ****   }
 391:Drivers/CMSIS/Include/cmsis_gcc.h ****   result <<= s;                        /* shift when v's highest bits are zero */
 392:Drivers/CMSIS/Include/cmsis_gcc.h **** #endif
 393:Drivers/CMSIS/Include/cmsis_gcc.h ****   return result;
 394:Drivers/CMSIS/Include/cmsis_gcc.h **** }
 395:Drivers/CMSIS/Include/cmsis_gcc.h **** 
 396:Drivers/CMSIS/Include/cmsis_gcc.h **** 
 397:Drivers/CMSIS/Include/cmsis_gcc.h **** /**
 398:Drivers/CMSIS/Include/cmsis_gcc.h ****   \brief   Count leading zeros
 399:Drivers/CMSIS/Include/cmsis_gcc.h ****   \details Counts the number of leading zeros of a data value.
 400:Drivers/CMSIS/Include/cmsis_gcc.h ****   \param [in]  value  Value to count the leading zeros
ARM GAS  /var/folders/j8/bx6g0dyx2gg_pdn7l_y1sb9c0000gn/T//ccCtU4IH.s 			page 41


 401:Drivers/CMSIS/Include/cmsis_gcc.h ****   \return             number of leading zeros in value
 402:Drivers/CMSIS/Include/cmsis_gcc.h ****  */
 403:Drivers/CMSIS/Include/cmsis_gcc.h **** __STATIC_FORCEINLINE uint8_t __CLZ(uint32_t value)
 404:Drivers/CMSIS/Include/cmsis_gcc.h **** {
 405:Drivers/CMSIS/Include/cmsis_gcc.h ****   /* Even though __builtin_clz produces a CLZ instruction on ARM, formally
 406:Drivers/CMSIS/Include/cmsis_gcc.h ****      __builtin_clz(0) is undefined behaviour, so handle this case specially.
 407:Drivers/CMSIS/Include/cmsis_gcc.h ****      This guarantees ARM-compatible results if happening to compile on a non-ARM
 408:Drivers/CMSIS/Include/cmsis_gcc.h ****      target, and ensures the compiler doesn't decide to activate any
 409:Drivers/CMSIS/Include/cmsis_gcc.h ****      optimisations using the logic "value was passed to __builtin_clz, so it
 410:Drivers/CMSIS/Include/cmsis_gcc.h ****      is non-zero".
 411:Drivers/CMSIS/Include/cmsis_gcc.h ****      ARM GCC 7.3 and possibly earlier will optimise this test away, leaving a
 412:Drivers/CMSIS/Include/cmsis_gcc.h ****      single CLZ instruction.
 413:Drivers/CMSIS/Include/cmsis_gcc.h ****    */
 414:Drivers/CMSIS/Include/cmsis_gcc.h ****   if (value == 0U)
 415:Drivers/CMSIS/Include/cmsis_gcc.h ****   {
 416:Drivers/CMSIS/Include/cmsis_gcc.h ****     return 32U;
 417:Drivers/CMSIS/Include/cmsis_gcc.h ****   }
 418:Drivers/CMSIS/Include/cmsis_gcc.h ****   return __builtin_clz(value);
 1117              		.loc 2 418 3 is_stmt 1 view .LVU427
 1118              		.loc 2 418 10 is_stmt 0 view .LVU428
 1119 0008 B3FA83F3 		clz	r3, r3
 1120              	.LVL117:
 1121              	.L61:
 1122              		.loc 2 418 10 view .LVU429
 1123              	.LBE11:
 1124              	.LBE10:
 686:Drivers/STM32U5xx_HAL_Driver/Src/stm32u5xx_hal_gpio.c ****   {
 687:Drivers/STM32U5xx_HAL_Driver/Src/stm32u5xx_hal_gpio.c ****     /* Get current io position */
 688:Drivers/STM32U5xx_HAL_Driver/Src/stm32u5xx_hal_gpio.c ****     iocurrent = GPIO_Pin & (1UL << position);
 689:Drivers/STM32U5xx_HAL_Driver/Src/stm32u5xx_hal_gpio.c **** 
 690:Drivers/STM32U5xx_HAL_Driver/Src/stm32u5xx_hal_gpio.c ****     if (iocurrent != 0U)
 691:Drivers/STM32U5xx_HAL_Driver/Src/stm32u5xx_hal_gpio.c ****     {
 692:Drivers/STM32U5xx_HAL_Driver/Src/stm32u5xx_hal_gpio.c ****       /* In case of LPGPIO Port */
 693:Drivers/STM32U5xx_HAL_Driver/Src/stm32u5xx_hal_gpio.c ****       if (GPIOx == LPGPIO1)
 694:Drivers/STM32U5xx_HAL_Driver/Src/stm32u5xx_hal_gpio.c ****       {
 695:Drivers/STM32U5xx_HAL_Driver/Src/stm32u5xx_hal_gpio.c ****         /* Get GPIO pin position */
 696:Drivers/STM32U5xx_HAL_Driver/Src/stm32u5xx_hal_gpio.c ****         position = POSITION_VAL(GPIO_Pin);
 1125              		.loc 1 696 18 view .LVU430
 1126 000c 1A46     		mov	r2, r3
 1127              	.LVL118:
 697:Drivers/STM32U5xx_HAL_Driver/Src/stm32u5xx_hal_gpio.c **** 
 698:Drivers/STM32U5xx_HAL_Driver/Src/stm32u5xx_hal_gpio.c ****         /* Save GPIO Port and pin index */
 699:Drivers/STM32U5xx_HAL_Driver/Src/stm32u5xx_hal_gpio.c ****         p_gpio = LPGPIO_Map[position].GPIO_PORT;
 1128              		.loc 1 699 9 is_stmt 1 view .LVU431
 1129              		.loc 1 699 16 is_stmt 0 view .LVU432
 1130 000e 0F4C     		ldr	r4, .L67
 1131 0010 54F83350 		ldr	r5, [r4, r3, lsl #3]
 1132              	.LVL119:
 700:Drivers/STM32U5xx_HAL_Driver/Src/stm32u5xx_hal_gpio.c ****         pin_position = (1UL << (LPGPIO_Map[position].Pin_Pos));
 1133              		.loc 1 700 9 is_stmt 1 view .LVU433
 1134              		.loc 1 700 53 is_stmt 0 view .LVU434
 1135 0014 04EBC303 		add	r3, r4, r3, lsl #3
 1136 0018 5C68     		ldr	r4, [r3, #4]
 1137              		.loc 1 700 22 view .LVU435
 1138 001a 0123     		movs	r3, #1
 1139              		.loc 1 700 22 view .LVU436
 1140 001c A340     		lsls	r3, r3, r4
ARM GAS  /var/folders/j8/bx6g0dyx2gg_pdn7l_y1sb9c0000gn/T//ccCtU4IH.s 			page 42


 1141              	.LVL120:
 1142              	.L60:
 701:Drivers/STM32U5xx_HAL_Driver/Src/stm32u5xx_hal_gpio.c ****       }
 702:Drivers/STM32U5xx_HAL_Driver/Src/stm32u5xx_hal_gpio.c ****       else
 703:Drivers/STM32U5xx_HAL_Driver/Src/stm32u5xx_hal_gpio.c ****       {
 704:Drivers/STM32U5xx_HAL_Driver/Src/stm32u5xx_hal_gpio.c ****         /* Check the parameters */
 705:Drivers/STM32U5xx_HAL_Driver/Src/stm32u5xx_hal_gpio.c ****         assert_param(IS_GPIO_ALL_INSTANCE(GPIOx));
 706:Drivers/STM32U5xx_HAL_Driver/Src/stm32u5xx_hal_gpio.c **** 
 707:Drivers/STM32U5xx_HAL_Driver/Src/stm32u5xx_hal_gpio.c ****         /* Save GPIO pin pos */
 708:Drivers/STM32U5xx_HAL_Driver/Src/stm32u5xx_hal_gpio.c ****         pin_position = (1UL << position);
 709:Drivers/STM32U5xx_HAL_Driver/Src/stm32u5xx_hal_gpio.c ****       }
 710:Drivers/STM32U5xx_HAL_Driver/Src/stm32u5xx_hal_gpio.c ****       /* Set HSLVR gpio pin */
 711:Drivers/STM32U5xx_HAL_Driver/Src/stm32u5xx_hal_gpio.c ****       SET_BIT(p_gpio->HSLVR, pin_position);
 1143              		.loc 1 711 7 is_stmt 1 view .LVU437
 1144 001e EC6A     		ldr	r4, [r5, #44]
 1145 0020 2343     		orrs	r3, r3, r4
 1146              	.LVL121:
 1147              		.loc 1 711 7 is_stmt 0 view .LVU438
 1148 0022 EB62     		str	r3, [r5, #44]
 1149              	.L59:
 712:Drivers/STM32U5xx_HAL_Driver/Src/stm32u5xx_hal_gpio.c ****     }
 713:Drivers/STM32U5xx_HAL_Driver/Src/stm32u5xx_hal_gpio.c ****     position++;
 1150              		.loc 1 713 5 is_stmt 1 view .LVU439
 1151              		.loc 1 713 13 is_stmt 0 view .LVU440
 1152 0024 0132     		adds	r2, r2, #1
 1153              	.LVL122:
 1154              	.L58:
 685:Drivers/STM32U5xx_HAL_Driver/Src/stm32u5xx_hal_gpio.c ****   {
 1155              		.loc 1 685 9 is_stmt 1 view .LVU441
 1156 0026 51FA02F3 		asrs	r3, r1, r2
 1157 002a 0CD0     		beq	.L65
 688:Drivers/STM32U5xx_HAL_Driver/Src/stm32u5xx_hal_gpio.c **** 
 1158              		.loc 1 688 5 view .LVU442
 688:Drivers/STM32U5xx_HAL_Driver/Src/stm32u5xx_hal_gpio.c **** 
 1159              		.loc 1 688 33 is_stmt 0 view .LVU443
 1160 002c 0123     		movs	r3, #1
 1161 002e 9340     		lsls	r3, r3, r2
 1162              	.LVL123:
 690:Drivers/STM32U5xx_HAL_Driver/Src/stm32u5xx_hal_gpio.c ****     {
 1163              		.loc 1 690 5 is_stmt 1 view .LVU444
 690:Drivers/STM32U5xx_HAL_Driver/Src/stm32u5xx_hal_gpio.c ****     {
 1164              		.loc 1 690 8 is_stmt 0 view .LVU445
 1165 0030 1942     		tst	r1, r3
 1166 0032 F7D0     		beq	.L59
 693:Drivers/STM32U5xx_HAL_Driver/Src/stm32u5xx_hal_gpio.c ****       {
 1167              		.loc 1 693 7 is_stmt 1 view .LVU446
 693:Drivers/STM32U5xx_HAL_Driver/Src/stm32u5xx_hal_gpio.c ****       {
 1168              		.loc 1 693 10 is_stmt 0 view .LVU447
 1169 0034 064C     		ldr	r4, .L67+4
 1170 0036 A042     		cmp	r0, r4
 1171 0038 F1D1     		bne	.L60
 696:Drivers/STM32U5xx_HAL_Driver/Src/stm32u5xx_hal_gpio.c **** 
 1172              		.loc 1 696 9 is_stmt 1 view .LVU448
 1173              	.LVL124:
 1174              	.LBB13:
 1175              	.LBI13:
 373:Drivers/CMSIS/Include/cmsis_gcc.h **** {
ARM GAS  /var/folders/j8/bx6g0dyx2gg_pdn7l_y1sb9c0000gn/T//ccCtU4IH.s 			page 43


 1176              		.loc 2 373 31 view .LVU449
 1177              	.LBB14:
 375:Drivers/CMSIS/Include/cmsis_gcc.h **** 
 1178              		.loc 2 375 3 view .LVU450
 380:Drivers/CMSIS/Include/cmsis_gcc.h **** #else
 1179              		.loc 2 380 4 view .LVU451
 1180              		.syntax unified
 1181              	@ 380 "Drivers/CMSIS/Include/cmsis_gcc.h" 1
 1182 003a 91FAA1F3 		rbit r3, r1
 1183              	@ 0 "" 2
 1184              	.LVL125:
 393:Drivers/CMSIS/Include/cmsis_gcc.h **** }
 1185              		.loc 2 393 3 view .LVU452
 393:Drivers/CMSIS/Include/cmsis_gcc.h **** }
 1186              		.loc 2 393 3 is_stmt 0 view .LVU453
 1187              		.thumb
 1188              		.syntax unified
 1189              	.LBE14:
 1190              	.LBE13:
 1191              	.LBB15:
 1192              	.LBI10:
 403:Drivers/CMSIS/Include/cmsis_gcc.h **** {
 1193              		.loc 2 403 30 is_stmt 1 view .LVU454
 1194              	.LBB12:
 414:Drivers/CMSIS/Include/cmsis_gcc.h ****   {
 1195              		.loc 2 414 3 view .LVU455
 414:Drivers/CMSIS/Include/cmsis_gcc.h ****   {
 1196              		.loc 2 414 6 is_stmt 0 view .LVU456
 1197 003e 002B     		cmp	r3, #0
 1198 0040 E2D1     		bne	.L66
 416:Drivers/CMSIS/Include/cmsis_gcc.h ****   }
 1199              		.loc 2 416 12 view .LVU457
 1200 0042 2023     		movs	r3, #32
 1201              	.LVL126:
 416:Drivers/CMSIS/Include/cmsis_gcc.h ****   }
 1202              		.loc 2 416 12 view .LVU458
 1203 0044 E2E7     		b	.L61
 1204              	.LVL127:
 1205              	.L65:
 416:Drivers/CMSIS/Include/cmsis_gcc.h ****   }
 1206              		.loc 2 416 12 view .LVU459
 1207              	.LBE12:
 1208              	.LBE15:
 714:Drivers/STM32U5xx_HAL_Driver/Src/stm32u5xx_hal_gpio.c ****   }
 715:Drivers/STM32U5xx_HAL_Driver/Src/stm32u5xx_hal_gpio.c **** }
 1209              		.loc 1 715 1 view .LVU460
 1210 0046 30BC     		pop	{r4, r5}
 1211              	.LCFI8:
 1212              		.cfi_restore 5
 1213              		.cfi_restore 4
 1214              		.cfi_def_cfa_offset 0
 1215              	.LVL128:
 1216              		.loc 1 715 1 view .LVU461
 1217 0048 7047     		bx	lr
 1218              	.L68:
 1219 004a 00BF     		.align	2
 1220              	.L67:
ARM GAS  /var/folders/j8/bx6g0dyx2gg_pdn7l_y1sb9c0000gn/T//ccCtU4IH.s 			page 44


 1221 004c 00000000 		.word	.LANCHOR0
 1222 0050 00000246 		.word	1174536192
 1223              		.cfi_endproc
 1224              	.LFE164:
 1226              		.section	.text.HAL_GPIO_DisableHighSPeedLowVoltage,"ax",%progbits
 1227              		.align	1
 1228              		.global	HAL_GPIO_DisableHighSPeedLowVoltage
 1229              		.syntax unified
 1230              		.thumb
 1231              		.thumb_func
 1233              	HAL_GPIO_DisableHighSPeedLowVoltage:
 1234              	.LVL129:
 1235              	.LFB165:
 716:Drivers/STM32U5xx_HAL_Driver/Src/stm32u5xx_hal_gpio.c **** 
 717:Drivers/STM32U5xx_HAL_Driver/Src/stm32u5xx_hal_gpio.c **** /**
 718:Drivers/STM32U5xx_HAL_Driver/Src/stm32u5xx_hal_gpio.c ****   * @brief  Disable speed optimization for several pin of dedicated port.
 719:Drivers/STM32U5xx_HAL_Driver/Src/stm32u5xx_hal_gpio.c ****   * @note   Not all I/Os support the HSLV mode. Refer to the I/O structure in the corresponding
 720:Drivers/STM32U5xx_HAL_Driver/Src/stm32u5xx_hal_gpio.c ****   *         datasheet for the list of I/Os supporting this feature. Other I/Os HSLV configuration m
 721:Drivers/STM32U5xx_HAL_Driver/Src/stm32u5xx_hal_gpio.c ****   *         be kept at reset value.
 722:Drivers/STM32U5xx_HAL_Driver/Src/stm32u5xx_hal_gpio.c ****   * @note   It must be used only if the I/O supply voltage is below 2.7 V.
 723:Drivers/STM32U5xx_HAL_Driver/Src/stm32u5xx_hal_gpio.c ****   * @param  GPIOx or LPGPIOx: where x can be (A..I) for the GPIO and (1) for LPGPIO to select the t
 724:Drivers/STM32U5xx_HAL_Driver/Src/stm32u5xx_hal_gpio.c ****   *         peripheral for STM32U5 family
 725:Drivers/STM32U5xx_HAL_Driver/Src/stm32u5xx_hal_gpio.c ****   * @param  GPIO_Pin: specifies the port bit to be written.
 726:Drivers/STM32U5xx_HAL_Driver/Src/stm32u5xx_hal_gpio.c ****   *         This parameter can be any combination of GPIO_Pin_x where x can be (0..15).
 727:Drivers/STM32U5xx_HAL_Driver/Src/stm32u5xx_hal_gpio.c ****   * @retval None
 728:Drivers/STM32U5xx_HAL_Driver/Src/stm32u5xx_hal_gpio.c ****   */
 729:Drivers/STM32U5xx_HAL_Driver/Src/stm32u5xx_hal_gpio.c **** void HAL_GPIO_DisableHighSPeedLowVoltage(GPIO_TypeDef *GPIOx, uint16_t GPIO_Pin)
 730:Drivers/STM32U5xx_HAL_Driver/Src/stm32u5xx_hal_gpio.c **** {
 1236              		.loc 1 730 1 is_stmt 1 view -0
 1237              		.cfi_startproc
 1238              		@ args = 0, pretend = 0, frame = 0
 1239              		@ frame_needed = 0, uses_anonymous_args = 0
 1240              		@ link register save eliminated.
 1241              		.loc 1 730 1 is_stmt 0 view .LVU463
 1242 0000 30B4     		push	{r4, r5}
 1243              	.LCFI9:
 1244              		.cfi_def_cfa_offset 8
 1245              		.cfi_offset 4, -8
 1246              		.cfi_offset 5, -4
 731:Drivers/STM32U5xx_HAL_Driver/Src/stm32u5xx_hal_gpio.c ****   uint32_t iocurrent;
 1247              		.loc 1 731 3 is_stmt 1 view .LVU464
 732:Drivers/STM32U5xx_HAL_Driver/Src/stm32u5xx_hal_gpio.c ****   uint32_t pin_position;
 1248              		.loc 1 732 3 view .LVU465
 733:Drivers/STM32U5xx_HAL_Driver/Src/stm32u5xx_hal_gpio.c ****   uint32_t position = 0U;
 1249              		.loc 1 733 3 view .LVU466
 1250              	.LVL130:
 734:Drivers/STM32U5xx_HAL_Driver/Src/stm32u5xx_hal_gpio.c ****   GPIO_TypeDef  *p_gpio;
 1251              		.loc 1 734 3 view .LVU467
 735:Drivers/STM32U5xx_HAL_Driver/Src/stm32u5xx_hal_gpio.c **** 
 736:Drivers/STM32U5xx_HAL_Driver/Src/stm32u5xx_hal_gpio.c ****   /* Check the parameters */
 737:Drivers/STM32U5xx_HAL_Driver/Src/stm32u5xx_hal_gpio.c ****   assert_param(IS_GPIO_PIN(GPIO_Pin));
 1252              		.loc 1 737 3 view .LVU468
 738:Drivers/STM32U5xx_HAL_Driver/Src/stm32u5xx_hal_gpio.c **** 
 739:Drivers/STM32U5xx_HAL_Driver/Src/stm32u5xx_hal_gpio.c ****   /* Save GPIO port address */
 740:Drivers/STM32U5xx_HAL_Driver/Src/stm32u5xx_hal_gpio.c ****   p_gpio = GPIOx;
 1253              		.loc 1 740 3 view .LVU469
 741:Drivers/STM32U5xx_HAL_Driver/Src/stm32u5xx_hal_gpio.c **** 
ARM GAS  /var/folders/j8/bx6g0dyx2gg_pdn7l_y1sb9c0000gn/T//ccCtU4IH.s 			page 45


 742:Drivers/STM32U5xx_HAL_Driver/Src/stm32u5xx_hal_gpio.c ****   /* Configure the port pins */
 743:Drivers/STM32U5xx_HAL_Driver/Src/stm32u5xx_hal_gpio.c ****   while ((GPIO_Pin >> position) != 0U)
 1254              		.loc 1 743 3 view .LVU470
 740:Drivers/STM32U5xx_HAL_Driver/Src/stm32u5xx_hal_gpio.c **** 
 1255              		.loc 1 740 10 is_stmt 0 view .LVU471
 1256 0002 0546     		mov	r5, r0
 733:Drivers/STM32U5xx_HAL_Driver/Src/stm32u5xx_hal_gpio.c ****   GPIO_TypeDef  *p_gpio;
 1257              		.loc 1 733 12 view .LVU472
 1258 0004 0022     		movs	r2, #0
 1259              		.loc 1 743 9 view .LVU473
 1260 0006 0FE0     		b	.L70
 1261              	.LVL131:
 1262              	.L78:
 1263              	.LBB16:
 1264              	.LBB17:
 1265              		.loc 2 418 3 is_stmt 1 view .LVU474
 1266              		.loc 2 418 10 is_stmt 0 view .LVU475
 1267 0008 B3FA83F3 		clz	r3, r3
 1268              	.LVL132:
 1269              	.L73:
 1270              		.loc 2 418 10 view .LVU476
 1271              	.LBE17:
 1272              	.LBE16:
 744:Drivers/STM32U5xx_HAL_Driver/Src/stm32u5xx_hal_gpio.c ****   {
 745:Drivers/STM32U5xx_HAL_Driver/Src/stm32u5xx_hal_gpio.c ****     /* Get current io position */
 746:Drivers/STM32U5xx_HAL_Driver/Src/stm32u5xx_hal_gpio.c ****     iocurrent = GPIO_Pin & (1UL << position);
 747:Drivers/STM32U5xx_HAL_Driver/Src/stm32u5xx_hal_gpio.c **** 
 748:Drivers/STM32U5xx_HAL_Driver/Src/stm32u5xx_hal_gpio.c ****     if (iocurrent != 0U)
 749:Drivers/STM32U5xx_HAL_Driver/Src/stm32u5xx_hal_gpio.c ****     {
 750:Drivers/STM32U5xx_HAL_Driver/Src/stm32u5xx_hal_gpio.c ****       /* In case of LPGPIO Port */
 751:Drivers/STM32U5xx_HAL_Driver/Src/stm32u5xx_hal_gpio.c ****       if (GPIOx == LPGPIO1)
 752:Drivers/STM32U5xx_HAL_Driver/Src/stm32u5xx_hal_gpio.c ****       {
 753:Drivers/STM32U5xx_HAL_Driver/Src/stm32u5xx_hal_gpio.c ****         /* Get GPIO pin position */
 754:Drivers/STM32U5xx_HAL_Driver/Src/stm32u5xx_hal_gpio.c ****         position = POSITION_VAL(GPIO_Pin);
 1273              		.loc 1 754 18 view .LVU477
 1274 000c 1A46     		mov	r2, r3
 1275              	.LVL133:
 755:Drivers/STM32U5xx_HAL_Driver/Src/stm32u5xx_hal_gpio.c **** 
 756:Drivers/STM32U5xx_HAL_Driver/Src/stm32u5xx_hal_gpio.c ****         /* Save GPIO Port and pin index */
 757:Drivers/STM32U5xx_HAL_Driver/Src/stm32u5xx_hal_gpio.c ****         p_gpio = LPGPIO_Map[position].GPIO_PORT;
 1276              		.loc 1 757 9 is_stmt 1 view .LVU478
 1277              		.loc 1 757 16 is_stmt 0 view .LVU479
 1278 000e 0F4C     		ldr	r4, .L79
 1279 0010 54F83350 		ldr	r5, [r4, r3, lsl #3]
 1280              	.LVL134:
 758:Drivers/STM32U5xx_HAL_Driver/Src/stm32u5xx_hal_gpio.c ****         pin_position = (1UL << (LPGPIO_Map[position].Pin_Pos));
 1281              		.loc 1 758 9 is_stmt 1 view .LVU480
 1282              		.loc 1 758 53 is_stmt 0 view .LVU481
 1283 0014 04EBC303 		add	r3, r4, r3, lsl #3
 1284 0018 5C68     		ldr	r4, [r3, #4]
 1285              		.loc 1 758 22 view .LVU482
 1286 001a 0123     		movs	r3, #1
 1287              		.loc 1 758 22 view .LVU483
 1288 001c A340     		lsls	r3, r3, r4
 1289              	.LVL135:
 1290              	.L72:
 759:Drivers/STM32U5xx_HAL_Driver/Src/stm32u5xx_hal_gpio.c ****       }
ARM GAS  /var/folders/j8/bx6g0dyx2gg_pdn7l_y1sb9c0000gn/T//ccCtU4IH.s 			page 46


 760:Drivers/STM32U5xx_HAL_Driver/Src/stm32u5xx_hal_gpio.c ****       else
 761:Drivers/STM32U5xx_HAL_Driver/Src/stm32u5xx_hal_gpio.c ****       {
 762:Drivers/STM32U5xx_HAL_Driver/Src/stm32u5xx_hal_gpio.c ****         /* Check the parameters */
 763:Drivers/STM32U5xx_HAL_Driver/Src/stm32u5xx_hal_gpio.c ****         assert_param(IS_GPIO_ALL_INSTANCE(GPIOx));
 764:Drivers/STM32U5xx_HAL_Driver/Src/stm32u5xx_hal_gpio.c **** 
 765:Drivers/STM32U5xx_HAL_Driver/Src/stm32u5xx_hal_gpio.c ****         /* Save GPIO pin pos */
 766:Drivers/STM32U5xx_HAL_Driver/Src/stm32u5xx_hal_gpio.c ****         pin_position = (1UL << position);
 767:Drivers/STM32U5xx_HAL_Driver/Src/stm32u5xx_hal_gpio.c ****       }
 768:Drivers/STM32U5xx_HAL_Driver/Src/stm32u5xx_hal_gpio.c ****       /* Clear HSLVR gpio pin */
 769:Drivers/STM32U5xx_HAL_Driver/Src/stm32u5xx_hal_gpio.c ****       CLEAR_BIT(p_gpio->HSLVR, pin_position);
 1291              		.loc 1 769 7 is_stmt 1 view .LVU484
 1292 001e EC6A     		ldr	r4, [r5, #44]
 1293 0020 24EA0303 		bic	r3, r4, r3
 1294              	.LVL136:
 1295              		.loc 1 769 7 is_stmt 0 view .LVU485
 1296 0024 EB62     		str	r3, [r5, #44]
 1297              	.L71:
 770:Drivers/STM32U5xx_HAL_Driver/Src/stm32u5xx_hal_gpio.c ****     }
 771:Drivers/STM32U5xx_HAL_Driver/Src/stm32u5xx_hal_gpio.c ****     position++;
 1298              		.loc 1 771 5 is_stmt 1 view .LVU486
 1299              		.loc 1 771 13 is_stmt 0 view .LVU487
 1300 0026 0132     		adds	r2, r2, #1
 1301              	.LVL137:
 1302              	.L70:
 743:Drivers/STM32U5xx_HAL_Driver/Src/stm32u5xx_hal_gpio.c ****   {
 1303              		.loc 1 743 9 is_stmt 1 view .LVU488
 1304 0028 51FA02F3 		asrs	r3, r1, r2
 1305 002c 0CD0     		beq	.L77
 746:Drivers/STM32U5xx_HAL_Driver/Src/stm32u5xx_hal_gpio.c **** 
 1306              		.loc 1 746 5 view .LVU489
 746:Drivers/STM32U5xx_HAL_Driver/Src/stm32u5xx_hal_gpio.c **** 
 1307              		.loc 1 746 33 is_stmt 0 view .LVU490
 1308 002e 0123     		movs	r3, #1
 1309 0030 9340     		lsls	r3, r3, r2
 1310              	.LVL138:
 748:Drivers/STM32U5xx_HAL_Driver/Src/stm32u5xx_hal_gpio.c ****     {
 1311              		.loc 1 748 5 is_stmt 1 view .LVU491
 748:Drivers/STM32U5xx_HAL_Driver/Src/stm32u5xx_hal_gpio.c ****     {
 1312              		.loc 1 748 8 is_stmt 0 view .LVU492
 1313 0032 1942     		tst	r1, r3
 1314 0034 F7D0     		beq	.L71
 751:Drivers/STM32U5xx_HAL_Driver/Src/stm32u5xx_hal_gpio.c ****       {
 1315              		.loc 1 751 7 is_stmt 1 view .LVU493
 751:Drivers/STM32U5xx_HAL_Driver/Src/stm32u5xx_hal_gpio.c ****       {
 1316              		.loc 1 751 10 is_stmt 0 view .LVU494
 1317 0036 064C     		ldr	r4, .L79+4
 1318 0038 A042     		cmp	r0, r4
 1319 003a F0D1     		bne	.L72
 754:Drivers/STM32U5xx_HAL_Driver/Src/stm32u5xx_hal_gpio.c **** 
 1320              		.loc 1 754 9 is_stmt 1 view .LVU495
 1321              	.LVL139:
 1322              	.LBB19:
 1323              	.LBI19:
 373:Drivers/CMSIS/Include/cmsis_gcc.h **** {
 1324              		.loc 2 373 31 view .LVU496
 1325              	.LBB20:
 375:Drivers/CMSIS/Include/cmsis_gcc.h **** 
ARM GAS  /var/folders/j8/bx6g0dyx2gg_pdn7l_y1sb9c0000gn/T//ccCtU4IH.s 			page 47


 1326              		.loc 2 375 3 view .LVU497
 380:Drivers/CMSIS/Include/cmsis_gcc.h **** #else
 1327              		.loc 2 380 4 view .LVU498
 1328              		.syntax unified
 1329              	@ 380 "Drivers/CMSIS/Include/cmsis_gcc.h" 1
 1330 003c 91FAA1F3 		rbit r3, r1
 1331              	@ 0 "" 2
 1332              	.LVL140:
 393:Drivers/CMSIS/Include/cmsis_gcc.h **** }
 1333              		.loc 2 393 3 view .LVU499
 393:Drivers/CMSIS/Include/cmsis_gcc.h **** }
 1334              		.loc 2 393 3 is_stmt 0 view .LVU500
 1335              		.thumb
 1336              		.syntax unified
 1337              	.LBE20:
 1338              	.LBE19:
 1339              	.LBB21:
 1340              	.LBI16:
 403:Drivers/CMSIS/Include/cmsis_gcc.h **** {
 1341              		.loc 2 403 30 is_stmt 1 view .LVU501
 1342              	.LBB18:
 414:Drivers/CMSIS/Include/cmsis_gcc.h ****   {
 1343              		.loc 2 414 3 view .LVU502
 414:Drivers/CMSIS/Include/cmsis_gcc.h ****   {
 1344              		.loc 2 414 6 is_stmt 0 view .LVU503
 1345 0040 002B     		cmp	r3, #0
 1346 0042 E1D1     		bne	.L78
 416:Drivers/CMSIS/Include/cmsis_gcc.h ****   }
 1347              		.loc 2 416 12 view .LVU504
 1348 0044 2023     		movs	r3, #32
 1349              	.LVL141:
 416:Drivers/CMSIS/Include/cmsis_gcc.h ****   }
 1350              		.loc 2 416 12 view .LVU505
 1351 0046 E1E7     		b	.L73
 1352              	.LVL142:
 1353              	.L77:
 416:Drivers/CMSIS/Include/cmsis_gcc.h ****   }
 1354              		.loc 2 416 12 view .LVU506
 1355              	.LBE18:
 1356              	.LBE21:
 772:Drivers/STM32U5xx_HAL_Driver/Src/stm32u5xx_hal_gpio.c ****   }
 773:Drivers/STM32U5xx_HAL_Driver/Src/stm32u5xx_hal_gpio.c **** }
 1357              		.loc 1 773 1 view .LVU507
 1358 0048 30BC     		pop	{r4, r5}
 1359              	.LCFI10:
 1360              		.cfi_restore 5
 1361              		.cfi_restore 4
 1362              		.cfi_def_cfa_offset 0
 1363              	.LVL143:
 1364              		.loc 1 773 1 view .LVU508
 1365 004a 7047     		bx	lr
 1366              	.L80:
 1367              		.align	2
 1368              	.L79:
 1369 004c 00000000 		.word	.LANCHOR0
 1370 0050 00000246 		.word	1174536192
 1371              		.cfi_endproc
ARM GAS  /var/folders/j8/bx6g0dyx2gg_pdn7l_y1sb9c0000gn/T//ccCtU4IH.s 			page 48


 1372              	.LFE165:
 1374              		.section	.text.HAL_GPIO_EXTI_Rising_Callback,"ax",%progbits
 1375              		.align	1
 1376              		.weak	HAL_GPIO_EXTI_Rising_Callback
 1377              		.syntax unified
 1378              		.thumb
 1379              		.thumb_func
 1381              	HAL_GPIO_EXTI_Rising_Callback:
 1382              	.LVL144:
 1383              	.LFB167:
 774:Drivers/STM32U5xx_HAL_Driver/Src/stm32u5xx_hal_gpio.c **** 
 775:Drivers/STM32U5xx_HAL_Driver/Src/stm32u5xx_hal_gpio.c **** /**
 776:Drivers/STM32U5xx_HAL_Driver/Src/stm32u5xx_hal_gpio.c ****   * @brief  Handle EXTI interrupt request.
 777:Drivers/STM32U5xx_HAL_Driver/Src/stm32u5xx_hal_gpio.c ****   * @param  GPIO_Pin: Specifies the port pin connected to corresponding EXTI line.
 778:Drivers/STM32U5xx_HAL_Driver/Src/stm32u5xx_hal_gpio.c ****   * @retval None
 779:Drivers/STM32U5xx_HAL_Driver/Src/stm32u5xx_hal_gpio.c ****   */
 780:Drivers/STM32U5xx_HAL_Driver/Src/stm32u5xx_hal_gpio.c **** void HAL_GPIO_EXTI_IRQHandler(uint16_t GPIO_Pin)
 781:Drivers/STM32U5xx_HAL_Driver/Src/stm32u5xx_hal_gpio.c **** {
 782:Drivers/STM32U5xx_HAL_Driver/Src/stm32u5xx_hal_gpio.c ****   /* EXTI line interrupt detected */
 783:Drivers/STM32U5xx_HAL_Driver/Src/stm32u5xx_hal_gpio.c ****   if (__HAL_GPIO_EXTI_GET_RISING_IT(GPIO_Pin) != 0U)
 784:Drivers/STM32U5xx_HAL_Driver/Src/stm32u5xx_hal_gpio.c ****   {
 785:Drivers/STM32U5xx_HAL_Driver/Src/stm32u5xx_hal_gpio.c ****     __HAL_GPIO_EXTI_CLEAR_RISING_IT(GPIO_Pin);
 786:Drivers/STM32U5xx_HAL_Driver/Src/stm32u5xx_hal_gpio.c ****     HAL_GPIO_EXTI_Rising_Callback(GPIO_Pin);
 787:Drivers/STM32U5xx_HAL_Driver/Src/stm32u5xx_hal_gpio.c ****   }
 788:Drivers/STM32U5xx_HAL_Driver/Src/stm32u5xx_hal_gpio.c **** 
 789:Drivers/STM32U5xx_HAL_Driver/Src/stm32u5xx_hal_gpio.c ****   if (__HAL_GPIO_EXTI_GET_FALLING_IT(GPIO_Pin) != 0U)
 790:Drivers/STM32U5xx_HAL_Driver/Src/stm32u5xx_hal_gpio.c ****   {
 791:Drivers/STM32U5xx_HAL_Driver/Src/stm32u5xx_hal_gpio.c ****     __HAL_GPIO_EXTI_CLEAR_FALLING_IT(GPIO_Pin);
 792:Drivers/STM32U5xx_HAL_Driver/Src/stm32u5xx_hal_gpio.c ****     HAL_GPIO_EXTI_Falling_Callback(GPIO_Pin);
 793:Drivers/STM32U5xx_HAL_Driver/Src/stm32u5xx_hal_gpio.c ****   }
 794:Drivers/STM32U5xx_HAL_Driver/Src/stm32u5xx_hal_gpio.c **** }
 795:Drivers/STM32U5xx_HAL_Driver/Src/stm32u5xx_hal_gpio.c **** 
 796:Drivers/STM32U5xx_HAL_Driver/Src/stm32u5xx_hal_gpio.c **** /**
 797:Drivers/STM32U5xx_HAL_Driver/Src/stm32u5xx_hal_gpio.c ****   * @brief  EXTI line rising detection callback.
 798:Drivers/STM32U5xx_HAL_Driver/Src/stm32u5xx_hal_gpio.c ****   * @param  GPIO_Pin: Specifies the port pin connected to corresponding EXTI line.
 799:Drivers/STM32U5xx_HAL_Driver/Src/stm32u5xx_hal_gpio.c ****   * @retval None
 800:Drivers/STM32U5xx_HAL_Driver/Src/stm32u5xx_hal_gpio.c ****   */
 801:Drivers/STM32U5xx_HAL_Driver/Src/stm32u5xx_hal_gpio.c **** __weak void HAL_GPIO_EXTI_Rising_Callback(uint16_t GPIO_Pin)
 802:Drivers/STM32U5xx_HAL_Driver/Src/stm32u5xx_hal_gpio.c **** {
 1384              		.loc 1 802 1 is_stmt 1 view -0
 1385              		.cfi_startproc
 1386              		@ args = 0, pretend = 0, frame = 0
 1387              		@ frame_needed = 0, uses_anonymous_args = 0
 1388              		@ link register save eliminated.
 803:Drivers/STM32U5xx_HAL_Driver/Src/stm32u5xx_hal_gpio.c ****   /* Prevent unused argument(s) compilation warning */
 804:Drivers/STM32U5xx_HAL_Driver/Src/stm32u5xx_hal_gpio.c ****   UNUSED(GPIO_Pin);
 1389              		.loc 1 804 3 view .LVU510
 805:Drivers/STM32U5xx_HAL_Driver/Src/stm32u5xx_hal_gpio.c **** 
 806:Drivers/STM32U5xx_HAL_Driver/Src/stm32u5xx_hal_gpio.c ****   /* NOTE: This function should not be modified, when the callback is needed,
 807:Drivers/STM32U5xx_HAL_Driver/Src/stm32u5xx_hal_gpio.c ****            the HAL_GPIO_EXTI_Rising_Callback could be implemented in the user file
 808:Drivers/STM32U5xx_HAL_Driver/Src/stm32u5xx_hal_gpio.c ****    */
 809:Drivers/STM32U5xx_HAL_Driver/Src/stm32u5xx_hal_gpio.c **** }
 1390              		.loc 1 809 1 is_stmt 0 view .LVU511
 1391 0000 7047     		bx	lr
 1392              		.cfi_endproc
 1393              	.LFE167:
 1395              		.section	.text.HAL_GPIO_EXTI_Falling_Callback,"ax",%progbits
ARM GAS  /var/folders/j8/bx6g0dyx2gg_pdn7l_y1sb9c0000gn/T//ccCtU4IH.s 			page 49


 1396              		.align	1
 1397              		.weak	HAL_GPIO_EXTI_Falling_Callback
 1398              		.syntax unified
 1399              		.thumb
 1400              		.thumb_func
 1402              	HAL_GPIO_EXTI_Falling_Callback:
 1403              	.LVL145:
 1404              	.LFB168:
 810:Drivers/STM32U5xx_HAL_Driver/Src/stm32u5xx_hal_gpio.c **** 
 811:Drivers/STM32U5xx_HAL_Driver/Src/stm32u5xx_hal_gpio.c **** /**
 812:Drivers/STM32U5xx_HAL_Driver/Src/stm32u5xx_hal_gpio.c ****   * @brief  EXTI line falling detection callback.
 813:Drivers/STM32U5xx_HAL_Driver/Src/stm32u5xx_hal_gpio.c ****   * @param  GPIO_Pin: Specifies the port pin connected to corresponding EXTI line.
 814:Drivers/STM32U5xx_HAL_Driver/Src/stm32u5xx_hal_gpio.c ****   * @retval None
 815:Drivers/STM32U5xx_HAL_Driver/Src/stm32u5xx_hal_gpio.c ****   */
 816:Drivers/STM32U5xx_HAL_Driver/Src/stm32u5xx_hal_gpio.c **** __weak void HAL_GPIO_EXTI_Falling_Callback(uint16_t GPIO_Pin)
 817:Drivers/STM32U5xx_HAL_Driver/Src/stm32u5xx_hal_gpio.c **** {
 1405              		.loc 1 817 1 is_stmt 1 view -0
 1406              		.cfi_startproc
 1407              		@ args = 0, pretend = 0, frame = 0
 1408              		@ frame_needed = 0, uses_anonymous_args = 0
 1409              		@ link register save eliminated.
 818:Drivers/STM32U5xx_HAL_Driver/Src/stm32u5xx_hal_gpio.c ****   /* Prevent unused argument(s) compilation warning */
 819:Drivers/STM32U5xx_HAL_Driver/Src/stm32u5xx_hal_gpio.c ****   UNUSED(GPIO_Pin);
 1410              		.loc 1 819 3 view .LVU513
 820:Drivers/STM32U5xx_HAL_Driver/Src/stm32u5xx_hal_gpio.c **** 
 821:Drivers/STM32U5xx_HAL_Driver/Src/stm32u5xx_hal_gpio.c ****   /* NOTE: This function should not be modified, when the callback is needed,
 822:Drivers/STM32U5xx_HAL_Driver/Src/stm32u5xx_hal_gpio.c ****            the HAL_GPIO_EXTI_Falling_Callback could be implemented in the user file
 823:Drivers/STM32U5xx_HAL_Driver/Src/stm32u5xx_hal_gpio.c ****    */
 824:Drivers/STM32U5xx_HAL_Driver/Src/stm32u5xx_hal_gpio.c **** }
 1411              		.loc 1 824 1 is_stmt 0 view .LVU514
 1412 0000 7047     		bx	lr
 1413              		.cfi_endproc
 1414              	.LFE168:
 1416              		.section	.text.HAL_GPIO_EXTI_IRQHandler,"ax",%progbits
 1417              		.align	1
 1418              		.global	HAL_GPIO_EXTI_IRQHandler
 1419              		.syntax unified
 1420              		.thumb
 1421              		.thumb_func
 1423              	HAL_GPIO_EXTI_IRQHandler:
 1424              	.LVL146:
 1425              	.LFB166:
 781:Drivers/STM32U5xx_HAL_Driver/Src/stm32u5xx_hal_gpio.c ****   /* EXTI line interrupt detected */
 1426              		.loc 1 781 1 is_stmt 1 view -0
 1427              		.cfi_startproc
 1428              		@ args = 0, pretend = 0, frame = 0
 1429              		@ frame_needed = 0, uses_anonymous_args = 0
 781:Drivers/STM32U5xx_HAL_Driver/Src/stm32u5xx_hal_gpio.c ****   /* EXTI line interrupt detected */
 1430              		.loc 1 781 1 is_stmt 0 view .LVU516
 1431 0000 10B5     		push	{r4, lr}
 1432              	.LCFI11:
 1433              		.cfi_def_cfa_offset 8
 1434              		.cfi_offset 4, -8
 1435              		.cfi_offset 14, -4
 1436 0002 0446     		mov	r4, r0
 783:Drivers/STM32U5xx_HAL_Driver/Src/stm32u5xx_hal_gpio.c ****   {
 1437              		.loc 1 783 3 is_stmt 1 view .LVU517
ARM GAS  /var/folders/j8/bx6g0dyx2gg_pdn7l_y1sb9c0000gn/T//ccCtU4IH.s 			page 50


 783:Drivers/STM32U5xx_HAL_Driver/Src/stm32u5xx_hal_gpio.c ****   {
 1438              		.loc 1 783 7 is_stmt 0 view .LVU518
 1439 0004 094B     		ldr	r3, .L89
 1440 0006 DB68     		ldr	r3, [r3, #12]
 783:Drivers/STM32U5xx_HAL_Driver/Src/stm32u5xx_hal_gpio.c ****   {
 1441              		.loc 1 783 6 view .LVU519
 1442 0008 0342     		tst	r3, r0
 1443 000a 04D1     		bne	.L87
 1444              	.LVL147:
 1445              	.L84:
 789:Drivers/STM32U5xx_HAL_Driver/Src/stm32u5xx_hal_gpio.c ****   {
 1446              		.loc 1 789 3 is_stmt 1 view .LVU520
 789:Drivers/STM32U5xx_HAL_Driver/Src/stm32u5xx_hal_gpio.c ****   {
 1447              		.loc 1 789 7 is_stmt 0 view .LVU521
 1448 000c 074B     		ldr	r3, .L89
 1449 000e 1B69     		ldr	r3, [r3, #16]
 789:Drivers/STM32U5xx_HAL_Driver/Src/stm32u5xx_hal_gpio.c ****   {
 1450              		.loc 1 789 6 view .LVU522
 1451 0010 1C42     		tst	r4, r3
 1452 0012 05D1     		bne	.L88
 1453              	.L83:
 794:Drivers/STM32U5xx_HAL_Driver/Src/stm32u5xx_hal_gpio.c **** 
 1454              		.loc 1 794 1 view .LVU523
 1455 0014 10BD     		pop	{r4, pc}
 1456              	.LVL148:
 1457              	.L87:
 785:Drivers/STM32U5xx_HAL_Driver/Src/stm32u5xx_hal_gpio.c ****     HAL_GPIO_EXTI_Rising_Callback(GPIO_Pin);
 1458              		.loc 1 785 5 is_stmt 1 view .LVU524
 1459 0016 054B     		ldr	r3, .L89
 1460 0018 D860     		str	r0, [r3, #12]
 786:Drivers/STM32U5xx_HAL_Driver/Src/stm32u5xx_hal_gpio.c ****   }
 1461              		.loc 1 786 5 view .LVU525
 1462 001a FFF7FEFF 		bl	HAL_GPIO_EXTI_Rising_Callback
 1463              	.LVL149:
 786:Drivers/STM32U5xx_HAL_Driver/Src/stm32u5xx_hal_gpio.c ****   }
 1464              		.loc 1 786 5 is_stmt 0 view .LVU526
 1465 001e F5E7     		b	.L84
 1466              	.L88:
 791:Drivers/STM32U5xx_HAL_Driver/Src/stm32u5xx_hal_gpio.c ****     HAL_GPIO_EXTI_Falling_Callback(GPIO_Pin);
 1467              		.loc 1 791 5 is_stmt 1 view .LVU527
 1468 0020 024B     		ldr	r3, .L89
 1469 0022 1C61     		str	r4, [r3, #16]
 792:Drivers/STM32U5xx_HAL_Driver/Src/stm32u5xx_hal_gpio.c ****   }
 1470              		.loc 1 792 5 view .LVU528
 1471 0024 2046     		mov	r0, r4
 1472 0026 FFF7FEFF 		bl	HAL_GPIO_EXTI_Falling_Callback
 1473              	.LVL150:
 794:Drivers/STM32U5xx_HAL_Driver/Src/stm32u5xx_hal_gpio.c **** 
 1474              		.loc 1 794 1 is_stmt 0 view .LVU529
 1475 002a F3E7     		b	.L83
 1476              	.L90:
 1477              		.align	2
 1478              	.L89:
 1479 002c 00200246 		.word	1174544384
 1480              		.cfi_endproc
 1481              	.LFE166:
 1483              		.section	.rodata.LPGPIO_Map,"a"
ARM GAS  /var/folders/j8/bx6g0dyx2gg_pdn7l_y1sb9c0000gn/T//ccCtU4IH.s 			page 51


 1484              		.align	2
 1485              		.set	.LANCHOR0,. + 0
 1488              	LPGPIO_Map:
 1489 0000 00000242 		.word	1107427328
 1490 0004 01000000 		.word	1
 1491 0008 00000242 		.word	1107427328
 1492 000c 03000000 		.word	3
 1493 0010 00000242 		.word	1107427328
 1494 0014 06000000 		.word	6
 1495 0018 00040242 		.word	1107428352
 1496 001c 01000000 		.word	1
 1497 0020 00040242 		.word	1107428352
 1498 0024 0A000000 		.word	10
 1499 0028 00080242 		.word	1107429376
 1500 002c 02000000 		.word	2
 1501 0030 000C0242 		.word	1107430400
 1502 0034 0D000000 		.word	13
 1503 0038 000C0242 		.word	1107430400
 1504 003c 02000000 		.word	2
 1505 0040 00080242 		.word	1107429376
 1506 0044 0A000000 		.word	10
 1507 0048 00040242 		.word	1107428352
 1508 004c 00000000 		.word	0
 1509 0050 00080242 		.word	1107429376
 1510 0054 0C000000 		.word	12
 1511 0058 00040242 		.word	1107428352
 1512 005c 03000000 		.word	3
 1513 0060 00040242 		.word	1107428352
 1514 0064 04000000 		.word	4
 1515 0068 00100242 		.word	1107431424
 1516 006c 00000000 		.word	0
 1517 0070 00100242 		.word	1107431424
 1518 0074 02000000 		.word	2
 1519 0078 00100242 		.word	1107431424
 1520 007c 03000000 		.word	3
 1521              		.text
 1522              	.Letext0:
 1523              		.file 3 "/opt/homebrew/Cellar/arm-none-eabi-gcc/10.3-2021.10/gcc/arm-none-eabi/include/machine/_de
 1524              		.file 4 "/opt/homebrew/Cellar/arm-none-eabi-gcc/10.3-2021.10/gcc/arm-none-eabi/include/sys/_stdint
 1525              		.file 5 "Drivers/CMSIS/Device/ST/STM32U5xx/Include/stm32u585xx.h"
 1526              		.file 6 "Drivers/STM32U5xx_HAL_Driver/Inc/stm32u5xx_hal_def.h"
 1527              		.file 7 "Drivers/STM32U5xx_HAL_Driver/Inc/stm32u5xx_hal_gpio.h"
 1528              		.file 8 "Drivers/STM32U5xx_HAL_Driver/Inc/stm32u5xx_hal_gpio_ex.h"
ARM GAS  /var/folders/j8/bx6g0dyx2gg_pdn7l_y1sb9c0000gn/T//ccCtU4IH.s 			page 52


DEFINED SYMBOLS
                            *ABS*:0000000000000000 stm32u5xx_hal_gpio.c
/var/folders/j8/bx6g0dyx2gg_pdn7l_y1sb9c0000gn/T//ccCtU4IH.s:21     .text.HAL_GPIO_Init:0000000000000000 $t
/var/folders/j8/bx6g0dyx2gg_pdn7l_y1sb9c0000gn/T//ccCtU4IH.s:27     .text.HAL_GPIO_Init:0000000000000000 HAL_GPIO_Init
/var/folders/j8/bx6g0dyx2gg_pdn7l_y1sb9c0000gn/T//ccCtU4IH.s:529    .text.HAL_GPIO_Init:0000000000000214 $d
/var/folders/j8/bx6g0dyx2gg_pdn7l_y1sb9c0000gn/T//ccCtU4IH.s:537    .text.HAL_GPIO_DeInit:0000000000000000 $t
/var/folders/j8/bx6g0dyx2gg_pdn7l_y1sb9c0000gn/T//ccCtU4IH.s:543    .text.HAL_GPIO_DeInit:0000000000000000 HAL_GPIO_DeInit
/var/folders/j8/bx6g0dyx2gg_pdn7l_y1sb9c0000gn/T//ccCtU4IH.s:755    .text.HAL_GPIO_DeInit:00000000000000f8 $d
/var/folders/j8/bx6g0dyx2gg_pdn7l_y1sb9c0000gn/T//ccCtU4IH.s:763    .text.HAL_GPIO_ReadPin:0000000000000000 $t
/var/folders/j8/bx6g0dyx2gg_pdn7l_y1sb9c0000gn/T//ccCtU4IH.s:769    .text.HAL_GPIO_ReadPin:0000000000000000 HAL_GPIO_ReadPin
/var/folders/j8/bx6g0dyx2gg_pdn7l_y1sb9c0000gn/T//ccCtU4IH.s:802    .text.HAL_GPIO_WritePin:0000000000000000 $t
/var/folders/j8/bx6g0dyx2gg_pdn7l_y1sb9c0000gn/T//ccCtU4IH.s:808    .text.HAL_GPIO_WritePin:0000000000000000 HAL_GPIO_WritePin
/var/folders/j8/bx6g0dyx2gg_pdn7l_y1sb9c0000gn/T//ccCtU4IH.s:835    .text.HAL_GPIO_WriteMultipleStatePin:0000000000000000 $t
/var/folders/j8/bx6g0dyx2gg_pdn7l_y1sb9c0000gn/T//ccCtU4IH.s:841    .text.HAL_GPIO_WriteMultipleStatePin:0000000000000000 HAL_GPIO_WriteMultipleStatePin
/var/folders/j8/bx6g0dyx2gg_pdn7l_y1sb9c0000gn/T//ccCtU4IH.s:865    .text.HAL_GPIO_TogglePin:0000000000000000 $t
/var/folders/j8/bx6g0dyx2gg_pdn7l_y1sb9c0000gn/T//ccCtU4IH.s:871    .text.HAL_GPIO_TogglePin:0000000000000000 HAL_GPIO_TogglePin
/var/folders/j8/bx6g0dyx2gg_pdn7l_y1sb9c0000gn/T//ccCtU4IH.s:901    .text.HAL_GPIO_LockPin:0000000000000000 $t
/var/folders/j8/bx6g0dyx2gg_pdn7l_y1sb9c0000gn/T//ccCtU4IH.s:907    .text.HAL_GPIO_LockPin:0000000000000000 HAL_GPIO_LockPin
/var/folders/j8/bx6g0dyx2gg_pdn7l_y1sb9c0000gn/T//ccCtU4IH.s:1072   .text.HAL_GPIO_LockPin:0000000000000078 $d
/var/folders/j8/bx6g0dyx2gg_pdn7l_y1sb9c0000gn/T//ccCtU4IH.s:1078   .text.HAL_GPIO_EnableHighSPeedLowVoltage:0000000000000000 $t
/var/folders/j8/bx6g0dyx2gg_pdn7l_y1sb9c0000gn/T//ccCtU4IH.s:1084   .text.HAL_GPIO_EnableHighSPeedLowVoltage:0000000000000000 HAL_GPIO_EnableHighSPeedLowVoltage
/var/folders/j8/bx6g0dyx2gg_pdn7l_y1sb9c0000gn/T//ccCtU4IH.s:1221   .text.HAL_GPIO_EnableHighSPeedLowVoltage:000000000000004c $d
/var/folders/j8/bx6g0dyx2gg_pdn7l_y1sb9c0000gn/T//ccCtU4IH.s:1227   .text.HAL_GPIO_DisableHighSPeedLowVoltage:0000000000000000 $t
/var/folders/j8/bx6g0dyx2gg_pdn7l_y1sb9c0000gn/T//ccCtU4IH.s:1233   .text.HAL_GPIO_DisableHighSPeedLowVoltage:0000000000000000 HAL_GPIO_DisableHighSPeedLowVoltage
/var/folders/j8/bx6g0dyx2gg_pdn7l_y1sb9c0000gn/T//ccCtU4IH.s:1369   .text.HAL_GPIO_DisableHighSPeedLowVoltage:000000000000004c $d
/var/folders/j8/bx6g0dyx2gg_pdn7l_y1sb9c0000gn/T//ccCtU4IH.s:1375   .text.HAL_GPIO_EXTI_Rising_Callback:0000000000000000 $t
/var/folders/j8/bx6g0dyx2gg_pdn7l_y1sb9c0000gn/T//ccCtU4IH.s:1381   .text.HAL_GPIO_EXTI_Rising_Callback:0000000000000000 HAL_GPIO_EXTI_Rising_Callback
/var/folders/j8/bx6g0dyx2gg_pdn7l_y1sb9c0000gn/T//ccCtU4IH.s:1396   .text.HAL_GPIO_EXTI_Falling_Callback:0000000000000000 $t
/var/folders/j8/bx6g0dyx2gg_pdn7l_y1sb9c0000gn/T//ccCtU4IH.s:1402   .text.HAL_GPIO_EXTI_Falling_Callback:0000000000000000 HAL_GPIO_EXTI_Falling_Callback
/var/folders/j8/bx6g0dyx2gg_pdn7l_y1sb9c0000gn/T//ccCtU4IH.s:1417   .text.HAL_GPIO_EXTI_IRQHandler:0000000000000000 $t
/var/folders/j8/bx6g0dyx2gg_pdn7l_y1sb9c0000gn/T//ccCtU4IH.s:1423   .text.HAL_GPIO_EXTI_IRQHandler:0000000000000000 HAL_GPIO_EXTI_IRQHandler
/var/folders/j8/bx6g0dyx2gg_pdn7l_y1sb9c0000gn/T//ccCtU4IH.s:1479   .text.HAL_GPIO_EXTI_IRQHandler:000000000000002c $d
/var/folders/j8/bx6g0dyx2gg_pdn7l_y1sb9c0000gn/T//ccCtU4IH.s:1484   .rodata.LPGPIO_Map:0000000000000000 $d
/var/folders/j8/bx6g0dyx2gg_pdn7l_y1sb9c0000gn/T//ccCtU4IH.s:1488   .rodata.LPGPIO_Map:0000000000000000 LPGPIO_Map

NO UNDEFINED SYMBOLS
